family,arm,truth_target,curve_semantics,threshold,tpr,tpr_metric_n,fpr,fpr_metric_n,precision,precision_metric_n,cluster_unit,uncertainty
benign,benign,malicious_stream,scalar peak-score discrimination; not the post-onset crossing endpoint,0.49668874172185434,nan,0,0.0,50,nan,0,RNG seed,descriptive means; no pointwise confidence intervals
benign,benign,malicious_stream,scalar peak-score discrimination; not the post-onset crossing endpoint,0.05000000000000001,nan,0,0.005617200683505928,50,0.0,50,RNG seed,descriptive means; no pointwise confidence intervals
benign,benign,malicious_stream,scalar peak-score discrimination; not the post-onset crossing endpoint,0.04999999999999999,nan,0,0.9998171176502675,50,0.0,50,RNG seed,descriptive means; no pointwise confidence intervals
benign,benign,malicious_stream,scalar peak-score discrimination; not the post-onset crossing endpoint,0.04999999999999998,nan,0,1.0,50,0.0,50,RNG seed,descriptive means; no pointwise confidence intervals
benign,benign,attacker_owner,scalar peak-score discrimination; not the post-onset crossing endpoint,0.49668874172185434,nan,0,0.0,50,nan,0,RNG seed,descriptive means; no pointwise confidence intervals
benign,benign,attacker_owner,scalar peak-score discrimination; not the post-onset crossing endpoint,0.05000000000000001,nan,0,0.005617200683505928,50,0.0,50,RNG seed,descriptive means; no pointwise confidence intervals
benign,benign,attacker_owner,scalar peak-score discrimination; not the post-onset crossing endpoint,0.04999999999999999,nan,0,0.9998171176502675,50,0.0,50,RNG seed,descriptive means; no pointwise confidence intervals
benign,benign,attacker_owner,scalar peak-score discrimination; not the post-onset crossing endpoint,0.04999999999999998,nan,0,1.0,50,0.0,50,RNG seed,descriptive means; no pointwise confidence intervals
mixedhard_prevalence,mixedhard_frac_0p1,malicious_stream,scalar peak-score discrimination; not the post-onset crossing endpoint,0.9996646498695336,0.0,30,0.0,30,nan,0,RNG seed,descriptive means; no pointwise confidence intervals
mixedhard_prevalence,mixedhard_frac_0p1,malicious_stream,scalar peak-score discrimination; not the post-onset crossing endpoint,0.999265928467458,0.5685098410754471,30,0.0,30,1.0,30,RNG seed,descriptive means; no pointwise confidence intervals
mixedhard_prevalence,mixedhard_frac_0p1,malicious_stream,scalar peak-score discrimination; not the post-onset crossing endpoint,0.992989242834455,0.6189529442341997,30,0.0,30,1.0,30,RNG seed,descriptive means; no pointwise confidence intervals
mixedhard_prevalence,mixedhard_frac_0p1,malicious_stream,scalar peak-score discrimination; not the post-onset crossing endpoint,0.9844134536505332,0.6291579617456061,30,0.0,30,1.0,30,RNG seed,descriptive means; no pointwise confidence intervals
mixedhard_prevalence,mixedhard_frac_0p1,malicious_stream,scalar peak-score discrimination; not the post-onset crossing endpoint,0.9485564983964395,0.7167351492294051,30,0.0,30,1.0,30,RNG seed,descriptive means; no pointwise confidence intervals
mixedhard_prevalence,mixedhard_frac_0p1,malicious_stream,scalar peak-score discrimination; not the post-onset crossing endpoint,0.4123711340206186,0.763925713906919,30,1.9015021867275145e-05,30,0.9999025341130604,30,RNG seed,descriptive means; no pointwise confidence intervals
mixedhard_prevalence,mixedhard_frac_0p1,malicious_stream,scalar peak-score discrimination; not the post-onset crossing endpoint,0.05000000000000001,0.8223485483961228,30,0.006097741465949628,30,0.9687496330964304,30,RNG seed,descriptive means; no pointwise confidence intervals
mixedhard_prevalence,mixedhard_frac_0p1,malicious_stream,scalar peak-score discrimination; not the post-onset crossing endpoint,0.04999999999999999,1.0,30,0.9997788309719348,30,0.19376789219842314,30,RNG seed,descriptive means; no pointwise confidence intervals
mixedhard_prevalence,mixedhard_frac_0p1,malicious_stream,scalar peak-score discrimination; not the post-onset crossing endpoint,0.04999999999999998,1.0,30,1.0,30,0.19373334323008579,30,RNG seed,descriptive means; no pointwise confidence intervals
mixedhard_prevalence,mixedhard_frac_0p1,attacker_owner,scalar peak-score discrimination; not the post-onset crossing endpoint,0.9996646498695336,0.0,30,0.0,30,nan,0,RNG seed,descriptive means; no pointwise confidence intervals
mixedhard_prevalence,mixedhard_frac_0p1,attacker_owner,scalar peak-score discrimination; not the post-onset crossing endpoint,0.999265928467458,0.5575106003054375,30,0.07120360440826362,30,0.41412132627079845,30,RNG seed,descriptive means; no pointwise confidence intervals
mixedhard_prevalence,mixedhard_frac_0p1,attacker_owner,scalar peak-score discrimination; not the post-onset crossing endpoint,0.992989242834455,0.586578978111453,30,0.07946396230755587,30,0.3998933524715602,30,RNG seed,descriptive means; no pointwise confidence intervals
mixedhard_prevalence,mixedhard_frac_0p1,attacker_owner,scalar peak-score discrimination; not the post-onset crossing endpoint,0.9844134536505332,0.5909688738772875,30,0.08138361935489045,30,0.39646772364989735,30,RNG seed,descriptive means; no pointwise confidence intervals
mixedhard_prevalence,mixedhard_frac_0p1,attacker_owner,scalar peak-score discrimination; not the post-onset crossing endpoint,0.9485564983964395,0.6295897418796382,30,0.09720049396651015,30,0.37240491050730046,30,RNG seed,descriptive means; no pointwise confidence intervals
mixedhard_prevalence,mixedhard_frac_0p1,attacker_owner,scalar peak-score discrimination; not the post-onset crossing endpoint,0.4123711340206186,0.6587302121938603,30,0.10490341439534333,30,0.3663019857425917,30,RNG seed,descriptive means; no pointwise confidence intervals
mixedhard_prevalence,mixedhard_frac_0p1,attacker_owner,scalar peak-score discrimination; not the post-onset crossing endpoint,0.05000000000000001,0.6712767205068062,30,0.12179523403876874,30,0.3360236531317399,30,RNG seed,descriptive means; no pointwise confidence intervals
mixedhard_prevalence,mixedhard_frac_0p1,attacker_owner,scalar peak-score discrimination; not the post-onset crossing endpoint,0.04999999999999999,1.0,30,0.9998074675084762,30,0.07909516378060746,30,RNG seed,descriptive means; no pointwise confidence intervals
mixedhard_prevalence,mixedhard_frac_0p1,attacker_owner,scalar peak-score discrimination; not the post-onset crossing endpoint,0.04999999999999998,1.0,30,1.0,30,0.0790815403047694,30,RNG seed,descriptive means; no pointwise confidence intervals
mixedhard_prevalence,mixedhard_frac_0p2,malicious_stream,scalar peak-score discrimination; not the post-onset crossing endpoint,0.9996646498695336,0.0,30,0.0,30,nan,0,RNG seed,descriptive means; no pointwise confidence intervals
mixedhard_prevalence,mixedhard_frac_0p2,malicious_stream,scalar peak-score discrimination; not the post-onset crossing endpoint,0.9996577223434115,0.5744229908993667,30,0.0,30,1.0,30,RNG seed,descriptive means; no pointwise confidence intervals
mixedhard_prevalence,mixedhard_frac_0p2,malicious_stream,scalar peak-score discrimination; not the post-onset crossing endpoint,0.9982998143218272,0.5931106015656848,30,0.0,30,1.0,30,RNG seed,descriptive means; no pointwise confidence intervals
mixedhard_prevalence,mixedhard_frac_0p2,malicious_stream,scalar peak-score discrimination; not the post-onset crossing endpoint,0.9923783587031587,0.6303731587872436,30,0.0,30,1.0,30,RNG seed,descriptive means; no pointwise confidence intervals
mixedhard_prevalence,mixedhard_frac_0p2,malicious_stream,scalar peak-score discrimination; not the post-onset crossing endpoint,0.9844134536505332,0.6408746414948312,30,0.0,30,1.0,30,RNG seed,descriptive means; no pointwise confidence intervals
mixedhard_prevalence,mixedhard_frac_0p2,malicious_stream,scalar peak-score discrimination; not the post-onset crossing endpoint,0.969055374592834,0.7070373573691872,30,0.0,30,1.0,30,RNG seed,descriptive means; no pointwise confidence intervals
mixedhard_prevalence,mixedhard_frac_0p2,malicious_stream,scalar peak-score discrimination; not the post-onset crossing endpoint,0.874395715852102,0.741509752141043,30,0.0,30,1.0,30,RNG seed,descriptive means; no pointwise confidence intervals
mixedhard_prevalence,mixedhard_frac_0p2,malicious_stream,scalar peak-score discrimination; not the post-onset crossing endpoint,0.49668874172185423,0.7694284698768853,30,0.0,30,1.0,30,RNG seed,descriptive means; no pointwise confidence intervals
mixedhard_prevalence,mixedhard_frac_0p2,malicious_stream,scalar peak-score discrimination; not the post-onset crossing endpoint,0.4123711340206186,0.7725420102957943,30,0.0,30,1.0,30,RNG seed,descriptive means; no pointwise confidence intervals
mixedhard_prevalence,mixedhard_frac_0p2,malicious_stream,scalar peak-score discrimination; not the post-onset crossing endpoint,0.05000000000000001,0.8281918532453083,30,0.005809778492116831,30,0.9868091140233821,30,RNG seed,descriptive means; no pointwise confidence intervals
mixedhard_prevalence,mixedhard_frac_0p2,malicious_stream,scalar peak-score discrimination; not the post-onset crossing endpoint,0.04999999999999999,1.0,30,0.9997988687049965,30,0.3489217129630743,30,RNG seed,descriptive means; no pointwise confidence intervals
mixedhard_prevalence,mixedhard_frac_0p2,malicious_stream,scalar peak-score discrimination; not the post-onset crossing endpoint,0.04999999999999998,1.0,30,1.0,30,0.3488769841242321,30,RNG seed,descriptive means; no pointwise confidence intervals
mixedhard_prevalence,mixedhard_frac_0p2,attacker_owner,scalar peak-score discrimination; not the post-onset crossing endpoint,0.9996646498695336,0.0,30,0.0,30,nan,0,RNG seed,descriptive means; no pointwise confidence intervals
mixedhard_prevalence,mixedhard_frac_0p2,attacker_owner,scalar peak-score discrimination; not the post-onset crossing endpoint,0.9996577223434115,0.5789089712093138,30,0.12592664430908915,30,0.47945068369477417,30,RNG seed,descriptive means; no pointwise confidence intervals
mixedhard_prevalence,mixedhard_frac_0p2,attacker_owner,scalar peak-score discrimination; not the post-onset crossing endpoint,0.9982998143218272,0.5860888349428705,30,0.13255926743763832,30,0.47049993528783446,30,RNG seed,descriptive means; no pointwise confidence intervals
mixedhard_prevalence,mixedhard_frac_0p2,attacker_owner,scalar peak-score discrimination; not the post-onset crossing endpoint,0.9923783587031587,0.6138029721092769,30,0.14279201426028798,30,0.4635953723650327,30,RNG seed,descriptive means; no pointwise confidence intervals
mixedhard_prevalence,mixedhard_frac_0p2,attacker_owner,scalar peak-score discrimination; not the post-onset crossing endpoint,0.9844134536505332,0.6184810134660356,30,0.1462795137014788,30,0.45966363278661887,30,RNG seed,descriptive means; no pointwise confidence intervals
mixedhard_prevalence,mixedhard_frac_0p2,attacker_owner,scalar peak-score discrimination; not the post-onset crossing endpoint,0.969055374592834,0.6331700820802538,30,0.17189109982754042,30,0.4279594105333205,30,RNG seed,descriptive means; no pointwise confidence intervals
mixedhard_prevalence,mixedhard_frac_0p2,attacker_owner,scalar peak-score discrimination; not the post-onset crossing endpoint,0.874395715852102,0.6658455387104781,30,0.17994391678370833,30,0.42894790568644503,30,RNG seed,descriptive means; no pointwise confidence intervals
mixedhard_prevalence,mixedhard_frac_0p2,attacker_owner,scalar peak-score discrimination; not the post-onset crossing endpoint,0.49668874172185423,0.6818232721728921,30,0.18857365172133247,30,0.42377030206598953,30,RNG seed,descriptive means; no pointwise confidence intervals
mixedhard_prevalence,mixedhard_frac_0p2,attacker_owner,scalar peak-score discrimination; not the post-onset crossing endpoint,0.4123711340206186,0.6844467190057582,30,0.18937214952133194,30,0.42364593307367326,30,RNG seed,descriptive means; no pointwise confidence intervals
mixedhard_prevalence,mixedhard_frac_0p2,attacker_owner,scalar peak-score discrimination; not the post-onset crossing endpoint,0.05000000000000001,0.70905547975771,30,0.21277885545997186,30,0.4045273813701992,30,RNG seed,descriptive means; no pointwise confidence intervals
mixedhard_prevalence,mixedhard_frac_0p2,attacker_owner,scalar peak-score discrimination; not the post-onset crossing endpoint,0.04999999999999999,1.0,30,0.9998414117245703,30,0.1626418616212378,30,RNG seed,descriptive means; no pointwise confidence intervals
mixedhard_prevalence,mixedhard_frac_0p2,attacker_owner,scalar peak-score discrimination; not the post-onset crossing endpoint,0.04999999999999998,1.0,30,1.0,30,0.16262059702273174,30,RNG seed,descriptive means; no pointwise confidence intervals
mixedhard_prevalence,mixedhard_frac_0p3,malicious_stream,scalar peak-score discrimination; not the post-onset crossing endpoint,0.9996646498695336,0.0,30,0.0,30,nan,0,RNG seed,descriptive means; no pointwise confidence intervals
mixedhard_prevalence,mixedhard_frac_0p3,malicious_stream,scalar peak-score discrimination; not the post-onset crossing endpoint,0.9984679977106521,0.6031996942097577,30,0.0,30,1.0,30,RNG seed,descriptive means; no pointwise confidence intervals
mixedhard_prevalence,mixedhard_frac_0p3,malicious_stream,scalar peak-score discrimination; not the post-onset crossing endpoint,0.9981346376318206,0.6241267396757045,30,0.0,30,1.0,30,RNG seed,descriptive means; no pointwise confidence intervals
mixedhard_prevalence,mixedhard_frac_0p3,malicious_stream,scalar peak-score discrimination; not the post-onset crossing endpoint,0.9917284763113059,0.6444276461054399,30,0.0,30,1.0,30,RNG seed,descriptive means; no pointwise confidence intervals
mixedhard_prevalence,mixedhard_frac_0p3,malicious_stream,scalar peak-score discrimination; not the post-onset crossing endpoint,0.9844134536505332,0.653232559532145,30,0.0,30,1.0,30,RNG seed,descriptive means; no pointwise confidence intervals
mixedhard_prevalence,mixedhard_frac_0p3,malicious_stream,scalar peak-score discrimination; not the post-onset crossing endpoint,0.9674778580005743,0.7257478075493395,30,0.0,30,1.0,30,RNG seed,descriptive means; no pointwise confidence intervals
mixedhard_prevalence,mixedhard_frac_0p3,malicious_stream,scalar peak-score discrimination; not the post-onset crossing endpoint,0.8776181129724836,0.7465574722223849,30,0.0,30,1.0,30,RNG seed,descriptive means; no pointwise confidence intervals
mixedhard_prevalence,mixedhard_frac_0p3,malicious_stream,scalar peak-score discrimination; not the post-onset crossing endpoint,0.7194752534503069,0.7668105810143048,30,0.0,30,1.0,30,RNG seed,descriptive means; no pointwise confidence intervals
mixedhard_prevalence,mixedhard_frac_0p3,malicious_stream,scalar peak-score discrimination; not the post-onset crossing endpoint,0.4123711340206186,0.7809084368289085,30,0.0,30,1.0,30,RNG seed,descriptive means; no pointwise confidence intervals
mixedhard_prevalence,mixedhard_frac_0p3,malicious_stream,scalar peak-score discrimination; not the post-onset crossing endpoint,0.05000000000000001,0.8336522872459926,30,0.0065206233789053165,30,0.9914704302465119,30,RNG seed,descriptive means; no pointwise confidence intervals
mixedhard_prevalence,mixedhard_frac_0p3,malicious_stream,scalar peak-score discrimination; not the post-onset crossing endpoint,0.04999999999999999,0.9999187539093307,30,0.9999303492497928,30,0.48075351695870555,30,RNG seed,descriptive means; no pointwise confidence intervals
mixedhard_prevalence,mixedhard_frac_0p3,malicious_stream,scalar peak-score discrimination; not the post-onset crossing endpoint,0.04999999999999998,1.0,30,1.0,30,0.48075642787405587,30,RNG seed,descriptive means; no pointwise confidence intervals
mixedhard_prevalence,mixedhard_frac_0p3,attacker_owner,scalar peak-score discrimination; not the post-onset crossing endpoint,0.9996646498695336,0.0,30,0.0,30,nan,0,RNG seed,descriptive means; no pointwise confidence intervals
mixedhard_prevalence,mixedhard_frac_0p3,attacker_owner,scalar peak-score discrimination; not the post-onset crossing endpoint,0.9984679977106521,0.609581869851635,30,0.18188237252359013,30,0.5325050013514162,30,RNG seed,descriptive means; no pointwise confidence intervals
mixedhard_prevalence,mixedhard_frac_0p3,attacker_owner,scalar peak-score discrimination; not the post-onset crossing endpoint,0.9981346376318206,0.6296790461080634,30,0.1885200295123693,30,0.5315141118055486,30,RNG seed,descriptive means; no pointwise confidence intervals
mixedhard_prevalence,mixedhard_frac_0p3,attacker_owner,scalar peak-score discrimination; not the post-onset crossing endpoint,0.9917284763113059,0.6386614892643862,30,0.19875233052982694,30,0.5221592786183908,30,RNG seed,descriptive means; no pointwise confidence intervals
mixedhard_prevalence,mixedhard_frac_0p3,attacker_owner,scalar peak-score discrimination; not the post-onset crossing endpoint,0.9844134536505332,0.6437336415824013,30,0.20279662898821946,30,0.5193075536825273,30,RNG seed,descriptive means; no pointwise confidence intervals
mixedhard_prevalence,mixedhard_frac_0p3,attacker_owner,scalar peak-score discrimination; not the post-onset crossing endpoint,0.9674778580005743,0.6817860326178136,30,0.23734299629853053,30,0.49562706607999835,30,RNG seed,descriptive means; no pointwise confidence intervals
mixedhard_prevalence,mixedhard_frac_0p3,attacker_owner,scalar peak-score discrimination; not the post-onset crossing endpoint,0.8776181129724836,0.6938784828814906,30,0.2466197411537566,30,0.49037986448965865,30,RNG seed,descriptive means; no pointwise confidence intervals
mixedhard_prevalence,mixedhard_frac_0p3,attacker_owner,scalar peak-score discrimination; not the post-onset crossing endpoint,0.7194752534503069,0.705709222908666,30,0.2558435728109849,30,0.48574638777046103,30,RNG seed,descriptive means; no pointwise confidence intervals
mixedhard_prevalence,mixedhard_frac_0p3,attacker_owner,scalar peak-score discrimination; not the post-onset crossing endpoint,0.4123711340206186,0.7164308871952246,30,0.2612564537992011,30,0.4840772461324735,30,RNG seed,descriptive means; no pointwise confidence intervals
mixedhard_prevalence,mixedhard_frac_0p3,attacker_owner,scalar peak-score discrimination; not the post-onset crossing endpoint,0.05000000000000001,0.7465217332009629,30,0.2898344636382622,30,0.4684649892116515,30,RNG seed,descriptive means; no pointwise confidence intervals
mixedhard_prevalence,mixedhard_frac_0p3,attacker_owner,scalar peak-score discrimination; not the post-onset crossing endpoint,0.04999999999999999,0.9998458572121006,30,0.9999494098940506,30,0.2510146351218881,30,RNG seed,descriptive means; no pointwise confidence intervals
mixedhard_prevalence,mixedhard_frac_0p3,attacker_owner,scalar peak-score discrimination; not the post-onset crossing endpoint,0.04999999999999998,1.0,30,1.0,30,0.2510341045791009,30,RNG seed,descriptive means; no pointwise confidence intervals
mixedhard_prevalence,mixedhard_frac_0p5,malicious_stream,scalar peak-score discrimination; not the post-onset crossing endpoint,0.9996646498695336,0.0,30,0.0,30,nan,0,RNG seed,descriptive means; no pointwise confidence intervals
mixedhard_prevalence,mixedhard_frac_0p5,malicious_stream,scalar peak-score discrimination; not the post-onset crossing endpoint,0.9995015290263082,0.6198097922267946,30,0.0,30,1.0,30,RNG seed,descriptive means; no pointwise confidence intervals
mixedhard_prevalence,mixedhard_frac_0p5,malicious_stream,scalar peak-score discrimination; not the post-onset crossing endpoint,0.9984579965575149,0.6339709561715877,30,0.0,30,1.0,30,RNG seed,descriptive means; no pointwise confidence intervals
mixedhard_prevalence,mixedhard_frac_0p5,malicious_stream,scalar peak-score discrimination; not the post-onset crossing endpoint,0.9982998143218272,0.6347288317173929,30,0.0,30,1.0,30,RNG seed,descriptive means; no pointwise confidence intervals
mixedhard_prevalence,mixedhard_frac_0p5,malicious_stream,scalar peak-score discrimination; not the post-onset crossing endpoint,0.9955955795500481,0.6628172991407713,30,0.0,30,1.0,30,RNG seed,descriptive means; no pointwise confidence intervals
mixedhard_prevalence,mixedhard_frac_0p5,malicious_stream,scalar peak-score discrimination; not the post-onset crossing endpoint,0.9872210330484272,0.6770444873536104,30,0.0,30,1.0,30,RNG seed,descriptive means; no pointwise confidence intervals
mixedhard_prevalence,mixedhard_frac_0p5,malicious_stream,scalar peak-score discrimination; not the post-onset crossing endpoint,0.9844134536505332,0.6809363922331569,30,0.0,30,1.0,30,RNG seed,descriptive means; no pointwise confidence intervals
mixedhard_prevalence,mixedhard_frac_0p5,malicious_stream,scalar peak-score discrimination; not the post-onset crossing endpoint,0.969055374592834,0.7335272951502178,30,0.0,30,1.0,30,RNG seed,descriptive means; no pointwise confidence intervals
mixedhard_prevalence,mixedhard_frac_0p5,malicious_stream,scalar peak-score discrimination; not the post-onset crossing endpoint,0.938405491449745,0.7486177578562392,30,0.0,30,1.0,30,RNG seed,descriptive means; no pointwise confidence intervals
mixedhard_prevalence,mixedhard_frac_0p5,malicious_stream,scalar peak-score discrimination; not the post-onset crossing endpoint,0.8692683700986482,0.7630447077082413,30,0.0,30,1.0,30,RNG seed,descriptive means; no pointwise confidence intervals
mixedhard_prevalence,mixedhard_frac_0p5,malicious_stream,scalar peak-score discrimination; not the post-onset crossing endpoint,0.7534389068461819,0.7773707914781195,30,0.0,30,1.0,30,RNG seed,descriptive means; no pointwise confidence intervals
mixedhard_prevalence,mixedhard_frac_0p5,malicious_stream,scalar peak-score discrimination; not the post-onset crossing endpoint,0.4123711340206186,0.79151176896501,30,0.0,30,1.0,30,RNG seed,descriptive means; no pointwise confidence intervals
mixedhard_prevalence,mixedhard_frac_0p5,malicious_stream,scalar peak-score discrimination; not the post-onset crossing endpoint,0.05000000000000001,0.8375919131860254,30,0.00531412523738325,30,0.9971063565700001,30,RNG seed,descriptive means; no pointwise confidence intervals
mixedhard_prevalence,mixedhard_frac_0p5,malicious_stream,scalar peak-score discrimination; not the post-onset crossing endpoint,0.04999999999999999,1.0,30,0.9998397287717676,30,0.6921285545966351,30,RNG seed,descriptive means; no pointwise confidence intervals
mixedhard_prevalence,mixedhard_frac_0p5,malicious_stream,scalar peak-score discrimination; not the post-onset crossing endpoint,0.04999999999999998,1.0,30,1.0,30,0.6920935424314678,30,RNG seed,descriptive means; no pointwise confidence intervals
mixedhard_prevalence,mixedhard_frac_0p5,attacker_owner,scalar peak-score discrimination; not the post-onset crossing endpoint,0.9996646498695336,0.0,30,0.0,30,nan,0,RNG seed,descriptive means; no pointwise confidence intervals
mixedhard_prevalence,mixedhard_frac_0p5,attacker_owner,scalar peak-score discrimination; not the post-onset crossing endpoint,0.9995015290263082,0.6305514701744536,30,0.2752484914121499,30,0.6387641212040093,30,RNG seed,descriptive means; no pointwise confidence intervals
mixedhard_prevalence,mixedhard_frac_0p5,attacker_owner,scalar peak-score discrimination; not the post-onset crossing endpoint,0.9984579965575149,0.6410135511210857,30,0.2847095116674475,30,0.6348071224849952,30,RNG seed,descriptive means; no pointwise confidence intervals
mixedhard_prevalence,mixedhard_frac_0p5,attacker_owner,scalar peak-score discrimination; not the post-onset crossing endpoint,0.9982998143218272,0.641594094053449,30,0.28520290022896366,30,0.634621253297521,30,RNG seed,descriptive means; no pointwise confidence intervals
mixedhard_prevalence,mixedhard_frac_0p5,attacker_owner,scalar peak-score discrimination; not the post-onset crossing endpoint,0.9955955795500481,0.664456760176816,30,0.3020158195042992,30,0.6293004008189741,30,RNG seed,descriptive means; no pointwise confidence intervals
mixedhard_prevalence,mixedhard_frac_0p5,attacker_owner,scalar peak-score discrimination; not the post-onset crossing endpoint,0.9872210330484272,0.6766758293097245,30,0.3101397954744514,30,0.6273901187958,30,RNG seed,descriptive means; no pointwise confidence intervals
mixedhard_prevalence,mixedhard_frac_0p5,attacker_owner,scalar peak-score discrimination; not the post-onset crossing endpoint,0.9844134536505332,0.679817483170996,30,0.3125293098771004,30,0.6266502819843864,30,RNG seed,descriptive means; no pointwise confidence intervals
mixedhard_prevalence,mixedhard_frac_0p5,attacker_owner,scalar peak-score discrimination; not the post-onset crossing endpoint,0.969055374592834,0.7081239454001405,30,0.3554258687222242,30,0.6060691041301216,30,RNG seed,descriptive means; no pointwise confidence intervals
mixedhard_prevalence,mixedhard_frac_0p5,attacker_owner,scalar peak-score discrimination; not the post-onset crossing endpoint,0.938405491449745,0.7256853901777577,30,0.36040193444657487,30,0.6087171573919589,30,RNG seed,descriptive means; no pointwise confidence intervals
mixedhard_prevalence,mixedhard_frac_0p5,attacker_owner,scalar peak-score discrimination; not the post-onset crossing endpoint,0.8692683700986482,0.7362870373131274,30,0.36986813620419295,30,0.6059168481740215,30,RNG seed,descriptive means; no pointwise confidence intervals
mixedhard_prevalence,mixedhard_frac_0p5,attacker_owner,scalar peak-score discrimination; not the post-onset crossing endpoint,0.7534389068461819,0.7480299198153306,30,0.37842184247249716,30,0.6041525115019818,30,RNG seed,descriptive means; no pointwise confidence intervals
mixedhard_prevalence,mixedhard_frac_0p5,attacker_owner,scalar peak-score discrimination; not the post-onset crossing endpoint,0.4123711340206186,0.7592358036648622,30,0.3870287581482102,30,0.60215922749295,30,RNG seed,descriptive means; no pointwise confidence intervals
mixedhard_prevalence,mixedhard_frac_0p5,attacker_owner,scalar peak-score discrimination; not the post-onset crossing endpoint,0.05000000000000001,0.7945026161142045,30,0.4193370215102235,30,0.5937908488273262,30,RNG seed,descriptive means; no pointwise confidence intervals
mixedhard_prevalence,mixedhard_frac_0p5,attacker_owner,scalar peak-score discrimination; not the post-onset crossing endpoint,0.04999999999999999,1.0,30,0.999908549837516,30,0.43324811475818964,30,RNG seed,descriptive means; no pointwise confidence intervals
mixedhard_prevalence,mixedhard_frac_0p5,attacker_owner,scalar peak-score discrimination; not the post-onset crossing endpoint,0.04999999999999998,1.0,30,1.0,30,0.4332256257018952,30,RNG seed,descriptive means; no pointwise confidence intervals
mobility,manoeuvre,malicious_stream,scalar peak-score discrimination; not the post-onset crossing endpoint,0.9996646498695336,0.0,30,0.0,30,nan,0,RNG seed,descriptive means; no pointwise confidence intervals
mobility,manoeuvre,malicious_stream,scalar peak-score discrimination; not the post-onset crossing endpoint,0.9995397149756731,0.5852870522727252,30,0.0,30,1.0,30,RNG seed,descriptive means; no pointwise confidence intervals
mobility,manoeuvre,malicious_stream,scalar peak-score discrimination; not the post-onset crossing endpoint,0.9982998143218272,0.6033102917339065,30,0.0,30,1.0,30,RNG seed,descriptive means; no pointwise confidence intervals
mobility,manoeuvre,malicious_stream,scalar peak-score discrimination; not the post-onset crossing endpoint,0.9972002714979151,0.6264400419139279,30,0.0,30,1.0,30,RNG seed,descriptive means; no pointwise confidence intervals
mobility,manoeuvre,malicious_stream,scalar peak-score discrimination; not the post-onset crossing endpoint,0.9870959272886267,0.6471006340564448,30,0.0,30,1.0,30,RNG seed,descriptive means; no pointwise confidence intervals
mobility,manoeuvre,malicious_stream,scalar peak-score discrimination; not the post-onset crossing endpoint,0.9844134536505332,0.6499431975177591,30,0.0,30,1.0,30,RNG seed,descriptive means; no pointwise confidence intervals
mobility,manoeuvre,malicious_stream,scalar peak-score discrimination; not the post-onset crossing endpoint,0.9732302352052775,0.7087933327427902,30,0.0,30,1.0,30,RNG seed,descriptive means; no pointwise confidence intervals
mobility,manoeuvre,malicious_stream,scalar peak-score discrimination; not the post-onset crossing endpoint,0.9325044404973356,0.7290530083683677,30,0.0,30,1.0,30,RNG seed,descriptive means; no pointwise confidence intervals
mobility,manoeuvre,malicious_stream,scalar peak-score discrimination; not the post-onset crossing endpoint,0.8333333333333334,0.7501257583352595,30,0.0,30,1.0,30,RNG seed,descriptive means; no pointwise confidence intervals
mobility,manoeuvre,malicious_stream,scalar peak-score discrimination; not the post-onset crossing endpoint,0.4948401130893802,0.7709104239917058,30,7.019564323698622e-05,30,0.9999021826567277,30,RNG seed,descriptive means; no pointwise confidence intervals
mobility,manoeuvre,malicious_stream,scalar peak-score discrimination; not the post-onset crossing endpoint,0.4123711340206186,0.7739711522879092,30,7.019564323698622e-05,30,0.9999025956763539,30,RNG seed,descriptive means; no pointwise confidence intervals
mobility,manoeuvre,malicious_stream,scalar peak-score discrimination; not the post-onset crossing endpoint,0.05000000000000001,0.8278871067287642,30,0.00493310618178825,30,0.9933980887468228,30,RNG seed,descriptive means; no pointwise confidence intervals
mobility,manoeuvre,malicious_stream,scalar peak-score discrimination; not the post-onset crossing endpoint,0.04999999999999999,1.0,30,0.9997184945158908,30,0.47790651204658713,30,RNG seed,descriptive means; no pointwise confidence intervals
mobility,manoeuvre,malicious_stream,scalar peak-score discrimination; not the post-onset crossing endpoint,0.04999999999999998,1.0,30,1.0,30,0.4778368509537112,30,RNG seed,descriptive means; no pointwise confidence intervals
mobility,manoeuvre,attacker_owner,scalar peak-score discrimination; not the post-onset crossing endpoint,0.9996646498695336,0.0,30,0.0,30,nan,0,RNG seed,descriptive means; no pointwise confidence intervals
mobility,manoeuvre,attacker_owner,scalar peak-score discrimination; not the post-onset crossing endpoint,0.9995397149756731,0.5972216668894208,30,0.1738055346036555,30,0.5396622801684362,30,RNG seed,descriptive means; no pointwise confidence intervals
mobility,manoeuvre,attacker_owner,scalar peak-score discrimination; not the post-onset crossing endpoint,0.9982998143218272,0.6085939386493523,30,0.18165814160026084,30,0.5334031687643669,30,RNG seed,descriptive means; no pointwise confidence intervals
mobility,manoeuvre,attacker_owner,scalar peak-score discrimination; not the post-onset crossing endpoint,0.9972002714979151,0.6310933924060836,30,0.18900275874379655,30,0.5324332635571699,30,RNG seed,descriptive means; no pointwise confidence intervals
mobility,manoeuvre,attacker_owner,scalar peak-score discrimination; not the post-onset crossing endpoint,0.9870959272886267,0.6418507226447869,30,0.19869429133394426,30,0.5242583352391487,30,RNG seed,descriptive means; no pointwise confidence intervals
mobility,manoeuvre,attacker_owner,scalar peak-score discrimination; not the post-onset crossing endpoint,0.9844134536505332,0.643914501159711,30,0.19981796074706484,30,0.5236068711469656,30,RNG seed,descriptive means; no pointwise confidence intervals
mobility,manoeuvre,attacker_owner,scalar peak-score discrimination; not the post-onset crossing endpoint,0.9732302352052775,0.6620867174238687,30,0.23173954914680361,30,0.493549213924854,30,RNG seed,descriptive means; no pointwise confidence intervals
mobility,manoeuvre,attacker_owner,scalar peak-score discrimination; not the post-onset crossing endpoint,0.9325044404973356,0.684512870731794,30,0.23725313080578203,30,0.4960062363850832,30,RNG seed,descriptive means; no pointwise confidence intervals
mobility,manoeuvre,attacker_owner,scalar peak-score discrimination; not the post-onset crossing endpoint,0.8333333333333334,0.6961552127779418,30,0.2468288383567032,30,0.49032394671419666,30,RNG seed,descriptive means; no pointwise confidence intervals
mobility,manoeuvre,attacker_owner,scalar peak-score discrimination; not the post-onset crossing endpoint,0.4948401130893802,0.7096273119177101,30,0.25557550797062384,30,0.48611070557984004,30,RNG seed,descriptive means; no pointwise confidence intervals
mobility,manoeuvre,attacker_owner,scalar peak-score discrimination; not the post-onset crossing endpoint,0.4123711340206186,0.711928421986895,30,0.2567873992411941,30,0.4857683548022431,30,RNG seed,descriptive means; no pointwise confidence intervals
mobility,manoeuvre,attacker_owner,scalar peak-score discrimination; not the post-onset crossing endpoint,0.05000000000000001,0.7423653709189372,30,0.28424093750868856,30,0.4704648243859631,30,RNG seed,descriptive means; no pointwise confidence intervals
mobility,manoeuvre,attacker_owner,scalar peak-score discrimination; not the post-onset crossing endpoint,0.04999999999999999,1.0,30,0.9997998279521837,30,0.2501752787592059,30,RNG seed,descriptive means; no pointwise confidence intervals
mobility,manoeuvre,attacker_owner,scalar peak-score discrimination; not the post-onset crossing endpoint,0.04999999999999998,1.0,30,1.0,30,0.25013805333365935,30,RNG seed,descriptive means; no pointwise confidence intervals
noise_misspecification,actual_2_assumed_4,malicious_stream,scalar peak-score discrimination; not the post-onset crossing endpoint,0.9996646498695336,0.0,30,0.0,30,nan,0,RNG seed,descriptive means; no pointwise confidence intervals
noise_misspecification,actual_2_assumed_4,malicious_stream,scalar peak-score discrimination; not the post-onset crossing endpoint,0.9995845455987026,0.5827234884923793,30,0.0,30,1.0,30,RNG seed,descriptive means; no pointwise confidence intervals
noise_misspecification,actual_2_assumed_4,malicious_stream,scalar peak-score discrimination; not the post-onset crossing endpoint,0.9982998143218272,0.6018399559193314,30,0.0,30,1.0,30,RNG seed,descriptive means; no pointwise confidence intervals
noise_misspecification,actual_2_assumed_4,malicious_stream,scalar peak-score discrimination; not the post-onset crossing endpoint,0.9976409411492023,0.6240624054753565,30,0.0,30,1.0,30,RNG seed,descriptive means; no pointwise confidence intervals
noise_misspecification,actual_2_assumed_4,malicious_stream,scalar peak-score discrimination; not the post-onset crossing endpoint,0.9909660418715523,0.644386709767437,30,0.0,30,1.0,30,RNG seed,descriptive means; no pointwise confidence intervals
noise_misspecification,actual_2_assumed_4,malicious_stream,scalar peak-score discrimination; not the post-onset crossing endpoint,0.9844134536505332,0.6522386294432977,30,0.0,30,1.0,30,RNG seed,descriptive means; no pointwise confidence intervals
noise_misspecification,actual_2_assumed_4,malicious_stream,scalar peak-score discrimination; not the post-onset crossing endpoint,0.9661295619613859,0.7257023872654116,30,0.0,30,1.0,30,RNG seed,descriptive means; no pointwise confidence intervals
noise_misspecification,actual_2_assumed_4,malicious_stream,scalar peak-score discrimination; not the post-onset crossing endpoint,0.8743957150823072,0.7465475422639065,30,0.0,30,1.0,30,RNG seed,descriptive means; no pointwise confidence intervals
noise_misspecification,actual_2_assumed_4,malicious_stream,scalar peak-score discrimination; not the post-onset crossing endpoint,0.7099010130215753,0.7668061213344425,30,0.0,30,1.0,30,RNG seed,descriptive means; no pointwise confidence intervals
noise_misspecification,actual_2_assumed_4,malicious_stream,scalar peak-score discrimination; not the post-onset crossing endpoint,0.4123711340206186,0.7806589923400417,30,0.0,30,1.0,30,RNG seed,descriptive means; no pointwise confidence intervals
noise_misspecification,actual_2_assumed_4,malicious_stream,scalar peak-score discrimination; not the post-onset crossing endpoint,0.05000000000000001,0.8334028427571258,30,0.0065206233789053165,30,0.9914675793887954,30,RNG seed,descriptive means; no pointwise confidence intervals
noise_misspecification,actual_2_assumed_4,malicious_stream,scalar peak-score discrimination; not the post-onset crossing endpoint,0.04999999999999999,0.9999187539093307,30,0.9999303492497928,30,0.48075351695870555,30,RNG seed,descriptive means; no pointwise confidence intervals
noise_misspecification,actual_2_assumed_4,malicious_stream,scalar peak-score discrimination; not the post-onset crossing endpoint,0.04999999999999998,1.0,30,1.0,30,0.48075642787405587,30,RNG seed,descriptive means; no pointwise confidence intervals
noise_misspecification,actual_2_assumed_4,attacker_owner,scalar peak-score discrimination; not the post-onset crossing endpoint,0.9996646498695336,0.0,30,0.0,30,nan,0,RNG seed,descriptive means; no pointwise confidence intervals
noise_misspecification,actual_2_assumed_4,attacker_owner,scalar peak-score discrimination; not the post-onset crossing endpoint,0.9995845455987026,0.5910188290559132,30,0.17491277688692072,30,0.5343911826055926,30,RNG seed,descriptive means; no pointwise confidence intervals
noise_misspecification,actual_2_assumed_4,attacker_owner,scalar peak-score discrimination; not the post-onset crossing endpoint,0.9982998143218272,0.6051420073661489,30,0.18251270843546108,30,0.5298090556176897,30,RNG seed,descriptive means; no pointwise confidence intervals
noise_misspecification,actual_2_assumed_4,attacker_owner,scalar peak-score discrimination; not the post-onset crossing endpoint,0.9976409411492023,0.6263415044599203,30,0.18965788422333751,30,0.5287329997282866,30,RNG seed,descriptive means; no pointwise confidence intervals
noise_misspecification,actual_2_assumed_4,attacker_owner,scalar peak-score discrimination; not the post-onset crossing endpoint,0.9909660418715523,0.6373464751521457,30,0.19918763143630203,30,0.5211178037258286,30,RNG seed,descriptive means; no pointwise confidence intervals
noise_misspecification,actual_2_assumed_4,attacker_owner,scalar peak-score discrimination; not the post-onset crossing endpoint,0.9844134536505332,0.6424320294362607,30,0.20261935666626335,30,0.5190299013264812,30,RNG seed,descriptive means; no pointwise confidence intervals
noise_misspecification,actual_2_assumed_4,attacker_owner,scalar peak-score discrimination; not the post-onset crossing endpoint,0.9661295619613859,0.6814307597863508,30,0.23745814484523214,30,0.4954060161711137,30,RNG seed,descriptive means; no pointwise confidence intervals
noise_misspecification,actual_2_assumed_4,attacker_owner,scalar peak-score discrimination; not the post-onset crossing endpoint,0.8743957150823072,0.6934298246680738,30,0.24676509437967825,30,0.490075041147641,30,RNG seed,descriptive means; no pointwise confidence intervals
noise_misspecification,actual_2_assumed_4,attacker_owner,scalar peak-score discrimination; not the post-onset crossing endpoint,0.7099010130215753,0.7050457386810414,30,0.25606674757389036,30,0.4852698319490748,30,RNG seed,descriptive means; no pointwise confidence intervals
noise_misspecification,actual_2_assumed_4,attacker_owner,scalar peak-score discrimination; not the post-onset crossing endpoint,0.4123711340206186,0.7161377255629288,30,0.26120465758180944,30,0.48405175406236967,30,RNG seed,descriptive means; no pointwise confidence intervals
noise_misspecification,actual_2_assumed_4,attacker_owner,scalar peak-score discrimination; not the post-onset crossing endpoint,0.05000000000000001,0.7462285715686672,30,0.2897826674208705,30,0.4684343265900667,30,RNG seed,descriptive means; no pointwise confidence intervals
noise_misspecification,actual_2_assumed_4,attacker_owner,scalar peak-score discrimination; not the post-onset crossing endpoint,0.04999999999999999,0.9998458572121006,30,0.9999494098940506,30,0.2510146351218881,30,RNG seed,descriptive means; no pointwise confidence intervals
noise_misspecification,actual_2_assumed_4,attacker_owner,scalar peak-score discrimination; not the post-onset crossing endpoint,0.04999999999999998,1.0,30,1.0,30,0.2510341045791009,30,RNG seed,descriptive means; no pointwise confidence intervals
noise_misspecification,actual_4_assumed_2,malicious_stream,scalar peak-score discrimination; not the post-onset crossing endpoint,0.9996646498695336,0.0,30,0.0,30,nan,0,RNG seed,descriptive means; no pointwise confidence intervals
noise_misspecification,actual_4_assumed_2,malicious_stream,scalar peak-score discrimination; not the post-onset crossing endpoint,0.9986363074097483,0.603195964968315,30,0.0,30,1.0,30,RNG seed,descriptive means; no pointwise confidence intervals
noise_misspecification,actual_4_assumed_2,malicious_stream,scalar peak-score discrimination; not the post-onset crossing endpoint,0.99822450407289,0.6241121274862791,30,0.0,30,1.0,30,RNG seed,descriptive means; no pointwise confidence intervals
noise_misspecification,actual_4_assumed_2,malicious_stream,scalar peak-score discrimination; not the post-onset crossing endpoint,0.9928268205032749,0.644298868599454,30,7.616403601805061e-05,30,0.999880519547259,30,RNG seed,descriptive means; no pointwise confidence intervals
noise_misspecification,actual_4_assumed_2,malicious_stream,scalar peak-score discrimination; not the post-onset crossing endpoint,0.9844134536505332,0.6577795145996689,30,0.00025368703502102514,30,0.9995922032441418,30,RNG seed,descriptive means; no pointwise confidence intervals
noise_misspecification,actual_4_assumed_2,malicious_stream,scalar peak-score discrimination; not the post-onset crossing endpoint,0.969017978439605,0.7251273132705655,30,0.000623637999231323,30,0.9989865995917621,30,RNG seed,descriptive means; no pointwise confidence intervals
noise_misspecification,actual_4_assumed_2,malicious_stream,scalar peak-score discrimination; not the post-onset crossing endpoint,0.9124721627007066,0.741991167386444,30,0.0041455459499961595,30,0.9937992317563009,30,RNG seed,descriptive means; no pointwise confidence intervals
noise_misspecification,actual_4_assumed_2,malicious_stream,scalar peak-score discrimination; not the post-onset crossing endpoint,0.833148323371003,0.7577667949681917,30,0.008695267022126694,30,0.9873833290385414,30,RNG seed,descriptive means; no pointwise confidence intervals
noise_misspecification,actual_4_assumed_2,malicious_stream,scalar peak-score discrimination; not the post-onset crossing endpoint,0.5624771506392164,0.773373457933021,30,0.013101967930233136,30,0.9817912876018817,30,RNG seed,descriptive means; no pointwise confidence intervals
noise_misspecification,actual_4_assumed_2,malicious_stream,scalar peak-score discrimination; not the post-onset crossing endpoint,0.49668874172185434,0.7754193533205486,30,0.01619075686589156,30,0.9776979935717479,30,RNG seed,descriptive means; no pointwise confidence intervals
noise_misspecification,actual_4_assumed_2,malicious_stream,scalar peak-score discrimination; not the post-onset crossing endpoint,0.47018341106959466,0.7895131568649537,30,0.056291383860540625,30,0.9274772436876197,30,RNG seed,descriptive means; no pointwise confidence intervals
noise_misspecification,actual_4_assumed_2,malicious_stream,scalar peak-score discrimination; not the post-onset crossing endpoint,0.42424242424242425,0.7904034766189796,30,0.057642673688990245,30,0.9259768972443162,30,RNG seed,descriptive means; no pointwise confidence intervals
noise_misspecification,actual_4_assumed_2,malicious_stream,scalar peak-score discrimination; not the post-onset crossing endpoint,0.4123711340206186,0.7971176685641489,30,0.0914665377540266,30,0.8879993523975398,30,RNG seed,descriptive means; no pointwise confidence intervals
noise_misspecification,actual_4_assumed_2,malicious_stream,scalar peak-score discrimination; not the post-onset crossing endpoint,0.050000000000000024,0.8478136759699176,30,0.09575893769923663,30,0.8895450616904239,30,RNG seed,descriptive means; no pointwise confidence intervals
noise_misspecification,actual_4_assumed_2,malicious_stream,scalar peak-score discrimination; not the post-onset crossing endpoint,0.05000000000000001,0.8492840323299721,30,0.10199332746396644,30,0.8834334190162648,30,RNG seed,descriptive means; no pointwise confidence intervals
noise_misspecification,actual_4_assumed_2,malicious_stream,scalar peak-score discrimination; not the post-onset crossing endpoint,0.04999999999999999,0.9999187539093307,30,0.9999303492497928,30,0.48075351695870555,30,RNG seed,descriptive means; no pointwise confidence intervals
noise_misspecification,actual_4_assumed_2,malicious_stream,scalar peak-score discrimination; not the post-onset crossing endpoint,0.04999999999999998,1.0,30,1.0,30,0.48075642787405587,30,RNG seed,descriptive means; no pointwise confidence intervals
noise_misspecification,actual_4_assumed_2,attacker_owner,scalar peak-score discrimination; not the post-onset crossing endpoint,0.9996646498695336,0.0,30,0.0,30,nan,0,RNG seed,descriptive means; no pointwise confidence intervals
noise_misspecification,actual_4_assumed_2,attacker_owner,scalar peak-score discrimination; not the post-onset crossing endpoint,0.9986363074097483,0.6098144388850961,30,0.18181687864604165,30,0.532722089930957,30,RNG seed,descriptive means; no pointwise confidence intervals
noise_misspecification,actual_4_assumed_2,attacker_owner,scalar peak-score discrimination; not the post-onset crossing endpoint,0.99822450407289,0.6295075296063408,30,0.18856924915756362,30,0.5314364376595542,30,RNG seed,descriptive means; no pointwise confidence intervals
noise_misspecification,actual_4_assumed_2,attacker_owner,scalar peak-score discrimination; not the post-onset crossing endpoint,0.9928268205032749,0.6382498137979974,30,0.1988857147280976,30,0.5219025124138083,30,RNG seed,descriptive means; no pointwise confidence intervals
noise_misspecification,actual_4_assumed_2,attacker_owner,scalar peak-score discrimination; not the post-onset crossing endpoint,0.9844134536505332,0.6462731024018745,30,0.20511509710799716,30,0.5175625119014918,30,RNG seed,descriptive means; no pointwise confidence intervals
noise_misspecification,actual_4_assumed_2,attacker_owner,scalar peak-score discrimination; not the post-onset crossing endpoint,0.969017978439605,0.6814346105838548,30,0.23748707473506123,30,0.49522599930589245,30,RNG seed,descriptive means; no pointwise confidence intervals
noise_misspecification,actual_4_assumed_2,attacker_owner,scalar peak-score discrimination; not the post-onset crossing endpoint,0.9124721627007066,0.6910187268970136,30,0.2475343234403017,30,0.4883627391464121,30,RNG seed,descriptive means; no pointwise confidence intervals
noise_misspecification,actual_4_assumed_2,attacker_owner,scalar peak-score discrimination; not the post-onset crossing endpoint,0.833148323371003,0.7018474301478059,30,0.25726474658030524,30,0.4824229787284287,30,RNG seed,descriptive means; no pointwise confidence intervals
noise_misspecification,actual_4_assumed_2,attacker_owner,scalar peak-score discrimination; not the post-onset crossing endpoint,0.5624771506392164,0.7107966970745474,30,0.26746449507139874,30,0.47606014833789073,30,RNG seed,descriptive means; no pointwise confidence intervals
noise_misspecification,actual_4_assumed_2,attacker_owner,scalar peak-score discrimination; not the post-onset crossing endpoint,0.49668874172185434,0.7122071115383097,30,0.27044920044254356,30,0.4737008659736493,30,RNG seed,descriptive means; no pointwise confidence intervals
noise_misspecification,actual_4_assumed_2,attacker_owner,scalar peak-score discrimination; not the post-onset crossing endpoint,0.47018341106959466,0.7300355723935444,30,0.30129998669746333,30,0.4518100617182828,30,RNG seed,descriptive means; no pointwise confidence intervals
noise_misspecification,actual_4_assumed_2,attacker_owner,scalar peak-score discrimination; not the post-onset crossing endpoint,0.42424242424242425,0.7305473034093588,30,0.3026207504507183,30,0.450889979635046,30,RNG seed,descriptive means; no pointwise confidence intervals
noise_misspecification,actual_4_assumed_2,attacker_owner,scalar peak-score discrimination; not the post-onset crossing endpoint,0.4123711340206186,0.7396605124767455,30,0.3273943848958007,30,0.4337357298868216,30,RNG seed,descriptive means; no pointwise confidence intervals
noise_misspecification,actual_4_assumed_2,attacker_owner,scalar peak-score discrimination; not the post-onset crossing endpoint,0.050000000000000024,0.7681655518516627,30,0.3536311517724531,30,0.42429441187008027,30,RNG seed,descriptive means; no pointwise confidence intervals
noise_misspecification,actual_4_assumed_2,attacker_owner,scalar peak-score discrimination; not the post-onset crossing endpoint,0.05000000000000001,0.7701905977570724,30,0.35820698149883745,30,0.4217022175214546,30,RNG seed,descriptive means; no pointwise confidence intervals
noise_misspecification,actual_4_assumed_2,attacker_owner,scalar peak-score discrimination; not the post-onset crossing endpoint,0.04999999999999999,0.9998458572121006,30,0.9999494098940506,30,0.2510146351218881,30,RNG seed,descriptive means; no pointwise confidence intervals
noise_misspecification,actual_4_assumed_2,attacker_owner,scalar peak-score discrimination; not the post-onset crossing endpoint,0.04999999999999998,1.0,30,1.0,30,0.2510341045791009,30,RNG seed,descriptive means; no pointwise confidence intervals
noise_misspecification,actual_8_assumed_2,malicious_stream,scalar peak-score discrimination; not the post-onset crossing endpoint,0.9996646498695336,0.0,30,0.0,30,nan,0,RNG seed,descriptive means; no pointwise confidence intervals
noise_misspecification,actual_8_assumed_2,malicious_stream,scalar peak-score discrimination; not the post-onset crossing endpoint,0.9995760236409561,0.6682256923863109,30,0.1906602406227598,30,0.7629779439869372,30,RNG seed,descriptive means; no pointwise confidence intervals
noise_misspecification,actual_8_assumed_2,malicious_stream,scalar peak-score discrimination; not the post-onset crossing endpoint,0.9994500984933132,0.6750011381792702,30,0.20369722798090453,30,0.752800037852685,30,RNG seed,descriptive means; no pointwise confidence intervals
noise_misspecification,actual_8_assumed_2,malicious_stream,scalar peak-score discrimination; not the post-onset crossing endpoint,0.9992757142076177,0.682361835668888,30,0.21613979291970964,30,0.7436819623033174,30,RNG seed,descriptive means; no pointwise confidence intervals
noise_misspecification,actual_8_assumed_2,malicious_stream,scalar peak-score discrimination; not the post-onset crossing endpoint,0.9990262021394982,0.689790916553298,30,0.22847025615677607,30,0.7351314186344278,30,RNG seed,descriptive means; no pointwise confidence intervals
noise_misspecification,actual_8_assumed_2,malicious_stream,scalar peak-score discrimination; not the post-onset crossing endpoint,0.9987274528222769,0.6972977817092126,30,0.24070213168807883,30,0.727027723775598,30,RNG seed,descriptive means; no pointwise confidence intervals
noise_misspecification,actual_8_assumed_2,malicious_stream,scalar peak-score discrimination; not the post-onset crossing endpoint,0.9983808642382289,0.7053929003153132,30,0.25232659379859634,30,0.7198835587951476,30,RNG seed,descriptive means; no pointwise confidence intervals
noise_misspecification,actual_8_assumed_2,malicious_stream,scalar peak-score discrimination; not the post-onset crossing endpoint,0.9979934282378465,0.7139748001232932,30,0.26367350067934675,30,0.7134483655711807,30,RNG seed,descriptive means; no pointwise confidence intervals
noise_misspecification,actual_8_assumed_2,malicious_stream,scalar peak-score discrimination; not the post-onset crossing endpoint,0.9977097872820305,0.7186980725918948,30,0.27852730600493963,30,0.7035092534655487,30,RNG seed,descriptive means; no pointwise confidence intervals
noise_misspecification,actual_8_assumed_2,malicious_stream,scalar peak-score discrimination; not the post-onset crossing endpoint,0.9970970516317229,0.7260902913868157,30,0.2908872943379068,30,0.696647048633447,30,RNG seed,descriptive means; no pointwise confidence intervals
noise_misspecification,actual_8_assumed_2,malicious_stream,scalar peak-score discrimination; not the post-onset crossing endpoint,0.9967106666564075,0.7313707753639783,30,0.3053994320215299,30,0.6879044858116916,30,RNG seed,descriptive means; no pointwise confidence intervals
noise_misspecification,actual_8_assumed_2,malicious_stream,scalar peak-score discrimination; not the post-onset crossing endpoint,0.9958075958837633,0.7387140020869449,30,0.3177039953167361,30,0.6814905536578608,30,RNG seed,descriptive means; no pointwise confidence intervals
noise_misspecification,actual_8_assumed_2,malicious_stream,scalar peak-score discrimination; not the post-onset crossing endpoint,0.9946552599889037,0.7459128691277013,30,0.33017965837598884,30,0.6752253965544752,30,RNG seed,descriptive means; no pointwise confidence intervals
noise_misspecification,actual_8_assumed_2,malicious_stream,scalar peak-score discrimination; not the post-onset crossing endpoint,0.9932992235360456,0.7526411865571476,30,0.3431376699557168,30,0.6687891255925185,30,RNG seed,descriptive means; no pointwise confidence intervals
noise_misspecification,actual_8_assumed_2,malicious_stream,scalar peak-score discrimination; not the post-onset crossing endpoint,0.9915679883179016,0.759946858148181,30,0.3555939354417036,30,0.6630196654675112,30,RNG seed,descriptive means; no pointwise confidence intervals
noise_misspecification,actual_8_assumed_2,malicious_stream,scalar peak-score discrimination; not the post-onset crossing endpoint,0.989103232695071,0.7669744492742159,30,0.36825156299567063,30,0.6572825986261004,30,RNG seed,descriptive means; no pointwise confidence intervals
noise_misspecification,actual_8_assumed_2,malicious_stream,scalar peak-score discrimination; not the post-onset crossing endpoint,0.9872138360154175,0.7731579050656172,30,0.38187942858122487,30,0.6509318556324646,30,RNG seed,descriptive means; no pointwise confidence intervals
noise_misspecification,actual_8_assumed_2,malicious_stream,scalar peak-score discrimination; not the post-onset crossing endpoint,0.9852454254083318,0.7810160015560377,30,0.39370008505636034,30,0.6462785330581323,30,RNG seed,descriptive means; no pointwise confidence intervals
noise_misspecification,actual_8_assumed_2,malicious_stream,scalar peak-score discrimination; not the post-onset crossing endpoint,0.9840852379917671,0.7969026133809348,30,0.39791098846375467,30,0.6483842447325326,30,RNG seed,descriptive means; no pointwise confidence intervals
noise_misspecification,actual_8_assumed_2,malicious_stream,scalar peak-score discrimination; not the post-onset crossing endpoint,0.9808621397764581,0.8014979245407364,30,0.4129560956313815,30,0.6412833119694378,30,RNG seed,descriptive means; no pointwise confidence intervals
noise_misspecification,actual_8_assumed_2,malicious_stream,scalar peak-score discrimination; not the post-onset crossing endpoint,0.9761471098095007,0.806566911088752,30,0.4275900300780105,30,0.6347394203559974,30,RNG seed,descriptive means; no pointwise confidence intervals
noise_misspecification,actual_8_assumed_2,malicious_stream,scalar peak-score discrimination; not the post-onset crossing endpoint,0.9702593920219094,0.8117864426592674,30,0.44187882182725974,30,0.6286082841808327,30,RNG seed,descriptive means; no pointwise confidence intervals
noise_misspecification,actual_8_assumed_2,malicious_stream,scalar peak-score discrimination; not the post-onset crossing endpoint,0.969055374592834,0.8128160033978096,30,0.44474287302829296,30,0.627431015850441,30,RNG seed,descriptive means; no pointwise confidence intervals
noise_misspecification,actual_8_assumed_2,malicious_stream,scalar peak-score discrimination; not the post-onset crossing endpoint,0.9649855138160407,0.8213247820977845,30,0.4714208661819141,30,0.6162305506098159,30,RNG seed,descriptive means; no pointwise confidence intervals
noise_misspecification,actual_8_assumed_2,malicious_stream,scalar peak-score discrimination; not the post-onset crossing endpoint,0.9532390828592983,0.8265903930045307,30,0.48577024806799546,30,0.6106731992822175,30,RNG seed,descriptive means; no pointwise confidence intervals
noise_misspecification,actual_8_assumed_2,malicious_stream,scalar peak-score discrimination; not the post-onset crossing endpoint,0.9344490391369585,0.8322895766256674,30,0.49976845824250893,30,0.6056221760515224,30,RNG seed,descriptive means; no pointwise confidence intervals
noise_misspecification,actual_8_assumed_2,malicious_stream,scalar peak-score discrimination; not the post-onset crossing endpoint,0.9146868860395508,0.8372666559403257,30,0.5143834678192652,30,0.6001904938725081,30,RNG seed,descriptive means; no pointwise confidence intervals
noise_misspecification,actual_8_assumed_2,malicious_stream,scalar peak-score discrimination; not the post-onset crossing endpoint,0.9125092727823204,0.8393725157805615,30,0.5317980828892778,30,0.592856412713584,30,RNG seed,descriptive means; no pointwise confidence intervals
noise_misspecification,actual_8_assumed_2,malicious_stream,scalar peak-score discrimination; not the post-onset crossing endpoint,0.9108894344945677,0.8420991300699427,30,0.5485654738524175,30,0.5861656352581541,30,RNG seed,descriptive means; no pointwise confidence intervals
noise_misspecification,actual_8_assumed_2,malicious_stream,scalar peak-score discrimination; not the post-onset crossing endpoint,0.895018164351784,0.8462954365029198,30,0.5640418858710529,30,0.5806846574940631,30,RNG seed,descriptive means; no pointwise confidence intervals
noise_misspecification,actual_8_assumed_2,malicious_stream,scalar peak-score discrimination; not the post-onset crossing endpoint,0.8782415146169196,0.8516932878056681,30,0.578445809532838,30,0.5761243608780433,30,RNG seed,descriptive means; no pointwise confidence intervals
noise_misspecification,actual_8_assumed_2,malicious_stream,scalar peak-score discrimination; not the post-onset crossing endpoint,0.8633093525179857,0.8572687673442254,30,0.5906053717060619,30,0.5726881793323619,30,RNG seed,descriptive means; no pointwise confidence intervals
noise_misspecification,actual_8_assumed_2,malicious_stream,scalar peak-score discrimination; not the post-onset crossing endpoint,0.8380438274729191,0.8639232063761362,30,0.6056809992240875,30,0.5684389377468947,30,RNG seed,descriptive means; no pointwise confidence intervals
noise_misspecification,actual_8_assumed_2,malicious_stream,scalar peak-score discrimination; not the post-onset crossing endpoint,0.8109928023609906,0.8699451045854193,30,0.619395823783652,30,0.5646996293905769,30,RNG seed,descriptive means; no pointwise confidence intervals
noise_misspecification,actual_8_assumed_2,malicious_stream,scalar peak-score discrimination; not the post-onset crossing endpoint,0.7782237100329488,0.8755056670879592,30,0.6335501870283049,30,0.5607412485468503,30,RNG seed,descriptive means; no pointwise confidence intervals
noise_misspecification,actual_8_assumed_2,malicious_stream,scalar peak-score discrimination; not the post-onset crossing endpoint,0.7302459246854162,0.8811287831484498,30,0.647648613887117,30,0.5569246519919283,30,RNG seed,descriptive means; no pointwise confidence intervals
noise_misspecification,actual_8_assumed_2,malicious_stream,scalar peak-score discrimination; not the post-onset crossing endpoint,0.6635510039741171,0.8861326303644165,30,0.6622504294452402,30,0.5528655583488473,30,RNG seed,descriptive means; no pointwise confidence intervals
noise_misspecification,actual_8_assumed_2,malicious_stream,scalar peak-score discrimination; not the post-onset crossing endpoint,0.49668874172185434,0.8912499469160865,30,0.6735896109409356,30,0.5501099886449483,30,RNG seed,descriptive means; no pointwise confidence intervals
noise_misspecification,actual_8_assumed_2,malicious_stream,scalar peak-score discrimination; not the post-onset crossing endpoint,0.46432104025873294,0.9036888997274816,30,0.7230765522174946,30,0.5360366047413886,30,RNG seed,descriptive means; no pointwise confidence intervals
noise_misspecification,actual_8_assumed_2,malicious_stream,scalar peak-score discrimination; not the post-onset crossing endpoint,0.42424242424242425,0.9047061334329458,30,0.7248954659291565,30,0.5356970956082865,30,RNG seed,descriptive means; no pointwise confidence intervals
noise_misspecification,actual_8_assumed_2,malicious_stream,scalar peak-score discrimination; not the post-onset crossing endpoint,0.4123711340206186,0.9208707778293335,30,0.8169087127138375,30,0.5104585517638897,30,RNG seed,descriptive means; no pointwise confidence intervals
noise_misspecification,actual_8_assumed_2,malicious_stream,scalar peak-score discrimination; not the post-onset crossing endpoint,0.23838482223808075,0.9633716019490447,30,0.821474185609833,30,0.520289785525343,30,RNG seed,descriptive means; no pointwise confidence intervals
noise_misspecification,actual_8_assumed_2,malicious_stream,scalar peak-score discrimination; not the post-onset crossing endpoint,0.05000000000000001,0.9649703860558457,30,0.8320499798165163,30,0.5175366670733033,30,RNG seed,descriptive means; no pointwise confidence intervals
noise_misspecification,actual_8_assumed_2,malicious_stream,scalar peak-score discrimination; not the post-onset crossing endpoint,0.04999999999999999,0.9999187539093307,30,0.9999303492497928,30,0.48075351695870555,30,RNG seed,descriptive means; no pointwise confidence intervals
noise_misspecification,actual_8_assumed_2,malicious_stream,scalar peak-score discrimination; not the post-onset crossing endpoint,0.04999999999999998,1.0,30,1.0,30,0.48075642787405587,30,RNG seed,descriptive means; no pointwise confidence intervals
noise_misspecification,actual_8_assumed_2,attacker_owner,scalar peak-score discrimination; not the post-onset crossing endpoint,0.9996646498695336,0.0,30,0.0,30,nan,0,RNG seed,descriptive means; no pointwise confidence intervals
noise_misspecification,actual_8_assumed_2,attacker_owner,scalar peak-score discrimination; not the post-onset crossing endpoint,0.9995760236409561,0.672477836796482,30,0.3349532266837655,30,0.4033462405873458,30,RNG seed,descriptive means; no pointwise confidence intervals
noise_misspecification,actual_8_assumed_2,attacker_owner,scalar peak-score discrimination; not the post-onset crossing endpoint,0.9994500984933132,0.6785218838885131,30,0.3462843437318906,30,0.39737373235353585,30,RNG seed,descriptive means; no pointwise confidence intervals
noise_misspecification,actual_8_assumed_2,attacker_owner,scalar peak-score discrimination; not the post-onset crossing endpoint,0.9992757142076177,0.6855454187755318,30,0.3572839294277955,30,0.3922998817762712,30,RNG seed,descriptive means; no pointwise confidence intervals
noise_misspecification,actual_8_assumed_2,attacker_owner,scalar peak-score discrimination; not the post-onset crossing endpoint,0.9990262021394982,0.6916536529142587,30,0.36855950847926483,30,0.3869632896565786,30,RNG seed,descriptive means; no pointwise confidence intervals
noise_misspecification,actual_8_assumed_2,attacker_owner,scalar peak-score discrimination; not the post-onset crossing endpoint,0.9987274528222769,0.6967214653303414,30,0.3802139895728616,30,0.38127209633513137,30,RNG seed,descriptive means; no pointwise confidence intervals
noise_misspecification,actual_8_assumed_2,attacker_owner,scalar peak-score discrimination; not the post-onset crossing endpoint,0.9983808642382289,0.7033295480436732,30,0.39133816866970145,30,0.37666023983441294,30,RNG seed,descriptive means; no pointwise confidence intervals
noise_misspecification,actual_8_assumed_2,attacker_owner,scalar peak-score discrimination; not the post-onset crossing endpoint,0.9979934282378465,0.712326147985405,30,0.40169102636953025,30,0.37342363566411063,30,RNG seed,descriptive means; no pointwise confidence intervals
noise_misspecification,actual_8_assumed_2,attacker_owner,scalar peak-score discrimination; not the post-onset crossing endpoint,0.9977097872820305,0.7166693096876328,30,0.41362519850471097,30,0.3679349025251983,30,RNG seed,descriptive means; no pointwise confidence intervals
noise_misspecification,actual_8_assumed_2,attacker_owner,scalar peak-score discrimination; not the post-onset crossing endpoint,0.9970970516317229,0.7232737493071251,30,0.42479286598061083,30,0.3638954722329072,30,RNG seed,descriptive means; no pointwise confidence intervals
noise_misspecification,actual_8_assumed_2,attacker_owner,scalar peak-score discrimination; not the post-onset crossing endpoint,0.9967106666564075,0.7282394937210037,30,0.4365231734751316,30,0.35913596234456535,30,RNG seed,descriptive means; no pointwise confidence intervals
noise_misspecification,actual_8_assumed_2,attacker_owner,scalar peak-score discrimination; not the post-onset crossing endpoint,0.9958075958837633,0.7341433238108602,30,0.44790517277279995,30,0.3550396969317958,30,RNG seed,descriptive means; no pointwise confidence intervals
noise_misspecification,actual_8_assumed_2,attacker_owner,scalar peak-score discrimination; not the post-onset crossing endpoint,0.9946552599889037,0.7401866942427717,30,0.45917356430723255,30,0.35117396402827333,30,RNG seed,descriptive means; no pointwise confidence intervals
noise_misspecification,actual_8_assumed_2,attacker_owner,scalar peak-score discrimination; not the post-onset crossing endpoint,0.9932992235360456,0.7450383441279796,30,0.470886358034095,30,0.346926269206091,30,RNG seed,descriptive means; no pointwise confidence intervals
noise_misspecification,actual_8_assumed_2,attacker_owner,scalar peak-score discrimination; not the post-onset crossing endpoint,0.9915679883179016,0.751491069820357,30,0.4820857690390602,30,0.34353194179447066,30,RNG seed,descriptive means; no pointwise confidence intervals
noise_misspecification,actual_8_assumed_2,attacker_owner,scalar peak-score discrimination; not the post-onset crossing endpoint,0.989103232695071,0.7581737908226599,30,0.49319793188903893,30,0.34035600595272875,30,RNG seed,descriptive means; no pointwise confidence intervals
noise_misspecification,actual_8_assumed_2,attacker_owner,scalar peak-score discrimination; not the post-onset crossing endpoint,0.9872138360154175,0.7636101849782492,30,0.5047521609324706,30,0.3367533088991944,30,RNG seed,descriptive means; no pointwise confidence intervals
noise_misspecification,actual_8_assumed_2,attacker_owner,scalar peak-score discrimination; not the post-onset crossing endpoint,0.9852454254083318,0.7689615541547659,30,0.5162826671531838,30,0.3332802745037459,30,RNG seed,descriptive means; no pointwise confidence intervals
noise_misspecification,actual_8_assumed_2,attacker_owner,scalar peak-score discrimination; not the post-onset crossing endpoint,0.9840852379917671,0.7767734753602918,30,0.5269683198070569,30,0.3310334297280048,30,RNG seed,descriptive means; no pointwise confidence intervals
noise_misspecification,actual_8_assumed_2,attacker_owner,scalar peak-score discrimination; not the post-onset crossing endpoint,0.9808621397764581,0.7811123652769701,30,0.5388706456845268,30,0.32731583164023237,30,RNG seed,descriptive means; no pointwise confidence intervals
noise_misspecification,actual_8_assumed_2,attacker_owner,scalar peak-score discrimination; not the post-onset crossing endpoint,0.9761471098095007,0.7863881703216792,30,0.5504678182874547,30,0.324095871808028,30,RNG seed,descriptive means; no pointwise confidence intervals
noise_misspecification,actual_8_assumed_2,attacker_owner,scalar peak-score discrimination; not the post-onset crossing endpoint,0.9702593920219094,0.7918878238627581,30,0.5619704361561058,30,0.32106690937466875,30,RNG seed,descriptive means; no pointwise confidence intervals
noise_misspecification,actual_8_assumed_2,attacker_owner,scalar peak-score discrimination; not the post-onset crossing endpoint,0.969055374592834,0.7928684403515913,30,0.5642750047594473,30,0.32045069045555424,30,RNG seed,descriptive means; no pointwise confidence intervals
noise_misspecification,actual_8_assumed_2,attacker_owner,scalar peak-score discrimination; not the post-onset crossing endpoint,0.9649855138160407,0.804469835161383,30,0.5844672985469975,30,0.31594342110331985,30,RNG seed,descriptive means; no pointwise confidence intervals
noise_misspecification,actual_8_assumed_2,attacker_owner,scalar peak-score discrimination; not the post-onset crossing endpoint,0.9532390828592983,0.8098498717117885,30,0.5960467436265098,30,0.31312059808771003,30,RNG seed,descriptive means; no pointwise confidence intervals
noise_misspecification,actual_8_assumed_2,attacker_owner,scalar peak-score discrimination; not the post-onset crossing endpoint,0.9344490391369585,0.8149146340881069,30,0.6076528202271211,30,0.3103328327849226,30,RNG seed,descriptive means; no pointwise confidence intervals
noise_misspecification,actual_8_assumed_2,attacker_owner,scalar peak-score discrimination; not the post-onset crossing endpoint,0.9146868860395508,0.8198047721793374,30,0.619318985093876,30,0.30750630100792004,30,RNG seed,descriptive means; no pointwise confidence intervals
noise_misspecification,actual_8_assumed_2,attacker_owner,scalar peak-score discrimination; not the post-onset crossing endpoint,0.9125092727823204,0.8224831493336474,30,0.6318066722174194,30,0.3039541457918468,30,RNG seed,descriptive means; no pointwise confidence intervals
noise_misspecification,actual_8_assumed_2,attacker_owner,scalar peak-score discrimination; not the post-onset crossing endpoint,0.9108894344945677,0.826371812452734,30,0.6438840235643446,30,0.30092896060290164,30,RNG seed,descriptive means; no pointwise confidence intervals
noise_misspecification,actual_8_assumed_2,attacker_owner,scalar peak-score discrimination; not the post-onset crossing endpoint,0.895018164351784,0.8313992024235415,30,0.6555139478648824,30,0.29846145270242413,30,RNG seed,descriptive means; no pointwise confidence intervals
noise_misspecification,actual_8_assumed_2,attacker_owner,scalar peak-score discrimination; not the post-onset crossing endpoint,0.8782415146169196,0.8362533404997663,30,0.6672719856650983,30,0.29594546695634844,30,RNG seed,descriptive means; no pointwise confidence intervals
noise_misspecification,actual_8_assumed_2,attacker_owner,scalar peak-score discrimination; not the post-onset crossing endpoint,0.8633093525179857,0.8418520871318473,30,0.6773347544545715,30,0.29423456481710125,30,RNG seed,descriptive means; no pointwise confidence intervals
noise_misspecification,actual_8_assumed_2,attacker_owner,scalar peak-score discrimination; not the post-onset crossing endpoint,0.8380438274729191,0.8474928616430756,30,0.6901408269937008,30,0.29173332499701166,30,RNG seed,descriptive means; no pointwise confidence intervals
noise_misspecification,actual_8_assumed_2,attacker_owner,scalar peak-score discrimination; not the post-onset crossing endpoint,0.8109928023609906,0.852611526306715,30,0.7017270111275594,30,0.2895548478373321,30,RNG seed,descriptive means; no pointwise confidence intervals
noise_misspecification,actual_8_assumed_2,attacker_owner,scalar peak-score discrimination; not the post-onset crossing endpoint,0.7782237100329488,0.8588821748562806,30,0.7129203910832168,30,0.2878219274735117,30,RNG seed,descriptive means; no pointwise confidence intervals
noise_misspecification,actual_8_assumed_2,attacker_owner,scalar peak-score discrimination; not the post-onset crossing endpoint,0.7302459246854162,0.8643761729475854,30,0.7244087392894226,30,0.28585610035743686,30,RNG seed,descriptive means; no pointwise confidence intervals
noise_misspecification,actual_8_assumed_2,attacker_owner,scalar peak-score discrimination; not the post-onset crossing endpoint,0.6635510039741171,0.8687484366579227,30,0.7362897292630628,30,0.28355728509119404,30,RNG seed,descriptive means; no pointwise confidence intervals
noise_misspecification,actual_8_assumed_2,attacker_owner,scalar peak-score discrimination; not the post-onset crossing endpoint,0.49668874172185434,0.8737088786593055,30,0.7457940621727447,30,0.28211353914767656,30,RNG seed,descriptive means; no pointwise confidence intervals
noise_misspecification,actual_8_assumed_2,attacker_owner,scalar peak-score discrimination; not the post-onset crossing endpoint,0.46432104025873294,0.8915826267599447,30,0.7821102738876919,30,0.27655616063237176,30,RNG seed,descriptive means; no pointwise confidence intervals
noise_misspecification,actual_8_assumed_2,attacker_owner,scalar peak-score discrimination; not the post-onset crossing endpoint,0.42424242424242425,0.8922513739576683,30,0.783803518681119,30,0.27626966744960213,30,RNG seed,descriptive means; no pointwise confidence intervals
noise_misspecification,actual_8_assumed_2,attacker_owner,scalar peak-score discrimination; not the post-onset crossing endpoint,0.4123711340206186,0.9160537729795303,30,0.8501928735929712,30,0.2653439822525785,30,RNG seed,descriptive means; no pointwise confidence intervals
noise_misspecification,actual_8_assumed_2,attacker_owner,scalar peak-score discrimination; not the post-onset crossing endpoint,0.23838482223808075,0.943596766258095,30,0.8716031156501293,30,0.2663214317446936,30,RNG seed,descriptive means; no pointwise confidence intervals
noise_misspecification,actual_8_assumed_2,attacker_owner,scalar peak-score discrimination; not the post-onset crossing endpoint,0.05000000000000001,0.9463765826841191,30,0.8789767189769682,30,0.2652375388502015,30,RNG seed,descriptive means; no pointwise confidence intervals
noise_misspecification,actual_8_assumed_2,attacker_owner,scalar peak-score discrimination; not the post-onset crossing endpoint,0.04999999999999999,0.9998458572121006,30,0.9999494098940506,30,0.2510146351218881,30,RNG seed,descriptive means; no pointwise confidence intervals
noise_misspecification,actual_8_assumed_2,attacker_owner,scalar peak-score discrimination; not the post-onset crossing endpoint,0.04999999999999998,1.0,30,1.0,30,0.2510341045791009,30,RNG seed,descriptive means; no pointwise confidence intervals
pure_attack,pure_constoffset,malicious_stream,scalar peak-score discrimination; not the post-onset crossing endpoint,0.9982998143218272,0.0,30,0.0,30,nan,0,RNG seed,descriptive means; no pointwise confidence intervals
pure_attack,pure_constoffset,malicious_stream,scalar peak-score discrimination; not the post-onset crossing endpoint,0.969055374592834,0.11138798128973658,30,0.0,30,1.0,30,RNG seed,descriptive means; no pointwise confidence intervals
pure_attack,pure_constoffset,malicious_stream,scalar peak-score discrimination; not the post-onset crossing endpoint,0.42424242424242425,0.2611227847175097,30,0.0,30,1.0,30,RNG seed,descriptive means; no pointwise confidence intervals
pure_attack,pure_constoffset,malicious_stream,scalar peak-score discrimination; not the post-onset crossing endpoint,0.05000000000000001,0.2713184962909333,30,0.004746199585893224,30,0.9617525171355099,30,RNG seed,descriptive means; no pointwise confidence intervals
pure_attack,pure_constoffset,malicious_stream,scalar peak-score discrimination; not the post-onset crossing endpoint,0.04999999999999999,1.0,30,0.9998930132796945,30,0.3068994593162804,30,RNG seed,descriptive means; no pointwise confidence intervals
pure_attack,pure_constoffset,malicious_stream,scalar peak-score discrimination; not the post-onset crossing endpoint,0.04999999999999998,1.0,30,1.0,30,0.306876705129629,30,RNG seed,descriptive means; no pointwise confidence intervals
pure_attack,pure_constoffset,attacker_owner,scalar peak-score discrimination; not the post-onset crossing endpoint,0.9982998143218272,0.0,30,0.0,30,nan,0,RNG seed,descriptive means; no pointwise confidence intervals
pure_attack,pure_constoffset,attacker_owner,scalar peak-score discrimination; not the post-onset crossing endpoint,0.969055374592834,0.11138798128973658,30,0.0,30,1.0,30,RNG seed,descriptive means; no pointwise confidence intervals
pure_attack,pure_constoffset,attacker_owner,scalar peak-score discrimination; not the post-onset crossing endpoint,0.42424242424242425,0.2611227847175097,30,0.0,30,1.0,30,RNG seed,descriptive means; no pointwise confidence intervals
pure_attack,pure_constoffset,attacker_owner,scalar peak-score discrimination; not the post-onset crossing endpoint,0.05000000000000001,0.2713184962909333,30,0.004746199585893224,30,0.9617525171355099,30,RNG seed,descriptive means; no pointwise confidence intervals
pure_attack,pure_constoffset,attacker_owner,scalar peak-score discrimination; not the post-onset crossing endpoint,0.04999999999999999,1.0,30,0.9998930132796945,30,0.3068994593162804,30,RNG seed,descriptive means; no pointwise confidence intervals
pure_attack,pure_constoffset,attacker_owner,scalar peak-score discrimination; not the post-onset crossing endpoint,0.04999999999999998,1.0,30,1.0,30,0.306876705129629,30,RNG seed,descriptive means; no pointwise confidence intervals
pure_attack,pure_dos,malicious_stream,scalar peak-score discrimination; not the post-onset crossing endpoint,0.9996646498695336,0.0,30,0.0,30,nan,0,RNG seed,descriptive means; no pointwise confidence intervals
pure_attack,pure_dos,malicious_stream,scalar peak-score discrimination; not the post-onset crossing endpoint,0.050000000000000024,0.8722018756213098,30,0.0,30,1.0,30,RNG seed,descriptive means; no pointwise confidence intervals
pure_attack,pure_dos,malicious_stream,scalar peak-score discrimination; not the post-onset crossing endpoint,0.05000000000000001,0.8753931701346984,30,0.006221883352971536,30,0.9850697249343088,30,RNG seed,descriptive means; no pointwise confidence intervals
pure_attack,pure_dos,malicious_stream,scalar peak-score discrimination; not the post-onset crossing endpoint,0.04999999999999999,1.0,30,0.9997937738001059,30,0.31729654557216985,30,RNG seed,descriptive means; no pointwise confidence intervals
pure_attack,pure_dos,malicious_stream,scalar peak-score discrimination; not the post-onset crossing endpoint,0.04999999999999998,1.0,30,1.0,30,0.31725245999893964,30,RNG seed,descriptive means; no pointwise confidence intervals
pure_attack,pure_dos,attacker_owner,scalar peak-score discrimination; not the post-onset crossing endpoint,0.9996646498695336,0.0,30,0.0,30,nan,0,RNG seed,descriptive means; no pointwise confidence intervals
pure_attack,pure_dos,attacker_owner,scalar peak-score discrimination; not the post-onset crossing endpoint,0.050000000000000024,0.8722018756213098,30,0.0,30,1.0,30,RNG seed,descriptive means; no pointwise confidence intervals
pure_attack,pure_dos,attacker_owner,scalar peak-score discrimination; not the post-onset crossing endpoint,0.05000000000000001,0.8753931701346984,30,0.006221883352971536,30,0.9850697249343088,30,RNG seed,descriptive means; no pointwise confidence intervals
pure_attack,pure_dos,attacker_owner,scalar peak-score discrimination; not the post-onset crossing endpoint,0.04999999999999999,1.0,30,0.9997937738001059,30,0.31729654557216985,30,RNG seed,descriptive means; no pointwise confidence intervals
pure_attack,pure_dos,attacker_owner,scalar peak-score discrimination; not the post-onset crossing endpoint,0.04999999999999998,1.0,30,1.0,30,0.31725245999893964,30,RNG seed,descriptive means; no pointwise confidence intervals
pure_attack,pure_falsify,malicious_stream,scalar peak-score discrimination; not the post-onset crossing endpoint,0.9996646498695336,0.0,30,0.0,30,nan,0,RNG seed,descriptive means; no pointwise confidence intervals
pure_attack,pure_falsify,malicious_stream,scalar peak-score discrimination; not the post-onset crossing endpoint,0.9325044404973356,0.9771941681438101,30,0.0,30,1.0,30,RNG seed,descriptive means; no pointwise confidence intervals
pure_attack,pure_falsify,malicious_stream,scalar peak-score discrimination; not the post-onset crossing endpoint,0.05000000000000001,0.9812867357713249,30,0.004746199585893224,30,0.989226193002222,30,RNG seed,descriptive means; no pointwise confidence intervals
pure_attack,pure_falsify,malicious_stream,scalar peak-score discrimination; not the post-onset crossing endpoint,0.04999999999999999,1.0,30,0.9998930132796945,30,0.3068994593162804,30,RNG seed,descriptive means; no pointwise confidence intervals
pure_attack,pure_falsify,malicious_stream,scalar peak-score discrimination; not the post-onset crossing endpoint,0.04999999999999998,1.0,30,1.0,30,0.306876705129629,30,RNG seed,descriptive means; no pointwise confidence intervals
pure_attack,pure_falsify,attacker_owner,scalar peak-score discrimination; not the post-onset crossing endpoint,0.9996646498695336,0.0,30,0.0,30,nan,0,RNG seed,descriptive means; no pointwise confidence intervals
pure_attack,pure_falsify,attacker_owner,scalar peak-score discrimination; not the post-onset crossing endpoint,0.9325044404973356,0.9771941681438101,30,0.0,30,1.0,30,RNG seed,descriptive means; no pointwise confidence intervals
pure_attack,pure_falsify,attacker_owner,scalar peak-score discrimination; not the post-onset crossing endpoint,0.05000000000000001,0.9812867357713249,30,0.004746199585893224,30,0.989226193002222,30,RNG seed,descriptive means; no pointwise confidence intervals
pure_attack,pure_falsify,attacker_owner,scalar peak-score discrimination; not the post-onset crossing endpoint,0.04999999999999999,1.0,30,0.9998930132796945,30,0.3068994593162804,30,RNG seed,descriptive means; no pointwise confidence intervals
pure_attack,pure_falsify,attacker_owner,scalar peak-score discrimination; not the post-onset crossing endpoint,0.04999999999999998,1.0,30,1.0,30,0.306876705129629,30,RNG seed,descriptive means; no pointwise confidence intervals
pure_attack,pure_replay,malicious_stream,scalar peak-score discrimination; not the post-onset crossing endpoint,0.9996646498695336,0.0,30,0.0,30,nan,0,RNG seed,descriptive means; no pointwise confidence intervals
pure_attack,pure_replay,malicious_stream,scalar peak-score discrimination; not the post-onset crossing endpoint,0.9995189754050795,0.7688872528192937,30,0.0,30,1.0,30,RNG seed,descriptive means; no pointwise confidence intervals
pure_attack,pure_replay,malicious_stream,scalar peak-score discrimination; not the post-onset crossing endpoint,0.9988503207534544,0.7805674796227041,30,0.0,30,1.0,30,RNG seed,descriptive means; no pointwise confidence intervals
pure_attack,pure_replay,malicious_stream,scalar peak-score discrimination; not the post-onset crossing endpoint,0.9979083934838061,0.7921991712955304,30,0.0,30,1.0,30,RNG seed,descriptive means; no pointwise confidence intervals
pure_attack,pure_replay,malicious_stream,scalar peak-score discrimination; not the post-onset crossing endpoint,0.9958697269163541,0.8038841264639327,30,0.0,30,1.0,30,RNG seed,descriptive means; no pointwise confidence intervals
pure_attack,pure_replay,malicious_stream,scalar peak-score discrimination; not the post-onset crossing endpoint,0.991849745428668,0.8154994915629907,30,0.0,30,1.0,30,RNG seed,descriptive means; no pointwise confidence intervals
pure_attack,pure_replay,malicious_stream,scalar peak-score discrimination; not the post-onset crossing endpoint,0.9861028075678,0.8271353194811468,30,0.0,30,1.0,30,RNG seed,descriptive means; no pointwise confidence intervals
pure_attack,pure_replay,malicious_stream,scalar peak-score discrimination; not the post-onset crossing endpoint,0.9844134536505332,0.8366113753983782,30,0.0,30,1.0,30,RNG seed,descriptive means; no pointwise confidence intervals
pure_attack,pure_replay,malicious_stream,scalar peak-score discrimination; not the post-onset crossing endpoint,0.973433748975553,0.8853379337598835,30,0.0,30,1.0,30,RNG seed,descriptive means; no pointwise confidence intervals
pure_attack,pure_replay,malicious_stream,scalar peak-score discrimination; not the post-onset crossing endpoint,0.9234392007250296,0.8969263677893287,30,0.0,30,1.0,30,RNG seed,descriptive means; no pointwise confidence intervals
pure_attack,pure_replay,malicious_stream,scalar peak-score discrimination; not the post-onset crossing endpoint,0.8588120009229525,0.9086219029332931,30,0.0,30,1.0,30,RNG seed,descriptive means; no pointwise confidence intervals
pure_attack,pure_replay,malicious_stream,scalar peak-score discrimination; not the post-onset crossing endpoint,0.8038294471595206,0.9203387088204377,30,0.0,30,1.0,30,RNG seed,descriptive means; no pointwise confidence intervals
pure_attack,pure_replay,malicious_stream,scalar peak-score discrimination; not the post-onset crossing endpoint,0.5953311940581006,0.9319665759568933,30,0.0,30,1.0,30,RNG seed,descriptive means; no pointwise confidence intervals
pure_attack,pure_replay,malicious_stream,scalar peak-score discrimination; not the post-onset crossing endpoint,0.4123711340206186,0.937774539082008,30,0.0,30,1.0,30,RNG seed,descriptive means; no pointwise confidence intervals
pure_attack,pure_replay,malicious_stream,scalar peak-score discrimination; not the post-onset crossing endpoint,0.05000000000000001,0.9998907533501087,30,0.005918342653155348,30,0.9990009252672475,30,RNG seed,descriptive means; no pointwise confidence intervals
pure_attack,pure_replay,malicious_stream,scalar peak-score discrimination; not the post-onset crossing endpoint,0.04999999999999999,1.0,30,0.9997835497835498,30,0.8583169645799501,30,RNG seed,descriptive means; no pointwise confidence intervals
pure_attack,pure_replay,malicious_stream,scalar peak-score discrimination; not the post-onset crossing endpoint,0.04999999999999998,1.0,30,1.0,30,0.8582920950587547,30,RNG seed,descriptive means; no pointwise confidence intervals
pure_attack,pure_replay,attacker_owner,scalar peak-score discrimination; not the post-onset crossing endpoint,0.9996646498695336,0.0,30,0.0,30,nan,0,RNG seed,descriptive means; no pointwise confidence intervals
pure_attack,pure_replay,attacker_owner,scalar peak-score discrimination; not the post-onset crossing endpoint,0.9995189754050795,0.6460792153559858,30,0.6620735523416784,30,0.2146329676317677,30,RNG seed,descriptive means; no pointwise confidence intervals
pure_attack,pure_replay,attacker_owner,scalar peak-score discrimination; not the post-onset crossing endpoint,0.9988503207534544,0.6649040082005537,30,0.6696921895257525,30,0.2174958671504375,30,RNG seed,descriptive means; no pointwise confidence intervals
pure_attack,pure_replay,attacker_owner,scalar peak-score discrimination; not the post-onset crossing endpoint,0.9979083934838061,0.6827945197383521,30,0.6776069852461769,30,0.21991496692724452,30,RNG seed,descriptive means; no pointwise confidence intervals
pure_attack,pure_replay,attacker_owner,scalar peak-score discrimination; not the post-onset crossing endpoint,0.9958697269163541,0.6992323066717486,30,0.6858712530639498,30,0.22194072341383647,30,RNG seed,descriptive means; no pointwise confidence intervals
pure_attack,pure_replay,attacker_owner,scalar peak-score discrimination; not the post-onset crossing endpoint,0.991849745428668,0.7202520806904725,30,0.692792574675115,30,0.22528828280981641,30,RNG seed,descriptive means; no pointwise confidence intervals
pure_attack,pure_replay,attacker_owner,scalar peak-score discrimination; not the post-onset crossing endpoint,0.9861028075678,0.7385855717078588,30,0.7004980688295704,30,0.22761789276358677,30,RNG seed,descriptive means; no pointwise confidence intervals
pure_attack,pure_replay,attacker_owner,scalar peak-score discrimination; not the post-onset crossing endpoint,0.9844134536505332,0.7538783803319776,30,0.706714875521687,30,0.22956925072246165,30,RNG seed,descriptive means; no pointwise confidence intervals
pure_attack,pure_replay,attacker_owner,scalar peak-score discrimination; not the post-onset crossing endpoint,0.973433748975553,0.7878415029188589,30,0.7507422708567518,30,0.22666616926630936,30,RNG seed,descriptive means; no pointwise confidence intervals
pure_attack,pure_replay,attacker_owner,scalar peak-score discrimination; not the post-onset crossing endpoint,0.9234392007250296,0.8102141700741625,30,0.7573278501432938,30,0.22996419041388735,30,RNG seed,descriptive means; no pointwise confidence intervals
pure_attack,pure_replay,attacker_owner,scalar peak-score discrimination; not the post-onset crossing endpoint,0.8588120009229525,0.8307643764611047,30,0.7645205251932071,30,0.23264421478973488,30,RNG seed,descriptive means; no pointwise confidence intervals
pure_attack,pure_replay,attacker_owner,scalar peak-score discrimination; not the post-onset crossing endpoint,0.8038294471595206,0.852754183454424,30,0.7712673011997714,30,0.23573088235696996,30,RNG seed,descriptive means; no pointwise confidence intervals
pure_attack,pure_replay,attacker_owner,scalar peak-score discrimination; not the post-onset crossing endpoint,0.5953311940581006,0.8741654519038672,30,0.7782621386996765,30,0.23847447970592045,30,RNG seed,descriptive means; no pointwise confidence intervals
pure_attack,pure_replay,attacker_owner,scalar peak-score discrimination; not the post-onset crossing endpoint,0.4123711340206186,0.881462997049979,30,0.7825476642949536,30,0.23900648283619302,30,RNG seed,descriptive means; no pointwise confidence intervals
pure_attack,pure_replay,attacker_owner,scalar peak-score discrimination; not the post-onset crossing endpoint,0.05000000000000001,0.9952286864915617,30,0.8202113304587816,30,0.25261468228700656,30,RNG seed,descriptive means; no pointwise confidence intervals
pure_attack,pure_replay,attacker_owner,scalar peak-score discrimination; not the post-onset crossing endpoint,0.04999999999999999,0.9998751560549314,30,1.0,30,0.21727334615543825,30,RNG seed,descriptive means; no pointwise confidence intervals
pure_attack,pure_replay,attacker_owner,scalar peak-score discrimination; not the post-onset crossing endpoint,0.04999999999999998,1.0,30,1.0,30,0.21729543324505418,30,RNG seed,descriptive means; no pointwise confidence intervals
pure_attack,pure_revheading,malicious_stream,scalar peak-score discrimination; not the post-onset crossing endpoint,0.9996646498695336,0.0,30,0.0,30,nan,0,RNG seed,descriptive means; no pointwise confidence intervals
pure_attack,pure_revheading,malicious_stream,scalar peak-score discrimination; not the post-onset crossing endpoint,0.9946843619306481,0.913122757578362,30,0.0,30,1.0,30,RNG seed,descriptive means; no pointwise confidence intervals
pure_attack,pure_revheading,malicious_stream,scalar peak-score discrimination; not the post-onset crossing endpoint,0.9191334461896994,0.945786378304324,30,0.0,30,1.0,30,RNG seed,descriptive means; no pointwise confidence intervals
pure_attack,pure_revheading,malicious_stream,scalar peak-score discrimination; not the post-onset crossing endpoint,0.49668874172185434,0.9608570197144342,30,0.0,30,1.0,30,RNG seed,descriptive means; no pointwise confidence intervals
pure_attack,pure_revheading,malicious_stream,scalar peak-score discrimination; not the post-onset crossing endpoint,0.05000000000000001,0.9832401858404277,30,0.004746199585893224,30,0.9892444849534192,30,RNG seed,descriptive means; no pointwise confidence intervals
pure_attack,pure_revheading,malicious_stream,scalar peak-score discrimination; not the post-onset crossing endpoint,0.04999999999999999,1.0,30,0.9998930132796945,30,0.3068994593162804,30,RNG seed,descriptive means; no pointwise confidence intervals
pure_attack,pure_revheading,malicious_stream,scalar peak-score discrimination; not the post-onset crossing endpoint,0.04999999999999998,1.0,30,1.0,30,0.306876705129629,30,RNG seed,descriptive means; no pointwise confidence intervals
pure_attack,pure_revheading,attacker_owner,scalar peak-score discrimination; not the post-onset crossing endpoint,0.9996646498695336,0.0,30,0.0,30,nan,0,RNG seed,descriptive means; no pointwise confidence intervals
pure_attack,pure_revheading,attacker_owner,scalar peak-score discrimination; not the post-onset crossing endpoint,0.9946843619306481,0.913122757578362,30,0.0,30,1.0,30,RNG seed,descriptive means; no pointwise confidence intervals
pure_attack,pure_revheading,attacker_owner,scalar peak-score discrimination; not the post-onset crossing endpoint,0.9191334461896994,0.945786378304324,30,0.0,30,1.0,30,RNG seed,descriptive means; no pointwise confidence intervals
pure_attack,pure_revheading,attacker_owner,scalar peak-score discrimination; not the post-onset crossing endpoint,0.49668874172185434,0.9608570197144342,30,0.0,30,1.0,30,RNG seed,descriptive means; no pointwise confidence intervals
pure_attack,pure_revheading,attacker_owner,scalar peak-score discrimination; not the post-onset crossing endpoint,0.05000000000000001,0.9832401858404277,30,0.004746199585893224,30,0.9892444849534192,30,RNG seed,descriptive means; no pointwise confidence intervals
pure_attack,pure_revheading,attacker_owner,scalar peak-score discrimination; not the post-onset crossing endpoint,0.04999999999999999,1.0,30,0.9998930132796945,30,0.3068994593162804,30,RNG seed,descriptive means; no pointwise confidence intervals
pure_attack,pure_revheading,attacker_owner,scalar peak-score discrimination; not the post-onset crossing endpoint,0.04999999999999998,1.0,30,1.0,30,0.306876705129629,30,RNG seed,descriptive means; no pointwise confidence intervals
pure_attack,pure_slydos,malicious_stream,scalar peak-score discrimination; not the post-onset crossing endpoint,0.050000000000000024,0.0,30,0.0,30,nan,0,RNG seed,descriptive means; no pointwise confidence intervals
pure_attack,pure_slydos,malicious_stream,scalar peak-score discrimination; not the post-onset crossing endpoint,0.05000000000000001,0.004335156522315765,30,0.00511407751567944,30,0.30875661375661373,30,RNG seed,descriptive means; no pointwise confidence intervals
pure_attack,pure_slydos,malicious_stream,scalar peak-score discrimination; not the post-onset crossing endpoint,0.04999999999999999,0.9998778998778999,30,0.9996775239706603,30,0.30930552857527943,30,RNG seed,descriptive means; no pointwise confidence intervals
pure_attack,pure_slydos,malicious_stream,scalar peak-score discrimination; not the post-onset crossing endpoint,0.04999999999999998,1.0,30,1.0,30,0.3092630540652845,30,RNG seed,descriptive means; no pointwise confidence intervals
pure_attack,pure_slydos,attacker_owner,scalar peak-score discrimination; not the post-onset crossing endpoint,0.050000000000000024,0.0,30,0.0,30,nan,0,RNG seed,descriptive means; no pointwise confidence intervals
pure_attack,pure_slydos,attacker_owner,scalar peak-score discrimination; not the post-onset crossing endpoint,0.05000000000000001,0.004335156522315765,30,0.00511407751567944,30,0.30875661375661373,30,RNG seed,descriptive means; no pointwise confidence intervals
pure_attack,pure_slydos,attacker_owner,scalar peak-score discrimination; not the post-onset crossing endpoint,0.04999999999999999,0.9998778998778999,30,0.9996775239706603,30,0.30930552857527943,30,RNG seed,descriptive means; no pointwise confidence intervals
pure_attack,pure_slydos,attacker_owner,scalar peak-score discrimination; not the post-onset crossing endpoint,0.04999999999999998,1.0,30,1.0,30,0.3092630540652845,30,RNG seed,descriptive means; no pointwise confidence intervals
pure_attack,pure_spoof,malicious_stream,scalar peak-score discrimination; not the post-onset crossing endpoint,0.9996646498695336,0.0,30,0.0,30,nan,0,RNG seed,descriptive means; no pointwise confidence intervals
pure_attack,pure_spoof,malicious_stream,scalar peak-score discrimination; not the post-onset crossing endpoint,0.9982998143218272,0.28737596131977866,30,0.0,30,1.0,30,RNG seed,descriptive means; no pointwise confidence intervals
pure_attack,pure_spoof,malicious_stream,scalar peak-score discrimination; not the post-onset crossing endpoint,0.993901269025374,0.4205639235461275,30,0.0,30,1.0,30,RNG seed,descriptive means; no pointwise confidence intervals
pure_attack,pure_spoof,malicious_stream,scalar peak-score discrimination; not the post-onset crossing endpoint,0.9325044404973356,0.4416878394681679,30,0.0,30,1.0,30,RNG seed,descriptive means; no pointwise confidence intervals
pure_attack,pure_spoof,malicious_stream,scalar peak-score discrimination; not the post-onset crossing endpoint,0.49668874172185434,0.5254254534816574,30,0.0,30,1.0,30,RNG seed,descriptive means; no pointwise confidence intervals
pure_attack,pure_spoof,malicious_stream,scalar peak-score discrimination; not the post-onset crossing endpoint,0.050000000000000024,0.5629616696304524,30,0.0,30,1.0,30,RNG seed,descriptive means; no pointwise confidence intervals
pure_attack,pure_spoof,malicious_stream,scalar peak-score discrimination; not the post-onset crossing endpoint,0.05000000000000001,0.5662400146876793,30,0.004735507030766351,30,0.9836372596846918,30,RNG seed,descriptive means; no pointwise confidence intervals
pure_attack,pure_spoof,malicious_stream,scalar peak-score discrimination; not the post-onset crossing endpoint,0.04999999999999999,1.0,30,0.9998682507635761,30,0.33411225332106265,30,RNG seed,descriptive means; no pointwise confidence intervals
pure_attack,pure_spoof,malicious_stream,scalar peak-score discrimination; not the post-onset crossing endpoint,0.04999999999999998,1.0,30,1.0,30,0.3340838028430333,30,RNG seed,descriptive means; no pointwise confidence intervals
pure_attack,pure_spoof,attacker_owner,scalar peak-score discrimination; not the post-onset crossing endpoint,0.9996646498695336,0.0,2,0.0,30,nan,0,RNG seed,descriptive means; no pointwise confidence intervals
pure_attack,pure_spoof,attacker_owner,scalar peak-score discrimination; not the post-onset crossing endpoint,0.9982998143218272,0.0,2,0.09562219279300135,30,0.0,30,RNG seed,descriptive means; no pointwise confidence intervals
pure_attack,pure_spoof,attacker_owner,scalar peak-score discrimination; not the post-onset crossing endpoint,0.993901269025374,0.0,2,0.1403286694092525,30,0.0,30,RNG seed,descriptive means; no pointwise confidence intervals
pure_attack,pure_spoof,attacker_owner,scalar peak-score discrimination; not the post-onset crossing endpoint,0.9325044404973356,0.0,2,0.14734174288716692,30,0.0,30,RNG seed,descriptive means; no pointwise confidence intervals
pure_attack,pure_spoof,attacker_owner,scalar peak-score discrimination; not the post-onset crossing endpoint,0.49668874172185434,0.0,2,0.17534565707153138,30,0.0,30,RNG seed,descriptive means; no pointwise confidence intervals
pure_attack,pure_spoof,attacker_owner,scalar peak-score discrimination; not the post-onset crossing endpoint,0.050000000000000024,0.0,2,0.18786133022051102,30,0.0,30,RNG seed,descriptive means; no pointwise confidence intervals
pure_attack,pure_spoof,attacker_owner,scalar peak-score discrimination; not the post-onset crossing endpoint,0.05000000000000001,0.0,2,0.1921272453213623,30,0.0,30,RNG seed,descriptive means; no pointwise confidence intervals
pure_attack,pure_spoof,attacker_owner,scalar peak-score discrimination; not the post-onset crossing endpoint,0.04999999999999999,1.0,2,0.9999103780744296,30,0.0003074923468951482,30,RNG seed,descriptive means; no pointwise confidence intervals
pure_attack,pure_spoof,attacker_owner,scalar peak-score discrimination; not the post-onset crossing endpoint,0.04999999999999998,1.0,2,1.0,30,0.0003074923468951482,30,RNG seed,descriptive means; no pointwise confidence intervals
scale,scale_n_105,malicious_stream,scalar peak-score discrimination; not the post-onset crossing endpoint,0.9996646498695336,0.0,30,0.0,30,nan,0,RNG seed,descriptive means; no pointwise confidence intervals
scale,scale_n_105,malicious_stream,scalar peak-score discrimination; not the post-onset crossing endpoint,0.9986371775465539,0.5671870725678138,30,0.0,30,1.0,30,RNG seed,descriptive means; no pointwise confidence intervals
scale,scale_n_105,malicious_stream,scalar peak-score discrimination; not the post-onset crossing endpoint,0.9974399985015855,0.5941940877961064,30,0.0,30,1.0,30,RNG seed,descriptive means; no pointwise confidence intervals
scale,scale_n_105,malicious_stream,scalar peak-score discrimination; not the post-onset crossing endpoint,0.9888120668512053,0.6202559888946505,30,0.0,30,1.0,30,RNG seed,descriptive means; no pointwise confidence intervals
scale,scale_n_105,malicious_stream,scalar peak-score discrimination; not the post-onset crossing endpoint,0.9844134536505332,0.6270664871443141,30,0.0,30,1.0,30,RNG seed,descriptive means; no pointwise confidence intervals
scale,scale_n_105,malicious_stream,scalar peak-score discrimination; not the post-onset crossing endpoint,0.9500979743251251,0.7264501576134471,30,0.0,30,1.0,30,RNG seed,descriptive means; no pointwise confidence intervals
scale,scale_n_105,malicious_stream,scalar peak-score discrimination; not the post-onset crossing endpoint,0.8481206452198227,0.7530787420781652,30,0.0,30,1.0,30,RNG seed,descriptive means; no pointwise confidence intervals
scale,scale_n_105,malicious_stream,scalar peak-score discrimination; not the post-onset crossing endpoint,0.49668874172185434,0.7786148949802071,30,0.0,30,1.0,30,RNG seed,descriptive means; no pointwise confidence intervals
scale,scale_n_105,malicious_stream,scalar peak-score discrimination; not the post-onset crossing endpoint,0.4123711340206186,0.7865472650842729,30,0.0,30,1.0,30,RNG seed,descriptive means; no pointwise confidence intervals
scale,scale_n_105,malicious_stream,scalar peak-score discrimination; not the post-onset crossing endpoint,0.050000000000000024,0.8532515299504174,30,0.0,30,1.0,30,RNG seed,descriptive means; no pointwise confidence intervals
scale,scale_n_105,malicious_stream,scalar peak-score discrimination; not the post-onset crossing endpoint,0.05000000000000001,0.8540184389280121,30,0.0059219320814466025,30,0.9881217739936147,30,RNG seed,descriptive means; no pointwise confidence intervals
scale,scale_n_105,malicious_stream,scalar peak-score discrimination; not the post-onset crossing endpoint,0.04999999999999999,0.9999810606060606,30,0.9998980190881159,30,0.3699956611092781,30,RNG seed,descriptive means; no pointwise confidence intervals
scale,scale_n_105,malicious_stream,scalar peak-score discrimination; not the post-onset crossing endpoint,0.04999999999999998,1.0,30,1.0,30,0.3699763391477937,30,RNG seed,descriptive means; no pointwise confidence intervals
scale,scale_n_105,attacker_owner,scalar peak-score discrimination; not the post-onset crossing endpoint,0.9996646498695336,0.0,30,0.0,30,nan,0,RNG seed,descriptive means; no pointwise confidence intervals
scale,scale_n_105,attacker_owner,scalar peak-score discrimination; not the post-onset crossing endpoint,0.9986371775465539,0.5782575555099816,30,0.13854332090801533,30,0.4536677716605217,30,RNG seed,descriptive means; no pointwise confidence intervals
scale,scale_n_105,attacker_owner,scalar peak-score discrimination; not the post-onset crossing endpoint,0.9974399985015855,0.602904623823511,30,0.14566756831060992,30,0.450624710896322,30,RNG seed,descriptive means; no pointwise confidence intervals
scale,scale_n_105,attacker_owner,scalar peak-score discrimination; not the post-onset crossing endpoint,0.9888120668512053,0.6178382331406823,30,0.15447119404670365,30,0.4423942818889352,30,RNG seed,descriptive means; no pointwise confidence intervals
scale,scale_n_105,attacker_owner,scalar peak-score discrimination; not the post-onset crossing endpoint,0.9844134536505332,0.621504849871829,30,0.1568391834736649,30,0.44019085183412643,30,RNG seed,descriptive means; no pointwise confidence intervals
scale,scale_n_105,attacker_owner,scalar peak-score discrimination; not the post-onset crossing endpoint,0.9500979743251251,0.6683473458935798,30,0.19208648403322584,30,0.40881038919389284,30,RNG seed,descriptive means; no pointwise confidence intervals
scale,scale_n_105,attacker_owner,scalar peak-score discrimination; not the post-onset crossing endpoint,0.8481206452198227,0.681857837926357,30,0.20129123959575185,30,0.40211018855924835,30,RNG seed,descriptive means; no pointwise confidence intervals
scale,scale_n_105,attacker_owner,scalar peak-score discrimination; not the post-onset crossing endpoint,0.49668874172185434,0.6961676412267533,30,0.21015958985838684,30,0.3971452327292868,30,RNG seed,descriptive means; no pointwise confidence intervals
scale,scale_n_105,attacker_owner,scalar peak-score discrimination; not the post-onset crossing endpoint,0.4123711340206186,0.7050504542404697,30,0.2119309244739402,30,0.39810251529340207,30,RNG seed,descriptive means; no pointwise confidence intervals
scale,scale_n_105,attacker_owner,scalar peak-score discrimination; not the post-onset crossing endpoint,0.050000000000000024,0.7373733821689481,30,0.23541744027300732,30,0.38389152989872694,30,RNG seed,descriptive means; no pointwise confidence intervals
scale,scale_n_105,attacker_owner,scalar peak-score discrimination; not the post-onset crossing endpoint,0.05000000000000001,0.7388740218380725,30,0.239917471462293,30,0.37962834063257117,30,RNG seed,descriptive means; no pointwise confidence intervals
scale,scale_n_105,attacker_owner,scalar peak-score discrimination; not the post-onset crossing endpoint,0.04999999999999999,0.9999603174603174,30,0.9999238261760534,30,0.1618650308226695,30,RNG seed,descriptive means; no pointwise confidence intervals
scale,scale_n_105,attacker_owner,scalar peak-score discrimination; not the post-onset crossing endpoint,0.04999999999999998,1.0,30,1.0,30,0.16186052619484143,30,RNG seed,descriptive means; no pointwise confidence intervals
scale,scale_n_35,malicious_stream,scalar peak-score discrimination; not the post-onset crossing endpoint,0.9996646498695336,0.0,30,0.0,30,nan,0,RNG seed,descriptive means; no pointwise confidence intervals
scale,scale_n_35,malicious_stream,scalar peak-score discrimination; not the post-onset crossing endpoint,0.9982998143218272,0.6101611785246331,30,0.0,30,1.0,30,RNG seed,descriptive means; no pointwise confidence intervals
scale,scale_n_35,malicious_stream,scalar peak-score discrimination; not the post-onset crossing endpoint,0.9844134536505332,0.6484163131213578,30,0.0,30,1.0,30,RNG seed,descriptive means; no pointwise confidence intervals
scale,scale_n_35,malicious_stream,scalar peak-score discrimination; not the post-onset crossing endpoint,0.9074446030736429,0.7158559845172305,30,0.0,30,1.0,30,RNG seed,descriptive means; no pointwise confidence intervals
scale,scale_n_35,malicious_stream,scalar peak-score discrimination; not the post-onset crossing endpoint,0.4123711340206186,0.7451211433159838,30,0.0,30,1.0,30,RNG seed,descriptive means; no pointwise confidence intervals
scale,scale_n_35,malicious_stream,scalar peak-score discrimination; not the post-onset crossing endpoint,0.05000000000000001,0.7833234340267003,30,0.004892525321594731,30,0.9842374126811976,30,RNG seed,descriptive means; no pointwise confidence intervals
scale,scale_n_35,malicious_stream,scalar peak-score discrimination; not the post-onset crossing endpoint,0.04999999999999999,1.0,30,0.999519696528329,30,0.3042350927992182,30,RNG seed,descriptive means; no pointwise confidence intervals
scale,scale_n_35,malicious_stream,scalar peak-score discrimination; not the post-onset crossing endpoint,0.04999999999999998,1.0,30,1.0,30,0.30413340580316917,30,RNG seed,descriptive means; no pointwise confidence intervals
scale,scale_n_35,attacker_owner,scalar peak-score discrimination; not the post-onset crossing endpoint,0.9996646498695336,0.0,30,0.0,30,nan,0,RNG seed,descriptive means; no pointwise confidence intervals
scale,scale_n_35,attacker_owner,scalar peak-score discrimination; not the post-onset crossing endpoint,0.9982998143218272,0.599679322742619,30,0.11095117116681555,30,0.5262262808582996,30,RNG seed,descriptive means; no pointwise confidence intervals
scale,scale_n_35,attacker_owner,scalar peak-score discrimination; not the post-onset crossing endpoint,0.9844134536505332,0.6302095384020115,30,0.11964075640693578,30,0.5208299009134009,30,RNG seed,descriptive means; no pointwise confidence intervals
scale,scale_n_35,attacker_owner,scalar peak-score discrimination; not the post-onset crossing endpoint,0.9074446030736429,0.6599813968252779,30,0.13939625174461748,30,0.49447806837976266,30,RNG seed,descriptive means; no pointwise confidence intervals
scale,scale_n_35,attacker_owner,scalar peak-score discrimination; not the post-onset crossing endpoint,0.4123711340206186,0.6745105921978094,30,0.14798078841531342,30,0.4859015435791018,30,RNG seed,descriptive means; no pointwise confidence intervals
scale,scale_n_35,attacker_owner,scalar peak-score discrimination; not the post-onset crossing endpoint,0.05000000000000001,0.6848592660415351,30,0.16513522798852576,30,0.46286203287554656,30,RNG seed,descriptive means; no pointwise confidence intervals
scale,scale_n_35,attacker_owner,scalar peak-score discrimination; not the post-onset crossing endpoint,0.04999999999999999,1.0,30,0.9996075364592352,30,0.15454032108839924,30,RNG seed,descriptive means; no pointwise confidence intervals
scale,scale_n_35,attacker_owner,scalar peak-score discrimination; not the post-onset crossing endpoint,0.04999999999999998,1.0,30,1.0,30,0.15448787390731394,30,RNG seed,descriptive means; no pointwise confidence intervals
score_variant,reference_half_life_1p351,malicious_stream,scalar peak-score discrimination; not the post-onset crossing endpoint,0.9996646498695336,0.0,30,0.0,30,nan,0,RNG seed,descriptive means; no pointwise confidence intervals
score_variant,reference_half_life_1p351,malicious_stream,scalar peak-score discrimination; not the post-onset crossing endpoint,0.9994757479109623,0.5412469090843147,30,0.0,30,1.0,30,RNG seed,descriptive means; no pointwise confidence intervals
score_variant,reference_half_life_1p351,malicious_stream,scalar peak-score discrimination; not the post-onset crossing endpoint,0.9983617318008097,0.5622869893292806,30,0.0,30,1.0,30,RNG seed,descriptive means; no pointwise confidence intervals
score_variant,reference_half_life_1p351,malicious_stream,scalar peak-score discrimination; not the post-onset crossing endpoint,0.9981336690409214,0.5833404291608962,30,0.0,30,1.0,30,RNG seed,descriptive means; no pointwise confidence intervals
score_variant,reference_half_life_1p351,malicious_stream,scalar peak-score discrimination; not the post-onset crossing endpoint,0.994036572874022,0.6040360087910444,30,0.0,30,1.0,30,RNG seed,descriptive means; no pointwise confidence intervals
score_variant,reference_half_life_1p351,malicious_stream,scalar peak-score discrimination; not the post-onset crossing endpoint,0.9851112659509993,0.6243385983870939,30,0.0,30,1.0,30,RNG seed,descriptive means; no pointwise confidence intervals
score_variant,reference_half_life_1p351,malicious_stream,scalar peak-score discrimination; not the post-onset crossing endpoint,0.9844134536505332,0.6281445857173986,30,0.0,30,1.0,30,RNG seed,descriptive means; no pointwise confidence intervals
score_variant,reference_half_life_1p351,malicious_stream,scalar peak-score discrimination; not the post-onset crossing endpoint,0.9814953493640131,0.6851863836326618,30,0.0,30,1.0,30,RNG seed,descriptive means; no pointwise confidence intervals
score_variant,reference_half_life_1p351,malicious_stream,scalar peak-score discrimination; not the post-onset crossing endpoint,0.9633430276057072,0.7055875402822792,30,0.0,30,1.0,30,RNG seed,descriptive means; no pointwise confidence intervals
score_variant,reference_half_life_1p351,malicious_stream,scalar peak-score discrimination; not the post-onset crossing endpoint,0.902554894458204,0.7260944098867934,30,0.0,30,1.0,30,RNG seed,descriptive means; no pointwise confidence intervals
score_variant,reference_half_life_1p351,malicious_stream,scalar peak-score discrimination; not the post-onset crossing endpoint,0.7964518719476933,0.7465523051426891,30,0.0,30,1.0,30,RNG seed,descriptive means; no pointwise confidence intervals
score_variant,reference_half_life_1p351,malicious_stream,scalar peak-score discrimination; not the post-onset crossing endpoint,0.5189979859007768,0.7668093235183738,30,0.0,30,1.0,30,RNG seed,descriptive means; no pointwise confidence intervals
score_variant,reference_half_life_1p351,malicious_stream,scalar peak-score discrimination; not the post-onset crossing endpoint,0.4123711340206186,0.7809007836597845,30,0.0,30,1.0,30,RNG seed,descriptive means; no pointwise confidence intervals
score_variant,reference_half_life_1p351,malicious_stream,scalar peak-score discrimination; not the post-onset crossing endpoint,0.050000000000000024,0.8321353108393184,30,0.0,30,1.0,30,RNG seed,descriptive means; no pointwise confidence intervals
score_variant,reference_half_life_1p351,malicious_stream,scalar peak-score discrimination; not the post-onset crossing endpoint,0.05000000000000001,0.8359521555020035,30,0.02510383185802799,30,0.9677998695768252,30,RNG seed,descriptive means; no pointwise confidence intervals
score_variant,reference_half_life_1p351,malicious_stream,scalar peak-score discrimination; not the post-onset crossing endpoint,0.04999999999999999,0.9999287541103398,30,0.9998883931655362,30,0.4807663517517008,30,RNG seed,descriptive means; no pointwise confidence intervals
score_variant,reference_half_life_1p351,malicious_stream,scalar peak-score discrimination; not the post-onset crossing endpoint,0.04999999999999998,1.0,30,1.0,30,0.48075642787405587,30,RNG seed,descriptive means; no pointwise confidence intervals
score_variant,reference_half_life_1p351,attacker_owner,scalar peak-score discrimination; not the post-onset crossing endpoint,0.9996646498695336,0.0,30,0.0,30,nan,0,RNG seed,descriptive means; no pointwise confidence intervals
score_variant,reference_half_life_1p351,attacker_owner,scalar peak-score discrimination; not the post-onset crossing endpoint,0.9994757479109623,0.5681549909125485,30,0.15602886026929177,30,0.5533505384971092,30,RNG seed,descriptive means; no pointwise confidence intervals
score_variant,reference_half_life_1p351,attacker_owner,scalar peak-score discrimination; not the post-onset crossing endpoint,0.9983617318008097,0.5836152784976917,30,0.16422061632376167,30,0.5470278779680158,30,RNG seed,descriptive means; no pointwise confidence intervals
score_variant,reference_half_life_1p351,attacker_owner,scalar peak-score discrimination; not the post-onset crossing endpoint,0.9981336690409214,0.604560143865415,30,0.17059852740657408,30,0.5461564285896028,30,RNG seed,descriptive means; no pointwise confidence intervals
score_variant,reference_half_life_1p351,attacker_owner,scalar peak-score discrimination; not the post-onset crossing endpoint,0.994036572874022,0.6177953653555964,30,0.1794094840417673,30,0.5388646632751214,30,RNG seed,descriptive means; no pointwise confidence intervals
score_variant,reference_half_life_1p351,attacker_owner,scalar peak-score discrimination; not the post-onset crossing endpoint,0.9851112659509993,0.6281811911949131,30,0.18916607825337364,30,0.5300308557750715,30,RNG seed,descriptive means; no pointwise confidence intervals
score_variant,reference_half_life_1p351,attacker_owner,scalar peak-score discrimination; not the post-onset crossing endpoint,0.9844134536505332,0.63005400287908,30,0.19104045526088756,30,0.5283911841677558,30,RNG seed,descriptive means; no pointwise confidence intervals
score_variant,reference_half_life_1p351,attacker_owner,scalar peak-score discrimination; not the post-onset crossing endpoint,0.9814953493640131,0.6476900568188341,30,0.22243205772543925,30,0.49843203201077013,30,RNG seed,descriptive means; no pointwise confidence intervals
score_variant,reference_half_life_1p351,attacker_owner,scalar peak-score discrimination; not the post-onset crossing endpoint,0.9633430276057072,0.669853323066876,30,0.22820362741530248,30,0.500697085782171,30,RNG seed,descriptive means; no pointwise confidence intervals
score_variant,reference_half_life_1p351,attacker_owner,scalar peak-score discrimination; not the post-onset crossing endpoint,0.902554894458204,0.6797904808049715,30,0.23811205189033577,30,0.4937622009075472,30,RNG seed,descriptive means; no pointwise confidence intervals
score_variant,reference_half_life_1p351,attacker_owner,scalar peak-score discrimination; not the post-onset crossing endpoint,0.7964518719476933,0.694001302122191,30,0.2465551945820035,30,0.49041177008158865,30,RNG seed,descriptive means; no pointwise confidence intervals
score_variant,reference_half_life_1p351,attacker_owner,scalar peak-score discrimination; not the post-onset crossing endpoint,0.5189979859007768,0.705863010118253,30,0.2557918172033861,30,0.48583839205218804,30,RNG seed,descriptive means; no pointwise confidence intervals
score_variant,reference_half_life_1p351,attacker_owner,scalar peak-score discrimination; not the post-onset crossing endpoint,0.4123711340206186,0.7164308871952246,30,0.2612547741583722,30,0.4840825373184069,30,RNG seed,descriptive means; no pointwise confidence intervals
score_variant,reference_half_life_1p351,attacker_owner,scalar peak-score discrimination; not the post-onset crossing endpoint,0.050000000000000024,0.7444216122204782,30,0.2850580593218007,30,0.4721001626511023,30,RNG seed,descriptive means; no pointwise confidence intervals
score_variant,reference_half_life_1p351,attacker_owner,scalar peak-score discrimination; not the post-onset crossing endpoint,0.05000000000000001,0.7503446505885893,30,0.3029778109244007,30,0.4580912628695424,30,RNG seed,descriptive means; no pointwise confidence intervals
score_variant,reference_half_life_1p351,attacker_owner,scalar peak-score discrimination; not the post-onset crossing endpoint,0.04999999999999999,0.9998436526265626,30,0.9999262520788645,30,0.25101862900877164,30,RNG seed,descriptive means; no pointwise confidence intervals
score_variant,reference_half_life_1p351,attacker_owner,scalar peak-score discrimination; not the post-onset crossing endpoint,0.04999999999999998,1.0,30,1.0,30,0.2510341045791009,30,RNG seed,descriptive means; no pointwise confidence intervals
score_variant,reference_no_forgetting,malicious_stream,scalar peak-score discrimination; not the post-onset crossing endpoint,0.9996646498695336,0.0,30,0.0,30,nan,0,RNG seed,descriptive means; no pointwise confidence intervals
score_variant,reference_no_forgetting,malicious_stream,scalar peak-score discrimination; not the post-onset crossing endpoint,0.999572682678155,0.6230206825172595,30,0.0,30,1.0,30,RNG seed,descriptive means; no pointwise confidence intervals
score_variant,reference_no_forgetting,malicious_stream,scalar peak-score discrimination; not the post-onset crossing endpoint,0.9982998143218272,0.6406406797790424,30,0.0,30,1.0,30,RNG seed,descriptive means; no pointwise confidence intervals
score_variant,reference_no_forgetting,malicious_stream,scalar peak-score discrimination; not the post-onset crossing endpoint,0.9920481143335451,0.6611660676013508,30,0.0,30,1.0,30,RNG seed,descriptive means; no pointwise confidence intervals
score_variant,reference_no_forgetting,malicious_stream,scalar peak-score discrimination; not the post-onset crossing endpoint,0.9844134536505332,0.6781301076405213,30,0.0,30,1.0,30,RNG seed,descriptive means; no pointwise confidence intervals
score_variant,reference_no_forgetting,malicious_stream,scalar peak-score discrimination; not the post-onset crossing endpoint,0.9325044404973356,0.7418250566059402,30,0.0,30,1.0,30,RNG seed,descriptive means; no pointwise confidence intervals
score_variant,reference_no_forgetting,malicious_stream,scalar peak-score discrimination; not the post-onset crossing endpoint,0.9034443817052512,0.7473429396001802,30,0.0,30,1.0,30,RNG seed,descriptive means; no pointwise confidence intervals
score_variant,reference_no_forgetting,malicious_stream,scalar peak-score discrimination; not the post-onset crossing endpoint,0.4123711340206186,0.7807176096060364,30,0.0,30,1.0,30,RNG seed,descriptive means; no pointwise confidence intervals
score_variant,reference_no_forgetting,malicious_stream,scalar peak-score discrimination; not the post-onset crossing endpoint,0.05000000000000001,0.8321353108393184,30,0.0,30,1.0,30,RNG seed,descriptive means; no pointwise confidence intervals
score_variant,reference_no_forgetting,malicious_stream,scalar peak-score discrimination; not the post-onset crossing endpoint,0.05,1.0,30,1.0,30,0.48075642787405587,30,RNG seed,descriptive means; no pointwise confidence intervals
score_variant,reference_no_forgetting,attacker_owner,scalar peak-score discrimination; not the post-onset crossing endpoint,0.9996646498695336,0.0,30,0.0,30,nan,0,RNG seed,descriptive means; no pointwise confidence intervals
score_variant,reference_no_forgetting,attacker_owner,scalar peak-score discrimination; not the post-onset crossing endpoint,0.999572682678155,0.6196950329820013,30,0.19150052388797592,30,0.5241541624040121,30,RNG seed,descriptive means; no pointwise confidence intervals
score_variant,reference_no_forgetting,attacker_owner,scalar peak-score discrimination; not the post-onset crossing endpoint,0.9982998143218272,0.6274068874974966,30,0.20036800598152757,30,0.5162482737615764,30,RNG seed,descriptive means; no pointwise confidence intervals
score_variant,reference_no_forgetting,attacker_owner,scalar peak-score discrimination; not the post-onset crossing endpoint,0.9920481143335451,0.6493594927239581,30,0.20611200035797744,30,0.51760976635889,30,RNG seed,descriptive means; no pointwise confidence intervals
score_variant,reference_no_forgetting,attacker_owner,scalar peak-score discrimination; not the post-onset crossing endpoint,0.9844134536505332,0.6595363519832227,30,0.21367719950751451,30,0.5127469847622825,30,RNG seed,descriptive means; no pointwise confidence intervals
score_variant,reference_no_forgetting,attacker_owner,scalar peak-score discrimination; not the post-onset crossing endpoint,0.9325044404973356,0.6941073658120627,30,0.24361645651797673,30,0.4937429832846368,30,RNG seed,descriptive means; no pointwise confidence intervals
score_variant,reference_no_forgetting,attacker_owner,scalar peak-score discrimination; not the post-onset crossing endpoint,0.9034443817052512,0.6951386602246862,30,0.24674088104810157,30,0.49075932179148446,30,RNG seed,descriptive means; no pointwise confidence intervals
score_variant,reference_no_forgetting,attacker_owner,scalar peak-score discrimination; not the post-onset crossing endpoint,0.4123711340206186,0.7163627208693896,30,0.26115672208443336,30,0.48414059267610393,30,RNG seed,descriptive means; no pointwise confidence intervals
score_variant,reference_no_forgetting,attacker_owner,scalar peak-score discrimination; not the post-onset crossing endpoint,0.05000000000000001,0.7444216122204782,30,0.2850580593218007,30,0.4721001626511023,30,RNG seed,descriptive means; no pointwise confidence intervals
score_variant,reference_no_forgetting,attacker_owner,scalar peak-score discrimination; not the post-onset crossing endpoint,0.05,1.0,30,1.0,30,0.2510341045791009,30,RNG seed,descriptive means; no pointwise confidence intervals
steady_state,pure_constoffset_steady,malicious_stream,scalar peak-score discrimination; not the post-onset crossing endpoint,0.8633093525179857,0.0,30,0.0,30,nan,0,RNG seed,descriptive means; no pointwise confidence intervals
steady_state,pure_constoffset_steady,malicious_stream,scalar peak-score discrimination; not the post-onset crossing endpoint,0.05000000000000001,0.0051468733226276995,30,0.0039287155553505435,30,0.36952380952380953,30,RNG seed,descriptive means; no pointwise confidence intervals
steady_state,pure_constoffset_steady,malicious_stream,scalar peak-score discrimination; not the post-onset crossing endpoint,0.05,1.0,30,1.0,30,0.306876705129629,30,RNG seed,descriptive means; no pointwise confidence intervals
steady_state,pure_constoffset_steady,attacker_owner,scalar peak-score discrimination; not the post-onset crossing endpoint,0.8633093525179857,0.0,30,0.0,30,nan,0,RNG seed,descriptive means; no pointwise confidence intervals
steady_state,pure_constoffset_steady,attacker_owner,scalar peak-score discrimination; not the post-onset crossing endpoint,0.05000000000000001,0.0051468733226276995,30,0.0039287155553505435,30,0.36952380952380953,30,RNG seed,descriptive means; no pointwise confidence intervals
steady_state,pure_constoffset_steady,attacker_owner,scalar peak-score discrimination; not the post-onset crossing endpoint,0.05,1.0,30,1.0,30,0.306876705129629,30,RNG seed,descriptive means; no pointwise confidence intervals
steady_state,pure_falsify_steady,malicious_stream,scalar peak-score discrimination; not the post-onset crossing endpoint,0.9996646498695336,0.0,30,0.0,30,nan,0,RNG seed,descriptive means; no pointwise confidence intervals
steady_state,pure_falsify_steady,malicious_stream,scalar peak-score discrimination; not the post-onset crossing endpoint,0.42424242424242425,0.978005828328724,30,0.0,30,1.0,30,RNG seed,descriptive means; no pointwise confidence intervals
steady_state,pure_falsify_steady,malicious_stream,scalar peak-score discrimination; not the post-onset crossing endpoint,0.05000000000000001,0.9801885402747015,30,0.0039287155553505435,30,0.9910059388710305,30,RNG seed,descriptive means; no pointwise confidence intervals
steady_state,pure_falsify_steady,malicious_stream,scalar peak-score discrimination; not the post-onset crossing endpoint,0.05,1.0,30,1.0,30,0.306876705129629,30,RNG seed,descriptive means; no pointwise confidence intervals
steady_state,pure_falsify_steady,attacker_owner,scalar peak-score discrimination; not the post-onset crossing endpoint,0.9996646498695336,0.0,30,0.0,30,nan,0,RNG seed,descriptive means; no pointwise confidence intervals
steady_state,pure_falsify_steady,attacker_owner,scalar peak-score discrimination; not the post-onset crossing endpoint,0.42424242424242425,0.978005828328724,30,0.0,30,1.0,30,RNG seed,descriptive means; no pointwise confidence intervals
steady_state,pure_falsify_steady,attacker_owner,scalar peak-score discrimination; not the post-onset crossing endpoint,0.05000000000000001,0.9801885402747015,30,0.0039287155553505435,30,0.9910059388710305,30,RNG seed,descriptive means; no pointwise confidence intervals
steady_state,pure_falsify_steady,attacker_owner,scalar peak-score discrimination; not the post-onset crossing endpoint,0.05,1.0,30,1.0,30,0.306876705129629,30,RNG seed,descriptive means; no pointwise confidence intervals
steady_state,pure_revheading_steady,malicious_stream,scalar peak-score discrimination; not the post-onset crossing endpoint,0.9996646498695336,0.0,30,0.0,30,nan,0,RNG seed,descriptive means; no pointwise confidence intervals
steady_state,pure_revheading_steady,malicious_stream,scalar peak-score discrimination; not the post-onset crossing endpoint,0.9946843619306481,0.913122757578362,30,0.0,30,1.0,30,RNG seed,descriptive means; no pointwise confidence intervals
steady_state,pure_revheading_steady,malicious_stream,scalar peak-score discrimination; not the post-onset crossing endpoint,0.9191334461896994,0.945786378304324,30,0.0,30,1.0,30,RNG seed,descriptive means; no pointwise confidence intervals
steady_state,pure_revheading_steady,malicious_stream,scalar peak-score discrimination; not the post-onset crossing endpoint,0.49668874172185434,0.9608570197144342,30,0.0,30,1.0,30,RNG seed,descriptive means; no pointwise confidence intervals
steady_state,pure_revheading_steady,malicious_stream,scalar peak-score discrimination; not the post-onset crossing endpoint,0.05000000000000001,0.9832401858404277,30,0.0039287155553505435,30,0.9910322929677816,30,RNG seed,descriptive means; no pointwise confidence intervals
steady_state,pure_revheading_steady,malicious_stream,scalar peak-score discrimination; not the post-onset crossing endpoint,0.05,1.0,30,1.0,30,0.306876705129629,30,RNG seed,descriptive means; no pointwise confidence intervals
steady_state,pure_revheading_steady,attacker_owner,scalar peak-score discrimination; not the post-onset crossing endpoint,0.9996646498695336,0.0,30,0.0,30,nan,0,RNG seed,descriptive means; no pointwise confidence intervals
steady_state,pure_revheading_steady,attacker_owner,scalar peak-score discrimination; not the post-onset crossing endpoint,0.9946843619306481,0.913122757578362,30,0.0,30,1.0,30,RNG seed,descriptive means; no pointwise confidence intervals
steady_state,pure_revheading_steady,attacker_owner,scalar peak-score discrimination; not the post-onset crossing endpoint,0.9191334461896994,0.945786378304324,30,0.0,30,1.0,30,RNG seed,descriptive means; no pointwise confidence intervals
steady_state,pure_revheading_steady,attacker_owner,scalar peak-score discrimination; not the post-onset crossing endpoint,0.49668874172185434,0.9608570197144342,30,0.0,30,1.0,30,RNG seed,descriptive means; no pointwise confidence intervals
steady_state,pure_revheading_steady,attacker_owner,scalar peak-score discrimination; not the post-onset crossing endpoint,0.05000000000000001,0.9832401858404277,30,0.0039287155553505435,30,0.9910322929677816,30,RNG seed,descriptive means; no pointwise confidence intervals
steady_state,pure_revheading_steady,attacker_owner,scalar peak-score discrimination; not the post-onset crossing endpoint,0.05,1.0,30,1.0,30,0.306876705129629,30,RNG seed,descriptive means; no pointwise confidence intervals
steady_state,pure_slydos_steady,malicious_stream,scalar peak-score discrimination; not the post-onset crossing endpoint,0.050000000000000024,0.0,30,0.0,30,nan,0,RNG seed,descriptive means; no pointwise confidence intervals
steady_state,pure_slydos_steady,malicious_stream,scalar peak-score discrimination; not the post-onset crossing endpoint,0.05000000000000001,0.0036478353551065365,30,0.004995980223307367,30,0.2733579638752052,29,RNG seed,descriptive means; no pointwise confidence intervals
steady_state,pure_slydos_steady,malicious_stream,scalar peak-score discrimination; not the post-onset crossing endpoint,0.05,1.0,30,1.0,30,0.30899461878208395,30,RNG seed,descriptive means; no pointwise confidence intervals
steady_state,pure_slydos_steady,attacker_owner,scalar peak-score discrimination; not the post-onset crossing endpoint,0.050000000000000024,0.0,30,0.0,30,nan,0,RNG seed,descriptive means; no pointwise confidence intervals
steady_state,pure_slydos_steady,attacker_owner,scalar peak-score discrimination; not the post-onset crossing endpoint,0.05000000000000001,0.0036478353551065365,30,0.004995980223307367,30,0.2733579638752052,29,RNG seed,descriptive means; no pointwise confidence intervals
steady_state,pure_slydos_steady,attacker_owner,scalar peak-score discrimination; not the post-onset crossing endpoint,0.05,1.0,30,1.0,30,0.30899461878208395,30,RNG seed,descriptive means; no pointwise confidence intervals
