mode,stage,family,arm,metric,estimate,numerator,denominator,unit,seed_n,ci95_low,ci95_high,point_estimator,ci_method,sample_unit,notes
full,test,benign,benign,pair_prevalence,0,0,123484,proportion,50,0,0,ratio of pooled event counts/opportunities,percentile cluster bootstrap (2000 resamples of RNG seeds),eligible pair,
full,test,benign,benign,stream_false_positive_rate_per_negative_pair,0,0,123484,false positives / negative pair,50,0,0,ratio of pooled event counts/opportunities,percentile cluster bootstrap (2000 resamples of RNG seeds),negative eligible pair,
full,test,benign,benign,stream_false_positives_per_run,0,0,50,false positives / observed pair run,50,0,0,ratio of pooled event counts/runs,percentile cluster bootstrap (2000 resamples of RNG seeds),independent RNG seed,Only runs with complete observed pair blocks contribute.
full,test,benign,benign,clean_false_positives_per_run,0,0,50,false positives / observed pair run,50,0,0,ratio of pooled event counts/runs,percentile cluster bootstrap (2000 resamples of RNG seeds),independent RNG seed,Only runs with complete observed pair blocks contribute.
full,test,benign,benign,stream_false_positives_per_receiver_run,0,0,3500,false-positive pair events / honest receiver-run,50,0,0,ratio of pooled event counts/opportunities,percentile cluster bootstrap (2000 resamples of RNG seeds),honest receiver-run,Each honest receiver contributes one exposure unit in each complete observed run.
full,test,benign,benign,clean_false_positives_per_receiver_run,0,0,3500,clean-pair false-positive events / honest receiver-run,50,0,0,ratio of pooled event counts/opportunities,percentile cluster bootstrap (2000 resamples of RNG seeds),honest receiver-run,Each honest receiver contributes one exposure unit in each complete observed run.
full,test,benign,benign,stream_false_positives_per_receiver_minute,0,0,2916.66666667,false positives / receiver-minute,50,0,0,ratio of pooled event counts/opportunities,percentile cluster bootstrap (2000 resamples of RNG seeds),receiver-minute,Receiver-minutes use honest receivers times the common evaluation-window duration.
full,test,benign,benign,stream_false_positives_per_million_negative_messages,0,0,9498050,false-positive pair events / million negative messages,50,0,0,ratio of pooled event counts/opportunities,percentile cluster bootstrap (2000 resamples of RNG seeds),negative message,"The numerator is a receiver--claimed-identity window event, not a per-message decision; messages provide an exposure denominator."
full,test,benign,benign,clean_false_positive_rate_per_clean_pair,0,0,123484,false positives / clean honest pair,50,0,0,ratio of pooled event counts/opportunities,percentile cluster bootstrap (2000 resamples of RNG seeds),clean honest eligible pair,
full,test,benign,benign,clean_false_positives_per_receiver_minute,0,0,2916.66666667,false positives / receiver-minute,50,0,0,ratio of pooled event counts/opportunities,percentile cluster bootstrap (2000 resamples of RNG seeds),receiver-minute,
full,test,benign,benign,clean_false_positives_per_million_clean_messages,0,0,9498050,false-positive pair events / million clean messages,50,0,0,ratio of pooled event counts/opportunities,percentile cluster bootstrap (2000 resamples of RNG seeds),clean honest message,"The numerator is a clean-pair window event, not a per-message decision; messages provide an exposure denominator."
full,test,benign,benign,track_false_positive_pair_rate,0,0,123484,track-alerted clean pairs / clean pair,50,0,0,ratio of pooled event counts/opportunities,percentile cluster bootstrap (2000 resamples of RNG seeds),clean honest eligible pair,Numerator is pair-level because the pair schema exposes whether any track alerted.
full,test,benign,benign,track_false_positive_pairs_per_clean_evaluation_window_track,0,0,124014,track-alerted clean pairs / clean evaluation-window track,50,0,0,ratio of pooled event counts/opportunities,percentile cluster bootstrap (2000 resamples of RNG seeds),clean evaluation-window content-associated track,Conservative pair-event numerator; individual alerted-track count is not in the schema. Track count requires at least one window message.
full,test,benign,benign,malicious_delay_censoring_rate,nan,0,0,proportion,0,nan,nan,ratio of pooled event counts/opportunities,percentile cluster bootstrap (2000 resamples of RNG seeds),malicious eligible pair,Censoring is reported separately; delay quartiles condition on detection.
full,test,benign,benign,postwarmup_track_merges_per_evaluation_window_track,0,0,124014,post-warm-up merges / evaluation-window track,50,0,0,ratio of pooled event counts/opportunities,percentile cluster bootstrap (2000 resamples of RNG seeds),evaluation-window content-associated track,Merge counts span all post-warm-up tracked messages; the pair schema exposes only evaluation-window track count as a normalization base.
full,test,benign,benign,postwarmup_track_fragments_per_evaluation_window_track,0.00427371103263,530,124014,post-warm-up fragments / evaluation-window track,50,0.0038960594735,0.00467008521823,ratio of pooled event counts/opportunities,percentile cluster bootstrap (2000 resamples of RNG seeds),evaluation-window content-associated track,"Fragment counts span all post-warm-up tracked messages; this is a descriptive normalization, not a window-matched event rate."
full,test,benign,benign,postwarmup_track_id_switches_per_evaluation_window_track,0,0,124014,post-warm-up ID switches / evaluation-window track,50,0,0,ratio of pooled event counts/opportunities,percentile cluster bootstrap (2000 resamples of RNG seeds),evaluation-window content-associated track,"ID-switch counts span all post-warm-up tracked messages; this is a descriptive normalization, not a window-matched event rate."
full,test,benign,benign,window_message_weighted_postwarmup_track_purity,1,9498050,9498050,proportion,50,1,1,ratio of pooled event counts/opportunities,percentile cluster bootstrap (2000 resamples of RNG seeds),eligible-window message,Each pair's post-warm-up track purity is weighted by its evaluation-window message count; purity itself is not window-restricted.
full,test,benign,benign,stride_ambiguous_rate_among_alerts,nan,0,0,proportion,0,nan,nan,ratio of pooled event counts/opportunities,percentile cluster bootstrap (2000 resamples of RNG seeds),alerted eligible pair,
full,test,benign,benign,stride_unassigned_rate_among_alerts,nan,0,0,proportion,0,nan,nan,ratio of pooled event counts/opportunities,percentile cluster bootstrap (2000 resamples of RNG seeds),alerted eligible pair,
full,test,benign,benign,pair_exposure_q1_pooled_p2,7.17321798734,,123484,s,0,nan,nan,P-squared online quantile over pooled pair observations,not computed for pooled descriptive quantile,eligible pair,Constant-memory approximation; use seed rows below for uncertainty.
full,test,benign,benign,pair_exposure_median_pooled_p2,8.80315989515,,123484,s,0,nan,nan,P-squared online quantile over pooled pair observations,not computed for pooled descriptive quantile,eligible pair,Constant-memory approximation; use seed rows below for uncertainty.
full,test,benign,benign,pair_exposure_q3_pooled_p2,11.3966007554,,123484,s,0,nan,nan,P-squared online quantile over pooled pair observations,not computed for pooled descriptive quantile,eligible pair,Constant-memory approximation; use seed rows below for uncertainty.
full,test,benign,benign,seed_mean_of_within_seed_pair_exposure_q1,7.16275572352,,50,s,50,7.12018779434,7.20417421378,mean of per-seed P-squared q1 estimates,percentile cluster bootstrap (2000 resamples of RNG seeds),independent RNG seed,Within-seed observations are eligible pairs; seeds are the inferential unit.
full,test,benign,benign,seed_mean_of_within_seed_pair_exposure_median,8.8169070335,,50,s,50,8.7674567611,8.86752900026,mean of per-seed P-squared median estimates,percentile cluster bootstrap (2000 resamples of RNG seeds),independent RNG seed,Within-seed observations are eligible pairs; seeds are the inferential unit.
full,test,benign,benign,seed_mean_of_within_seed_pair_exposure_q3,11.7800334935,,50,s,50,11.4304739971,12.3143058346,mean of per-seed P-squared q3 estimates,percentile cluster bootstrap (2000 resamples of RNG seeds),independent RNG seed,Within-seed observations are eligible pairs; seeds are the inferential unit.
full,test,benign,benign,clean_pair_exposure_q1_pooled_p2,7.17321798734,,123484,s,0,nan,nan,P-squared online quantile over pooled pair observations,not computed for pooled descriptive quantile,clean honest eligible pair,Constant-memory approximation; use seed rows below for uncertainty.
full,test,benign,benign,clean_pair_exposure_median_pooled_p2,8.80315989515,,123484,s,0,nan,nan,P-squared online quantile over pooled pair observations,not computed for pooled descriptive quantile,clean honest eligible pair,Constant-memory approximation; use seed rows below for uncertainty.
full,test,benign,benign,clean_pair_exposure_q3_pooled_p2,11.3966007554,,123484,s,0,nan,nan,P-squared online quantile over pooled pair observations,not computed for pooled descriptive quantile,clean honest eligible pair,Constant-memory approximation; use seed rows below for uncertainty.
full,test,benign,benign,seed_mean_of_within_seed_clean_pair_exposure_q1,7.16275572352,,50,s,50,7.11883630143,7.20583017974,mean of per-seed P-squared q1 estimates,percentile cluster bootstrap (2000 resamples of RNG seeds),independent RNG seed,Within-seed observations are clean honest eligible pairs; seeds are the inferential unit.
full,test,benign,benign,seed_mean_of_within_seed_clean_pair_exposure_median,8.8169070335,,50,s,50,8.76830338358,8.86797894647,mean of per-seed P-squared median estimates,percentile cluster bootstrap (2000 resamples of RNG seeds),independent RNG seed,Within-seed observations are clean honest eligible pairs; seeds are the inferential unit.
full,test,benign,benign,seed_mean_of_within_seed_clean_pair_exposure_q3,11.7800334935,,50,s,50,11.4333840041,12.2853054527,mean of per-seed P-squared q3 estimates,percentile cluster bootstrap (2000 resamples of RNG seeds),independent RNG seed,Within-seed observations are clean honest eligible pairs; seeds are the inferential unit.
full,test,benign,benign,malicious_pair_exposure_q1_pooled_p2,nan,,0,s,0,nan,nan,P-squared online quantile over pooled pair observations,not computed for pooled descriptive quantile,malicious eligible pair,Constant-memory approximation; use seed rows below for uncertainty.
full,test,benign,benign,malicious_pair_exposure_median_pooled_p2,nan,,0,s,0,nan,nan,P-squared online quantile over pooled pair observations,not computed for pooled descriptive quantile,malicious eligible pair,Constant-memory approximation; use seed rows below for uncertainty.
full,test,benign,benign,malicious_pair_exposure_q3_pooled_p2,nan,,0,s,0,nan,nan,P-squared online quantile over pooled pair observations,not computed for pooled descriptive quantile,malicious eligible pair,Constant-memory approximation; use seed rows below for uncertainty.
full,test,benign,benign,seed_mean_of_within_seed_malicious_pair_exposure_q1,nan,,0,s,0,nan,nan,mean of per-seed P-squared q1 estimates,percentile cluster bootstrap (2000 resamples of RNG seeds),independent RNG seed,Within-seed observations are malicious eligible pairs; seeds are the inferential unit.
full,test,benign,benign,seed_mean_of_within_seed_malicious_pair_exposure_median,nan,,0,s,0,nan,nan,mean of per-seed P-squared median estimates,percentile cluster bootstrap (2000 resamples of RNG seeds),independent RNG seed,Within-seed observations are malicious eligible pairs; seeds are the inferential unit.
full,test,benign,benign,seed_mean_of_within_seed_malicious_pair_exposure_q3,nan,,0,s,0,nan,nan,mean of per-seed P-squared q3 estimates,percentile cluster bootstrap (2000 resamples of RNG seeds),independent RNG seed,Within-seed observations are malicious eligible pairs; seeds are the inferential unit.
full,test,benign,benign,detected_delay_q1_pooled_p2,nan,,0,s,0,nan,nan,P-squared online quantile over pooled pair observations,not computed for pooled descriptive quantile,detected malicious pair,Constant-memory approximation; use seed rows below for uncertainty.
full,test,benign,benign,detected_delay_median_pooled_p2,nan,,0,s,0,nan,nan,P-squared online quantile over pooled pair observations,not computed for pooled descriptive quantile,detected malicious pair,Constant-memory approximation; use seed rows below for uncertainty.
full,test,benign,benign,detected_delay_q3_pooled_p2,nan,,0,s,0,nan,nan,P-squared online quantile over pooled pair observations,not computed for pooled descriptive quantile,detected malicious pair,Constant-memory approximation; use seed rows below for uncertainty.
full,test,benign,benign,seed_mean_of_within_seed_detected_delay_q1,nan,,0,s,0,nan,nan,mean of per-seed P-squared q1 estimates,percentile cluster bootstrap (2000 resamples of RNG seeds),independent RNG seed,Within-seed observations are detected malicious pairs; seeds are the inferential unit.
full,test,benign,benign,seed_mean_of_within_seed_detected_delay_median,nan,,0,s,0,nan,nan,mean of per-seed P-squared median estimates,percentile cluster bootstrap (2000 resamples of RNG seeds),independent RNG seed,Within-seed observations are detected malicious pairs; seeds are the inferential unit.
full,test,benign,benign,seed_mean_of_within_seed_detected_delay_q3,nan,,0,s,0,nan,nan,mean of per-seed P-squared q3 estimates,percentile cluster bootstrap (2000 resamples of RNG seeds),independent RNG seed,Within-seed observations are detected malicious pairs; seeds are the inferential unit.
full,test,benign,benign,postwarmup_track_purity_q1_pooled_p2,1,,123484,proportion,0,nan,nan,P-squared online quantile over pooled pair observations,not computed for pooled descriptive quantile,eligible pair,Constant-memory approximation; use seed rows below for uncertainty.
full,test,benign,benign,postwarmup_track_purity_median_pooled_p2,1,,123484,proportion,0,nan,nan,P-squared online quantile over pooled pair observations,not computed for pooled descriptive quantile,eligible pair,Constant-memory approximation; use seed rows below for uncertainty.
full,test,benign,benign,postwarmup_track_purity_q3_pooled_p2,1,,123484,proportion,0,nan,nan,P-squared online quantile over pooled pair observations,not computed for pooled descriptive quantile,eligible pair,Constant-memory approximation; use seed rows below for uncertainty.
full,test,benign,benign,seed_mean_of_within_seed_postwarmup_track_purity_q1,1,,50,proportion,50,1,1,mean of per-seed P-squared q1 estimates,percentile cluster bootstrap (2000 resamples of RNG seeds),independent RNG seed,Within-seed observations are eligible pairs; seeds are the inferential unit.
full,test,benign,benign,seed_mean_of_within_seed_postwarmup_track_purity_median,1,,50,proportion,50,1,1,mean of per-seed P-squared median estimates,percentile cluster bootstrap (2000 resamples of RNG seeds),independent RNG seed,Within-seed observations are eligible pairs; seeds are the inferential unit.
full,test,benign,benign,seed_mean_of_within_seed_postwarmup_track_purity_q3,1,,50,proportion,50,1,1,mean of per-seed P-squared q3 estimates,percentile cluster bootstrap (2000 resamples of RNG seeds),independent RNG seed,Within-seed observations are eligible pairs; seeds are the inferential unit.
full,test,benign_stress,clock_offset_sigma_0p10,pair_prevalence,0,0,62401,proportion,30,0,0,ratio of pooled event counts/opportunities,percentile cluster bootstrap (2000 resamples of RNG seeds),eligible pair,
full,test,benign_stress,clock_offset_sigma_0p10,stream_false_positive_rate_per_negative_pair,0,0,62401,false positives / negative pair,30,0,0,ratio of pooled event counts/opportunities,percentile cluster bootstrap (2000 resamples of RNG seeds),negative eligible pair,
full,test,benign_stress,clock_offset_sigma_0p10,stream_false_positives_per_run,0,0,30,false positives / observed pair run,30,0,0,ratio of pooled event counts/runs,percentile cluster bootstrap (2000 resamples of RNG seeds),independent RNG seed,Only runs with complete observed pair blocks contribute.
full,test,benign_stress,clock_offset_sigma_0p10,clean_false_positives_per_run,0,0,30,false positives / observed pair run,30,0,0,ratio of pooled event counts/runs,percentile cluster bootstrap (2000 resamples of RNG seeds),independent RNG seed,Only runs with complete observed pair blocks contribute.
full,test,benign_stress,clock_offset_sigma_0p10,stream_false_positives_per_receiver_run,0,0,2100,false-positive pair events / honest receiver-run,30,0,0,ratio of pooled event counts/opportunities,percentile cluster bootstrap (2000 resamples of RNG seeds),honest receiver-run,Each honest receiver contributes one exposure unit in each complete observed run.
full,test,benign_stress,clock_offset_sigma_0p10,clean_false_positives_per_receiver_run,0,0,2100,clean-pair false-positive events / honest receiver-run,30,0,0,ratio of pooled event counts/opportunities,percentile cluster bootstrap (2000 resamples of RNG seeds),honest receiver-run,Each honest receiver contributes one exposure unit in each complete observed run.
full,test,benign_stress,clock_offset_sigma_0p10,stream_false_positives_per_receiver_minute,0,0,1750,false positives / receiver-minute,30,0,0,ratio of pooled event counts/opportunities,percentile cluster bootstrap (2000 resamples of RNG seeds),receiver-minute,Receiver-minutes use honest receivers times the common evaluation-window duration.
full,test,benign_stress,clock_offset_sigma_0p10,stream_false_positives_per_million_negative_messages,0,0,4822771,false-positive pair events / million negative messages,30,0,0,ratio of pooled event counts/opportunities,percentile cluster bootstrap (2000 resamples of RNG seeds),negative message,"The numerator is a receiver--claimed-identity window event, not a per-message decision; messages provide an exposure denominator."
full,test,benign_stress,clock_offset_sigma_0p10,clean_false_positive_rate_per_clean_pair,0,0,62401,false positives / clean honest pair,30,0,0,ratio of pooled event counts/opportunities,percentile cluster bootstrap (2000 resamples of RNG seeds),clean honest eligible pair,
full,test,benign_stress,clock_offset_sigma_0p10,clean_false_positives_per_receiver_minute,0,0,1750,false positives / receiver-minute,30,0,0,ratio of pooled event counts/opportunities,percentile cluster bootstrap (2000 resamples of RNG seeds),receiver-minute,
full,test,benign_stress,clock_offset_sigma_0p10,clean_false_positives_per_million_clean_messages,0,0,4822771,false-positive pair events / million clean messages,30,0,0,ratio of pooled event counts/opportunities,percentile cluster bootstrap (2000 resamples of RNG seeds),clean honest message,"The numerator is a clean-pair window event, not a per-message decision; messages provide an exposure denominator."
full,test,benign_stress,clock_offset_sigma_0p10,track_false_positive_pair_rate,0,0,62401,track-alerted clean pairs / clean pair,30,0,0,ratio of pooled event counts/opportunities,percentile cluster bootstrap (2000 resamples of RNG seeds),clean honest eligible pair,Numerator is pair-level because the pair schema exposes whether any track alerted.
full,test,benign_stress,clock_offset_sigma_0p10,track_false_positive_pairs_per_clean_evaluation_window_track,0,0,62667,track-alerted clean pairs / clean evaluation-window track,30,0,0,ratio of pooled event counts/opportunities,percentile cluster bootstrap (2000 resamples of RNG seeds),clean evaluation-window content-associated track,Conservative pair-event numerator; individual alerted-track count is not in the schema. Track count requires at least one window message.
full,test,benign_stress,clock_offset_sigma_0p10,malicious_delay_censoring_rate,nan,0,0,proportion,0,nan,nan,ratio of pooled event counts/opportunities,percentile cluster bootstrap (2000 resamples of RNG seeds),malicious eligible pair,Censoring is reported separately; delay quartiles condition on detection.
full,test,benign_stress,clock_offset_sigma_0p10,postwarmup_track_merges_per_evaluation_window_track,0,0,62667,post-warm-up merges / evaluation-window track,30,0,0,ratio of pooled event counts/opportunities,percentile cluster bootstrap (2000 resamples of RNG seeds),evaluation-window content-associated track,Merge counts span all post-warm-up tracked messages; the pair schema exposes only evaluation-window track count as a normalization base.
full,test,benign_stress,clock_offset_sigma_0p10,postwarmup_track_fragments_per_evaluation_window_track,0.00424465827309,266,62667,post-warm-up fragments / evaluation-window track,30,0.00362382299075,0.00491131491041,ratio of pooled event counts/opportunities,percentile cluster bootstrap (2000 resamples of RNG seeds),evaluation-window content-associated track,"Fragment counts span all post-warm-up tracked messages; this is a descriptive normalization, not a window-matched event rate."
full,test,benign_stress,clock_offset_sigma_0p10,postwarmup_track_id_switches_per_evaluation_window_track,0,0,62667,post-warm-up ID switches / evaluation-window track,30,0,0,ratio of pooled event counts/opportunities,percentile cluster bootstrap (2000 resamples of RNG seeds),evaluation-window content-associated track,"ID-switch counts span all post-warm-up tracked messages; this is a descriptive normalization, not a window-matched event rate."
full,test,benign_stress,clock_offset_sigma_0p10,window_message_weighted_postwarmup_track_purity,1,4822771,4822771,proportion,30,1,1,ratio of pooled event counts/opportunities,percentile cluster bootstrap (2000 resamples of RNG seeds),eligible-window message,Each pair's post-warm-up track purity is weighted by its evaluation-window message count; purity itself is not window-restricted.
full,test,benign_stress,clock_offset_sigma_0p10,stride_ambiguous_rate_among_alerts,nan,0,0,proportion,0,nan,nan,ratio of pooled event counts/opportunities,percentile cluster bootstrap (2000 resamples of RNG seeds),alerted eligible pair,
full,test,benign_stress,clock_offset_sigma_0p10,stride_unassigned_rate_among_alerts,nan,0,0,proportion,0,nan,nan,ratio of pooled event counts/opportunities,percentile cluster bootstrap (2000 resamples of RNG seeds),alerted eligible pair,
full,test,benign_stress,clock_offset_sigma_0p10,pair_exposure_q1_pooled_p2,7.18921409292,,62401,s,0,nan,nan,P-squared online quantile over pooled pair observations,not computed for pooled descriptive quantile,eligible pair,Constant-memory approximation; use seed rows below for uncertainty.
full,test,benign_stress,clock_offset_sigma_0p10,pair_exposure_median_pooled_p2,8.86546171044,,62401,s,0,nan,nan,P-squared online quantile over pooled pair observations,not computed for pooled descriptive quantile,eligible pair,Constant-memory approximation; use seed rows below for uncertainty.
full,test,benign_stress,clock_offset_sigma_0p10,pair_exposure_q3_pooled_p2,11.7157382387,,62401,s,0,nan,nan,P-squared online quantile over pooled pair observations,not computed for pooled descriptive quantile,eligible pair,Constant-memory approximation; use seed rows below for uncertainty.
full,test,benign_stress,clock_offset_sigma_0p10,seed_mean_of_within_seed_pair_exposure_q1,7.18142693089,,30,s,30,7.1176173792,7.2394830465,mean of per-seed P-squared q1 estimates,percentile cluster bootstrap (2000 resamples of RNG seeds),independent RNG seed,Within-seed observations are eligible pairs; seeds are the inferential unit.
full,test,benign_stress,clock_offset_sigma_0p10,seed_mean_of_within_seed_pair_exposure_median,8.86218261612,,30,s,30,8.79228867843,8.93055950073,mean of per-seed P-squared median estimates,percentile cluster bootstrap (2000 resamples of RNG seeds),independent RNG seed,Within-seed observations are eligible pairs; seeds are the inferential unit.
full,test,benign_stress,clock_offset_sigma_0p10,seed_mean_of_within_seed_pair_exposure_q3,12.0374730778,,30,s,30,11.5295116475,12.7482316523,mean of per-seed P-squared q3 estimates,percentile cluster bootstrap (2000 resamples of RNG seeds),independent RNG seed,Within-seed observations are eligible pairs; seeds are the inferential unit.
full,test,benign_stress,clock_offset_sigma_0p10,clean_pair_exposure_q1_pooled_p2,7.18921409292,,62401,s,0,nan,nan,P-squared online quantile over pooled pair observations,not computed for pooled descriptive quantile,clean honest eligible pair,Constant-memory approximation; use seed rows below for uncertainty.
full,test,benign_stress,clock_offset_sigma_0p10,clean_pair_exposure_median_pooled_p2,8.86546171044,,62401,s,0,nan,nan,P-squared online quantile over pooled pair observations,not computed for pooled descriptive quantile,clean honest eligible pair,Constant-memory approximation; use seed rows below for uncertainty.
full,test,benign_stress,clock_offset_sigma_0p10,clean_pair_exposure_q3_pooled_p2,11.7157382387,,62401,s,0,nan,nan,P-squared online quantile over pooled pair observations,not computed for pooled descriptive quantile,clean honest eligible pair,Constant-memory approximation; use seed rows below for uncertainty.
full,test,benign_stress,clock_offset_sigma_0p10,seed_mean_of_within_seed_clean_pair_exposure_q1,7.18142693089,,30,s,30,7.11802350766,7.24162816104,mean of per-seed P-squared q1 estimates,percentile cluster bootstrap (2000 resamples of RNG seeds),independent RNG seed,Within-seed observations are clean honest eligible pairs; seeds are the inferential unit.
full,test,benign_stress,clock_offset_sigma_0p10,seed_mean_of_within_seed_clean_pair_exposure_median,8.86218261612,,30,s,30,8.79126770068,8.92909431371,mean of per-seed P-squared median estimates,percentile cluster bootstrap (2000 resamples of RNG seeds),independent RNG seed,Within-seed observations are clean honest eligible pairs; seeds are the inferential unit.
full,test,benign_stress,clock_offset_sigma_0p10,seed_mean_of_within_seed_clean_pair_exposure_q3,12.0374730778,,30,s,30,11.535282086,12.7139531614,mean of per-seed P-squared q3 estimates,percentile cluster bootstrap (2000 resamples of RNG seeds),independent RNG seed,Within-seed observations are clean honest eligible pairs; seeds are the inferential unit.
full,test,benign_stress,clock_offset_sigma_0p10,malicious_pair_exposure_q1_pooled_p2,nan,,0,s,0,nan,nan,P-squared online quantile over pooled pair observations,not computed for pooled descriptive quantile,malicious eligible pair,Constant-memory approximation; use seed rows below for uncertainty.
full,test,benign_stress,clock_offset_sigma_0p10,malicious_pair_exposure_median_pooled_p2,nan,,0,s,0,nan,nan,P-squared online quantile over pooled pair observations,not computed for pooled descriptive quantile,malicious eligible pair,Constant-memory approximation; use seed rows below for uncertainty.
full,test,benign_stress,clock_offset_sigma_0p10,malicious_pair_exposure_q3_pooled_p2,nan,,0,s,0,nan,nan,P-squared online quantile over pooled pair observations,not computed for pooled descriptive quantile,malicious eligible pair,Constant-memory approximation; use seed rows below for uncertainty.
full,test,benign_stress,clock_offset_sigma_0p10,seed_mean_of_within_seed_malicious_pair_exposure_q1,nan,,0,s,0,nan,nan,mean of per-seed P-squared q1 estimates,percentile cluster bootstrap (2000 resamples of RNG seeds),independent RNG seed,Within-seed observations are malicious eligible pairs; seeds are the inferential unit.
full,test,benign_stress,clock_offset_sigma_0p10,seed_mean_of_within_seed_malicious_pair_exposure_median,nan,,0,s,0,nan,nan,mean of per-seed P-squared median estimates,percentile cluster bootstrap (2000 resamples of RNG seeds),independent RNG seed,Within-seed observations are malicious eligible pairs; seeds are the inferential unit.
full,test,benign_stress,clock_offset_sigma_0p10,seed_mean_of_within_seed_malicious_pair_exposure_q3,nan,,0,s,0,nan,nan,mean of per-seed P-squared q3 estimates,percentile cluster bootstrap (2000 resamples of RNG seeds),independent RNG seed,Within-seed observations are malicious eligible pairs; seeds are the inferential unit.
full,test,benign_stress,clock_offset_sigma_0p10,detected_delay_q1_pooled_p2,nan,,0,s,0,nan,nan,P-squared online quantile over pooled pair observations,not computed for pooled descriptive quantile,detected malicious pair,Constant-memory approximation; use seed rows below for uncertainty.
full,test,benign_stress,clock_offset_sigma_0p10,detected_delay_median_pooled_p2,nan,,0,s,0,nan,nan,P-squared online quantile over pooled pair observations,not computed for pooled descriptive quantile,detected malicious pair,Constant-memory approximation; use seed rows below for uncertainty.
full,test,benign_stress,clock_offset_sigma_0p10,detected_delay_q3_pooled_p2,nan,,0,s,0,nan,nan,P-squared online quantile over pooled pair observations,not computed for pooled descriptive quantile,detected malicious pair,Constant-memory approximation; use seed rows below for uncertainty.
full,test,benign_stress,clock_offset_sigma_0p10,seed_mean_of_within_seed_detected_delay_q1,nan,,0,s,0,nan,nan,mean of per-seed P-squared q1 estimates,percentile cluster bootstrap (2000 resamples of RNG seeds),independent RNG seed,Within-seed observations are detected malicious pairs; seeds are the inferential unit.
full,test,benign_stress,clock_offset_sigma_0p10,seed_mean_of_within_seed_detected_delay_median,nan,,0,s,0,nan,nan,mean of per-seed P-squared median estimates,percentile cluster bootstrap (2000 resamples of RNG seeds),independent RNG seed,Within-seed observations are detected malicious pairs; seeds are the inferential unit.
full,test,benign_stress,clock_offset_sigma_0p10,seed_mean_of_within_seed_detected_delay_q3,nan,,0,s,0,nan,nan,mean of per-seed P-squared q3 estimates,percentile cluster bootstrap (2000 resamples of RNG seeds),independent RNG seed,Within-seed observations are detected malicious pairs; seeds are the inferential unit.
full,test,benign_stress,clock_offset_sigma_0p10,postwarmup_track_purity_q1_pooled_p2,1,,62401,proportion,0,nan,nan,P-squared online quantile over pooled pair observations,not computed for pooled descriptive quantile,eligible pair,Constant-memory approximation; use seed rows below for uncertainty.
full,test,benign_stress,clock_offset_sigma_0p10,postwarmup_track_purity_median_pooled_p2,1,,62401,proportion,0,nan,nan,P-squared online quantile over pooled pair observations,not computed for pooled descriptive quantile,eligible pair,Constant-memory approximation; use seed rows below for uncertainty.
full,test,benign_stress,clock_offset_sigma_0p10,postwarmup_track_purity_q3_pooled_p2,1,,62401,proportion,0,nan,nan,P-squared online quantile over pooled pair observations,not computed for pooled descriptive quantile,eligible pair,Constant-memory approximation; use seed rows below for uncertainty.
full,test,benign_stress,clock_offset_sigma_0p10,seed_mean_of_within_seed_postwarmup_track_purity_q1,1,,30,proportion,30,1,1,mean of per-seed P-squared q1 estimates,percentile cluster bootstrap (2000 resamples of RNG seeds),independent RNG seed,Within-seed observations are eligible pairs; seeds are the inferential unit.
full,test,benign_stress,clock_offset_sigma_0p10,seed_mean_of_within_seed_postwarmup_track_purity_median,1,,30,proportion,30,1,1,mean of per-seed P-squared median estimates,percentile cluster bootstrap (2000 resamples of RNG seeds),independent RNG seed,Within-seed observations are eligible pairs; seeds are the inferential unit.
full,test,benign_stress,clock_offset_sigma_0p10,seed_mean_of_within_seed_postwarmup_track_purity_q3,1,,30,proportion,30,1,1,mean of per-seed P-squared q3 estimates,percentile cluster bootstrap (2000 resamples of RNG seeds),independent RNG seed,Within-seed observations are eligible pairs; seeds are the inferential unit.
full,test,benign_stress,gnss_sigma_4_assumed_2,pair_prevalence,0,0,74078,proportion,30,0,0,ratio of pooled event counts/opportunities,percentile cluster bootstrap (2000 resamples of RNG seeds),eligible pair,
full,test,benign_stress,gnss_sigma_4_assumed_2,stream_false_positive_rate_per_negative_pair,0.0180215448581,1335,74078,false positives / negative pair,30,0.0162396752095,0.0197431803469,ratio of pooled event counts/opportunities,percentile cluster bootstrap (2000 resamples of RNG seeds),negative eligible pair,
full,test,benign_stress,gnss_sigma_4_assumed_2,stream_false_positives_per_run,44.5,1335,30,false positives / observed pair run,30,40.365,48.8341666667,ratio of pooled event counts/runs,percentile cluster bootstrap (2000 resamples of RNG seeds),independent RNG seed,Only runs with complete observed pair blocks contribute.
full,test,benign_stress,gnss_sigma_4_assumed_2,clean_false_positives_per_run,44.5,1335,30,false positives / observed pair run,30,40.2666666667,48.9008333333,ratio of pooled event counts/runs,percentile cluster bootstrap (2000 resamples of RNG seeds),independent RNG seed,Only runs with complete observed pair blocks contribute.
full,test,benign_stress,gnss_sigma_4_assumed_2,stream_false_positives_per_receiver_run,0.635714285714,1335,2100,false-positive pair events / honest receiver-run,30,0.575714285714,0.698571428571,ratio of pooled event counts/opportunities,percentile cluster bootstrap (2000 resamples of RNG seeds),honest receiver-run,Each honest receiver contributes one exposure unit in each complete observed run.
full,test,benign_stress,gnss_sigma_4_assumed_2,clean_false_positives_per_receiver_run,0.635714285714,1335,2100,clean-pair false-positive events / honest receiver-run,30,0.574285714286,0.698095238095,ratio of pooled event counts/opportunities,percentile cluster bootstrap (2000 resamples of RNG seeds),honest receiver-run,Each honest receiver contributes one exposure unit in each complete observed run.
full,test,benign_stress,gnss_sigma_4_assumed_2,stream_false_positives_per_receiver_minute,0.762857142857,1335,1750,false positives / receiver-minute,30,0.693714285714,0.833171428571,ratio of pooled event counts/opportunities,percentile cluster bootstrap (2000 resamples of RNG seeds),receiver-minute,Receiver-minutes use honest receivers times the common evaluation-window duration.
full,test,benign_stress,gnss_sigma_4_assumed_2,stream_false_positives_per_million_negative_messages,233.145908473,1335,5726028,false-positive pair events / million negative messages,30,210.775727012,255.517751404,ratio of pooled event counts/opportunities,percentile cluster bootstrap (2000 resamples of RNG seeds),negative message,"The numerator is a receiver--claimed-identity window event, not a per-message decision; messages provide an exposure denominator."
full,test,benign_stress,gnss_sigma_4_assumed_2,clean_false_positive_rate_per_clean_pair,0.0180215448581,1335,74078,false positives / clean honest pair,30,0.0162649406958,0.0198223180007,ratio of pooled event counts/opportunities,percentile cluster bootstrap (2000 resamples of RNG seeds),clean honest eligible pair,
full,test,benign_stress,gnss_sigma_4_assumed_2,clean_false_positives_per_receiver_minute,0.762857142857,1335,1750,false positives / receiver-minute,30,0.686285714286,0.836571428571,ratio of pooled event counts/opportunities,percentile cluster bootstrap (2000 resamples of RNG seeds),receiver-minute,
full,test,benign_stress,gnss_sigma_4_assumed_2,clean_false_positives_per_million_clean_messages,233.145908473,1335,5726028,false-positive pair events / million clean messages,30,212.451972085,254.84430662,ratio of pooled event counts/opportunities,percentile cluster bootstrap (2000 resamples of RNG seeds),clean honest message,"The numerator is a clean-pair window event, not a per-message decision; messages provide an exposure denominator."
full,test,benign_stress,gnss_sigma_4_assumed_2,track_false_positive_pair_rate,0.00346931612625,257,74078,track-alerted clean pairs / clean pair,30,0.0028949579062,0.00406505492527,ratio of pooled event counts/opportunities,percentile cluster bootstrap (2000 resamples of RNG seeds),clean honest eligible pair,Numerator is pair-level because the pair schema exposes whether any track alerted.
full,test,benign_stress,gnss_sigma_4_assumed_2,track_false_positive_pairs_per_clean_evaluation_window_track,0.00199176941975,257,129031,track-alerted clean pairs / clean evaluation-window track,30,0.00166152820082,0.00234293555483,ratio of pooled event counts/opportunities,percentile cluster bootstrap (2000 resamples of RNG seeds),clean evaluation-window content-associated track,Conservative pair-event numerator; individual alerted-track count is not in the schema. Track count requires at least one window message.
full,test,benign_stress,gnss_sigma_4_assumed_2,malicious_delay_censoring_rate,nan,0,0,proportion,0,nan,nan,ratio of pooled event counts/opportunities,percentile cluster bootstrap (2000 resamples of RNG seeds),malicious eligible pair,Censoring is reported separately; delay quartiles condition on detection.
full,test,benign_stress,gnss_sigma_4_assumed_2,postwarmup_track_merges_per_evaluation_window_track,0,0,129031,post-warm-up merges / evaluation-window track,30,0,0,ratio of pooled event counts/opportunities,percentile cluster bootstrap (2000 resamples of RNG seeds),evaluation-window content-associated track,Merge counts span all post-warm-up tracked messages; the pair schema exposes only evaluation-window track count as a normalization base.
full,test,benign_stress,gnss_sigma_4_assumed_2,postwarmup_track_fragments_per_evaluation_window_track,0.425889902427,54953,129031,post-warm-up fragments / evaluation-window track,30,0.423911189284,0.427818827491,ratio of pooled event counts/opportunities,percentile cluster bootstrap (2000 resamples of RNG seeds),evaluation-window content-associated track,"Fragment counts span all post-warm-up tracked messages; this is a descriptive normalization, not a window-matched event rate."
full,test,benign_stress,gnss_sigma_4_assumed_2,postwarmup_track_id_switches_per_evaluation_window_track,0,0,129031,post-warm-up ID switches / evaluation-window track,30,0,0,ratio of pooled event counts/opportunities,percentile cluster bootstrap (2000 resamples of RNG seeds),evaluation-window content-associated track,"ID-switch counts span all post-warm-up tracked messages; this is a descriptive normalization, not a window-matched event rate."
full,test,benign_stress,gnss_sigma_4_assumed_2,window_message_weighted_postwarmup_track_purity,1,5726028,5726028,proportion,30,1,1,ratio of pooled event counts/opportunities,percentile cluster bootstrap (2000 resamples of RNG seeds),eligible-window message,Each pair's post-warm-up track purity is weighted by its evaluation-window message count; purity itself is not window-restricted.
full,test,benign_stress,gnss_sigma_4_assumed_2,stride_ambiguous_rate_among_alerts,0,0,1335,proportion,30,0,0,ratio of pooled event counts/opportunities,percentile cluster bootstrap (2000 resamples of RNG seeds),alerted eligible pair,
full,test,benign_stress,gnss_sigma_4_assumed_2,stride_unassigned_rate_among_alerts,0.0232209737828,31,1335,proportion,30,0.0116615952384,0.0371981119645,ratio of pooled event counts/opportunities,percentile cluster bootstrap (2000 resamples of RNG seeds),alerted eligible pair,
full,test,benign_stress,gnss_sigma_4_assumed_2,pair_exposure_q1_pooled_p2,7.17207149011,,74078,s,0,nan,nan,P-squared online quantile over pooled pair observations,not computed for pooled descriptive quantile,eligible pair,Constant-memory approximation; use seed rows below for uncertainty.
full,test,benign_stress,gnss_sigma_4_assumed_2,pair_exposure_median_pooled_p2,8.84774189222,,74078,s,0,nan,nan,P-squared online quantile over pooled pair observations,not computed for pooled descriptive quantile,eligible pair,Constant-memory approximation; use seed rows below for uncertainty.
full,test,benign_stress,gnss_sigma_4_assumed_2,pair_exposure_q3_pooled_p2,11.6721000931,,74078,s,0,nan,nan,P-squared online quantile over pooled pair observations,not computed for pooled descriptive quantile,eligible pair,Constant-memory approximation; use seed rows below for uncertainty.
full,test,benign_stress,gnss_sigma_4_assumed_2,seed_mean_of_within_seed_pair_exposure_q1,7.17544898485,,30,s,30,7.1147377784,7.23594432991,mean of per-seed P-squared q1 estimates,percentile cluster bootstrap (2000 resamples of RNG seeds),independent RNG seed,Within-seed observations are eligible pairs; seeds are the inferential unit.
full,test,benign_stress,gnss_sigma_4_assumed_2,seed_mean_of_within_seed_pair_exposure_median,8.85476132588,,30,s,30,8.79400110647,8.91495592496,mean of per-seed P-squared median estimates,percentile cluster bootstrap (2000 resamples of RNG seeds),independent RNG seed,Within-seed observations are eligible pairs; seeds are the inferential unit.
full,test,benign_stress,gnss_sigma_4_assumed_2,seed_mean_of_within_seed_pair_exposure_q3,12.0380912139,,30,s,30,11.532332082,12.8389174517,mean of per-seed P-squared q3 estimates,percentile cluster bootstrap (2000 resamples of RNG seeds),independent RNG seed,Within-seed observations are eligible pairs; seeds are the inferential unit.
full,test,benign_stress,gnss_sigma_4_assumed_2,clean_pair_exposure_q1_pooled_p2,7.17207149011,,74078,s,0,nan,nan,P-squared online quantile over pooled pair observations,not computed for pooled descriptive quantile,clean honest eligible pair,Constant-memory approximation; use seed rows below for uncertainty.
full,test,benign_stress,gnss_sigma_4_assumed_2,clean_pair_exposure_median_pooled_p2,8.84774189222,,74078,s,0,nan,nan,P-squared online quantile over pooled pair observations,not computed for pooled descriptive quantile,clean honest eligible pair,Constant-memory approximation; use seed rows below for uncertainty.
full,test,benign_stress,gnss_sigma_4_assumed_2,clean_pair_exposure_q3_pooled_p2,11.6721000931,,74078,s,0,nan,nan,P-squared online quantile over pooled pair observations,not computed for pooled descriptive quantile,clean honest eligible pair,Constant-memory approximation; use seed rows below for uncertainty.
full,test,benign_stress,gnss_sigma_4_assumed_2,seed_mean_of_within_seed_clean_pair_exposure_q1,7.17544898485,,30,s,30,7.11554683768,7.23681285787,mean of per-seed P-squared q1 estimates,percentile cluster bootstrap (2000 resamples of RNG seeds),independent RNG seed,Within-seed observations are clean honest eligible pairs; seeds are the inferential unit.
full,test,benign_stress,gnss_sigma_4_assumed_2,seed_mean_of_within_seed_clean_pair_exposure_median,8.85476132588,,30,s,30,8.79066232477,8.917421808,mean of per-seed P-squared median estimates,percentile cluster bootstrap (2000 resamples of RNG seeds),independent RNG seed,Within-seed observations are clean honest eligible pairs; seeds are the inferential unit.
full,test,benign_stress,gnss_sigma_4_assumed_2,seed_mean_of_within_seed_clean_pair_exposure_q3,12.0380912139,,30,s,30,11.5200234242,12.8452527348,mean of per-seed P-squared q3 estimates,percentile cluster bootstrap (2000 resamples of RNG seeds),independent RNG seed,Within-seed observations are clean honest eligible pairs; seeds are the inferential unit.
full,test,benign_stress,gnss_sigma_4_assumed_2,malicious_pair_exposure_q1_pooled_p2,nan,,0,s,0,nan,nan,P-squared online quantile over pooled pair observations,not computed for pooled descriptive quantile,malicious eligible pair,Constant-memory approximation; use seed rows below for uncertainty.
full,test,benign_stress,gnss_sigma_4_assumed_2,malicious_pair_exposure_median_pooled_p2,nan,,0,s,0,nan,nan,P-squared online quantile over pooled pair observations,not computed for pooled descriptive quantile,malicious eligible pair,Constant-memory approximation; use seed rows below for uncertainty.
full,test,benign_stress,gnss_sigma_4_assumed_2,malicious_pair_exposure_q3_pooled_p2,nan,,0,s,0,nan,nan,P-squared online quantile over pooled pair observations,not computed for pooled descriptive quantile,malicious eligible pair,Constant-memory approximation; use seed rows below for uncertainty.
full,test,benign_stress,gnss_sigma_4_assumed_2,seed_mean_of_within_seed_malicious_pair_exposure_q1,nan,,0,s,0,nan,nan,mean of per-seed P-squared q1 estimates,percentile cluster bootstrap (2000 resamples of RNG seeds),independent RNG seed,Within-seed observations are malicious eligible pairs; seeds are the inferential unit.
full,test,benign_stress,gnss_sigma_4_assumed_2,seed_mean_of_within_seed_malicious_pair_exposure_median,nan,,0,s,0,nan,nan,mean of per-seed P-squared median estimates,percentile cluster bootstrap (2000 resamples of RNG seeds),independent RNG seed,Within-seed observations are malicious eligible pairs; seeds are the inferential unit.
full,test,benign_stress,gnss_sigma_4_assumed_2,seed_mean_of_within_seed_malicious_pair_exposure_q3,nan,,0,s,0,nan,nan,mean of per-seed P-squared q3 estimates,percentile cluster bootstrap (2000 resamples of RNG seeds),independent RNG seed,Within-seed observations are malicious eligible pairs; seeds are the inferential unit.
full,test,benign_stress,gnss_sigma_4_assumed_2,detected_delay_q1_pooled_p2,nan,,0,s,0,nan,nan,P-squared online quantile over pooled pair observations,not computed for pooled descriptive quantile,detected malicious pair,Constant-memory approximation; use seed rows below for uncertainty.
full,test,benign_stress,gnss_sigma_4_assumed_2,detected_delay_median_pooled_p2,nan,,0,s,0,nan,nan,P-squared online quantile over pooled pair observations,not computed for pooled descriptive quantile,detected malicious pair,Constant-memory approximation; use seed rows below for uncertainty.
full,test,benign_stress,gnss_sigma_4_assumed_2,detected_delay_q3_pooled_p2,nan,,0,s,0,nan,nan,P-squared online quantile over pooled pair observations,not computed for pooled descriptive quantile,detected malicious pair,Constant-memory approximation; use seed rows below for uncertainty.
full,test,benign_stress,gnss_sigma_4_assumed_2,seed_mean_of_within_seed_detected_delay_q1,nan,,0,s,0,nan,nan,mean of per-seed P-squared q1 estimates,percentile cluster bootstrap (2000 resamples of RNG seeds),independent RNG seed,Within-seed observations are detected malicious pairs; seeds are the inferential unit.
full,test,benign_stress,gnss_sigma_4_assumed_2,seed_mean_of_within_seed_detected_delay_median,nan,,0,s,0,nan,nan,mean of per-seed P-squared median estimates,percentile cluster bootstrap (2000 resamples of RNG seeds),independent RNG seed,Within-seed observations are detected malicious pairs; seeds are the inferential unit.
full,test,benign_stress,gnss_sigma_4_assumed_2,seed_mean_of_within_seed_detected_delay_q3,nan,,0,s,0,nan,nan,mean of per-seed P-squared q3 estimates,percentile cluster bootstrap (2000 resamples of RNG seeds),independent RNG seed,Within-seed observations are detected malicious pairs; seeds are the inferential unit.
full,test,benign_stress,gnss_sigma_4_assumed_2,postwarmup_track_purity_q1_pooled_p2,1,,74078,proportion,0,nan,nan,P-squared online quantile over pooled pair observations,not computed for pooled descriptive quantile,eligible pair,Constant-memory approximation; use seed rows below for uncertainty.
full,test,benign_stress,gnss_sigma_4_assumed_2,postwarmup_track_purity_median_pooled_p2,1,,74078,proportion,0,nan,nan,P-squared online quantile over pooled pair observations,not computed for pooled descriptive quantile,eligible pair,Constant-memory approximation; use seed rows below for uncertainty.
full,test,benign_stress,gnss_sigma_4_assumed_2,postwarmup_track_purity_q3_pooled_p2,1,,74078,proportion,0,nan,nan,P-squared online quantile over pooled pair observations,not computed for pooled descriptive quantile,eligible pair,Constant-memory approximation; use seed rows below for uncertainty.
full,test,benign_stress,gnss_sigma_4_assumed_2,seed_mean_of_within_seed_postwarmup_track_purity_q1,1,,30,proportion,30,1,1,mean of per-seed P-squared q1 estimates,percentile cluster bootstrap (2000 resamples of RNG seeds),independent RNG seed,Within-seed observations are eligible pairs; seeds are the inferential unit.
full,test,benign_stress,gnss_sigma_4_assumed_2,seed_mean_of_within_seed_postwarmup_track_purity_median,1,,30,proportion,30,1,1,mean of per-seed P-squared median estimates,percentile cluster bootstrap (2000 resamples of RNG seeds),independent RNG seed,Within-seed observations are eligible pairs; seeds are the inferential unit.
full,test,benign_stress,gnss_sigma_4_assumed_2,seed_mean_of_within_seed_postwarmup_track_purity_q3,1,,30,proportion,30,1,1,mean of per-seed P-squared q3 estimates,percentile cluster bootstrap (2000 resamples of RNG seeds),independent RNG seed,Within-seed observations are eligible pairs; seeds are the inferential unit.
full,test,benign_stress,gnss_sigma_8_assumed_2,pair_prevalence,0,0,74078,proportion,30,0,0,ratio of pooled event counts/opportunities,percentile cluster bootstrap (2000 resamples of RNG seeds),eligible pair,
full,test,benign_stress,gnss_sigma_8_assumed_2,stream_false_positive_rate_per_negative_pair,0.686924592997,50886,74078,false positives / negative pair,30,0.681431657959,0.692144523107,ratio of pooled event counts/opportunities,percentile cluster bootstrap (2000 resamples of RNG seeds),negative eligible pair,
full,test,benign_stress,gnss_sigma_8_assumed_2,stream_false_positives_per_run,1696.2,50886,30,false positives / observed pair run,30,1665.32916667,1725.73833333,ratio of pooled event counts/runs,percentile cluster bootstrap (2000 resamples of RNG seeds),independent RNG seed,Only runs with complete observed pair blocks contribute.
full,test,benign_stress,gnss_sigma_8_assumed_2,clean_false_positives_per_run,1696.2,50886,30,false positives / observed pair run,30,1668.89833333,1725.36666667,ratio of pooled event counts/runs,percentile cluster bootstrap (2000 resamples of RNG seeds),independent RNG seed,Only runs with complete observed pair blocks contribute.
full,test,benign_stress,gnss_sigma_8_assumed_2,stream_false_positives_per_receiver_run,24.2314285714,50886,2100,false-positive pair events / honest receiver-run,30,23.7932857143,24.6738690476,ratio of pooled event counts/opportunities,percentile cluster bootstrap (2000 resamples of RNG seeds),honest receiver-run,Each honest receiver contributes one exposure unit in each complete observed run.
full,test,benign_stress,gnss_sigma_8_assumed_2,clean_false_positives_per_receiver_run,24.2314285714,50886,2100,clean-pair false-positive events / honest receiver-run,30,23.8004166667,24.6843095238,ratio of pooled event counts/opportunities,percentile cluster bootstrap (2000 resamples of RNG seeds),honest receiver-run,Each honest receiver contributes one exposure unit in each complete observed run.
full,test,benign_stress,gnss_sigma_8_assumed_2,stream_false_positives_per_receiver_minute,29.0777142857,50886,1750,false positives / receiver-minute,30,28.5821714286,29.5685714286,ratio of pooled event counts/opportunities,percentile cluster bootstrap (2000 resamples of RNG seeds),receiver-minute,Receiver-minutes use honest receivers times the common evaluation-window duration.
full,test,benign_stress,gnss_sigma_8_assumed_2,stream_false_positives_per_million_negative_messages,8886.78853823,50886,5726028,false-positive pair events / million negative messages,30,8775.62534911,8987.41650731,ratio of pooled event counts/opportunities,percentile cluster bootstrap (2000 resamples of RNG seeds),negative message,"The numerator is a receiver--claimed-identity window event, not a per-message decision; messages provide an exposure denominator."
full,test,benign_stress,gnss_sigma_8_assumed_2,clean_false_positive_rate_per_clean_pair,0.686924592997,50886,74078,false positives / clean honest pair,30,0.681547260214,0.692213190537,ratio of pooled event counts/opportunities,percentile cluster bootstrap (2000 resamples of RNG seeds),clean honest eligible pair,
full,test,benign_stress,gnss_sigma_8_assumed_2,clean_false_positives_per_receiver_minute,29.0777142857,50886,1750,false positives / receiver-minute,30,28.5399714286,29.6005857143,ratio of pooled event counts/opportunities,percentile cluster bootstrap (2000 resamples of RNG seeds),receiver-minute,
full,test,benign_stress,gnss_sigma_8_assumed_2,clean_false_positives_per_million_clean_messages,8886.78853823,50886,5726028,false-positive pair events / million clean messages,30,8772.85490914,8987.87569663,ratio of pooled event counts/opportunities,percentile cluster bootstrap (2000 resamples of RNG seeds),clean honest message,"The numerator is a clean-pair window event, not a per-message decision; messages provide an exposure denominator."
full,test,benign_stress,gnss_sigma_8_assumed_2,track_false_positive_pair_rate,0.408609843678,30269,74078,track-alerted clean pairs / clean pair,30,0.403202119567,0.413797106039,ratio of pooled event counts/opportunities,percentile cluster bootstrap (2000 resamples of RNG seeds),clean honest eligible pair,Numerator is pair-level because the pair schema exposes whether any track alerted.
full,test,benign_stress,gnss_sigma_8_assumed_2,track_false_positive_pairs_per_clean_evaluation_window_track,0.140713399129,30269,215111,track-alerted clean pairs / clean evaluation-window track,30,0.139077675215,0.142432654287,ratio of pooled event counts/opportunities,percentile cluster bootstrap (2000 resamples of RNG seeds),clean evaluation-window content-associated track,Conservative pair-event numerator; individual alerted-track count is not in the schema. Track count requires at least one window message.
full,test,benign_stress,gnss_sigma_8_assumed_2,malicious_delay_censoring_rate,nan,0,0,proportion,0,nan,nan,ratio of pooled event counts/opportunities,percentile cluster bootstrap (2000 resamples of RNG seeds),malicious eligible pair,Censoring is reported separately; delay quartiles condition on detection.
full,test,benign_stress,gnss_sigma_8_assumed_2,postwarmup_track_merges_per_evaluation_window_track,0,0,215111,post-warm-up merges / evaluation-window track,30,0,0,ratio of pooled event counts/opportunities,percentile cluster bootstrap (2000 resamples of RNG seeds),evaluation-window content-associated track,Merge counts span all post-warm-up tracked messages; the pair schema exposes only evaluation-window track count as a normalization base.
full,test,benign_stress,gnss_sigma_8_assumed_2,postwarmup_track_fragments_per_evaluation_window_track,0.655628954354,141033,215111,post-warm-up fragments / evaluation-window track,30,0.654634164428,0.65662650007,ratio of pooled event counts/opportunities,percentile cluster bootstrap (2000 resamples of RNG seeds),evaluation-window content-associated track,"Fragment counts span all post-warm-up tracked messages; this is a descriptive normalization, not a window-matched event rate."
full,test,benign_stress,gnss_sigma_8_assumed_2,postwarmup_track_id_switches_per_evaluation_window_track,0,0,215111,post-warm-up ID switches / evaluation-window track,30,0,0,ratio of pooled event counts/opportunities,percentile cluster bootstrap (2000 resamples of RNG seeds),evaluation-window content-associated track,"ID-switch counts span all post-warm-up tracked messages; this is a descriptive normalization, not a window-matched event rate."
full,test,benign_stress,gnss_sigma_8_assumed_2,window_message_weighted_postwarmup_track_purity,1,5726028,5726028,proportion,30,1,1,ratio of pooled event counts/opportunities,percentile cluster bootstrap (2000 resamples of RNG seeds),eligible-window message,Each pair's post-warm-up track purity is weighted by its evaluation-window message count; purity itself is not window-restricted.
full,test,benign_stress,gnss_sigma_8_assumed_2,stride_ambiguous_rate_among_alerts,0,0,50886,proportion,30,0,0,ratio of pooled event counts/opportunities,percentile cluster bootstrap (2000 resamples of RNG seeds),alerted eligible pair,
full,test,benign_stress,gnss_sigma_8_assumed_2,stride_unassigned_rate_among_alerts,0.0230908304838,1175,50886,proportion,30,0.0209558935273,0.0252694824044,ratio of pooled event counts/opportunities,percentile cluster bootstrap (2000 resamples of RNG seeds),alerted eligible pair,
full,test,benign_stress,gnss_sigma_8_assumed_2,pair_exposure_q1_pooled_p2,7.17207149011,,74078,s,0,nan,nan,P-squared online quantile over pooled pair observations,not computed for pooled descriptive quantile,eligible pair,Constant-memory approximation; use seed rows below for uncertainty.
full,test,benign_stress,gnss_sigma_8_assumed_2,pair_exposure_median_pooled_p2,8.84774189222,,74078,s,0,nan,nan,P-squared online quantile over pooled pair observations,not computed for pooled descriptive quantile,eligible pair,Constant-memory approximation; use seed rows below for uncertainty.
full,test,benign_stress,gnss_sigma_8_assumed_2,pair_exposure_q3_pooled_p2,11.6721000931,,74078,s,0,nan,nan,P-squared online quantile over pooled pair observations,not computed for pooled descriptive quantile,eligible pair,Constant-memory approximation; use seed rows below for uncertainty.
full,test,benign_stress,gnss_sigma_8_assumed_2,seed_mean_of_within_seed_pair_exposure_q1,7.17544898485,,30,s,30,7.11726386093,7.23107012747,mean of per-seed P-squared q1 estimates,percentile cluster bootstrap (2000 resamples of RNG seeds),independent RNG seed,Within-seed observations are eligible pairs; seeds are the inferential unit.
full,test,benign_stress,gnss_sigma_8_assumed_2,seed_mean_of_within_seed_pair_exposure_median,8.85476132588,,30,s,30,8.79343233907,8.91859315815,mean of per-seed P-squared median estimates,percentile cluster bootstrap (2000 resamples of RNG seeds),independent RNG seed,Within-seed observations are eligible pairs; seeds are the inferential unit.
full,test,benign_stress,gnss_sigma_8_assumed_2,seed_mean_of_within_seed_pair_exposure_q3,12.0380912139,,30,s,30,11.517028768,12.8529866452,mean of per-seed P-squared q3 estimates,percentile cluster bootstrap (2000 resamples of RNG seeds),independent RNG seed,Within-seed observations are eligible pairs; seeds are the inferential unit.
full,test,benign_stress,gnss_sigma_8_assumed_2,clean_pair_exposure_q1_pooled_p2,7.17207149011,,74078,s,0,nan,nan,P-squared online quantile over pooled pair observations,not computed for pooled descriptive quantile,clean honest eligible pair,Constant-memory approximation; use seed rows below for uncertainty.
full,test,benign_stress,gnss_sigma_8_assumed_2,clean_pair_exposure_median_pooled_p2,8.84774189222,,74078,s,0,nan,nan,P-squared online quantile over pooled pair observations,not computed for pooled descriptive quantile,clean honest eligible pair,Constant-memory approximation; use seed rows below for uncertainty.
full,test,benign_stress,gnss_sigma_8_assumed_2,clean_pair_exposure_q3_pooled_p2,11.6721000931,,74078,s,0,nan,nan,P-squared online quantile over pooled pair observations,not computed for pooled descriptive quantile,clean honest eligible pair,Constant-memory approximation; use seed rows below for uncertainty.
full,test,benign_stress,gnss_sigma_8_assumed_2,seed_mean_of_within_seed_clean_pair_exposure_q1,7.17544898485,,30,s,30,7.11266518714,7.23459376901,mean of per-seed P-squared q1 estimates,percentile cluster bootstrap (2000 resamples of RNG seeds),independent RNG seed,Within-seed observations are clean honest eligible pairs; seeds are the inferential unit.
full,test,benign_stress,gnss_sigma_8_assumed_2,seed_mean_of_within_seed_clean_pair_exposure_median,8.85476132588,,30,s,30,8.79241761214,8.91622138699,mean of per-seed P-squared median estimates,percentile cluster bootstrap (2000 resamples of RNG seeds),independent RNG seed,Within-seed observations are clean honest eligible pairs; seeds are the inferential unit.
full,test,benign_stress,gnss_sigma_8_assumed_2,seed_mean_of_within_seed_clean_pair_exposure_q3,12.0380912139,,30,s,30,11.5322387401,12.8707269763,mean of per-seed P-squared q3 estimates,percentile cluster bootstrap (2000 resamples of RNG seeds),independent RNG seed,Within-seed observations are clean honest eligible pairs; seeds are the inferential unit.
full,test,benign_stress,gnss_sigma_8_assumed_2,malicious_pair_exposure_q1_pooled_p2,nan,,0,s,0,nan,nan,P-squared online quantile over pooled pair observations,not computed for pooled descriptive quantile,malicious eligible pair,Constant-memory approximation; use seed rows below for uncertainty.
full,test,benign_stress,gnss_sigma_8_assumed_2,malicious_pair_exposure_median_pooled_p2,nan,,0,s,0,nan,nan,P-squared online quantile over pooled pair observations,not computed for pooled descriptive quantile,malicious eligible pair,Constant-memory approximation; use seed rows below for uncertainty.
full,test,benign_stress,gnss_sigma_8_assumed_2,malicious_pair_exposure_q3_pooled_p2,nan,,0,s,0,nan,nan,P-squared online quantile over pooled pair observations,not computed for pooled descriptive quantile,malicious eligible pair,Constant-memory approximation; use seed rows below for uncertainty.
full,test,benign_stress,gnss_sigma_8_assumed_2,seed_mean_of_within_seed_malicious_pair_exposure_q1,nan,,0,s,0,nan,nan,mean of per-seed P-squared q1 estimates,percentile cluster bootstrap (2000 resamples of RNG seeds),independent RNG seed,Within-seed observations are malicious eligible pairs; seeds are the inferential unit.
full,test,benign_stress,gnss_sigma_8_assumed_2,seed_mean_of_within_seed_malicious_pair_exposure_median,nan,,0,s,0,nan,nan,mean of per-seed P-squared median estimates,percentile cluster bootstrap (2000 resamples of RNG seeds),independent RNG seed,Within-seed observations are malicious eligible pairs; seeds are the inferential unit.
full,test,benign_stress,gnss_sigma_8_assumed_2,seed_mean_of_within_seed_malicious_pair_exposure_q3,nan,,0,s,0,nan,nan,mean of per-seed P-squared q3 estimates,percentile cluster bootstrap (2000 resamples of RNG seeds),independent RNG seed,Within-seed observations are malicious eligible pairs; seeds are the inferential unit.
full,test,benign_stress,gnss_sigma_8_assumed_2,detected_delay_q1_pooled_p2,nan,,0,s,0,nan,nan,P-squared online quantile over pooled pair observations,not computed for pooled descriptive quantile,detected malicious pair,Constant-memory approximation; use seed rows below for uncertainty.
full,test,benign_stress,gnss_sigma_8_assumed_2,detected_delay_median_pooled_p2,nan,,0,s,0,nan,nan,P-squared online quantile over pooled pair observations,not computed for pooled descriptive quantile,detected malicious pair,Constant-memory approximation; use seed rows below for uncertainty.
full,test,benign_stress,gnss_sigma_8_assumed_2,detected_delay_q3_pooled_p2,nan,,0,s,0,nan,nan,P-squared online quantile over pooled pair observations,not computed for pooled descriptive quantile,detected malicious pair,Constant-memory approximation; use seed rows below for uncertainty.
full,test,benign_stress,gnss_sigma_8_assumed_2,seed_mean_of_within_seed_detected_delay_q1,nan,,0,s,0,nan,nan,mean of per-seed P-squared q1 estimates,percentile cluster bootstrap (2000 resamples of RNG seeds),independent RNG seed,Within-seed observations are detected malicious pairs; seeds are the inferential unit.
full,test,benign_stress,gnss_sigma_8_assumed_2,seed_mean_of_within_seed_detected_delay_median,nan,,0,s,0,nan,nan,mean of per-seed P-squared median estimates,percentile cluster bootstrap (2000 resamples of RNG seeds),independent RNG seed,Within-seed observations are detected malicious pairs; seeds are the inferential unit.
full,test,benign_stress,gnss_sigma_8_assumed_2,seed_mean_of_within_seed_detected_delay_q3,nan,,0,s,0,nan,nan,mean of per-seed P-squared q3 estimates,percentile cluster bootstrap (2000 resamples of RNG seeds),independent RNG seed,Within-seed observations are detected malicious pairs; seeds are the inferential unit.
full,test,benign_stress,gnss_sigma_8_assumed_2,postwarmup_track_purity_q1_pooled_p2,1,,74078,proportion,0,nan,nan,P-squared online quantile over pooled pair observations,not computed for pooled descriptive quantile,eligible pair,Constant-memory approximation; use seed rows below for uncertainty.
full,test,benign_stress,gnss_sigma_8_assumed_2,postwarmup_track_purity_median_pooled_p2,1,,74078,proportion,0,nan,nan,P-squared online quantile over pooled pair observations,not computed for pooled descriptive quantile,eligible pair,Constant-memory approximation; use seed rows below for uncertainty.
full,test,benign_stress,gnss_sigma_8_assumed_2,postwarmup_track_purity_q3_pooled_p2,1,,74078,proportion,0,nan,nan,P-squared online quantile over pooled pair observations,not computed for pooled descriptive quantile,eligible pair,Constant-memory approximation; use seed rows below for uncertainty.
full,test,benign_stress,gnss_sigma_8_assumed_2,seed_mean_of_within_seed_postwarmup_track_purity_q1,1,,30,proportion,30,1,1,mean of per-seed P-squared q1 estimates,percentile cluster bootstrap (2000 resamples of RNG seeds),independent RNG seed,Within-seed observations are eligible pairs; seeds are the inferential unit.
full,test,benign_stress,gnss_sigma_8_assumed_2,seed_mean_of_within_seed_postwarmup_track_purity_median,1,,30,proportion,30,1,1,mean of per-seed P-squared median estimates,percentile cluster bootstrap (2000 resamples of RNG seeds),independent RNG seed,Within-seed observations are eligible pairs; seeds are the inferential unit.
full,test,benign_stress,gnss_sigma_8_assumed_2,seed_mean_of_within_seed_postwarmup_track_purity_q3,1,,30,proportion,30,1,1,mean of per-seed P-squared q3 estimates,percentile cluster bootstrap (2000 resamples of RNG seeds),independent RNG seed,Within-seed observations are eligible pairs; seeds are the inferential unit.
full,test,mixedhard_prevalence,mixedhard_frac_0p1,pair_prevalence,0.194610025589,13157,67607,proportion,30,0.180942918602,0.208068755641,ratio of pooled event counts/opportunities,percentile cluster bootstrap (2000 resamples of RNG seeds),eligible pair,
full,test,mixedhard_prevalence,mixedhard_frac_0p1,stream_false_positive_rate_per_negative_pair,0,0,54450,false positives / negative pair,30,0,0,ratio of pooled event counts/opportunities,percentile cluster bootstrap (2000 resamples of RNG seeds),negative eligible pair,
full,test,mixedhard_prevalence,mixedhard_frac_0p1,stream_false_positives_per_run,0,0,30,false positives / observed pair run,30,0,0,ratio of pooled event counts/runs,percentile cluster bootstrap (2000 resamples of RNG seeds),independent RNG seed,Only runs with complete observed pair blocks contribute.
full,test,mixedhard_prevalence,mixedhard_frac_0p1,clean_false_positives_per_run,0,0,30,false positives / observed pair run,30,0,0,ratio of pooled event counts/runs,percentile cluster bootstrap (2000 resamples of RNG seeds),independent RNG seed,Only runs with complete observed pair blocks contribute.
full,test,mixedhard_prevalence,mixedhard_frac_0p1,stream_false_positives_per_receiver_run,0,0,1890,false-positive pair events / honest receiver-run,30,0,0,ratio of pooled event counts/opportunities,percentile cluster bootstrap (2000 resamples of RNG seeds),honest receiver-run,Each honest receiver contributes one exposure unit in each complete observed run.
full,test,mixedhard_prevalence,mixedhard_frac_0p1,clean_false_positives_per_receiver_run,0,0,1890,clean-pair false-positive events / honest receiver-run,30,0,0,ratio of pooled event counts/opportunities,percentile cluster bootstrap (2000 resamples of RNG seeds),honest receiver-run,Each honest receiver contributes one exposure unit in each complete observed run.
full,test,mixedhard_prevalence,mixedhard_frac_0p1,stream_false_positives_per_receiver_minute,0,0,1575,false positives / receiver-minute,30,0,0,ratio of pooled event counts/opportunities,percentile cluster bootstrap (2000 resamples of RNG seeds),receiver-minute,Receiver-minutes use honest receivers times the common evaluation-window duration.
full,test,mixedhard_prevalence,mixedhard_frac_0p1,stream_false_positives_per_million_negative_messages,0,0,4138850,false-positive pair events / million negative messages,30,0,0,ratio of pooled event counts/opportunities,percentile cluster bootstrap (2000 resamples of RNG seeds),negative message,"The numerator is a receiver--claimed-identity window event, not a per-message decision; messages provide an exposure denominator."
full,test,mixedhard_prevalence,mixedhard_frac_0p1,clean_false_positive_rate_per_clean_pair,0,0,54447,false positives / clean honest pair,30,0,0,ratio of pooled event counts/opportunities,percentile cluster bootstrap (2000 resamples of RNG seeds),clean honest eligible pair,
full,test,mixedhard_prevalence,mixedhard_frac_0p1,clean_false_positives_per_receiver_minute,0,0,1575,false positives / receiver-minute,30,0,0,ratio of pooled event counts/opportunities,percentile cluster bootstrap (2000 resamples of RNG seeds),receiver-minute,
full,test,mixedhard_prevalence,mixedhard_frac_0p1,clean_false_positives_per_million_clean_messages,0,0,4138847,false-positive pair events / million clean messages,30,0,0,ratio of pooled event counts/opportunities,percentile cluster bootstrap (2000 resamples of RNG seeds),clean honest message,"The numerator is a clean-pair window event, not a per-message decision; messages provide an exposure denominator."
full,test,mixedhard_prevalence,mixedhard_frac_0p1,track_false_positive_pair_rate,0,0,54447,track-alerted clean pairs / clean pair,30,0,0,ratio of pooled event counts/opportunities,percentile cluster bootstrap (2000 resamples of RNG seeds),clean honest eligible pair,Numerator is pair-level because the pair schema exposes whether any track alerted.
full,test,mixedhard_prevalence,mixedhard_frac_0p1,track_false_positive_pairs_per_clean_evaluation_window_track,0,0,54680,track-alerted clean pairs / clean evaluation-window track,30,0,0,ratio of pooled event counts/opportunities,percentile cluster bootstrap (2000 resamples of RNG seeds),clean evaluation-window content-associated track,Conservative pair-event numerator; individual alerted-track count is not in the schema. Track count requires at least one window message.
full,test,mixedhard_prevalence,mixedhard_frac_0p1,malicious_delay_censoring_rate,0.237744166603,3128,13157,proportion,30,0.221900139581,0.254483160879,ratio of pooled event counts/opportunities,percentile cluster bootstrap (2000 resamples of RNG seeds),malicious eligible pair,Censoring is reported separately; delay quartiles condition on detection.
full,test,mixedhard_prevalence,mixedhard_frac_0p1,postwarmup_track_merges_per_evaluation_window_track,0.0656268024174,5234,79754,post-warm-up merges / evaluation-window track,30,0.0575905940881,0.0730940041987,ratio of pooled event counts/opportunities,percentile cluster bootstrap (2000 resamples of RNG seeds),evaluation-window content-associated track,Merge counts span all post-warm-up tracked messages; the pair schema exposes only evaluation-window track count as a normalization base.
full,test,mixedhard_prevalence,mixedhard_frac_0p1,postwarmup_track_fragments_per_evaluation_window_track,0.0874564285177,6975,79754,post-warm-up fragments / evaluation-window track,30,0.0815174996054,0.0934092731144,ratio of pooled event counts/opportunities,percentile cluster bootstrap (2000 resamples of RNG seeds),evaluation-window content-associated track,"Fragment counts span all post-warm-up tracked messages; this is a descriptive normalization, not a window-matched event rate."
full,test,mixedhard_prevalence,mixedhard_frac_0p1,postwarmup_track_id_switches_per_evaluation_window_track,0.0678712039522,5413,79754,post-warm-up ID switches / evaluation-window track,30,0.0586231223061,0.0775485867336,ratio of pooled event counts/opportunities,percentile cluster bootstrap (2000 resamples of RNG seeds),evaluation-window content-associated track,"ID-switch counts span all post-warm-up tracked messages; this is a descriptive normalization, not a window-matched event rate."
full,test,mixedhard_prevalence,mixedhard_frac_0p1,window_message_weighted_postwarmup_track_purity,0.996637701361,5812685.08246,5832295,proportion,30,0.996062508065,0.997240945489,ratio of pooled event counts/opportunities,percentile cluster bootstrap (2000 resamples of RNG seeds),eligible-window message,Each pair's post-warm-up track purity is weighted by its evaluation-window message count; purity itself is not window-restricted.
full,test,mixedhard_prevalence,mixedhard_frac_0p1,stride_ambiguous_rate_among_alerts,0.00498554192841,50,10029,proportion,30,0.00263743175607,0.00776758064039,ratio of pooled event counts/opportunities,percentile cluster bootstrap (2000 resamples of RNG seeds),alerted eligible pair,
full,test,mixedhard_prevalence,mixedhard_frac_0p1,stride_unassigned_rate_among_alerts,0,0,10029,proportion,30,0,0,ratio of pooled event counts/opportunities,percentile cluster bootstrap (2000 resamples of RNG seeds),alerted eligible pair,
full,test,mixedhard_prevalence,mixedhard_frac_0p1,pair_exposure_q1_pooled_p2,7.04418979506,,67607,s,0,nan,nan,P-squared online quantile over pooled pair observations,not computed for pooled descriptive quantile,eligible pair,Constant-memory approximation; use seed rows below for uncertainty.
full,test,mixedhard_prevalence,mixedhard_frac_0p1,pair_exposure_median_pooled_p2,8.90826385641,,67607,s,0,nan,nan,P-squared online quantile over pooled pair observations,not computed for pooled descriptive quantile,eligible pair,Constant-memory approximation; use seed rows below for uncertainty.
full,test,mixedhard_prevalence,mixedhard_frac_0p1,pair_exposure_q3_pooled_p2,12.4223283957,,67607,s,0,nan,nan,P-squared online quantile over pooled pair observations,not computed for pooled descriptive quantile,eligible pair,Constant-memory approximation; use seed rows below for uncertainty.
full,test,mixedhard_prevalence,mixedhard_frac_0p1,seed_mean_of_within_seed_pair_exposure_q1,7.0401902201,,30,s,30,6.97082232936,7.10446909552,mean of per-seed P-squared q1 estimates,percentile cluster bootstrap (2000 resamples of RNG seeds),independent RNG seed,Within-seed observations are eligible pairs; seeds are the inferential unit.
full,test,mixedhard_prevalence,mixedhard_frac_0p1,seed_mean_of_within_seed_pair_exposure_median,8.9215416343,,30,s,30,8.85843062424,8.98333239966,mean of per-seed P-squared median estimates,percentile cluster bootstrap (2000 resamples of RNG seeds),independent RNG seed,Within-seed observations are eligible pairs; seeds are the inferential unit.
full,test,mixedhard_prevalence,mixedhard_frac_0p1,seed_mean_of_within_seed_pair_exposure_q3,13.1042567206,,30,s,30,12.5224687401,13.835072008,mean of per-seed P-squared q3 estimates,percentile cluster bootstrap (2000 resamples of RNG seeds),independent RNG seed,Within-seed observations are eligible pairs; seeds are the inferential unit.
full,test,mixedhard_prevalence,mixedhard_frac_0p1,clean_pair_exposure_q1_pooled_p2,7.09038902994,,54447,s,0,nan,nan,P-squared online quantile over pooled pair observations,not computed for pooled descriptive quantile,clean honest eligible pair,Constant-memory approximation; use seed rows below for uncertainty.
full,test,mixedhard_prevalence,mixedhard_frac_0p1,clean_pair_exposure_median_pooled_p2,8.79533682356,,54447,s,0,nan,nan,P-squared online quantile over pooled pair observations,not computed for pooled descriptive quantile,clean honest eligible pair,Constant-memory approximation; use seed rows below for uncertainty.
full,test,mixedhard_prevalence,mixedhard_frac_0p1,clean_pair_exposure_q3_pooled_p2,11.4414621637,,54447,s,0,nan,nan,P-squared online quantile over pooled pair observations,not computed for pooled descriptive quantile,clean honest eligible pair,Constant-memory approximation; use seed rows below for uncertainty.
full,test,mixedhard_prevalence,mixedhard_frac_0p1,seed_mean_of_within_seed_clean_pair_exposure_q1,7.09080760652,,30,s,30,7.03393504078,7.14462183259,mean of per-seed P-squared q1 estimates,percentile cluster bootstrap (2000 resamples of RNG seeds),independent RNG seed,Within-seed observations are clean honest eligible pairs; seeds are the inferential unit.
full,test,mixedhard_prevalence,mixedhard_frac_0p1,seed_mean_of_within_seed_clean_pair_exposure_median,8.78014487914,,30,s,30,8.7130395241,8.84248499905,mean of per-seed P-squared median estimates,percentile cluster bootstrap (2000 resamples of RNG seeds),independent RNG seed,Within-seed observations are clean honest eligible pairs; seeds are the inferential unit.
full,test,mixedhard_prevalence,mixedhard_frac_0p1,seed_mean_of_within_seed_clean_pair_exposure_q3,11.5639771909,,30,s,30,11.3113384694,11.8121828031,mean of per-seed P-squared q3 estimates,percentile cluster bootstrap (2000 resamples of RNG seeds),independent RNG seed,Within-seed observations are clean honest eligible pairs; seeds are the inferential unit.
full,test,mixedhard_prevalence,mixedhard_frac_0p1,malicious_pair_exposure_q1_pooled_p2,6.70947588066,,13157,s,0,nan,nan,P-squared online quantile over pooled pair observations,not computed for pooled descriptive quantile,malicious eligible pair,Constant-memory approximation; use seed rows below for uncertainty.
full,test,mixedhard_prevalence,mixedhard_frac_0p1,malicious_pair_exposure_median_pooled_p2,10.0615340561,,13157,s,0,nan,nan,P-squared online quantile over pooled pair observations,not computed for pooled descriptive quantile,malicious eligible pair,Constant-memory approximation; use seed rows below for uncertainty.
full,test,mixedhard_prevalence,mixedhard_frac_0p1,malicious_pair_exposure_q3_pooled_p2,23.0585131837,,13157,s,0,nan,nan,P-squared online quantile over pooled pair observations,not computed for pooled descriptive quantile,malicious eligible pair,Constant-memory approximation; use seed rows below for uncertainty.
full,test,mixedhard_prevalence,mixedhard_frac_0p1,seed_mean_of_within_seed_malicious_pair_exposure_q1,6.59780007375,,30,s,30,6.18925107843,7.00319548087,mean of per-seed P-squared q1 estimates,percentile cluster bootstrap (2000 resamples of RNG seeds),independent RNG seed,Within-seed observations are malicious eligible pairs; seeds are the inferential unit.
full,test,mixedhard_prevalence,mixedhard_frac_0p1,seed_mean_of_within_seed_malicious_pair_exposure_median,10.1097009024,,30,s,30,9.75909434135,10.5151510595,mean of per-seed P-squared median estimates,percentile cluster bootstrap (2000 resamples of RNG seeds),independent RNG seed,Within-seed observations are malicious eligible pairs; seeds are the inferential unit.
full,test,mixedhard_prevalence,mixedhard_frac_0p1,seed_mean_of_within_seed_malicious_pair_exposure_q3,23.8144224537,,30,s,30,21.3853790577,26.3646195332,mean of per-seed P-squared q3 estimates,percentile cluster bootstrap (2000 resamples of RNG seeds),independent RNG seed,Within-seed observations are malicious eligible pairs; seeds are the inferential unit.
full,test,mixedhard_prevalence,mixedhard_frac_0p1,detected_delay_q1_pooled_p2,5.20059244435e-05,,10029,s,0,nan,nan,P-squared online quantile over pooled pair observations,not computed for pooled descriptive quantile,detected malicious pair,Constant-memory approximation; use seed rows below for uncertainty.
full,test,mixedhard_prevalence,mixedhard_frac_0p1,detected_delay_median_pooled_p2,0.257698486282,,10029,s,0,nan,nan,P-squared online quantile over pooled pair observations,not computed for pooled descriptive quantile,detected malicious pair,Constant-memory approximation; use seed rows below for uncertainty.
full,test,mixedhard_prevalence,mixedhard_frac_0p1,detected_delay_q3_pooled_p2,1.37940477822,,10029,s,0,nan,nan,P-squared online quantile over pooled pair observations,not computed for pooled descriptive quantile,detected malicious pair,Constant-memory approximation; use seed rows below for uncertainty.
full,test,mixedhard_prevalence,mixedhard_frac_0p1,seed_mean_of_within_seed_detected_delay_q1,0.0074886677917,,30,s,30,0.00201989449996,0.0158167623421,mean of per-seed P-squared q1 estimates,percentile cluster bootstrap (2000 resamples of RNG seeds),independent RNG seed,Within-seed observations are detected malicious pairs; seeds are the inferential unit.
full,test,mixedhard_prevalence,mixedhard_frac_0p1,seed_mean_of_within_seed_detected_delay_median,0.354703172604,,30,s,30,0.283802561695,0.42493054449,mean of per-seed P-squared median estimates,percentile cluster bootstrap (2000 resamples of RNG seeds),independent RNG seed,Within-seed observations are detected malicious pairs; seeds are the inferential unit.
full,test,mixedhard_prevalence,mixedhard_frac_0p1,seed_mean_of_within_seed_detected_delay_q3,1.39438037666,,30,s,30,1.27732025492,1.52297323183,mean of per-seed P-squared q3 estimates,percentile cluster bootstrap (2000 resamples of RNG seeds),independent RNG seed,Within-seed observations are detected malicious pairs; seeds are the inferential unit.
full,test,mixedhard_prevalence,mixedhard_frac_0p1,postwarmup_track_purity_q1_pooled_p2,0.999999999822,,67607,proportion,0,nan,nan,P-squared online quantile over pooled pair observations,not computed for pooled descriptive quantile,eligible pair,Constant-memory approximation; use seed rows below for uncertainty.
full,test,mixedhard_prevalence,mixedhard_frac_0p1,postwarmup_track_purity_median_pooled_p2,1,,67607,proportion,0,nan,nan,P-squared online quantile over pooled pair observations,not computed for pooled descriptive quantile,eligible pair,Constant-memory approximation; use seed rows below for uncertainty.
full,test,mixedhard_prevalence,mixedhard_frac_0p1,postwarmup_track_purity_q3_pooled_p2,1,,67607,proportion,0,nan,nan,P-squared online quantile over pooled pair observations,not computed for pooled descriptive quantile,eligible pair,Constant-memory approximation; use seed rows below for uncertainty.
full,test,mixedhard_prevalence,mixedhard_frac_0p1,seed_mean_of_within_seed_postwarmup_track_purity_q1,0.999999582221,,30,proportion,30,0.999999192177,0.999999843161,mean of per-seed P-squared q1 estimates,percentile cluster bootstrap (2000 resamples of RNG seeds),independent RNG seed,Within-seed observations are eligible pairs; seeds are the inferential unit.
full,test,mixedhard_prevalence,mixedhard_frac_0p1,seed_mean_of_within_seed_postwarmup_track_purity_median,0.999999994009,,30,proportion,30,0.999999988269,0.999999998031,mean of per-seed P-squared median estimates,percentile cluster bootstrap (2000 resamples of RNG seeds),independent RNG seed,Within-seed observations are eligible pairs; seeds are the inferential unit.
full,test,mixedhard_prevalence,mixedhard_frac_0p1,seed_mean_of_within_seed_postwarmup_track_purity_q3,1,,30,proportion,30,1,1,mean of per-seed P-squared q3 estimates,percentile cluster bootstrap (2000 resamples of RNG seeds),independent RNG seed,Within-seed observations are eligible pairs; seeds are the inferential unit.
full,test,mixedhard_prevalence,mixedhard_frac_0p2,pair_prevalence,0.349773270674,21212,60645,proportion,30,0.33195721888,0.367149852599,ratio of pooled event counts/opportunities,percentile cluster bootstrap (2000 resamples of RNG seeds),eligible pair,
full,test,mixedhard_prevalence,mixedhard_frac_0p2,stream_false_positive_rate_per_negative_pair,0,0,39433,false positives / negative pair,30,0,0,ratio of pooled event counts/opportunities,percentile cluster bootstrap (2000 resamples of RNG seeds),negative eligible pair,
full,test,mixedhard_prevalence,mixedhard_frac_0p2,stream_false_positives_per_run,0,0,30,false positives / observed pair run,30,0,0,ratio of pooled event counts/runs,percentile cluster bootstrap (2000 resamples of RNG seeds),independent RNG seed,Only runs with complete observed pair blocks contribute.
full,test,mixedhard_prevalence,mixedhard_frac_0p2,clean_false_positives_per_run,0,0,30,false positives / observed pair run,30,0,0,ratio of pooled event counts/runs,percentile cluster bootstrap (2000 resamples of RNG seeds),independent RNG seed,Only runs with complete observed pair blocks contribute.
full,test,mixedhard_prevalence,mixedhard_frac_0p2,stream_false_positives_per_receiver_run,0,0,1680,false-positive pair events / honest receiver-run,30,0,0,ratio of pooled event counts/opportunities,percentile cluster bootstrap (2000 resamples of RNG seeds),honest receiver-run,Each honest receiver contributes one exposure unit in each complete observed run.
full,test,mixedhard_prevalence,mixedhard_frac_0p2,clean_false_positives_per_receiver_run,0,0,1680,clean-pair false-positive events / honest receiver-run,30,0,0,ratio of pooled event counts/opportunities,percentile cluster bootstrap (2000 resamples of RNG seeds),honest receiver-run,Each honest receiver contributes one exposure unit in each complete observed run.
full,test,mixedhard_prevalence,mixedhard_frac_0p2,stream_false_positives_per_receiver_minute,0,0,1400,false positives / receiver-minute,30,0,0,ratio of pooled event counts/opportunities,percentile cluster bootstrap (2000 resamples of RNG seeds),receiver-minute,Receiver-minutes use honest receivers times the common evaluation-window duration.
full,test,mixedhard_prevalence,mixedhard_frac_0p2,stream_false_positives_per_million_negative_messages,0,0,2971984,false-positive pair events / million negative messages,30,0,0,ratio of pooled event counts/opportunities,percentile cluster bootstrap (2000 resamples of RNG seeds),negative message,"The numerator is a receiver--claimed-identity window event, not a per-message decision; messages provide an exposure denominator."
full,test,mixedhard_prevalence,mixedhard_frac_0p2,clean_false_positive_rate_per_clean_pair,0,0,39429,false positives / clean honest pair,30,0,0,ratio of pooled event counts/opportunities,percentile cluster bootstrap (2000 resamples of RNG seeds),clean honest eligible pair,
full,test,mixedhard_prevalence,mixedhard_frac_0p2,clean_false_positives_per_receiver_minute,0,0,1400,false positives / receiver-minute,30,0,0,ratio of pooled event counts/opportunities,percentile cluster bootstrap (2000 resamples of RNG seeds),receiver-minute,
full,test,mixedhard_prevalence,mixedhard_frac_0p2,clean_false_positives_per_million_clean_messages,0,0,2971979,false-positive pair events / million clean messages,30,0,0,ratio of pooled event counts/opportunities,percentile cluster bootstrap (2000 resamples of RNG seeds),clean honest message,"The numerator is a clean-pair window event, not a per-message decision; messages provide an exposure denominator."
full,test,mixedhard_prevalence,mixedhard_frac_0p2,track_false_positive_pair_rate,0,0,39429,track-alerted clean pairs / clean pair,30,0,0,ratio of pooled event counts/opportunities,percentile cluster bootstrap (2000 resamples of RNG seeds),clean honest eligible pair,Numerator is pair-level because the pair schema exposes whether any track alerted.
full,test,mixedhard_prevalence,mixedhard_frac_0p2,track_false_positive_pairs_per_clean_evaluation_window_track,0,0,39621,track-alerted clean pairs / clean evaluation-window track,30,0,0,ratio of pooled event counts/opportunities,percentile cluster bootstrap (2000 resamples of RNG seeds),clean evaluation-window content-associated track,Conservative pair-event numerator; individual alerted-track count is not in the schema. Track count requires at least one window message.
full,test,mixedhard_prevalence,mixedhard_frac_0p2,malicious_delay_censoring_rate,0.233217046955,4947,21212,proportion,30,0.21957143988,0.246392414422,ratio of pooled event counts/opportunities,percentile cluster bootstrap (2000 resamples of RNG seeds),malicious eligible pair,Censoring is reported separately; delay quartiles condition on detection.
full,test,mixedhard_prevalence,mixedhard_frac_0p2,postwarmup_track_merges_per_evaluation_window_track,0.111493232749,9045,81126,post-warm-up merges / evaluation-window track,30,0.102307231538,0.120254662765,ratio of pooled event counts/opportunities,percentile cluster bootstrap (2000 resamples of RNG seeds),evaluation-window content-associated track,Merge counts span all post-warm-up tracked messages; the pair schema exposes only evaluation-window track count as a normalization base.
full,test,mixedhard_prevalence,mixedhard_frac_0p2,postwarmup_track_fragments_per_evaluation_window_track,0.14451593817,11724,81126,post-warm-up fragments / evaluation-window track,30,0.138630873491,0.150221134594,ratio of pooled event counts/opportunities,percentile cluster bootstrap (2000 resamples of RNG seeds),evaluation-window content-associated track,"Fragment counts span all post-warm-up tracked messages; this is a descriptive normalization, not a window-matched event rate."
full,test,mixedhard_prevalence,mixedhard_frac_0p2,postwarmup_track_id_switches_per_evaluation_window_track,0.123449942065,10015,81126,post-warm-up ID switches / evaluation-window track,30,0.109083132067,0.142118704503,ratio of pooled event counts/opportunities,percentile cluster bootstrap (2000 resamples of RNG seeds),evaluation-window content-associated track,"ID-switch counts span all post-warm-up tracked messages; this is a descriptive normalization, not a window-matched event rate."
full,test,mixedhard_prevalence,mixedhard_frac_0p2,window_message_weighted_postwarmup_track_purity,0.994334800647,5731667.9554,5764324,proportion,30,0.993869422489,0.994812381465,ratio of pooled event counts/opportunities,percentile cluster bootstrap (2000 resamples of RNG seeds),eligible-window message,Each pair's post-warm-up track purity is weighted by its evaluation-window message count; purity itself is not window-restricted.
full,test,mixedhard_prevalence,mixedhard_frac_0p2,stride_ambiguous_rate_among_alerts,0.0101444820166,165,16265,proportion,30,0.00661917042896,0.0149264815972,ratio of pooled event counts/opportunities,percentile cluster bootstrap (2000 resamples of RNG seeds),alerted eligible pair,
full,test,mixedhard_prevalence,mixedhard_frac_0p2,stride_unassigned_rate_among_alerts,0,0,16265,proportion,30,0,0,ratio of pooled event counts/opportunities,percentile cluster bootstrap (2000 resamples of RNG seeds),alerted eligible pair,
full,test,mixedhard_prevalence,mixedhard_frac_0p2,pair_exposure_q1_pooled_p2,6.9878973299,,60645,s,0,nan,nan,P-squared online quantile over pooled pair observations,not computed for pooled descriptive quantile,eligible pair,Constant-memory approximation; use seed rows below for uncertainty.
full,test,mixedhard_prevalence,mixedhard_frac_0p2,pair_exposure_median_pooled_p2,8.9887999233,,60645,s,0,nan,nan,P-squared online quantile over pooled pair observations,not computed for pooled descriptive quantile,eligible pair,Constant-memory approximation; use seed rows below for uncertainty.
full,test,mixedhard_prevalence,mixedhard_frac_0p2,pair_exposure_q3_pooled_p2,15.2199424541,,60645,s,0,nan,nan,P-squared online quantile over pooled pair observations,not computed for pooled descriptive quantile,eligible pair,Constant-memory approximation; use seed rows below for uncertainty.
full,test,mixedhard_prevalence,mixedhard_frac_0p2,seed_mean_of_within_seed_pair_exposure_q1,6.96693018906,,30,s,30,6.89983460203,7.03284139009,mean of per-seed P-squared q1 estimates,percentile cluster bootstrap (2000 resamples of RNG seeds),independent RNG seed,Within-seed observations are eligible pairs; seeds are the inferential unit.
full,test,mixedhard_prevalence,mixedhard_frac_0p2,seed_mean_of_within_seed_pair_exposure_median,8.99365046274,,30,s,30,8.92188918701,9.07037950607,mean of per-seed P-squared median estimates,percentile cluster bootstrap (2000 resamples of RNG seeds),independent RNG seed,Within-seed observations are eligible pairs; seeds are the inferential unit.
full,test,mixedhard_prevalence,mixedhard_frac_0p2,seed_mean_of_within_seed_pair_exposure_q3,15.6191746401,,30,s,30,14.8394768545,16.4533314978,mean of per-seed P-squared q3 estimates,percentile cluster bootstrap (2000 resamples of RNG seeds),independent RNG seed,Within-seed observations are eligible pairs; seeds are the inferential unit.
full,test,mixedhard_prevalence,mixedhard_frac_0p2,clean_pair_exposure_q1_pooled_p2,7.02397907973,,39429,s,0,nan,nan,P-squared online quantile over pooled pair observations,not computed for pooled descriptive quantile,clean honest eligible pair,Constant-memory approximation; use seed rows below for uncertainty.
full,test,mixedhard_prevalence,mixedhard_frac_0p2,clean_pair_exposure_median_pooled_p2,8.70684370267,,39429,s,0,nan,nan,P-squared online quantile over pooled pair observations,not computed for pooled descriptive quantile,clean honest eligible pair,Constant-memory approximation; use seed rows below for uncertainty.
full,test,mixedhard_prevalence,mixedhard_frac_0p2,clean_pair_exposure_q3_pooled_p2,11.5803186387,,39429,s,0,nan,nan,P-squared online quantile over pooled pair observations,not computed for pooled descriptive quantile,clean honest eligible pair,Constant-memory approximation; use seed rows below for uncertainty.
full,test,mixedhard_prevalence,mixedhard_frac_0p2,seed_mean_of_within_seed_clean_pair_exposure_q1,7.04570379035,,30,s,30,6.98180309016,7.1101695208,mean of per-seed P-squared q1 estimates,percentile cluster bootstrap (2000 resamples of RNG seeds),independent RNG seed,Within-seed observations are clean honest eligible pairs; seeds are the inferential unit.
full,test,mixedhard_prevalence,mixedhard_frac_0p2,seed_mean_of_within_seed_clean_pair_exposure_median,8.70467868585,,30,s,30,8.63649798558,8.77517799873,mean of per-seed P-squared median estimates,percentile cluster bootstrap (2000 resamples of RNG seeds),independent RNG seed,Within-seed observations are clean honest eligible pairs; seeds are the inferential unit.
full,test,mixedhard_prevalence,mixedhard_frac_0p2,seed_mean_of_within_seed_clean_pair_exposure_q3,11.9784491436,,30,s,30,11.5359265182,12.5349705735,mean of per-seed P-squared q3 estimates,percentile cluster bootstrap (2000 resamples of RNG seeds),independent RNG seed,Within-seed observations are clean honest eligible pairs; seeds are the inferential unit.
full,test,mixedhard_prevalence,mixedhard_frac_0p2,malicious_pair_exposure_q1_pooled_p2,6.77070345346,,21212,s,0,nan,nan,P-squared online quantile over pooled pair observations,not computed for pooled descriptive quantile,malicious eligible pair,Constant-memory approximation; use seed rows below for uncertainty.
full,test,mixedhard_prevalence,mixedhard_frac_0p2,malicious_pair_exposure_median_pooled_p2,10.0166681244,,21212,s,0,nan,nan,P-squared online quantile over pooled pair observations,not computed for pooled descriptive quantile,malicious eligible pair,Constant-memory approximation; use seed rows below for uncertainty.
full,test,mixedhard_prevalence,mixedhard_frac_0p2,malicious_pair_exposure_q3_pooled_p2,23.4609078901,,21212,s,0,nan,nan,P-squared online quantile over pooled pair observations,not computed for pooled descriptive quantile,malicious eligible pair,Constant-memory approximation; use seed rows below for uncertainty.
full,test,mixedhard_prevalence,mixedhard_frac_0p2,seed_mean_of_within_seed_malicious_pair_exposure_q1,6.61401201908,,30,s,30,6.38150387712,6.8420349035,mean of per-seed P-squared q1 estimates,percentile cluster bootstrap (2000 resamples of RNG seeds),independent RNG seed,Within-seed observations are malicious eligible pairs; seeds are the inferential unit.
full,test,mixedhard_prevalence,mixedhard_frac_0p2,seed_mean_of_within_seed_malicious_pair_exposure_median,10.0417755475,,30,s,30,9.86101866192,10.2215729332,mean of per-seed P-squared median estimates,percentile cluster bootstrap (2000 resamples of RNG seeds),independent RNG seed,Within-seed observations are malicious eligible pairs; seeds are the inferential unit.
full,test,mixedhard_prevalence,mixedhard_frac_0p2,seed_mean_of_within_seed_malicious_pair_exposure_q3,23.621843561,,30,s,30,21.9679360201,25.566299031,mean of per-seed P-squared q3 estimates,percentile cluster bootstrap (2000 resamples of RNG seeds),independent RNG seed,Within-seed observations are malicious eligible pairs; seeds are the inferential unit.
full,test,mixedhard_prevalence,mixedhard_frac_0p2,detected_delay_q1_pooled_p2,3.03190349837e-05,,16265,s,0,nan,nan,P-squared online quantile over pooled pair observations,not computed for pooled descriptive quantile,detected malicious pair,Constant-memory approximation; use seed rows below for uncertainty.
full,test,mixedhard_prevalence,mixedhard_frac_0p2,detected_delay_median_pooled_p2,0.421524683516,,16265,s,0,nan,nan,P-squared online quantile over pooled pair observations,not computed for pooled descriptive quantile,detected malicious pair,Constant-memory approximation; use seed rows below for uncertainty.
full,test,mixedhard_prevalence,mixedhard_frac_0p2,detected_delay_q3_pooled_p2,1.50455175189,,16265,s,0,nan,nan,P-squared online quantile over pooled pair observations,not computed for pooled descriptive quantile,detected malicious pair,Constant-memory approximation; use seed rows below for uncertainty.
full,test,mixedhard_prevalence,mixedhard_frac_0p2,seed_mean_of_within_seed_detected_delay_q1,0.00705589661273,,30,s,30,0.00213837684597,0.0135550025767,mean of per-seed P-squared q1 estimates,percentile cluster bootstrap (2000 resamples of RNG seeds),independent RNG seed,Within-seed observations are detected malicious pairs; seeds are the inferential unit.
full,test,mixedhard_prevalence,mixedhard_frac_0p2,seed_mean_of_within_seed_detected_delay_median,0.450581731748,,30,s,30,0.389672391461,0.506504009808,mean of per-seed P-squared median estimates,percentile cluster bootstrap (2000 resamples of RNG seeds),independent RNG seed,Within-seed observations are detected malicious pairs; seeds are the inferential unit.
full,test,mixedhard_prevalence,mixedhard_frac_0p2,seed_mean_of_within_seed_detected_delay_q3,1.53206911203,,30,s,30,1.43932572089,1.62332399039,mean of per-seed P-squared q3 estimates,percentile cluster bootstrap (2000 resamples of RNG seeds),independent RNG seed,Within-seed observations are detected malicious pairs; seeds are the inferential unit.
full,test,mixedhard_prevalence,mixedhard_frac_0p2,postwarmup_track_purity_q1_pooled_p2,0.99999999985,,60645,proportion,0,nan,nan,P-squared online quantile over pooled pair observations,not computed for pooled descriptive quantile,eligible pair,Constant-memory approximation; use seed rows below for uncertainty.
full,test,mixedhard_prevalence,mixedhard_frac_0p2,postwarmup_track_purity_median_pooled_p2,0.999999999974,,60645,proportion,0,nan,nan,P-squared online quantile over pooled pair observations,not computed for pooled descriptive quantile,eligible pair,Constant-memory approximation; use seed rows below for uncertainty.
full,test,mixedhard_prevalence,mixedhard_frac_0p2,postwarmup_track_purity_q3_pooled_p2,0.999999999999,,60645,proportion,0,nan,nan,P-squared online quantile over pooled pair observations,not computed for pooled descriptive quantile,eligible pair,Constant-memory approximation; use seed rows below for uncertainty.
full,test,mixedhard_prevalence,mixedhard_frac_0p2,seed_mean_of_within_seed_postwarmup_track_purity_q1,0.999996244536,,30,proportion,30,0.999992207436,0.999999239404,mean of per-seed P-squared q1 estimates,percentile cluster bootstrap (2000 resamples of RNG seeds),independent RNG seed,Within-seed observations are eligible pairs; seeds are the inferential unit.
full,test,mixedhard_prevalence,mixedhard_frac_0p2,seed_mean_of_within_seed_postwarmup_track_purity_median,0.999999961036,,30,proportion,30,0.99999993291,0.999999982393,mean of per-seed P-squared median estimates,percentile cluster bootstrap (2000 resamples of RNG seeds),independent RNG seed,Within-seed observations are eligible pairs; seeds are the inferential unit.
full,test,mixedhard_prevalence,mixedhard_frac_0p2,seed_mean_of_within_seed_postwarmup_track_purity_q3,0.999999999908,,30,proportion,30,0.999999999729,1,mean of per-seed P-squared q3 estimates,percentile cluster bootstrap (2000 resamples of RNG seeds),independent RNG seed,Within-seed observations are eligible pairs; seeds are the inferential unit.
full,test,mixedhard_prevalence,mixedhard_frac_0p3,pair_prevalence,0.481326098712,25814,53631,proportion,30,0.465344798095,0.49740746191,ratio of pooled event counts/opportunities,percentile cluster bootstrap (2000 resamples of RNG seeds),eligible pair,
full,test,mixedhard_prevalence,mixedhard_frac_0p3,stream_false_positive_rate_per_negative_pair,0,0,27817,false positives / negative pair,30,0,0,ratio of pooled event counts/opportunities,percentile cluster bootstrap (2000 resamples of RNG seeds),negative eligible pair,
full,test,mixedhard_prevalence,mixedhard_frac_0p3,stream_false_positives_per_run,0,0,30,false positives / observed pair run,30,0,0,ratio of pooled event counts/runs,percentile cluster bootstrap (2000 resamples of RNG seeds),independent RNG seed,Only runs with complete observed pair blocks contribute.
full,test,mixedhard_prevalence,mixedhard_frac_0p3,clean_false_positives_per_run,0,0,30,false positives / observed pair run,30,0,0,ratio of pooled event counts/runs,percentile cluster bootstrap (2000 resamples of RNG seeds),independent RNG seed,Only runs with complete observed pair blocks contribute.
full,test,mixedhard_prevalence,mixedhard_frac_0p3,stream_false_positives_per_receiver_run,0,0,1470,false-positive pair events / honest receiver-run,30,0,0,ratio of pooled event counts/opportunities,percentile cluster bootstrap (2000 resamples of RNG seeds),honest receiver-run,Each honest receiver contributes one exposure unit in each complete observed run.
full,test,mixedhard_prevalence,mixedhard_frac_0p3,clean_false_positives_per_receiver_run,0,0,1470,clean-pair false-positive events / honest receiver-run,30,0,0,ratio of pooled event counts/opportunities,percentile cluster bootstrap (2000 resamples of RNG seeds),honest receiver-run,Each honest receiver contributes one exposure unit in each complete observed run.
full,test,mixedhard_prevalence,mixedhard_frac_0p3,stream_false_positives_per_receiver_minute,0,0,1225,false positives / receiver-minute,30,0,0,ratio of pooled event counts/opportunities,percentile cluster bootstrap (2000 resamples of RNG seeds),receiver-minute,Receiver-minutes use honest receivers times the common evaluation-window duration.
full,test,mixedhard_prevalence,mixedhard_frac_0p3,stream_false_positives_per_million_negative_messages,0,0,2055000,false-positive pair events / million negative messages,30,0,0,ratio of pooled event counts/opportunities,percentile cluster bootstrap (2000 resamples of RNG seeds),negative message,"The numerator is a receiver--claimed-identity window event, not a per-message decision; messages provide an exposure denominator."
full,test,mixedhard_prevalence,mixedhard_frac_0p3,clean_false_positive_rate_per_clean_pair,0,0,27807,false positives / clean honest pair,30,0,0,ratio of pooled event counts/opportunities,percentile cluster bootstrap (2000 resamples of RNG seeds),clean honest eligible pair,
full,test,mixedhard_prevalence,mixedhard_frac_0p3,clean_false_positives_per_receiver_minute,0,0,1225,false positives / receiver-minute,30,0,0,ratio of pooled event counts/opportunities,percentile cluster bootstrap (2000 resamples of RNG seeds),receiver-minute,
full,test,mixedhard_prevalence,mixedhard_frac_0p3,clean_false_positives_per_million_clean_messages,0,0,2054982,false-positive pair events / million clean messages,30,0,0,ratio of pooled event counts/opportunities,percentile cluster bootstrap (2000 resamples of RNG seeds),clean honest message,"The numerator is a clean-pair window event, not a per-message decision; messages provide an exposure denominator."
full,test,mixedhard_prevalence,mixedhard_frac_0p3,track_false_positive_pair_rate,0,0,27807,track-alerted clean pairs / clean pair,30,0,0,ratio of pooled event counts/opportunities,percentile cluster bootstrap (2000 resamples of RNG seeds),clean honest eligible pair,Numerator is pair-level because the pair schema exposes whether any track alerted.
full,test,mixedhard_prevalence,mixedhard_frac_0p3,track_false_positive_pairs_per_clean_evaluation_window_track,0,0,27937,track-alerted clean pairs / clean evaluation-window track,30,0,0,ratio of pooled event counts/opportunities,percentile cluster bootstrap (2000 resamples of RNG seeds),clean evaluation-window content-associated track,Conservative pair-event numerator; individual alerted-track count is not in the schema. Track count requires at least one window message.
full,test,mixedhard_prevalence,mixedhard_frac_0p3,malicious_delay_censoring_rate,0.226504997288,5847,25814,proportion,30,0.21186613823,0.243327308197,ratio of pooled event counts/opportunities,percentile cluster bootstrap (2000 resamples of RNG seeds),malicious eligible pair,Censoring is reported separately; delay quartiles condition on detection.
full,test,mixedhard_prevalence,mixedhard_frac_0p3,postwarmup_track_merges_per_evaluation_window_track,0.148286736916,11849,79906,post-warm-up merges / evaluation-window track,30,0.13823947326,0.15827552972,ratio of pooled event counts/opportunities,percentile cluster bootstrap (2000 resamples of RNG seeds),evaluation-window content-associated track,Merge counts span all post-warm-up tracked messages; the pair schema exposes only evaluation-window track count as a normalization base.
full,test,mixedhard_prevalence,mixedhard_frac_0p3,postwarmup_track_fragments_per_evaluation_window_track,0.18583085125,14849,79906,post-warm-up fragments / evaluation-window track,30,0.179174668374,0.192159451187,ratio of pooled event counts/opportunities,percentile cluster bootstrap (2000 resamples of RNG seeds),evaluation-window content-associated track,"Fragment counts span all post-warm-up tracked messages; this is a descriptive normalization, not a window-matched event rate."
full,test,mixedhard_prevalence,mixedhard_frac_0p3,postwarmup_track_id_switches_per_evaluation_window_track,0.181913748655,14536,79906,post-warm-up ID switches / evaluation-window track,30,0.160369309994,0.206809053044,ratio of pooled event counts/opportunities,percentile cluster bootstrap (2000 resamples of RNG seeds),evaluation-window content-associated track,"ID-switch counts span all post-warm-up tracked messages; this is a descriptive normalization, not a window-matched event rate."
full,test,mixedhard_prevalence,mixedhard_frac_0p3,window_message_weighted_postwarmup_track_purity,0.992306594398,5513882.57624,5556632,proportion,30,0.991703580588,0.99291814619,ratio of pooled event counts/opportunities,percentile cluster bootstrap (2000 resamples of RNG seeds),eligible-window message,Each pair's post-warm-up track purity is weighted by its evaluation-window message count; purity itself is not window-restricted.
full,test,mixedhard_prevalence,mixedhard_frac_0p3,stride_ambiguous_rate_among_alerts,0.0119196674513,238,19967,proportion,30,0.00898634318066,0.0151888418657,ratio of pooled event counts/opportunities,percentile cluster bootstrap (2000 resamples of RNG seeds),alerted eligible pair,
full,test,mixedhard_prevalence,mixedhard_frac_0p3,stride_unassigned_rate_among_alerts,0,0,19967,proportion,30,0,0,ratio of pooled event counts/opportunities,percentile cluster bootstrap (2000 resamples of RNG seeds),alerted eligible pair,
full,test,mixedhard_prevalence,mixedhard_frac_0p3,pair_exposure_q1_pooled_p2,6.92969803272,,53631,s,0,nan,nan,P-squared online quantile over pooled pair observations,not computed for pooled descriptive quantile,eligible pair,Constant-memory approximation; use seed rows below for uncertainty.
full,test,mixedhard_prevalence,mixedhard_frac_0p3,pair_exposure_median_pooled_p2,9.0985488532,,53631,s,0,nan,nan,P-squared online quantile over pooled pair observations,not computed for pooled descriptive quantile,eligible pair,Constant-memory approximation; use seed rows below for uncertainty.
full,test,mixedhard_prevalence,mixedhard_frac_0p3,pair_exposure_q3_pooled_p2,18.3424338109,,53631,s,0,nan,nan,P-squared online quantile over pooled pair observations,not computed for pooled descriptive quantile,eligible pair,Constant-memory approximation; use seed rows below for uncertainty.
full,test,mixedhard_prevalence,mixedhard_frac_0p3,seed_mean_of_within_seed_pair_exposure_q1,6.93722209722,,30,s,30,6.86535736277,7.00362853599,mean of per-seed P-squared q1 estimates,percentile cluster bootstrap (2000 resamples of RNG seeds),independent RNG seed,Within-seed observations are eligible pairs; seeds are the inferential unit.
full,test,mixedhard_prevalence,mixedhard_frac_0p3,seed_mean_of_within_seed_pair_exposure_median,9.12329923701,,30,s,30,9.03036354129,9.21481700014,mean of per-seed P-squared median estimates,percentile cluster bootstrap (2000 resamples of RNG seeds),independent RNG seed,Within-seed observations are eligible pairs; seeds are the inferential unit.
full,test,mixedhard_prevalence,mixedhard_frac_0p3,seed_mean_of_within_seed_pair_exposure_q3,18.4724456044,,30,s,30,17.6902758879,19.1939254362,mean of per-seed P-squared q3 estimates,percentile cluster bootstrap (2000 resamples of RNG seeds),independent RNG seed,Within-seed observations are eligible pairs; seeds are the inferential unit.
full,test,mixedhard_prevalence,mixedhard_frac_0p3,clean_pair_exposure_q1_pooled_p2,6.9768251092,,27807,s,0,nan,nan,P-squared online quantile over pooled pair observations,not computed for pooled descriptive quantile,clean honest eligible pair,Constant-memory approximation; use seed rows below for uncertainty.
full,test,mixedhard_prevalence,mixedhard_frac_0p3,clean_pair_exposure_median_pooled_p2,8.64157268053,,27807,s,0,nan,nan,P-squared online quantile over pooled pair observations,not computed for pooled descriptive quantile,clean honest eligible pair,Constant-memory approximation; use seed rows below for uncertainty.
full,test,mixedhard_prevalence,mixedhard_frac_0p3,clean_pair_exposure_q3_pooled_p2,11.3379425266,,27807,s,0,nan,nan,P-squared online quantile over pooled pair observations,not computed for pooled descriptive quantile,clean honest eligible pair,Constant-memory approximation; use seed rows below for uncertainty.
full,test,mixedhard_prevalence,mixedhard_frac_0p3,seed_mean_of_within_seed_clean_pair_exposure_q1,6.98317533539,,30,s,30,6.90297575842,7.06329793013,mean of per-seed P-squared q1 estimates,percentile cluster bootstrap (2000 resamples of RNG seeds),independent RNG seed,Within-seed observations are clean honest eligible pairs; seeds are the inferential unit.
full,test,mixedhard_prevalence,mixedhard_frac_0p3,seed_mean_of_within_seed_clean_pair_exposure_median,8.64661795245,,30,s,30,8.56749618904,8.7267705043,mean of per-seed P-squared median estimates,percentile cluster bootstrap (2000 resamples of RNG seeds),independent RNG seed,Within-seed observations are clean honest eligible pairs; seeds are the inferential unit.
full,test,mixedhard_prevalence,mixedhard_frac_0p3,seed_mean_of_within_seed_clean_pair_exposure_q3,11.7039699445,,30,s,30,11.2273692156,12.2975796329,mean of per-seed P-squared q3 estimates,percentile cluster bootstrap (2000 resamples of RNG seeds),independent RNG seed,Within-seed observations are clean honest eligible pairs; seeds are the inferential unit.
full,test,mixedhard_prevalence,mixedhard_frac_0p3,malicious_pair_exposure_q1_pooled_p2,6.87930311425,,25814,s,0,nan,nan,P-squared online quantile over pooled pair observations,not computed for pooled descriptive quantile,malicious eligible pair,Constant-memory approximation; use seed rows below for uncertainty.
full,test,mixedhard_prevalence,mixedhard_frac_0p3,malicious_pair_exposure_median_pooled_p2,10.0767606566,,25814,s,0,nan,nan,P-squared online quantile over pooled pair observations,not computed for pooled descriptive quantile,malicious eligible pair,Constant-memory approximation; use seed rows below for uncertainty.
full,test,mixedhard_prevalence,mixedhard_frac_0p3,malicious_pair_exposure_q3_pooled_p2,24.3125371716,,25814,s,0,nan,nan,P-squared online quantile over pooled pair observations,not computed for pooled descriptive quantile,malicious eligible pair,Constant-memory approximation; use seed rows below for uncertainty.
full,test,mixedhard_prevalence,mixedhard_frac_0p3,seed_mean_of_within_seed_malicious_pair_exposure_q1,6.74135037338,,30,s,30,6.51134149808,6.96848038962,mean of per-seed P-squared q1 estimates,percentile cluster bootstrap (2000 resamples of RNG seeds),independent RNG seed,Within-seed observations are malicious eligible pairs; seeds are the inferential unit.
full,test,mixedhard_prevalence,mixedhard_frac_0p3,seed_mean_of_within_seed_malicious_pair_exposure_median,10.1106975078,,30,s,30,9.92168289718,10.3004833464,mean of per-seed P-squared median estimates,percentile cluster bootstrap (2000 resamples of RNG seeds),independent RNG seed,Within-seed observations are malicious eligible pairs; seeds are the inferential unit.
full,test,mixedhard_prevalence,mixedhard_frac_0p3,seed_mean_of_within_seed_malicious_pair_exposure_q3,24.2916852079,,30,s,30,23.2697407481,25.3686418037,mean of per-seed P-squared q3 estimates,percentile cluster bootstrap (2000 resamples of RNG seeds),independent RNG seed,Within-seed observations are malicious eligible pairs; seeds are the inferential unit.
full,test,mixedhard_prevalence,mixedhard_frac_0p3,detected_delay_q1_pooled_p2,5.69961154239e-06,,19967,s,0,nan,nan,P-squared online quantile over pooled pair observations,not computed for pooled descriptive quantile,detected malicious pair,Constant-memory approximation; use seed rows below for uncertainty.
full,test,mixedhard_prevalence,mixedhard_frac_0p3,detected_delay_median_pooled_p2,0.550576034044,,19967,s,0,nan,nan,P-squared online quantile over pooled pair observations,not computed for pooled descriptive quantile,detected malicious pair,Constant-memory approximation; use seed rows below for uncertainty.
full,test,mixedhard_prevalence,mixedhard_frac_0p3,detected_delay_q3_pooled_p2,1.6583098401,,19967,s,0,nan,nan,P-squared online quantile over pooled pair observations,not computed for pooled descriptive quantile,detected malicious pair,Constant-memory approximation; use seed rows below for uncertainty.
full,test,mixedhard_prevalence,mixedhard_frac_0p3,seed_mean_of_within_seed_detected_delay_q1,0.0103586257612,,30,s,30,0.00245864163076,0.0217392142743,mean of per-seed P-squared q1 estimates,percentile cluster bootstrap (2000 resamples of RNG seeds),independent RNG seed,Within-seed observations are detected malicious pairs; seeds are the inferential unit.
full,test,mixedhard_prevalence,mixedhard_frac_0p3,seed_mean_of_within_seed_detected_delay_median,0.540535696476,,30,s,30,0.476328974003,0.598228974441,mean of per-seed P-squared median estimates,percentile cluster bootstrap (2000 resamples of RNG seeds),independent RNG seed,Within-seed observations are detected malicious pairs; seeds are the inferential unit.
full,test,mixedhard_prevalence,mixedhard_frac_0p3,seed_mean_of_within_seed_detected_delay_q3,1.64444242671,,30,s,30,1.56215429789,1.72566370348,mean of per-seed P-squared q3 estimates,percentile cluster bootstrap (2000 resamples of RNG seeds),independent RNG seed,Within-seed observations are detected malicious pairs; seeds are the inferential unit.
full,test,mixedhard_prevalence,mixedhard_frac_0p3,postwarmup_track_purity_q1_pooled_p2,0.999999983201,,53631,proportion,0,nan,nan,P-squared online quantile over pooled pair observations,not computed for pooled descriptive quantile,eligible pair,Constant-memory approximation; use seed rows below for uncertainty.
full,test,mixedhard_prevalence,mixedhard_frac_0p3,postwarmup_track_purity_median_pooled_p2,0.999999999994,,53631,proportion,0,nan,nan,P-squared online quantile over pooled pair observations,not computed for pooled descriptive quantile,eligible pair,Constant-memory approximation; use seed rows below for uncertainty.
full,test,mixedhard_prevalence,mixedhard_frac_0p3,postwarmup_track_purity_q3_pooled_p2,1,,53631,proportion,0,nan,nan,P-squared online quantile over pooled pair observations,not computed for pooled descriptive quantile,eligible pair,Constant-memory approximation; use seed rows below for uncertainty.
full,test,mixedhard_prevalence,mixedhard_frac_0p3,seed_mean_of_within_seed_postwarmup_track_purity_q1,0.999974144052,,30,proportion,30,0.99993753901,0.999995763705,mean of per-seed P-squared q1 estimates,percentile cluster bootstrap (2000 resamples of RNG seeds),independent RNG seed,Within-seed observations are eligible pairs; seeds are the inferential unit.
full,test,mixedhard_prevalence,mixedhard_frac_0p3,seed_mean_of_within_seed_postwarmup_track_purity_median,0.999999830856,,30,proportion,30,0.999999633759,0.999999941954,mean of per-seed P-squared median estimates,percentile cluster bootstrap (2000 resamples of RNG seeds),independent RNG seed,Within-seed observations are eligible pairs; seeds are the inferential unit.
full,test,mixedhard_prevalence,mixedhard_frac_0p3,seed_mean_of_within_seed_postwarmup_track_purity_q3,0.999999999035,,30,proportion,30,0.999999997394,0.999999999972,mean of per-seed P-squared q3 estimates,percentile cluster bootstrap (2000 resamples of RNG seeds),independent RNG seed,Within-seed observations are eligible pairs; seeds are the inferential unit.
full,test,mixedhard_prevalence,mixedhard_frac_0p5,pair_prevalence,0.69274206082,26744,38606,proportion,30,0.679156290358,0.706250420481,ratio of pooled event counts/opportunities,percentile cluster bootstrap (2000 resamples of RNG seeds),eligible pair,
full,test,mixedhard_prevalence,mixedhard_frac_0p5,stream_false_positive_rate_per_negative_pair,0,0,11862,false positives / negative pair,30,0,0,ratio of pooled event counts/opportunities,percentile cluster bootstrap (2000 resamples of RNG seeds),negative eligible pair,
full,test,mixedhard_prevalence,mixedhard_frac_0p5,stream_false_positives_per_run,0,0,30,false positives / observed pair run,30,0,0,ratio of pooled event counts/runs,percentile cluster bootstrap (2000 resamples of RNG seeds),independent RNG seed,Only runs with complete observed pair blocks contribute.
full,test,mixedhard_prevalence,mixedhard_frac_0p5,clean_false_positives_per_run,0,0,30,false positives / observed pair run,30,0,0,ratio of pooled event counts/runs,percentile cluster bootstrap (2000 resamples of RNG seeds),independent RNG seed,Only runs with complete observed pair blocks contribute.
full,test,mixedhard_prevalence,mixedhard_frac_0p5,stream_false_positives_per_receiver_run,0,0,1050,false-positive pair events / honest receiver-run,30,0,0,ratio of pooled event counts/opportunities,percentile cluster bootstrap (2000 resamples of RNG seeds),honest receiver-run,Each honest receiver contributes one exposure unit in each complete observed run.
full,test,mixedhard_prevalence,mixedhard_frac_0p5,clean_false_positives_per_receiver_run,0,0,1050,clean-pair false-positive events / honest receiver-run,30,0,0,ratio of pooled event counts/opportunities,percentile cluster bootstrap (2000 resamples of RNG seeds),honest receiver-run,Each honest receiver contributes one exposure unit in each complete observed run.
full,test,mixedhard_prevalence,mixedhard_frac_0p5,stream_false_positives_per_receiver_minute,0,0,875,false positives / receiver-minute,30,0,0,ratio of pooled event counts/opportunities,percentile cluster bootstrap (2000 resamples of RNG seeds),receiver-minute,Receiver-minutes use honest receivers times the common evaluation-window duration.
full,test,mixedhard_prevalence,mixedhard_frac_0p5,stream_false_positives_per_million_negative_messages,0,0,848401,false-positive pair events / million negative messages,30,0,0,ratio of pooled event counts/opportunities,percentile cluster bootstrap (2000 resamples of RNG seeds),negative message,"The numerator is a receiver--claimed-identity window event, not a per-message decision; messages provide an exposure denominator."
full,test,mixedhard_prevalence,mixedhard_frac_0p5,clean_false_positive_rate_per_clean_pair,0,0,11852,false positives / clean honest pair,30,0,0,ratio of pooled event counts/opportunities,percentile cluster bootstrap (2000 resamples of RNG seeds),clean honest eligible pair,
full,test,mixedhard_prevalence,mixedhard_frac_0p5,clean_false_positives_per_receiver_minute,0,0,875,false positives / receiver-minute,30,0,0,ratio of pooled event counts/opportunities,percentile cluster bootstrap (2000 resamples of RNG seeds),receiver-minute,
full,test,mixedhard_prevalence,mixedhard_frac_0p5,clean_false_positives_per_million_clean_messages,0,0,848387,false-positive pair events / million clean messages,30,0,0,ratio of pooled event counts/opportunities,percentile cluster bootstrap (2000 resamples of RNG seeds),clean honest message,"The numerator is a clean-pair window event, not a per-message decision; messages provide an exposure denominator."
full,test,mixedhard_prevalence,mixedhard_frac_0p5,track_false_positive_pair_rate,0,0,11852,track-alerted clean pairs / clean pair,30,0,0,ratio of pooled event counts/opportunities,percentile cluster bootstrap (2000 resamples of RNG seeds),clean honest eligible pair,Numerator is pair-level because the pair schema exposes whether any track alerted.
full,test,mixedhard_prevalence,mixedhard_frac_0p5,track_false_positive_pairs_per_clean_evaluation_window_track,0,0,11895,track-alerted clean pairs / clean evaluation-window track,30,0,0,ratio of pooled event counts/opportunities,percentile cluster bootstrap (2000 resamples of RNG seeds),clean evaluation-window content-associated track,Conservative pair-event numerator; individual alerted-track count is not in the schema. Track count requires at least one window message.
full,test,mixedhard_prevalence,mixedhard_frac_0p5,malicious_delay_censoring_rate,0.214440622196,5735,26744,proportion,30,0.202776944501,0.227746982952,ratio of pooled event counts/opportunities,percentile cluster bootstrap (2000 resamples of RNG seeds),malicious eligible pair,Censoring is reported separately; delay quartiles condition on detection.
full,test,mixedhard_prevalence,mixedhard_frac_0p5,postwarmup_track_merges_per_evaluation_window_track,0.214085917027,14542,67926,post-warm-up merges / evaluation-window track,30,0.20319545659,0.225480413095,ratio of pooled event counts/opportunities,percentile cluster bootstrap (2000 resamples of RNG seeds),evaluation-window content-associated track,Merge counts span all post-warm-up tracked messages; the pair schema exposes only evaluation-window track count as a normalization base.
full,test,mixedhard_prevalence,mixedhard_frac_0p5,postwarmup_track_fragments_per_evaluation_window_track,0.230986661956,15690,67926,post-warm-up fragments / evaluation-window track,30,0.222435290139,0.239891133688,ratio of pooled event counts/opportunities,percentile cluster bootstrap (2000 resamples of RNG seeds),evaluation-window content-associated track,"Fragment counts span all post-warm-up tracked messages; this is a descriptive normalization, not a window-matched event rate."
full,test,mixedhard_prevalence,mixedhard_frac_0p5,postwarmup_track_id_switches_per_evaluation_window_track,0.314724847628,21378,67926,post-warm-up ID switches / evaluation-window track,30,0.270787378614,0.364580487902,ratio of pooled event counts/opportunities,percentile cluster bootstrap (2000 resamples of RNG seeds),evaluation-window content-associated track,"ID-switch counts span all post-warm-up tracked messages; this is a descriptive normalization, not a window-matched event rate."
full,test,mixedhard_prevalence,mixedhard_frac_0p5,window_message_weighted_postwarmup_track_purity,0.988711416241,4692511.38809,4746088,proportion,30,0.98788822685,0.989519251003,ratio of pooled event counts/opportunities,percentile cluster bootstrap (2000 resamples of RNG seeds),eligible-window message,Each pair's post-warm-up track purity is weighted by its evaluation-window message count; purity itself is not window-restricted.
full,test,mixedhard_prevalence,mixedhard_frac_0p5,stride_ambiguous_rate_among_alerts,0.0170879147032,359,21009,proportion,30,0.0137962882433,0.0205968601953,ratio of pooled event counts/opportunities,percentile cluster bootstrap (2000 resamples of RNG seeds),alerted eligible pair,
full,test,mixedhard_prevalence,mixedhard_frac_0p5,stride_unassigned_rate_among_alerts,0,0,21009,proportion,30,0,0,ratio of pooled event counts/opportunities,percentile cluster bootstrap (2000 resamples of RNG seeds),alerted eligible pair,
full,test,mixedhard_prevalence,mixedhard_frac_0p5,pair_exposure_q1_pooled_p2,7.00457849036,,38606,s,0,nan,nan,P-squared online quantile over pooled pair observations,not computed for pooled descriptive quantile,eligible pair,Constant-memory approximation; use seed rows below for uncertainty.
full,test,mixedhard_prevalence,mixedhard_frac_0p5,pair_exposure_median_pooled_p2,9.62451087289,,38606,s,0,nan,nan,P-squared online quantile over pooled pair observations,not computed for pooled descriptive quantile,eligible pair,Constant-memory approximation; use seed rows below for uncertainty.
full,test,mixedhard_prevalence,mixedhard_frac_0p5,pair_exposure_q3_pooled_p2,23.2134724631,,38606,s,0,nan,nan,P-squared online quantile over pooled pair observations,not computed for pooled descriptive quantile,eligible pair,Constant-memory approximation; use seed rows below for uncertainty.
full,test,mixedhard_prevalence,mixedhard_frac_0p5,seed_mean_of_within_seed_pair_exposure_q1,6.98599600701,,30,s,30,6.89519209534,7.08020347695,mean of per-seed P-squared q1 estimates,percentile cluster bootstrap (2000 resamples of RNG seeds),independent RNG seed,Within-seed observations are eligible pairs; seeds are the inferential unit.
full,test,mixedhard_prevalence,mixedhard_frac_0p5,seed_mean_of_within_seed_pair_exposure_median,9.64353860277,,30,s,30,9.50204342261,9.7883624312,mean of per-seed P-squared median estimates,percentile cluster bootstrap (2000 resamples of RNG seeds),independent RNG seed,Within-seed observations are eligible pairs; seeds are the inferential unit.
full,test,mixedhard_prevalence,mixedhard_frac_0p5,seed_mean_of_within_seed_pair_exposure_q3,22.7819555997,,30,s,30,22.030778463,23.5759428027,mean of per-seed P-squared q3 estimates,percentile cluster bootstrap (2000 resamples of RNG seeds),independent RNG seed,Within-seed observations are eligible pairs; seeds are the inferential unit.
full,test,mixedhard_prevalence,mixedhard_frac_0p5,clean_pair_exposure_q1_pooled_p2,6.82915419889,,11852,s,0,nan,nan,P-squared online quantile over pooled pair observations,not computed for pooled descriptive quantile,clean honest eligible pair,Constant-memory approximation; use seed rows below for uncertainty.
full,test,mixedhard_prevalence,mixedhard_frac_0p5,clean_pair_exposure_median_pooled_p2,8.49843730993,,11852,s,0,nan,nan,P-squared online quantile over pooled pair observations,not computed for pooled descriptive quantile,clean honest eligible pair,Constant-memory approximation; use seed rows below for uncertainty.
full,test,mixedhard_prevalence,mixedhard_frac_0p5,clean_pair_exposure_q3_pooled_p2,10.8558843717,,11852,s,0,nan,nan,P-squared online quantile over pooled pair observations,not computed for pooled descriptive quantile,clean honest eligible pair,Constant-memory approximation; use seed rows below for uncertainty.
full,test,mixedhard_prevalence,mixedhard_frac_0p5,seed_mean_of_within_seed_clean_pair_exposure_q1,6.84523925178,,30,s,30,6.72690747095,6.9609818194,mean of per-seed P-squared q1 estimates,percentile cluster bootstrap (2000 resamples of RNG seeds),independent RNG seed,Within-seed observations are clean honest eligible pairs; seeds are the inferential unit.
full,test,mixedhard_prevalence,mixedhard_frac_0p5,seed_mean_of_within_seed_clean_pair_exposure_median,8.49491939471,,30,s,30,8.39291148939,8.60486298785,mean of per-seed P-squared median estimates,percentile cluster bootstrap (2000 resamples of RNG seeds),independent RNG seed,Within-seed observations are clean honest eligible pairs; seeds are the inferential unit.
full,test,mixedhard_prevalence,mixedhard_frac_0p5,seed_mean_of_within_seed_clean_pair_exposure_q3,12.6376678675,,30,s,30,11.4629531695,14.1700201289,mean of per-seed P-squared q3 estimates,percentile cluster bootstrap (2000 resamples of RNG seeds),independent RNG seed,Within-seed observations are clean honest eligible pairs; seeds are the inferential unit.
full,test,mixedhard_prevalence,mixedhard_frac_0p5,malicious_pair_exposure_q1_pooled_p2,7.15559063986,,26744,s,0,nan,nan,P-squared online quantile over pooled pair observations,not computed for pooled descriptive quantile,malicious eligible pair,Constant-memory approximation; use seed rows below for uncertainty.
full,test,mixedhard_prevalence,mixedhard_frac_0p5,malicious_pair_exposure_median_pooled_p2,10.6188149952,,26744,s,0,nan,nan,P-squared online quantile over pooled pair observations,not computed for pooled descriptive quantile,malicious eligible pair,Constant-memory approximation; use seed rows below for uncertainty.
full,test,mixedhard_prevalence,mixedhard_frac_0p5,malicious_pair_exposure_q3_pooled_p2,25.9863403602,,26744,s,0,nan,nan,P-squared online quantile over pooled pair observations,not computed for pooled descriptive quantile,malicious eligible pair,Constant-memory approximation; use seed rows below for uncertainty.
full,test,mixedhard_prevalence,mixedhard_frac_0p5,seed_mean_of_within_seed_malicious_pair_exposure_q1,7.07112840931,,30,s,30,6.92876185722,7.21987088613,mean of per-seed P-squared q1 estimates,percentile cluster bootstrap (2000 resamples of RNG seeds),independent RNG seed,Within-seed observations are malicious eligible pairs; seeds are the inferential unit.
full,test,mixedhard_prevalence,mixedhard_frac_0p5,seed_mean_of_within_seed_malicious_pair_exposure_median,10.6471320352,,30,s,30,10.4103537277,10.8924635341,mean of per-seed P-squared median estimates,percentile cluster bootstrap (2000 resamples of RNG seeds),independent RNG seed,Within-seed observations are malicious eligible pairs; seeds are the inferential unit.
full,test,mixedhard_prevalence,mixedhard_frac_0p5,seed_mean_of_within_seed_malicious_pair_exposure_q3,25.6937350011,,30,s,30,24.943050901,26.4505368428,mean of per-seed P-squared q3 estimates,percentile cluster bootstrap (2000 resamples of RNG seeds),independent RNG seed,Within-seed observations are malicious eligible pairs; seeds are the inferential unit.
full,test,mixedhard_prevalence,mixedhard_frac_0p5,detected_delay_q1_pooled_p2,3.71953754532e-05,,21009,s,0,nan,nan,P-squared online quantile over pooled pair observations,not computed for pooled descriptive quantile,detected malicious pair,Constant-memory approximation; use seed rows below for uncertainty.
full,test,mixedhard_prevalence,mixedhard_frac_0p5,detected_delay_median_pooled_p2,0.690800741822,,21009,s,0,nan,nan,P-squared online quantile over pooled pair observations,not computed for pooled descriptive quantile,detected malicious pair,Constant-memory approximation; use seed rows below for uncertainty.
full,test,mixedhard_prevalence,mixedhard_frac_0p5,detected_delay_q3_pooled_p2,1.88869897393,,21009,s,0,nan,nan,P-squared online quantile over pooled pair observations,not computed for pooled descriptive quantile,detected malicious pair,Constant-memory approximation; use seed rows below for uncertainty.
full,test,mixedhard_prevalence,mixedhard_frac_0p5,seed_mean_of_within_seed_detected_delay_q1,0.0380815460341,,30,s,30,0.0234878264794,0.0559362804653,mean of per-seed P-squared q1 estimates,percentile cluster bootstrap (2000 resamples of RNG seeds),independent RNG seed,Within-seed observations are detected malicious pairs; seeds are the inferential unit.
full,test,mixedhard_prevalence,mixedhard_frac_0p5,seed_mean_of_within_seed_detected_delay_median,0.694503547149,,30,s,30,0.662410449407,0.725510527127,mean of per-seed P-squared median estimates,percentile cluster bootstrap (2000 resamples of RNG seeds),independent RNG seed,Within-seed observations are detected malicious pairs; seeds are the inferential unit.
full,test,mixedhard_prevalence,mixedhard_frac_0p5,seed_mean_of_within_seed_detected_delay_q3,1.85589767456,,30,s,30,1.79247290726,1.91144040357,mean of per-seed P-squared q3 estimates,percentile cluster bootstrap (2000 resamples of RNG seeds),independent RNG seed,Within-seed observations are detected malicious pairs; seeds are the inferential unit.
full,test,mixedhard_prevalence,mixedhard_frac_0p5,postwarmup_track_purity_q1_pooled_p2,0.999999287588,,38606,proportion,0,nan,nan,P-squared online quantile over pooled pair observations,not computed for pooled descriptive quantile,eligible pair,Constant-memory approximation; use seed rows below for uncertainty.
full,test,mixedhard_prevalence,mixedhard_frac_0p5,postwarmup_track_purity_median_pooled_p2,0.999999999943,,38606,proportion,0,nan,nan,P-squared online quantile over pooled pair observations,not computed for pooled descriptive quantile,eligible pair,Constant-memory approximation; use seed rows below for uncertainty.
full,test,mixedhard_prevalence,mixedhard_frac_0p5,postwarmup_track_purity_q3_pooled_p2,0.999999999999,,38606,proportion,0,nan,nan,P-squared online quantile over pooled pair observations,not computed for pooled descriptive quantile,eligible pair,Constant-memory approximation; use seed rows below for uncertainty.
full,test,mixedhard_prevalence,mixedhard_frac_0p5,seed_mean_of_within_seed_postwarmup_track_purity_q1,0.998248816853,,30,proportion,30,0.996724224589,0.999339678329,mean of per-seed P-squared q1 estimates,percentile cluster bootstrap (2000 resamples of RNG seeds),independent RNG seed,Within-seed observations are eligible pairs; seeds are the inferential unit.
full,test,mixedhard_prevalence,mixedhard_frac_0p5,seed_mean_of_within_seed_postwarmup_track_purity_median,0.999998090829,,30,proportion,30,0.999996488845,0.999999442638,mean of per-seed P-squared median estimates,percentile cluster bootstrap (2000 resamples of RNG seeds),independent RNG seed,Within-seed observations are eligible pairs; seeds are the inferential unit.
full,test,mixedhard_prevalence,mixedhard_frac_0p5,seed_mean_of_within_seed_postwarmup_track_purity_q3,0.999999939671,,30,proportion,30,0.999999852591,0.999999995101,mean of per-seed P-squared q3 estimates,percentile cluster bootstrap (2000 resamples of RNG seeds),independent RNG seed,Within-seed observations are eligible pairs; seeds are the inferential unit.
full,test,mobility,manoeuvre,pair_prevalence,0.478329258817,25240,52767,proportion,30,0.462441118932,0.493303680626,ratio of pooled event counts/opportunities,percentile cluster bootstrap (2000 resamples of RNG seeds),eligible pair,
full,test,mobility,manoeuvre,stream_false_positive_rate_per_negative_pair,0,0,27527,false positives / negative pair,30,0,0,ratio of pooled event counts/opportunities,percentile cluster bootstrap (2000 resamples of RNG seeds),negative eligible pair,
full,test,mobility,manoeuvre,stream_false_positives_per_run,0,0,30,false positives / observed pair run,30,0,0,ratio of pooled event counts/runs,percentile cluster bootstrap (2000 resamples of RNG seeds),independent RNG seed,Only runs with complete observed pair blocks contribute.
full,test,mobility,manoeuvre,clean_false_positives_per_run,0,0,30,false positives / observed pair run,30,0,0,ratio of pooled event counts/runs,percentile cluster bootstrap (2000 resamples of RNG seeds),independent RNG seed,Only runs with complete observed pair blocks contribute.
full,test,mobility,manoeuvre,stream_false_positives_per_receiver_run,0,0,1470,false-positive pair events / honest receiver-run,30,0,0,ratio of pooled event counts/opportunities,percentile cluster bootstrap (2000 resamples of RNG seeds),honest receiver-run,Each honest receiver contributes one exposure unit in each complete observed run.
full,test,mobility,manoeuvre,clean_false_positives_per_receiver_run,0,0,1470,clean-pair false-positive events / honest receiver-run,30,0,0,ratio of pooled event counts/opportunities,percentile cluster bootstrap (2000 resamples of RNG seeds),honest receiver-run,Each honest receiver contributes one exposure unit in each complete observed run.
full,test,mobility,manoeuvre,stream_false_positives_per_receiver_minute,0,0,1225,false positives / receiver-minute,30,0,0,ratio of pooled event counts/opportunities,percentile cluster bootstrap (2000 resamples of RNG seeds),receiver-minute,Receiver-minutes use honest receivers times the common evaluation-window duration.
full,test,mobility,manoeuvre,stream_false_positives_per_million_negative_messages,0,0,2084638,false-positive pair events / million negative messages,30,0,0,ratio of pooled event counts/opportunities,percentile cluster bootstrap (2000 resamples of RNG seeds),negative message,"The numerator is a receiver--claimed-identity window event, not a per-message decision; messages provide an exposure denominator."
full,test,mobility,manoeuvre,clean_false_positive_rate_per_clean_pair,0,0,27513,false positives / clean honest pair,30,0,0,ratio of pooled event counts/opportunities,percentile cluster bootstrap (2000 resamples of RNG seeds),clean honest eligible pair,
full,test,mobility,manoeuvre,clean_false_positives_per_receiver_minute,0,0,1225,false positives / receiver-minute,30,0,0,ratio of pooled event counts/opportunities,percentile cluster bootstrap (2000 resamples of RNG seeds),receiver-minute,
full,test,mobility,manoeuvre,clean_false_positives_per_million_clean_messages,0,0,2084619,false-positive pair events / million clean messages,30,0,0,ratio of pooled event counts/opportunities,percentile cluster bootstrap (2000 resamples of RNG seeds),clean honest message,"The numerator is a clean-pair window event, not a per-message decision; messages provide an exposure denominator."
full,test,mobility,manoeuvre,track_false_positive_pair_rate,0,0,27513,track-alerted clean pairs / clean pair,30,0,0,ratio of pooled event counts/opportunities,percentile cluster bootstrap (2000 resamples of RNG seeds),clean honest eligible pair,Numerator is pair-level because the pair schema exposes whether any track alerted.
full,test,mobility,manoeuvre,track_false_positive_pairs_per_clean_evaluation_window_track,0,0,27668,track-alerted clean pairs / clean evaluation-window track,30,0,0,ratio of pooled event counts/opportunities,percentile cluster bootstrap (2000 resamples of RNG seeds),clean evaluation-window content-associated track,Conservative pair-event numerator; individual alerted-track count is not in the schema. Track count requires at least one window message.
full,test,mobility,manoeuvre,malicious_delay_censoring_rate,0.232290015848,5863,25240,proportion,30,0.217603619101,0.247580652999,ratio of pooled event counts/opportunities,percentile cluster bootstrap (2000 resamples of RNG seeds),malicious eligible pair,Censoring is reported separately; delay quartiles condition on detection.
full,test,mobility,manoeuvre,postwarmup_track_merges_per_evaluation_window_track,0.0928732023361,6981,75167,post-warm-up merges / evaluation-window track,30,0.083947922915,0.102900932041,ratio of pooled event counts/opportunities,percentile cluster bootstrap (2000 resamples of RNG seeds),evaluation-window content-associated track,Merge counts span all post-warm-up tracked messages; the pair schema exposes only evaluation-window track count as a normalization base.
full,test,mobility,manoeuvre,postwarmup_track_fragments_per_evaluation_window_track,0.153099099339,11508,75167,post-warm-up fragments / evaluation-window track,30,0.148322271532,0.158000593678,ratio of pooled event counts/opportunities,percentile cluster bootstrap (2000 resamples of RNG seeds),evaluation-window content-associated track,"Fragment counts span all post-warm-up tracked messages; this is a descriptive normalization, not a window-matched event rate."
full,test,mobility,manoeuvre,postwarmup_track_id_switches_per_evaluation_window_track,0.126358641425,9498,75167,post-warm-up ID switches / evaluation-window track,30,0.0994569088354,0.158881133534,ratio of pooled event counts/opportunities,percentile cluster bootstrap (2000 resamples of RNG seeds),evaluation-window content-associated track,"ID-switch counts span all post-warm-up tracked messages; this is a descriptive normalization, not a window-matched event rate."
full,test,mobility,manoeuvre,window_message_weighted_postwarmup_track_purity,0.994425353813,5585725.00053,5617038,proportion,30,0.993731092357,0.995070033345,ratio of pooled event counts/opportunities,percentile cluster bootstrap (2000 resamples of RNG seeds),eligible-window message,Each pair's post-warm-up track purity is weighted by its evaluation-window message count; purity itself is not window-restricted.
full,test,mobility,manoeuvre,stride_ambiguous_rate_among_alerts,0.0111472364143,216,19377,proportion,30,0.00835509464434,0.0138696081701,ratio of pooled event counts/opportunities,percentile cluster bootstrap (2000 resamples of RNG seeds),alerted eligible pair,
full,test,mobility,manoeuvre,stride_unassigned_rate_among_alerts,0,0,19377,proportion,30,0,0,ratio of pooled event counts/opportunities,percentile cluster bootstrap (2000 resamples of RNG seeds),alerted eligible pair,
full,test,mobility,manoeuvre,pair_exposure_q1_pooled_p2,7.05873447923,,52767,s,0,nan,nan,P-squared online quantile over pooled pair observations,not computed for pooled descriptive quantile,eligible pair,Constant-memory approximation; use seed rows below for uncertainty.
full,test,mobility,manoeuvre,pair_exposure_median_pooled_p2,9.62825683864,,52767,s,0,nan,nan,P-squared online quantile over pooled pair observations,not computed for pooled descriptive quantile,eligible pair,Constant-memory approximation; use seed rows below for uncertainty.
full,test,mobility,manoeuvre,pair_exposure_q3_pooled_p2,18.7040603415,,52767,s,0,nan,nan,P-squared online quantile over pooled pair observations,not computed for pooled descriptive quantile,eligible pair,Constant-memory approximation; use seed rows below for uncertainty.
full,test,mobility,manoeuvre,seed_mean_of_within_seed_pair_exposure_q1,7.04155346617,,30,s,30,6.94708901735,7.13391394437,mean of per-seed P-squared q1 estimates,percentile cluster bootstrap (2000 resamples of RNG seeds),independent RNG seed,Within-seed observations are eligible pairs; seeds are the inferential unit.
full,test,mobility,manoeuvre,seed_mean_of_within_seed_pair_exposure_median,9.6313468948,,30,s,30,9.50778676713,9.74947018466,mean of per-seed P-squared median estimates,percentile cluster bootstrap (2000 resamples of RNG seeds),independent RNG seed,Within-seed observations are eligible pairs; seeds are the inferential unit.
full,test,mobility,manoeuvre,seed_mean_of_within_seed_pair_exposure_q3,18.9629701752,,30,s,30,18.0105755324,19.9325783978,mean of per-seed P-squared q3 estimates,percentile cluster bootstrap (2000 resamples of RNG seeds),independent RNG seed,Within-seed observations are eligible pairs; seeds are the inferential unit.
full,test,mobility,manoeuvre,clean_pair_exposure_q1_pooled_p2,7.10236401199,,27513,s,0,nan,nan,P-squared online quantile over pooled pair observations,not computed for pooled descriptive quantile,clean honest eligible pair,Constant-memory approximation; use seed rows below for uncertainty.
full,test,mobility,manoeuvre,clean_pair_exposure_median_pooled_p2,9.08209890761,,27513,s,0,nan,nan,P-squared online quantile over pooled pair observations,not computed for pooled descriptive quantile,clean honest eligible pair,Constant-memory approximation; use seed rows below for uncertainty.
full,test,mobility,manoeuvre,clean_pair_exposure_q3_pooled_p2,12.8572743563,,27513,s,0,nan,nan,P-squared online quantile over pooled pair observations,not computed for pooled descriptive quantile,clean honest eligible pair,Constant-memory approximation; use seed rows below for uncertainty.
full,test,mobility,manoeuvre,seed_mean_of_within_seed_clean_pair_exposure_q1,7.10007214531,,30,s,30,6.99716769976,7.19943558888,mean of per-seed P-squared q1 estimates,percentile cluster bootstrap (2000 resamples of RNG seeds),independent RNG seed,Within-seed observations are clean honest eligible pairs; seeds are the inferential unit.
full,test,mobility,manoeuvre,seed_mean_of_within_seed_clean_pair_exposure_median,9.08623268395,,30,s,30,8.9791305923,9.19713618803,mean of per-seed P-squared median estimates,percentile cluster bootstrap (2000 resamples of RNG seeds),independent RNG seed,Within-seed observations are clean honest eligible pairs; seeds are the inferential unit.
full,test,mobility,manoeuvre,seed_mean_of_within_seed_clean_pair_exposure_q3,13.3059713123,,30,s,30,12.6555918831,14.0881903076,mean of per-seed P-squared q3 estimates,percentile cluster bootstrap (2000 resamples of RNG seeds),independent RNG seed,Within-seed observations are clean honest eligible pairs; seeds are the inferential unit.
full,test,mobility,manoeuvre,malicious_pair_exposure_q1_pooled_p2,6.98516579422,,25240,s,0,nan,nan,P-squared online quantile over pooled pair observations,not computed for pooled descriptive quantile,malicious eligible pair,Constant-memory approximation; use seed rows below for uncertainty.
full,test,mobility,manoeuvre,malicious_pair_exposure_median_pooled_p2,10.6997746916,,25240,s,0,nan,nan,P-squared online quantile over pooled pair observations,not computed for pooled descriptive quantile,malicious eligible pair,Constant-memory approximation; use seed rows below for uncertainty.
full,test,mobility,manoeuvre,malicious_pair_exposure_q3_pooled_p2,24.1264018743,,25240,s,0,nan,nan,P-squared online quantile over pooled pair observations,not computed for pooled descriptive quantile,malicious eligible pair,Constant-memory approximation; use seed rows below for uncertainty.
full,test,mobility,manoeuvre,seed_mean_of_within_seed_malicious_pair_exposure_q1,6.87212486498,,30,s,30,6.57617015769,7.16611009113,mean of per-seed P-squared q1 estimates,percentile cluster bootstrap (2000 resamples of RNG seeds),independent RNG seed,Within-seed observations are malicious eligible pairs; seeds are the inferential unit.
full,test,mobility,manoeuvre,seed_mean_of_within_seed_malicious_pair_exposure_median,10.7050348952,,30,s,30,10.4726322171,10.9216449605,mean of per-seed P-squared median estimates,percentile cluster bootstrap (2000 resamples of RNG seeds),independent RNG seed,Within-seed observations are malicious eligible pairs; seeds are the inferential unit.
full,test,mobility,manoeuvre,seed_mean_of_within_seed_malicious_pair_exposure_q3,24.5496701834,,30,s,30,23.0424179592,26.2310683027,mean of per-seed P-squared q3 estimates,percentile cluster bootstrap (2000 resamples of RNG seeds),independent RNG seed,Within-seed observations are malicious eligible pairs; seeds are the inferential unit.
full,test,mobility,manoeuvre,detected_delay_q1_pooled_p2,0.000446804976266,,19377,s,0,nan,nan,P-squared online quantile over pooled pair observations,not computed for pooled descriptive quantile,detected malicious pair,Constant-memory approximation; use seed rows below for uncertainty.
full,test,mobility,manoeuvre,detected_delay_median_pooled_p2,0.558221331565,,19377,s,0,nan,nan,P-squared online quantile over pooled pair observations,not computed for pooled descriptive quantile,detected malicious pair,Constant-memory approximation; use seed rows below for uncertainty.
full,test,mobility,manoeuvre,detected_delay_q3_pooled_p2,1.7010792957,,19377,s,0,nan,nan,P-squared online quantile over pooled pair observations,not computed for pooled descriptive quantile,detected malicious pair,Constant-memory approximation; use seed rows below for uncertainty.
full,test,mobility,manoeuvre,seed_mean_of_within_seed_detected_delay_q1,0.0189415159821,,30,s,30,0.00601181515298,0.0343730860857,mean of per-seed P-squared q1 estimates,percentile cluster bootstrap (2000 resamples of RNG seeds),independent RNG seed,Within-seed observations are detected malicious pairs; seeds are the inferential unit.
full,test,mobility,manoeuvre,seed_mean_of_within_seed_detected_delay_median,0.557653843176,,30,s,30,0.496637813592,0.61748300269,mean of per-seed P-squared median estimates,percentile cluster bootstrap (2000 resamples of RNG seeds),independent RNG seed,Within-seed observations are detected malicious pairs; seeds are the inferential unit.
full,test,mobility,manoeuvre,seed_mean_of_within_seed_detected_delay_q3,1.70573085319,,30,s,30,1.61228627861,1.80345372818,mean of per-seed P-squared q3 estimates,percentile cluster bootstrap (2000 resamples of RNG seeds),independent RNG seed,Within-seed observations are detected malicious pairs; seeds are the inferential unit.
full,test,mobility,manoeuvre,postwarmup_track_purity_q1_pooled_p2,0.999999994613,,52767,proportion,0,nan,nan,P-squared online quantile over pooled pair observations,not computed for pooled descriptive quantile,eligible pair,Constant-memory approximation; use seed rows below for uncertainty.
full,test,mobility,manoeuvre,postwarmup_track_purity_median_pooled_p2,0.999999999895,,52767,proportion,0,nan,nan,P-squared online quantile over pooled pair observations,not computed for pooled descriptive quantile,eligible pair,Constant-memory approximation; use seed rows below for uncertainty.
full,test,mobility,manoeuvre,postwarmup_track_purity_q3_pooled_p2,1,,52767,proportion,0,nan,nan,P-squared online quantile over pooled pair observations,not computed for pooled descriptive quantile,eligible pair,Constant-memory approximation; use seed rows below for uncertainty.
full,test,mobility,manoeuvre,seed_mean_of_within_seed_postwarmup_track_purity_q1,0.999987932957,,30,proportion,30,0.999974341918,0.999997948846,mean of per-seed P-squared q1 estimates,percentile cluster bootstrap (2000 resamples of RNG seeds),independent RNG seed,Within-seed observations are eligible pairs; seeds are the inferential unit.
full,test,mobility,manoeuvre,seed_mean_of_within_seed_postwarmup_track_purity_median,0.999999926673,,30,proportion,30,0.999999858305,0.999999972046,mean of per-seed P-squared median estimates,percentile cluster bootstrap (2000 resamples of RNG seeds),independent RNG seed,Within-seed observations are eligible pairs; seeds are the inferential unit.
full,test,mobility,manoeuvre,seed_mean_of_within_seed_postwarmup_track_purity_q3,0.999999999844,,30,proportion,30,0.999999999548,1,mean of per-seed P-squared q3 estimates,percentile cluster bootstrap (2000 resamples of RNG seeds),independent RNG seed,Within-seed observations are eligible pairs; seeds are the inferential unit.
full,test,noise_misspecification,actual_2_assumed_4,pair_prevalence,0.481326098712,25814,53631,proportion,30,0.465993766587,0.497455573229,ratio of pooled event counts/opportunities,percentile cluster bootstrap (2000 resamples of RNG seeds),eligible pair,
full,test,noise_misspecification,actual_2_assumed_4,stream_false_positive_rate_per_negative_pair,0,0,27817,false positives / negative pair,30,0,0,ratio of pooled event counts/opportunities,percentile cluster bootstrap (2000 resamples of RNG seeds),negative eligible pair,
full,test,noise_misspecification,actual_2_assumed_4,stream_false_positives_per_run,0,0,30,false positives / observed pair run,30,0,0,ratio of pooled event counts/runs,percentile cluster bootstrap (2000 resamples of RNG seeds),independent RNG seed,Only runs with complete observed pair blocks contribute.
full,test,noise_misspecification,actual_2_assumed_4,clean_false_positives_per_run,0,0,30,false positives / observed pair run,30,0,0,ratio of pooled event counts/runs,percentile cluster bootstrap (2000 resamples of RNG seeds),independent RNG seed,Only runs with complete observed pair blocks contribute.
full,test,noise_misspecification,actual_2_assumed_4,stream_false_positives_per_receiver_run,0,0,1470,false-positive pair events / honest receiver-run,30,0,0,ratio of pooled event counts/opportunities,percentile cluster bootstrap (2000 resamples of RNG seeds),honest receiver-run,Each honest receiver contributes one exposure unit in each complete observed run.
full,test,noise_misspecification,actual_2_assumed_4,clean_false_positives_per_receiver_run,0,0,1470,clean-pair false-positive events / honest receiver-run,30,0,0,ratio of pooled event counts/opportunities,percentile cluster bootstrap (2000 resamples of RNG seeds),honest receiver-run,Each honest receiver contributes one exposure unit in each complete observed run.
full,test,noise_misspecification,actual_2_assumed_4,stream_false_positives_per_receiver_minute,0,0,1225,false positives / receiver-minute,30,0,0,ratio of pooled event counts/opportunities,percentile cluster bootstrap (2000 resamples of RNG seeds),receiver-minute,Receiver-minutes use honest receivers times the common evaluation-window duration.
full,test,noise_misspecification,actual_2_assumed_4,stream_false_positives_per_million_negative_messages,0,0,2055000,false-positive pair events / million negative messages,30,0,0,ratio of pooled event counts/opportunities,percentile cluster bootstrap (2000 resamples of RNG seeds),negative message,"The numerator is a receiver--claimed-identity window event, not a per-message decision; messages provide an exposure denominator."
full,test,noise_misspecification,actual_2_assumed_4,clean_false_positive_rate_per_clean_pair,0,0,27807,false positives / clean honest pair,30,0,0,ratio of pooled event counts/opportunities,percentile cluster bootstrap (2000 resamples of RNG seeds),clean honest eligible pair,
full,test,noise_misspecification,actual_2_assumed_4,clean_false_positives_per_receiver_minute,0,0,1225,false positives / receiver-minute,30,0,0,ratio of pooled event counts/opportunities,percentile cluster bootstrap (2000 resamples of RNG seeds),receiver-minute,
full,test,noise_misspecification,actual_2_assumed_4,clean_false_positives_per_million_clean_messages,0,0,2054982,false-positive pair events / million clean messages,30,0,0,ratio of pooled event counts/opportunities,percentile cluster bootstrap (2000 resamples of RNG seeds),clean honest message,"The numerator is a clean-pair window event, not a per-message decision; messages provide an exposure denominator."
full,test,noise_misspecification,actual_2_assumed_4,track_false_positive_pair_rate,0,0,27807,track-alerted clean pairs / clean pair,30,0,0,ratio of pooled event counts/opportunities,percentile cluster bootstrap (2000 resamples of RNG seeds),clean honest eligible pair,Numerator is pair-level because the pair schema exposes whether any track alerted.
full,test,noise_misspecification,actual_2_assumed_4,track_false_positive_pairs_per_clean_evaluation_window_track,0,0,27923,track-alerted clean pairs / clean evaluation-window track,30,0,0,ratio of pooled event counts/opportunities,percentile cluster bootstrap (2000 resamples of RNG seeds),clean evaluation-window content-associated track,Conservative pair-event numerator; individual alerted-track count is not in the schema. Track count requires at least one window message.
full,test,noise_misspecification,actual_2_assumed_4,malicious_delay_censoring_rate,0.226853645309,5856,25814,proportion,30,0.212168476439,0.242337844145,ratio of pooled event counts/opportunities,percentile cluster bootstrap (2000 resamples of RNG seeds),malicious eligible pair,Censoring is reported separately; delay quartiles condition on detection.
full,test,noise_misspecification,actual_2_assumed_4,postwarmup_track_merges_per_evaluation_window_track,0.153415525584,11921,77704,post-warm-up merges / evaluation-window track,30,0.14304419699,0.164093754239,ratio of pooled event counts/opportunities,percentile cluster bootstrap (2000 resamples of RNG seeds),evaluation-window content-associated track,Merge counts span all post-warm-up tracked messages; the pair schema exposes only evaluation-window track count as a normalization base.
full,test,noise_misspecification,actual_2_assumed_4,postwarmup_track_fragments_per_evaluation_window_track,0.163286317307,12688,77704,post-warm-up fragments / evaluation-window track,30,0.156221193716,0.170360582317,ratio of pooled event counts/opportunities,percentile cluster bootstrap (2000 resamples of RNG seeds),evaluation-window content-associated track,"Fragment counts span all post-warm-up tracked messages; this is a descriptive normalization, not a window-matched event rate."
full,test,noise_misspecification,actual_2_assumed_4,postwarmup_track_id_switches_per_evaluation_window_track,0.188368681149,14637,77704,post-warm-up ID switches / evaluation-window track,30,0.165557283424,0.213159213146,ratio of pooled event counts/opportunities,percentile cluster bootstrap (2000 resamples of RNG seeds),evaluation-window content-associated track,"ID-switch counts span all post-warm-up tracked messages; this is a descriptive normalization, not a window-matched event rate."
full,test,noise_misspecification,actual_2_assumed_4,window_message_weighted_postwarmup_track_purity,0.992085960194,5512656.59317,5556632,proportion,30,0.991208690342,0.992817210629,ratio of pooled event counts/opportunities,percentile cluster bootstrap (2000 resamples of RNG seeds),eligible-window message,Each pair's post-warm-up track purity is weighted by its evaluation-window message count; purity itself is not window-restricted.
full,test,noise_misspecification,actual_2_assumed_4,stride_ambiguous_rate_among_alerts,0.0118749373685,237,19958,proportion,30,0.00879058966975,0.015124094704,ratio of pooled event counts/opportunities,percentile cluster bootstrap (2000 resamples of RNG seeds),alerted eligible pair,
full,test,noise_misspecification,actual_2_assumed_4,stride_unassigned_rate_among_alerts,0,0,19958,proportion,30,0,0,ratio of pooled event counts/opportunities,percentile cluster bootstrap (2000 resamples of RNG seeds),alerted eligible pair,
full,test,noise_misspecification,actual_2_assumed_4,pair_exposure_q1_pooled_p2,6.92969803272,,53631,s,0,nan,nan,P-squared online quantile over pooled pair observations,not computed for pooled descriptive quantile,eligible pair,Constant-memory approximation; use seed rows below for uncertainty.
full,test,noise_misspecification,actual_2_assumed_4,pair_exposure_median_pooled_p2,9.0985488532,,53631,s,0,nan,nan,P-squared online quantile over pooled pair observations,not computed for pooled descriptive quantile,eligible pair,Constant-memory approximation; use seed rows below for uncertainty.
full,test,noise_misspecification,actual_2_assumed_4,pair_exposure_q3_pooled_p2,18.3424338109,,53631,s,0,nan,nan,P-squared online quantile over pooled pair observations,not computed for pooled descriptive quantile,eligible pair,Constant-memory approximation; use seed rows below for uncertainty.
full,test,noise_misspecification,actual_2_assumed_4,seed_mean_of_within_seed_pair_exposure_q1,6.93722209722,,30,s,30,6.86196380451,7.0083407352,mean of per-seed P-squared q1 estimates,percentile cluster bootstrap (2000 resamples of RNG seeds),independent RNG seed,Within-seed observations are eligible pairs; seeds are the inferential unit.
full,test,noise_misspecification,actual_2_assumed_4,seed_mean_of_within_seed_pair_exposure_median,9.12329923701,,30,s,30,9.03566402929,9.21507596893,mean of per-seed P-squared median estimates,percentile cluster bootstrap (2000 resamples of RNG seeds),independent RNG seed,Within-seed observations are eligible pairs; seeds are the inferential unit.
full,test,noise_misspecification,actual_2_assumed_4,seed_mean_of_within_seed_pair_exposure_q3,18.4724456044,,30,s,30,17.6993525231,19.2362136645,mean of per-seed P-squared q3 estimates,percentile cluster bootstrap (2000 resamples of RNG seeds),independent RNG seed,Within-seed observations are eligible pairs; seeds are the inferential unit.
full,test,noise_misspecification,actual_2_assumed_4,clean_pair_exposure_q1_pooled_p2,6.9768251092,,27807,s,0,nan,nan,P-squared online quantile over pooled pair observations,not computed for pooled descriptive quantile,clean honest eligible pair,Constant-memory approximation; use seed rows below for uncertainty.
full,test,noise_misspecification,actual_2_assumed_4,clean_pair_exposure_median_pooled_p2,8.64157268053,,27807,s,0,nan,nan,P-squared online quantile over pooled pair observations,not computed for pooled descriptive quantile,clean honest eligible pair,Constant-memory approximation; use seed rows below for uncertainty.
full,test,noise_misspecification,actual_2_assumed_4,clean_pair_exposure_q3_pooled_p2,11.3379425266,,27807,s,0,nan,nan,P-squared online quantile over pooled pair observations,not computed for pooled descriptive quantile,clean honest eligible pair,Constant-memory approximation; use seed rows below for uncertainty.
full,test,noise_misspecification,actual_2_assumed_4,seed_mean_of_within_seed_clean_pair_exposure_q1,6.98317533539,,30,s,30,6.90649757483,7.06270829521,mean of per-seed P-squared q1 estimates,percentile cluster bootstrap (2000 resamples of RNG seeds),independent RNG seed,Within-seed observations are clean honest eligible pairs; seeds are the inferential unit.
full,test,noise_misspecification,actual_2_assumed_4,seed_mean_of_within_seed_clean_pair_exposure_median,8.64661795245,,30,s,30,8.57170601088,8.72642679799,mean of per-seed P-squared median estimates,percentile cluster bootstrap (2000 resamples of RNG seeds),independent RNG seed,Within-seed observations are clean honest eligible pairs; seeds are the inferential unit.
full,test,noise_misspecification,actual_2_assumed_4,seed_mean_of_within_seed_clean_pair_exposure_q3,11.7039699445,,30,s,30,11.2354384176,12.2968347152,mean of per-seed P-squared q3 estimates,percentile cluster bootstrap (2000 resamples of RNG seeds),independent RNG seed,Within-seed observations are clean honest eligible pairs; seeds are the inferential unit.
full,test,noise_misspecification,actual_2_assumed_4,malicious_pair_exposure_q1_pooled_p2,6.87930311425,,25814,s,0,nan,nan,P-squared online quantile over pooled pair observations,not computed for pooled descriptive quantile,malicious eligible pair,Constant-memory approximation; use seed rows below for uncertainty.
full,test,noise_misspecification,actual_2_assumed_4,malicious_pair_exposure_median_pooled_p2,10.0767606566,,25814,s,0,nan,nan,P-squared online quantile over pooled pair observations,not computed for pooled descriptive quantile,malicious eligible pair,Constant-memory approximation; use seed rows below for uncertainty.
full,test,noise_misspecification,actual_2_assumed_4,malicious_pair_exposure_q3_pooled_p2,24.3125371716,,25814,s,0,nan,nan,P-squared online quantile over pooled pair observations,not computed for pooled descriptive quantile,malicious eligible pair,Constant-memory approximation; use seed rows below for uncertainty.
full,test,noise_misspecification,actual_2_assumed_4,seed_mean_of_within_seed_malicious_pair_exposure_q1,6.74135037338,,30,s,30,6.49835094164,6.98151409206,mean of per-seed P-squared q1 estimates,percentile cluster bootstrap (2000 resamples of RNG seeds),independent RNG seed,Within-seed observations are malicious eligible pairs; seeds are the inferential unit.
full,test,noise_misspecification,actual_2_assumed_4,seed_mean_of_within_seed_malicious_pair_exposure_median,10.1106975078,,30,s,30,9.91548074434,10.3028959386,mean of per-seed P-squared median estimates,percentile cluster bootstrap (2000 resamples of RNG seeds),independent RNG seed,Within-seed observations are malicious eligible pairs; seeds are the inferential unit.
full,test,noise_misspecification,actual_2_assumed_4,seed_mean_of_within_seed_malicious_pair_exposure_q3,24.2916852079,,30,s,30,23.2182299657,25.3532504922,mean of per-seed P-squared q3 estimates,percentile cluster bootstrap (2000 resamples of RNG seeds),independent RNG seed,Within-seed observations are malicious eligible pairs; seeds are the inferential unit.
full,test,noise_misspecification,actual_2_assumed_4,detected_delay_q1_pooled_p2,8.50449073315e-06,,19958,s,0,nan,nan,P-squared online quantile over pooled pair observations,not computed for pooled descriptive quantile,detected malicious pair,Constant-memory approximation; use seed rows below for uncertainty.
full,test,noise_misspecification,actual_2_assumed_4,detected_delay_median_pooled_p2,0.561609643651,,19958,s,0,nan,nan,P-squared online quantile over pooled pair observations,not computed for pooled descriptive quantile,detected malicious pair,Constant-memory approximation; use seed rows below for uncertainty.
full,test,noise_misspecification,actual_2_assumed_4,detected_delay_q3_pooled_p2,1.74655082356,,19958,s,0,nan,nan,P-squared online quantile over pooled pair observations,not computed for pooled descriptive quantile,detected malicious pair,Constant-memory approximation; use seed rows below for uncertainty.
full,test,noise_misspecification,actual_2_assumed_4,seed_mean_of_within_seed_detected_delay_q1,0.0103385983827,,30,s,30,0.00240455194263,0.0214961815181,mean of per-seed P-squared q1 estimates,percentile cluster bootstrap (2000 resamples of RNG seeds),independent RNG seed,Within-seed observations are detected malicious pairs; seeds are the inferential unit.
full,test,noise_misspecification,actual_2_assumed_4,seed_mean_of_within_seed_detected_delay_median,0.544294396914,,30,s,30,0.47883544796,0.606663592876,mean of per-seed P-squared median estimates,percentile cluster bootstrap (2000 resamples of RNG seeds),independent RNG seed,Within-seed observations are detected malicious pairs; seeds are the inferential unit.
full,test,noise_misspecification,actual_2_assumed_4,seed_mean_of_within_seed_detected_delay_q3,1.73405642332,,30,s,30,1.65032254396,1.82077192934,mean of per-seed P-squared q3 estimates,percentile cluster bootstrap (2000 resamples of RNG seeds),independent RNG seed,Within-seed observations are detected malicious pairs; seeds are the inferential unit.
full,test,noise_misspecification,actual_2_assumed_4,postwarmup_track_purity_q1_pooled_p2,0.999999983579,,53631,proportion,0,nan,nan,P-squared online quantile over pooled pair observations,not computed for pooled descriptive quantile,eligible pair,Constant-memory approximation; use seed rows below for uncertainty.
full,test,noise_misspecification,actual_2_assumed_4,postwarmup_track_purity_median_pooled_p2,0.999999999951,,53631,proportion,0,nan,nan,P-squared online quantile over pooled pair observations,not computed for pooled descriptive quantile,eligible pair,Constant-memory approximation; use seed rows below for uncertainty.
full,test,noise_misspecification,actual_2_assumed_4,postwarmup_track_purity_q3_pooled_p2,1,,53631,proportion,0,nan,nan,P-squared online quantile over pooled pair observations,not computed for pooled descriptive quantile,eligible pair,Constant-memory approximation; use seed rows below for uncertainty.
full,test,noise_misspecification,actual_2_assumed_4,seed_mean_of_within_seed_postwarmup_track_purity_q1,0.999968709664,,30,proportion,30,0.999927586605,0.999993306419,mean of per-seed P-squared q1 estimates,percentile cluster bootstrap (2000 resamples of RNG seeds),independent RNG seed,Within-seed observations are eligible pairs; seeds are the inferential unit.
full,test,noise_misspecification,actual_2_assumed_4,seed_mean_of_within_seed_postwarmup_track_purity_median,0.999999810191,,30,proportion,30,0.999999597205,0.999999944898,mean of per-seed P-squared median estimates,percentile cluster bootstrap (2000 resamples of RNG seeds),independent RNG seed,Within-seed observations are eligible pairs; seeds are the inferential unit.
full,test,noise_misspecification,actual_2_assumed_4,seed_mean_of_within_seed_postwarmup_track_purity_q3,0.999999998971,,30,proportion,30,0.999999997258,0.999999999957,mean of per-seed P-squared q3 estimates,percentile cluster bootstrap (2000 resamples of RNG seeds),independent RNG seed,Within-seed observations are eligible pairs; seeds are the inferential unit.
full,test,noise_misspecification,actual_4_assumed_2,pair_prevalence,0.481326098712,25814,53631,proportion,30,0.465643101202,0.497221119684,ratio of pooled event counts/opportunities,percentile cluster bootstrap (2000 resamples of RNG seeds),eligible pair,
full,test,noise_misspecification,actual_4_assumed_2,stream_false_positive_rate_per_negative_pair,0.0158176654564,440,27817,false positives / negative pair,30,0.0138292204083,0.0177875120568,ratio of pooled event counts/opportunities,percentile cluster bootstrap (2000 resamples of RNG seeds),negative eligible pair,
full,test,noise_misspecification,actual_4_assumed_2,stream_false_positives_per_run,14.6666666667,440,30,false positives / observed pair run,30,12.8991666667,16.6,ratio of pooled event counts/runs,percentile cluster bootstrap (2000 resamples of RNG seeds),independent RNG seed,Only runs with complete observed pair blocks contribute.
full,test,noise_misspecification,actual_4_assumed_2,clean_false_positives_per_run,14.6666666667,440,30,false positives / observed pair run,30,12.8,16.5675,ratio of pooled event counts/runs,percentile cluster bootstrap (2000 resamples of RNG seeds),independent RNG seed,Only runs with complete observed pair blocks contribute.
full,test,noise_misspecification,actual_4_assumed_2,stream_false_positives_per_receiver_run,0.299319727891,440,1470,false-positive pair events / honest receiver-run,30,0.263265306122,0.338095238095,ratio of pooled event counts/opportunities,percentile cluster bootstrap (2000 resamples of RNG seeds),honest receiver-run,Each honest receiver contributes one exposure unit in each complete observed run.
full,test,noise_misspecification,actual_4_assumed_2,clean_false_positives_per_receiver_run,0.299319727891,440,1470,clean-pair false-positive events / honest receiver-run,30,0.261224489796,0.339472789116,ratio of pooled event counts/opportunities,percentile cluster bootstrap (2000 resamples of RNG seeds),honest receiver-run,Each honest receiver contributes one exposure unit in each complete observed run.
full,test,noise_misspecification,actual_4_assumed_2,stream_false_positives_per_receiver_minute,0.359183673469,440,1225,false positives / receiver-minute,30,0.315918367347,0.408163265306,ratio of pooled event counts/opportunities,percentile cluster bootstrap (2000 resamples of RNG seeds),receiver-minute,Receiver-minutes use honest receivers times the common evaluation-window duration.
full,test,noise_misspecification,actual_4_assumed_2,stream_false_positives_per_million_negative_messages,214.111922141,440,2055000,false-positive pair events / million negative messages,30,189.038486116,239.808409706,ratio of pooled event counts/opportunities,percentile cluster bootstrap (2000 resamples of RNG seeds),negative message,"The numerator is a receiver--claimed-identity window event, not a per-message decision; messages provide an exposure denominator."
full,test,noise_misspecification,actual_4_assumed_2,clean_false_positive_rate_per_clean_pair,0.0158233538318,440,27807,false positives / clean honest pair,30,0.0139123732946,0.0177738800219,ratio of pooled event counts/opportunities,percentile cluster bootstrap (2000 resamples of RNG seeds),clean honest eligible pair,
full,test,noise_misspecification,actual_4_assumed_2,clean_false_positives_per_receiver_minute,0.359183673469,440,1225,false positives / receiver-minute,30,0.315918367347,0.405734693878,ratio of pooled event counts/opportunities,percentile cluster bootstrap (2000 resamples of RNG seeds),receiver-minute,
full,test,noise_misspecification,actual_4_assumed_2,clean_false_positives_per_million_clean_messages,214.11379759,440,2054982,false-positive pair events / million clean messages,30,187.853235577,241.526943629,ratio of pooled event counts/opportunities,percentile cluster bootstrap (2000 resamples of RNG seeds),clean honest message,"The numerator is a clean-pair window event, not a per-message decision; messages provide an exposure denominator."
full,test,noise_misspecification,actual_4_assumed_2,track_false_positive_pair_rate,0.00370410328335,103,27807,track-alerted clean pairs / clean pair,30,0.00271652861996,0.0047680991503,ratio of pooled event counts/opportunities,percentile cluster bootstrap (2000 resamples of RNG seeds),clean honest eligible pair,Numerator is pair-level because the pair schema exposes whether any track alerted.
full,test,noise_misspecification,actual_4_assumed_2,track_false_positive_pairs_per_clean_evaluation_window_track,0.00214569922713,103,48003,track-alerted clean pairs / clean evaluation-window track,30,0.0015933929087,0.00276222765417,ratio of pooled event counts/opportunities,percentile cluster bootstrap (2000 resamples of RNG seeds),clean evaluation-window content-associated track,Conservative pair-event numerator; individual alerted-track count is not in the schema. Track count requires at least one window message.
full,test,noise_misspecification,actual_4_assumed_2,malicious_delay_censoring_rate,0.223212210428,5762,25814,proportion,30,0.208989040196,0.23883995884,ratio of pooled event counts/opportunities,percentile cluster bootstrap (2000 resamples of RNG seeds),malicious eligible pair,Censoring is reported separately; delay quartiles condition on detection.
full,test,noise_misspecification,actual_4_assumed_2,postwarmup_track_merges_per_evaluation_window_track,0.12375348511,14470,116926,post-warm-up merges / evaluation-window track,30,0.115023874401,0.132852453783,ratio of pooled event counts/opportunities,percentile cluster bootstrap (2000 resamples of RNG seeds),evaluation-window content-associated track,Merge counts span all post-warm-up tracked messages; the pair schema exposes only evaluation-window track count as a normalization base.
full,test,noise_misspecification,actual_4_assumed_2,postwarmup_track_fragments_per_evaluation_window_track,0.442844192053,51780,116926,post-warm-up fragments / evaluation-window track,30,0.43738248865,0.447830852596,ratio of pooled event counts/opportunities,percentile cluster bootstrap (2000 resamples of RNG seeds),evaluation-window content-associated track,"Fragment counts span all post-warm-up tracked messages; this is a descriptive normalization, not a window-matched event rate."
full,test,noise_misspecification,actual_4_assumed_2,postwarmup_track_id_switches_per_evaluation_window_track,0.144185211159,16859,116926,post-warm-up ID switches / evaluation-window track,30,0.130782175323,0.157588437734,ratio of pooled event counts/opportunities,percentile cluster bootstrap (2000 resamples of RNG seeds),evaluation-window content-associated track,"ID-switch counts span all post-warm-up tracked messages; this is a descriptive normalization, not a window-matched event rate."
full,test,noise_misspecification,actual_4_assumed_2,window_message_weighted_postwarmup_track_purity,0.992311958533,5513912.38277,5556632,proportion,30,0.991706321544,0.992987377583,ratio of pooled event counts/opportunities,percentile cluster bootstrap (2000 resamples of RNG seeds),eligible-window message,Each pair's post-warm-up track purity is weighted by its evaluation-window message count; purity itself is not window-restricted.
full,test,noise_misspecification,actual_4_assumed_2,stride_ambiguous_rate_among_alerts,0.0136150692953,279,20492,proportion,30,0.0105447465982,0.016645934967,ratio of pooled event counts/opportunities,percentile cluster bootstrap (2000 resamples of RNG seeds),alerted eligible pair,
full,test,noise_misspecification,actual_4_assumed_2,stride_unassigned_rate_among_alerts,0.000487995315245,10,20492,proportion,30,0.000105465992721,0.000966114995112,ratio of pooled event counts/opportunities,percentile cluster bootstrap (2000 resamples of RNG seeds),alerted eligible pair,
full,test,noise_misspecification,actual_4_assumed_2,pair_exposure_q1_pooled_p2,6.92969803272,,53631,s,0,nan,nan,P-squared online quantile over pooled pair observations,not computed for pooled descriptive quantile,eligible pair,Constant-memory approximation; use seed rows below for uncertainty.
full,test,noise_misspecification,actual_4_assumed_2,pair_exposure_median_pooled_p2,9.0985488532,,53631,s,0,nan,nan,P-squared online quantile over pooled pair observations,not computed for pooled descriptive quantile,eligible pair,Constant-memory approximation; use seed rows below for uncertainty.
full,test,noise_misspecification,actual_4_assumed_2,pair_exposure_q3_pooled_p2,18.3424338109,,53631,s,0,nan,nan,P-squared online quantile over pooled pair observations,not computed for pooled descriptive quantile,eligible pair,Constant-memory approximation; use seed rows below for uncertainty.
full,test,noise_misspecification,actual_4_assumed_2,seed_mean_of_within_seed_pair_exposure_q1,6.93722209722,,30,s,30,6.8651483239,7.00745649842,mean of per-seed P-squared q1 estimates,percentile cluster bootstrap (2000 resamples of RNG seeds),independent RNG seed,Within-seed observations are eligible pairs; seeds are the inferential unit.
full,test,noise_misspecification,actual_4_assumed_2,seed_mean_of_within_seed_pair_exposure_median,9.12329923701,,30,s,30,9.03110097842,9.21395854754,mean of per-seed P-squared median estimates,percentile cluster bootstrap (2000 resamples of RNG seeds),independent RNG seed,Within-seed observations are eligible pairs; seeds are the inferential unit.
full,test,noise_misspecification,actual_4_assumed_2,seed_mean_of_within_seed_pair_exposure_q3,18.4724456044,,30,s,30,17.72523515,19.2445286582,mean of per-seed P-squared q3 estimates,percentile cluster bootstrap (2000 resamples of RNG seeds),independent RNG seed,Within-seed observations are eligible pairs; seeds are the inferential unit.
full,test,noise_misspecification,actual_4_assumed_2,clean_pair_exposure_q1_pooled_p2,6.9768251092,,27807,s,0,nan,nan,P-squared online quantile over pooled pair observations,not computed for pooled descriptive quantile,clean honest eligible pair,Constant-memory approximation; use seed rows below for uncertainty.
full,test,noise_misspecification,actual_4_assumed_2,clean_pair_exposure_median_pooled_p2,8.64157268053,,27807,s,0,nan,nan,P-squared online quantile over pooled pair observations,not computed for pooled descriptive quantile,clean honest eligible pair,Constant-memory approximation; use seed rows below for uncertainty.
full,test,noise_misspecification,actual_4_assumed_2,clean_pair_exposure_q3_pooled_p2,11.3379425266,,27807,s,0,nan,nan,P-squared online quantile over pooled pair observations,not computed for pooled descriptive quantile,clean honest eligible pair,Constant-memory approximation; use seed rows below for uncertainty.
full,test,noise_misspecification,actual_4_assumed_2,seed_mean_of_within_seed_clean_pair_exposure_q1,6.98317533539,,30,s,30,6.90086363675,7.05915130047,mean of per-seed P-squared q1 estimates,percentile cluster bootstrap (2000 resamples of RNG seeds),independent RNG seed,Within-seed observations are clean honest eligible pairs; seeds are the inferential unit.
full,test,noise_misspecification,actual_4_assumed_2,seed_mean_of_within_seed_clean_pair_exposure_median,8.64661795245,,30,s,30,8.57519043548,8.72150409633,mean of per-seed P-squared median estimates,percentile cluster bootstrap (2000 resamples of RNG seeds),independent RNG seed,Within-seed observations are clean honest eligible pairs; seeds are the inferential unit.
full,test,noise_misspecification,actual_4_assumed_2,seed_mean_of_within_seed_clean_pair_exposure_q3,11.7039699445,,30,s,30,11.205064829,12.2741739255,mean of per-seed P-squared q3 estimates,percentile cluster bootstrap (2000 resamples of RNG seeds),independent RNG seed,Within-seed observations are clean honest eligible pairs; seeds are the inferential unit.
full,test,noise_misspecification,actual_4_assumed_2,malicious_pair_exposure_q1_pooled_p2,6.87930311425,,25814,s,0,nan,nan,P-squared online quantile over pooled pair observations,not computed for pooled descriptive quantile,malicious eligible pair,Constant-memory approximation; use seed rows below for uncertainty.
full,test,noise_misspecification,actual_4_assumed_2,malicious_pair_exposure_median_pooled_p2,10.0767606566,,25814,s,0,nan,nan,P-squared online quantile over pooled pair observations,not computed for pooled descriptive quantile,malicious eligible pair,Constant-memory approximation; use seed rows below for uncertainty.
full,test,noise_misspecification,actual_4_assumed_2,malicious_pair_exposure_q3_pooled_p2,24.3125371716,,25814,s,0,nan,nan,P-squared online quantile over pooled pair observations,not computed for pooled descriptive quantile,malicious eligible pair,Constant-memory approximation; use seed rows below for uncertainty.
full,test,noise_misspecification,actual_4_assumed_2,seed_mean_of_within_seed_malicious_pair_exposure_q1,6.74135037338,,30,s,30,6.50687509016,6.96905295384,mean of per-seed P-squared q1 estimates,percentile cluster bootstrap (2000 resamples of RNG seeds),independent RNG seed,Within-seed observations are malicious eligible pairs; seeds are the inferential unit.
full,test,noise_misspecification,actual_4_assumed_2,seed_mean_of_within_seed_malicious_pair_exposure_median,10.1106975078,,30,s,30,9.91281737179,10.3021090344,mean of per-seed P-squared median estimates,percentile cluster bootstrap (2000 resamples of RNG seeds),independent RNG seed,Within-seed observations are malicious eligible pairs; seeds are the inferential unit.
full,test,noise_misspecification,actual_4_assumed_2,seed_mean_of_within_seed_malicious_pair_exposure_q3,24.2916852079,,30,s,30,23.2589922336,25.3973447335,mean of per-seed P-squared q3 estimates,percentile cluster bootstrap (2000 resamples of RNG seeds),independent RNG seed,Within-seed observations are malicious eligible pairs; seeds are the inferential unit.
full,test,noise_misspecification,actual_4_assumed_2,detected_delay_q1_pooled_p2,8.23736435202e-06,,20052,s,0,nan,nan,P-squared online quantile over pooled pair observations,not computed for pooled descriptive quantile,detected malicious pair,Constant-memory approximation; use seed rows below for uncertainty.
full,test,noise_misspecification,actual_4_assumed_2,detected_delay_median_pooled_p2,0.55698823598,,20052,s,0,nan,nan,P-squared online quantile over pooled pair observations,not computed for pooled descriptive quantile,detected malicious pair,Constant-memory approximation; use seed rows below for uncertainty.
full,test,noise_misspecification,actual_4_assumed_2,detected_delay_q3_pooled_p2,1.68500022591,,20052,s,0,nan,nan,P-squared online quantile over pooled pair observations,not computed for pooled descriptive quantile,detected malicious pair,Constant-memory approximation; use seed rows below for uncertainty.
full,test,noise_misspecification,actual_4_assumed_2,seed_mean_of_within_seed_detected_delay_q1,0.00966962382967,,30,s,30,0.0021547385817,0.0198613437628,mean of per-seed P-squared q1 estimates,percentile cluster bootstrap (2000 resamples of RNG seeds),independent RNG seed,Within-seed observations are detected malicious pairs; seeds are the inferential unit.
full,test,noise_misspecification,actual_4_assumed_2,seed_mean_of_within_seed_detected_delay_median,0.540441905672,,30,s,30,0.476515244538,0.604428595023,mean of per-seed P-squared median estimates,percentile cluster bootstrap (2000 resamples of RNG seeds),independent RNG seed,Within-seed observations are detected malicious pairs; seeds are the inferential unit.
full,test,noise_misspecification,actual_4_assumed_2,seed_mean_of_within_seed_detected_delay_q3,1.674582436,,30,s,30,1.59557416174,1.75181808779,mean of per-seed P-squared q3 estimates,percentile cluster bootstrap (2000 resamples of RNG seeds),independent RNG seed,Within-seed observations are detected malicious pairs; seeds are the inferential unit.
full,test,noise_misspecification,actual_4_assumed_2,postwarmup_track_purity_q1_pooled_p2,0.999999549734,,53631,proportion,0,nan,nan,P-squared online quantile over pooled pair observations,not computed for pooled descriptive quantile,eligible pair,Constant-memory approximation; use seed rows below for uncertainty.
full,test,noise_misspecification,actual_4_assumed_2,postwarmup_track_purity_median_pooled_p2,1,,53631,proportion,0,nan,nan,P-squared online quantile over pooled pair observations,not computed for pooled descriptive quantile,eligible pair,Constant-memory approximation; use seed rows below for uncertainty.
full,test,noise_misspecification,actual_4_assumed_2,postwarmup_track_purity_q3_pooled_p2,1,,53631,proportion,0,nan,nan,P-squared online quantile over pooled pair observations,not computed for pooled descriptive quantile,eligible pair,Constant-memory approximation; use seed rows below for uncertainty.
full,test,noise_misspecification,actual_4_assumed_2,seed_mean_of_within_seed_postwarmup_track_purity_q1,0.99992066003,,30,proportion,30,0.999831717079,0.999983731798,mean of per-seed P-squared q1 estimates,percentile cluster bootstrap (2000 resamples of RNG seeds),independent RNG seed,Within-seed observations are eligible pairs; seeds are the inferential unit.
full,test,noise_misspecification,actual_4_assumed_2,seed_mean_of_within_seed_postwarmup_track_purity_median,0.999999765774,,30,proportion,30,0.99999945653,0.999999959874,mean of per-seed P-squared median estimates,percentile cluster bootstrap (2000 resamples of RNG seeds),independent RNG seed,Within-seed observations are eligible pairs; seeds are the inferential unit.
full,test,noise_misspecification,actual_4_assumed_2,seed_mean_of_within_seed_postwarmup_track_purity_q3,0.999999999634,,30,proportion,30,0.999999998964,0.99999999998,mean of per-seed P-squared q3 estimates,percentile cluster bootstrap (2000 resamples of RNG seeds),independent RNG seed,Within-seed observations are eligible pairs; seeds are the inferential unit.
full,test,noise_misspecification,actual_8_assumed_2,pair_prevalence,0.481326098712,25814,53631,proportion,30,0.465624764428,0.497266516992,ratio of pooled event counts/opportunities,percentile cluster bootstrap (2000 resamples of RNG seeds),eligible pair,
full,test,noise_misspecification,actual_8_assumed_2,stream_false_positive_rate_per_negative_pair,0.673149512888,18725,27817,false positives / negative pair,30,0.665836492602,0.680799144559,ratio of pooled event counts/opportunities,percentile cluster bootstrap (2000 resamples of RNG seeds),negative eligible pair,
full,test,noise_misspecification,actual_8_assumed_2,stream_false_positives_per_run,624.166666667,18725,30,false positives / observed pair run,30,605.8325,642.635,ratio of pooled event counts/runs,percentile cluster bootstrap (2000 resamples of RNG seeds),independent RNG seed,Only runs with complete observed pair blocks contribute.
full,test,noise_misspecification,actual_8_assumed_2,clean_false_positives_per_run,624,18720,30,false positives / observed pair run,30,605.465833333,644.069166667,ratio of pooled event counts/runs,percentile cluster bootstrap (2000 resamples of RNG seeds),independent RNG seed,Only runs with complete observed pair blocks contribute.
full,test,noise_misspecification,actual_8_assumed_2,stream_false_positives_per_receiver_run,12.7380952381,18725,1470,false-positive pair events / honest receiver-run,30,12.3584013605,13.1320408163,ratio of pooled event counts/opportunities,percentile cluster bootstrap (2000 resamples of RNG seeds),honest receiver-run,Each honest receiver contributes one exposure unit in each complete observed run.
full,test,noise_misspecification,actual_8_assumed_2,clean_false_positives_per_receiver_run,12.7346938776,18720,1470,clean-pair false-positive events / honest receiver-run,30,12.3442006803,13.1299659864,ratio of pooled event counts/opportunities,percentile cluster bootstrap (2000 resamples of RNG seeds),honest receiver-run,Each honest receiver contributes one exposure unit in each complete observed run.
full,test,noise_misspecification,actual_8_assumed_2,stream_false_positives_per_receiver_minute,15.2857142857,18725,1225,false positives / receiver-minute,30,14.8424285714,15.7281632653,ratio of pooled event counts/opportunities,percentile cluster bootstrap (2000 resamples of RNG seeds),receiver-minute,Receiver-minutes use honest receivers times the common evaluation-window duration.
full,test,noise_misspecification,actual_8_assumed_2,stream_false_positives_per_million_negative_messages,9111.92214112,18725,2055000,false-positive pair events / million negative messages,30,8902.06903779,9313.07886028,ratio of pooled event counts/opportunities,percentile cluster bootstrap (2000 resamples of RNG seeds),negative message,"The numerator is a receiver--claimed-identity window event, not a per-message decision; messages provide an exposure denominator."
full,test,noise_misspecification,actual_8_assumed_2,clean_false_positive_rate_per_clean_pair,0.673211781206,18720,27807,false positives / clean honest pair,30,0.665498949296,0.68128001632,ratio of pooled event counts/opportunities,percentile cluster bootstrap (2000 resamples of RNG seeds),clean honest eligible pair,
full,test,noise_misspecification,actual_8_assumed_2,clean_false_positives_per_receiver_minute,15.2816326531,18720,1225,false positives / receiver-minute,30,14.7998571429,15.7462244898,ratio of pooled event counts/opportunities,percentile cluster bootstrap (2000 resamples of RNG seeds),receiver-minute,
full,test,noise_misspecification,actual_8_assumed_2,clean_false_positives_per_million_clean_messages,9109.56884294,18720,2054982,false-positive pair events / million clean messages,30,8917.38978291,9308.78468447,ratio of pooled event counts/opportunities,percentile cluster bootstrap (2000 resamples of RNG seeds),clean honest message,"The numerator is a clean-pair window event, not a per-message decision; messages provide an exposure denominator."
full,test,noise_misspecification,actual_8_assumed_2,track_false_positive_pair_rate,0.393174380552,10933,27807,track-alerted clean pairs / clean pair,30,0.385598660479,0.401497191437,ratio of pooled event counts/opportunities,percentile cluster bootstrap (2000 resamples of RNG seeds),clean honest eligible pair,Numerator is pair-level because the pair schema exposes whether any track alerted.
full,test,noise_misspecification,actual_8_assumed_2,track_false_positive_pairs_per_clean_evaluation_window_track,0.136389720559,10933,80160,track-alerted clean pairs / clean evaluation-window track,30,0.134051400416,0.139024197592,ratio of pooled event counts/opportunities,percentile cluster bootstrap (2000 resamples of RNG seeds),clean evaluation-window content-associated track,Conservative pair-event numerator; individual alerted-track count is not in the schema. Track count requires at least one window message.
full,test,noise_misspecification,actual_8_assumed_2,malicious_delay_censoring_rate,0.109901603781,2837,25814,proportion,30,0.102648878114,0.117052074802,ratio of pooled event counts/opportunities,percentile cluster bootstrap (2000 resamples of RNG seeds),malicious eligible pair,Censoring is reported separately; delay quartiles condition on detection.
full,test,noise_misspecification,actual_8_assumed_2,postwarmup_track_merges_per_evaluation_window_track,0.085237647487,14051,164845,post-warm-up merges / evaluation-window track,30,0.0785758106209,0.0917483934947,ratio of pooled event counts/opportunities,percentile cluster bootstrap (2000 resamples of RNG seeds),evaluation-window content-associated track,Merge counts span all post-warm-up tracked messages; the pair schema exposes only evaluation-window track count as a normalization base.
full,test,noise_misspecification,actual_8_assumed_2,postwarmup_track_fragments_per_evaluation_window_track,0.610233856047,100594,164845,post-warm-up fragments / evaluation-window track,30,0.604988190406,0.614799469678,ratio of pooled event counts/opportunities,percentile cluster bootstrap (2000 resamples of RNG seeds),evaluation-window content-associated track,"Fragment counts span all post-warm-up tracked messages; this is a descriptive normalization, not a window-matched event rate."
full,test,noise_misspecification,actual_8_assumed_2,postwarmup_track_id_switches_per_evaluation_window_track,0.101634869119,16754,164845,post-warm-up ID switches / evaluation-window track,30,0.0920708078589,0.1122505325,ratio of pooled event counts/opportunities,percentile cluster bootstrap (2000 resamples of RNG seeds),evaluation-window content-associated track,"ID-switch counts span all post-warm-up tracked messages; this is a descriptive normalization, not a window-matched event rate."
full,test,noise_misspecification,actual_8_assumed_2,window_message_weighted_postwarmup_track_purity,0.992227503025,5513443.09459,5556632,proportion,30,0.991431246506,0.992910212553,ratio of pooled event counts/opportunities,percentile cluster bootstrap (2000 resamples of RNG seeds),eligible-window message,Each pair's post-warm-up track purity is weighted by its evaluation-window message count; purity itself is not window-restricted.
full,test,noise_misspecification,actual_8_assumed_2,stride_ambiguous_rate_among_alerts,0.0346975941723,1448,41732,proportion,30,0.0314164556717,0.0383761550869,ratio of pooled event counts/opportunities,percentile cluster bootstrap (2000 resamples of RNG seeds),alerted eligible pair,
full,test,noise_misspecification,actual_8_assumed_2,stride_unassigned_rate_among_alerts,0.0113821527844,475,41732,proportion,30,0.00998804948647,0.0127188439422,ratio of pooled event counts/opportunities,percentile cluster bootstrap (2000 resamples of RNG seeds),alerted eligible pair,
full,test,noise_misspecification,actual_8_assumed_2,pair_exposure_q1_pooled_p2,6.92969803272,,53631,s,0,nan,nan,P-squared online quantile over pooled pair observations,not computed for pooled descriptive quantile,eligible pair,Constant-memory approximation; use seed rows below for uncertainty.
full,test,noise_misspecification,actual_8_assumed_2,pair_exposure_median_pooled_p2,9.0985488532,,53631,s,0,nan,nan,P-squared online quantile over pooled pair observations,not computed for pooled descriptive quantile,eligible pair,Constant-memory approximation; use seed rows below for uncertainty.
full,test,noise_misspecification,actual_8_assumed_2,pair_exposure_q3_pooled_p2,18.3424338109,,53631,s,0,nan,nan,P-squared online quantile over pooled pair observations,not computed for pooled descriptive quantile,eligible pair,Constant-memory approximation; use seed rows below for uncertainty.
full,test,noise_misspecification,actual_8_assumed_2,seed_mean_of_within_seed_pair_exposure_q1,6.93722209722,,30,s,30,6.86526666577,7.00732716768,mean of per-seed P-squared q1 estimates,percentile cluster bootstrap (2000 resamples of RNG seeds),independent RNG seed,Within-seed observations are eligible pairs; seeds are the inferential unit.
full,test,noise_misspecification,actual_8_assumed_2,seed_mean_of_within_seed_pair_exposure_median,9.12329923701,,30,s,30,9.02928077411,9.21307945246,mean of per-seed P-squared median estimates,percentile cluster bootstrap (2000 resamples of RNG seeds),independent RNG seed,Within-seed observations are eligible pairs; seeds are the inferential unit.
full,test,noise_misspecification,actual_8_assumed_2,seed_mean_of_within_seed_pair_exposure_q3,18.4724456044,,30,s,30,17.7301099554,19.2602401428,mean of per-seed P-squared q3 estimates,percentile cluster bootstrap (2000 resamples of RNG seeds),independent RNG seed,Within-seed observations are eligible pairs; seeds are the inferential unit.
full,test,noise_misspecification,actual_8_assumed_2,clean_pair_exposure_q1_pooled_p2,6.9768251092,,27807,s,0,nan,nan,P-squared online quantile over pooled pair observations,not computed for pooled descriptive quantile,clean honest eligible pair,Constant-memory approximation; use seed rows below for uncertainty.
full,test,noise_misspecification,actual_8_assumed_2,clean_pair_exposure_median_pooled_p2,8.64157268053,,27807,s,0,nan,nan,P-squared online quantile over pooled pair observations,not computed for pooled descriptive quantile,clean honest eligible pair,Constant-memory approximation; use seed rows below for uncertainty.
full,test,noise_misspecification,actual_8_assumed_2,clean_pair_exposure_q3_pooled_p2,11.3379425266,,27807,s,0,nan,nan,P-squared online quantile over pooled pair observations,not computed for pooled descriptive quantile,clean honest eligible pair,Constant-memory approximation; use seed rows below for uncertainty.
full,test,noise_misspecification,actual_8_assumed_2,seed_mean_of_within_seed_clean_pair_exposure_q1,6.98317533539,,30,s,30,6.90369034948,7.06070377843,mean of per-seed P-squared q1 estimates,percentile cluster bootstrap (2000 resamples of RNG seeds),independent RNG seed,Within-seed observations are clean honest eligible pairs; seeds are the inferential unit.
full,test,noise_misspecification,actual_8_assumed_2,seed_mean_of_within_seed_clean_pair_exposure_median,8.64661795245,,30,s,30,8.57131162991,8.72278971866,mean of per-seed P-squared median estimates,percentile cluster bootstrap (2000 resamples of RNG seeds),independent RNG seed,Within-seed observations are clean honest eligible pairs; seeds are the inferential unit.
full,test,noise_misspecification,actual_8_assumed_2,seed_mean_of_within_seed_clean_pair_exposure_q3,11.7039699445,,30,s,30,11.1944350302,12.2755815437,mean of per-seed P-squared q3 estimates,percentile cluster bootstrap (2000 resamples of RNG seeds),independent RNG seed,Within-seed observations are clean honest eligible pairs; seeds are the inferential unit.
full,test,noise_misspecification,actual_8_assumed_2,malicious_pair_exposure_q1_pooled_p2,6.87930311425,,25814,s,0,nan,nan,P-squared online quantile over pooled pair observations,not computed for pooled descriptive quantile,malicious eligible pair,Constant-memory approximation; use seed rows below for uncertainty.
full,test,noise_misspecification,actual_8_assumed_2,malicious_pair_exposure_median_pooled_p2,10.0767606566,,25814,s,0,nan,nan,P-squared online quantile over pooled pair observations,not computed for pooled descriptive quantile,malicious eligible pair,Constant-memory approximation; use seed rows below for uncertainty.
full,test,noise_misspecification,actual_8_assumed_2,malicious_pair_exposure_q3_pooled_p2,24.3125371716,,25814,s,0,nan,nan,P-squared online quantile over pooled pair observations,not computed for pooled descriptive quantile,malicious eligible pair,Constant-memory approximation; use seed rows below for uncertainty.
full,test,noise_misspecification,actual_8_assumed_2,seed_mean_of_within_seed_malicious_pair_exposure_q1,6.74135037338,,30,s,30,6.50422419103,6.96469438867,mean of per-seed P-squared q1 estimates,percentile cluster bootstrap (2000 resamples of RNG seeds),independent RNG seed,Within-seed observations are malicious eligible pairs; seeds are the inferential unit.
full,test,noise_misspecification,actual_8_assumed_2,seed_mean_of_within_seed_malicious_pair_exposure_median,10.1106975078,,30,s,30,9.91263185202,10.3149384581,mean of per-seed P-squared median estimates,percentile cluster bootstrap (2000 resamples of RNG seeds),independent RNG seed,Within-seed observations are malicious eligible pairs; seeds are the inferential unit.
full,test,noise_misspecification,actual_8_assumed_2,seed_mean_of_within_seed_malicious_pair_exposure_q3,24.2916852079,,30,s,30,23.2854152772,25.3932413804,mean of per-seed P-squared q3 estimates,percentile cluster bootstrap (2000 resamples of RNG seeds),independent RNG seed,Within-seed observations are malicious eligible pairs; seeds are the inferential unit.
full,test,noise_misspecification,actual_8_assumed_2,detected_delay_q1_pooled_p2,1.14257622487e-05,,22977,s,0,nan,nan,P-squared online quantile over pooled pair observations,not computed for pooled descriptive quantile,detected malicious pair,Constant-memory approximation; use seed rows below for uncertainty.
full,test,noise_misspecification,actual_8_assumed_2,detected_delay_median_pooled_p2,0.693669645557,,22977,s,0,nan,nan,P-squared online quantile over pooled pair observations,not computed for pooled descriptive quantile,detected malicious pair,Constant-memory approximation; use seed rows below for uncertainty.
full,test,noise_misspecification,actual_8_assumed_2,detected_delay_q3_pooled_p2,2.25505743664,,22977,s,0,nan,nan,P-squared online quantile over pooled pair observations,not computed for pooled descriptive quantile,detected malicious pair,Constant-memory approximation; use seed rows below for uncertainty.
full,test,noise_misspecification,actual_8_assumed_2,seed_mean_of_within_seed_detected_delay_q1,0.0114670020027,,30,s,30,0.00323198003658,0.0224741561462,mean of per-seed P-squared q1 estimates,percentile cluster bootstrap (2000 resamples of RNG seeds),independent RNG seed,Within-seed observations are detected malicious pairs; seeds are the inferential unit.
full,test,noise_misspecification,actual_8_assumed_2,seed_mean_of_within_seed_detected_delay_median,0.706525910674,,30,s,30,0.637050614791,0.771885660959,mean of per-seed P-squared median estimates,percentile cluster bootstrap (2000 resamples of RNG seeds),independent RNG seed,Within-seed observations are detected malicious pairs; seeds are the inferential unit.
full,test,noise_misspecification,actual_8_assumed_2,seed_mean_of_within_seed_detected_delay_q3,2.27161574713,,30,s,30,2.16459299082,2.3848420414,mean of per-seed P-squared q3 estimates,percentile cluster bootstrap (2000 resamples of RNG seeds),independent RNG seed,Within-seed observations are detected malicious pairs; seeds are the inferential unit.
full,test,noise_misspecification,actual_8_assumed_2,postwarmup_track_purity_q1_pooled_p2,0.999999718282,,53631,proportion,0,nan,nan,P-squared online quantile over pooled pair observations,not computed for pooled descriptive quantile,eligible pair,Constant-memory approximation; use seed rows below for uncertainty.
full,test,noise_misspecification,actual_8_assumed_2,postwarmup_track_purity_median_pooled_p2,0.99999999994,,53631,proportion,0,nan,nan,P-squared online quantile over pooled pair observations,not computed for pooled descriptive quantile,eligible pair,Constant-memory approximation; use seed rows below for uncertainty.
full,test,noise_misspecification,actual_8_assumed_2,postwarmup_track_purity_q3_pooled_p2,0.999999999995,,53631,proportion,0,nan,nan,P-squared online quantile over pooled pair observations,not computed for pooled descriptive quantile,eligible pair,Constant-memory approximation; use seed rows below for uncertainty.
full,test,noise_misspecification,actual_8_assumed_2,seed_mean_of_within_seed_postwarmup_track_purity_q1,0.999923757438,,30,proportion,30,0.999829466174,0.999985844297,mean of per-seed P-squared q1 estimates,percentile cluster bootstrap (2000 resamples of RNG seeds),independent RNG seed,Within-seed observations are eligible pairs; seeds are the inferential unit.
full,test,noise_misspecification,actual_8_assumed_2,seed_mean_of_within_seed_postwarmup_track_purity_median,0.999999756937,,30,proportion,30,0.99999944949,0.999999930132,mean of per-seed P-squared median estimates,percentile cluster bootstrap (2000 resamples of RNG seeds),independent RNG seed,Within-seed observations are eligible pairs; seeds are the inferential unit.
full,test,noise_misspecification,actual_8_assumed_2,seed_mean_of_within_seed_postwarmup_track_purity_q3,0.999999999557,,30,proportion,30,0.999999999038,0.99999999991,mean of per-seed P-squared q3 estimates,percentile cluster bootstrap (2000 resamples of RNG seeds),independent RNG seed,Within-seed observations are eligible pairs; seeds are the inferential unit.
full,test,onset_guard,constoffset_guard_0p25,pair_prevalence,0.306492237134,8153,26601,proportion,30,0.301652361503,0.31139034182,ratio of pooled event counts/opportunities,percentile cluster bootstrap (2000 resamples of RNG seeds),eligible pair,
full,test,onset_guard,constoffset_guard_0p25,stream_false_positive_rate_per_negative_pair,0,0,18448,false positives / negative pair,30,0,0,ratio of pooled event counts/opportunities,percentile cluster bootstrap (2000 resamples of RNG seeds),negative eligible pair,
full,test,onset_guard,constoffset_guard_0p25,stream_false_positives_per_run,0,0,30,false positives / observed pair run,30,0,0,ratio of pooled event counts/runs,percentile cluster bootstrap (2000 resamples of RNG seeds),independent RNG seed,Only runs with complete observed pair blocks contribute.
full,test,onset_guard,constoffset_guard_0p25,clean_false_positives_per_run,0,0,30,false positives / observed pair run,30,0,0,ratio of pooled event counts/runs,percentile cluster bootstrap (2000 resamples of RNG seeds),independent RNG seed,Only runs with complete observed pair blocks contribute.
full,test,onset_guard,constoffset_guard_0p25,stream_false_positives_per_receiver_run,0,0,1050,false-positive pair events / honest receiver-run,30,0,0,ratio of pooled event counts/opportunities,percentile cluster bootstrap (2000 resamples of RNG seeds),honest receiver-run,Each honest receiver contributes one exposure unit in each complete observed run.
full,test,onset_guard,constoffset_guard_0p25,clean_false_positives_per_receiver_run,0,0,1050,clean-pair false-positive events / honest receiver-run,30,0,0,ratio of pooled event counts/opportunities,percentile cluster bootstrap (2000 resamples of RNG seeds),honest receiver-run,Each honest receiver contributes one exposure unit in each complete observed run.
full,test,onset_guard,constoffset_guard_0p25,stream_false_positives_per_receiver_minute,0,0,870.625,false positives / receiver-minute,30,0,0,ratio of pooled event counts/opportunities,percentile cluster bootstrap (2000 resamples of RNG seeds),receiver-minute,Receiver-minutes use honest receivers times the common evaluation-window duration.
full,test,onset_guard,constoffset_guard_0p25,stream_false_positives_per_million_negative_messages,0,0,1430474,false-positive pair events / million negative messages,30,0,0,ratio of pooled event counts/opportunities,percentile cluster bootstrap (2000 resamples of RNG seeds),negative message,"The numerator is a receiver--claimed-identity window event, not a per-message decision; messages provide an exposure denominator."
full,test,onset_guard,constoffset_guard_0p25,clean_false_positive_rate_per_clean_pair,0,0,18448,false positives / clean honest pair,30,0,0,ratio of pooled event counts/opportunities,percentile cluster bootstrap (2000 resamples of RNG seeds),clean honest eligible pair,
full,test,onset_guard,constoffset_guard_0p25,clean_false_positives_per_receiver_minute,0,0,870.625,false positives / receiver-minute,30,0,0,ratio of pooled event counts/opportunities,percentile cluster bootstrap (2000 resamples of RNG seeds),receiver-minute,
full,test,onset_guard,constoffset_guard_0p25,clean_false_positives_per_million_clean_messages,0,0,1430474,false-positive pair events / million clean messages,30,0,0,ratio of pooled event counts/opportunities,percentile cluster bootstrap (2000 resamples of RNG seeds),clean honest message,"The numerator is a clean-pair window event, not a per-message decision; messages provide an exposure denominator."
full,test,onset_guard,constoffset_guard_0p25,track_false_positive_pair_rate,0,0,18448,track-alerted clean pairs / clean pair,30,0,0,ratio of pooled event counts/opportunities,percentile cluster bootstrap (2000 resamples of RNG seeds),clean honest eligible pair,Numerator is pair-level because the pair schema exposes whether any track alerted.
full,test,onset_guard,constoffset_guard_0p25,track_false_positive_pairs_per_clean_evaluation_window_track,0,0,18512,track-alerted clean pairs / clean evaluation-window track,30,0,0,ratio of pooled event counts/opportunities,percentile cluster bootstrap (2000 resamples of RNG seeds),clean evaluation-window content-associated track,Conservative pair-event numerator; individual alerted-track count is not in the schema. Track count requires at least one window message.
full,test,onset_guard,constoffset_guard_0p25,malicious_delay_censoring_rate,0.750275972035,6117,8153,proportion,30,0.733256369282,0.76465935668,ratio of pooled event counts/opportunities,percentile cluster bootstrap (2000 resamples of RNG seeds),malicious eligible pair,Censoring is reported separately; delay quartiles condition on detection.
full,test,onset_guard,constoffset_guard_0p25,postwarmup_track_merges_per_evaluation_window_track,0,0,26698,post-warm-up merges / evaluation-window track,30,0,0,ratio of pooled event counts/opportunities,percentile cluster bootstrap (2000 resamples of RNG seeds),evaluation-window content-associated track,Merge counts span all post-warm-up tracked messages; the pair schema exposes only evaluation-window track count as a normalization base.
full,test,onset_guard,constoffset_guard_0p25,postwarmup_track_fragments_per_evaluation_window_track,0.00363323095363,97,26698,post-warm-up fragments / evaluation-window track,30,0.0026763678498,0.00477449523636,ratio of pooled event counts/opportunities,percentile cluster bootstrap (2000 resamples of RNG seeds),evaluation-window content-associated track,"Fragment counts span all post-warm-up tracked messages; this is a descriptive normalization, not a window-matched event rate."
full,test,onset_guard,constoffset_guard_0p25,postwarmup_track_id_switches_per_evaluation_window_track,0,0,26698,post-warm-up ID switches / evaluation-window track,30,0,0,ratio of pooled event counts/opportunities,percentile cluster bootstrap (2000 resamples of RNG seeds),evaluation-window content-associated track,"ID-switch counts span all post-warm-up tracked messages; this is a descriptive normalization, not a window-matched event rate."
full,test,onset_guard,constoffset_guard_0p25,window_message_weighted_postwarmup_track_purity,1,2059205,2059205,proportion,30,1,1,ratio of pooled event counts/opportunities,percentile cluster bootstrap (2000 resamples of RNG seeds),eligible-window message,Each pair's post-warm-up track purity is weighted by its evaluation-window message count; purity itself is not window-restricted.
full,test,onset_guard,constoffset_guard_0p25,stride_ambiguous_rate_among_alerts,0,0,2036,proportion,30,0,0,ratio of pooled event counts/opportunities,percentile cluster bootstrap (2000 resamples of RNG seeds),alerted eligible pair,
full,test,onset_guard,constoffset_guard_0p25,stride_unassigned_rate_among_alerts,0.437131630648,890,2036,proportion,30,0.418779875649,0.456503833693,ratio of pooled event counts/opportunities,percentile cluster bootstrap (2000 resamples of RNG seeds),alerted eligible pair,
full,test,onset_guard,constoffset_guard_0p25,pair_exposure_q1_pooled_p2,7.17382422896,,26601,s,0,nan,nan,P-squared online quantile over pooled pair observations,not computed for pooled descriptive quantile,eligible pair,Constant-memory approximation; use seed rows below for uncertainty.
full,test,onset_guard,constoffset_guard_0p25,pair_exposure_median_pooled_p2,8.85463760452,,26601,s,0,nan,nan,P-squared online quantile over pooled pair observations,not computed for pooled descriptive quantile,eligible pair,Constant-memory approximation; use seed rows below for uncertainty.
full,test,onset_guard,constoffset_guard_0p25,pair_exposure_q3_pooled_p2,11.2130791039,,26601,s,0,nan,nan,P-squared online quantile over pooled pair observations,not computed for pooled descriptive quantile,eligible pair,Constant-memory approximation; use seed rows below for uncertainty.
full,test,onset_guard,constoffset_guard_0p25,seed_mean_of_within_seed_pair_exposure_q1,7.17134435699,,30,s,30,7.11142291538,7.23883808661,mean of per-seed P-squared q1 estimates,percentile cluster bootstrap (2000 resamples of RNG seeds),independent RNG seed,Within-seed observations are eligible pairs; seeds are the inferential unit.
full,test,onset_guard,constoffset_guard_0p25,seed_mean_of_within_seed_pair_exposure_median,8.82835611894,,30,s,30,8.764508479,8.89253843894,mean of per-seed P-squared median estimates,percentile cluster bootstrap (2000 resamples of RNG seeds),independent RNG seed,Within-seed observations are eligible pairs; seeds are the inferential unit.
full,test,onset_guard,constoffset_guard_0p25,seed_mean_of_within_seed_pair_exposure_q3,12.242976142,,30,s,30,11.6302822958,13.0917232626,mean of per-seed P-squared q3 estimates,percentile cluster bootstrap (2000 resamples of RNG seeds),independent RNG seed,Within-seed observations are eligible pairs; seeds are the inferential unit.
full,test,onset_guard,constoffset_guard_0p25,clean_pair_exposure_q1_pooled_p2,7.1866141787,,18448,s,0,nan,nan,P-squared online quantile over pooled pair observations,not computed for pooled descriptive quantile,clean honest eligible pair,Constant-memory approximation; use seed rows below for uncertainty.
full,test,onset_guard,constoffset_guard_0p25,clean_pair_exposure_median_pooled_p2,8.84859185119,,18448,s,0,nan,nan,P-squared online quantile over pooled pair observations,not computed for pooled descriptive quantile,clean honest eligible pair,Constant-memory approximation; use seed rows below for uncertainty.
full,test,onset_guard,constoffset_guard_0p25,clean_pair_exposure_q3_pooled_p2,11.2779878724,,18448,s,0,nan,nan,P-squared online quantile over pooled pair observations,not computed for pooled descriptive quantile,clean honest eligible pair,Constant-memory approximation; use seed rows below for uncertainty.
full,test,onset_guard,constoffset_guard_0p25,seed_mean_of_within_seed_clean_pair_exposure_q1,7.1844209017,,30,s,30,7.11426264199,7.26012383469,mean of per-seed P-squared q1 estimates,percentile cluster bootstrap (2000 resamples of RNG seeds),independent RNG seed,Within-seed observations are clean honest eligible pairs; seeds are the inferential unit.
full,test,onset_guard,constoffset_guard_0p25,seed_mean_of_within_seed_clean_pair_exposure_median,8.8237228818,,30,s,30,8.75379905222,8.89925476762,mean of per-seed P-squared median estimates,percentile cluster bootstrap (2000 resamples of RNG seeds),independent RNG seed,Within-seed observations are clean honest eligible pairs; seeds are the inferential unit.
full,test,onset_guard,constoffset_guard_0p25,seed_mean_of_within_seed_clean_pair_exposure_q3,12.677242795,,30,s,30,11.7807882285,13.9177467187,mean of per-seed P-squared q3 estimates,percentile cluster bootstrap (2000 resamples of RNG seeds),independent RNG seed,Within-seed observations are clean honest eligible pairs; seeds are the inferential unit.
full,test,onset_guard,constoffset_guard_0p25,malicious_pair_exposure_q1_pooled_p2,7.1496264257,,8153,s,0,nan,nan,P-squared online quantile over pooled pair observations,not computed for pooled descriptive quantile,malicious eligible pair,Constant-memory approximation; use seed rows below for uncertainty.
full,test,onset_guard,constoffset_guard_0p25,malicious_pair_exposure_median_pooled_p2,8.83900267665,,8153,s,0,nan,nan,P-squared online quantile over pooled pair observations,not computed for pooled descriptive quantile,malicious eligible pair,Constant-memory approximation; use seed rows below for uncertainty.
full,test,onset_guard,constoffset_guard_0p25,malicious_pair_exposure_q3_pooled_p2,11.0277698154,,8153,s,0,nan,nan,P-squared online quantile over pooled pair observations,not computed for pooled descriptive quantile,malicious eligible pair,Constant-memory approximation; use seed rows below for uncertainty.
full,test,onset_guard,constoffset_guard_0p25,seed_mean_of_within_seed_malicious_pair_exposure_q1,7.10180935725,,30,s,30,7.00157826625,7.19327061739,mean of per-seed P-squared q1 estimates,percentile cluster bootstrap (2000 resamples of RNG seeds),independent RNG seed,Within-seed observations are malicious eligible pairs; seeds are the inferential unit.
full,test,onset_guard,constoffset_guard_0p25,seed_mean_of_within_seed_malicious_pair_exposure_median,8.84465616623,,30,s,30,8.72245734744,8.97432463563,mean of per-seed P-squared median estimates,percentile cluster bootstrap (2000 resamples of RNG seeds),independent RNG seed,Within-seed observations are malicious eligible pairs; seeds are the inferential unit.
full,test,onset_guard,constoffset_guard_0p25,seed_mean_of_within_seed_malicious_pair_exposure_q3,13.4812390764,,30,s,30,12.3349133603,15.0756180881,mean of per-seed P-squared q3 estimates,percentile cluster bootstrap (2000 resamples of RNG seeds),independent RNG seed,Within-seed observations are malicious eligible pairs; seeds are the inferential unit.
full,test,onset_guard,constoffset_guard_0p25,detected_delay_q1_pooled_p2,8.87270646256e-15,,2036,s,0,nan,nan,P-squared online quantile over pooled pair observations,not computed for pooled descriptive quantile,detected malicious pair,Constant-memory approximation; use seed rows below for uncertainty.
full,test,onset_guard,constoffset_guard_0p25,detected_delay_median_pooled_p2,1.45377705143e-08,,2036,s,0,nan,nan,P-squared online quantile over pooled pair observations,not computed for pooled descriptive quantile,detected malicious pair,Constant-memory approximation; use seed rows below for uncertainty.
full,test,onset_guard,constoffset_guard_0p25,detected_delay_q3_pooled_p2,0.000121558669706,,2036,s,0,nan,nan,P-squared online quantile over pooled pair observations,not computed for pooled descriptive quantile,detected malicious pair,Constant-memory approximation; use seed rows below for uncertainty.
full,test,onset_guard,constoffset_guard_0p25,seed_mean_of_within_seed_detected_delay_q1,1.73410246975e-06,,30,s,30,9.74477917794e-07,2.66610686779e-06,mean of per-seed P-squared q1 estimates,percentile cluster bootstrap (2000 resamples of RNG seeds),independent RNG seed,Within-seed observations are detected malicious pairs; seeds are the inferential unit.
full,test,onset_guard,constoffset_guard_0p25,seed_mean_of_within_seed_detected_delay_median,0.00018333573974,,30,s,30,0.000128538073192,0.000247084275051,mean of per-seed P-squared median estimates,percentile cluster bootstrap (2000 resamples of RNG seeds),independent RNG seed,Within-seed observations are detected malicious pairs; seeds are the inferential unit.
full,test,onset_guard,constoffset_guard_0p25,seed_mean_of_within_seed_detected_delay_q3,0.00512217045594,,30,s,30,0.00218342599151,0.00872751699084,mean of per-seed P-squared q3 estimates,percentile cluster bootstrap (2000 resamples of RNG seeds),independent RNG seed,Within-seed observations are detected malicious pairs; seeds are the inferential unit.
full,test,onset_guard,constoffset_guard_0p25,postwarmup_track_purity_q1_pooled_p2,1,,26601,proportion,0,nan,nan,P-squared online quantile over pooled pair observations,not computed for pooled descriptive quantile,eligible pair,Constant-memory approximation; use seed rows below for uncertainty.
full,test,onset_guard,constoffset_guard_0p25,postwarmup_track_purity_median_pooled_p2,1,,26601,proportion,0,nan,nan,P-squared online quantile over pooled pair observations,not computed for pooled descriptive quantile,eligible pair,Constant-memory approximation; use seed rows below for uncertainty.
full,test,onset_guard,constoffset_guard_0p25,postwarmup_track_purity_q3_pooled_p2,1,,26601,proportion,0,nan,nan,P-squared online quantile over pooled pair observations,not computed for pooled descriptive quantile,eligible pair,Constant-memory approximation; use seed rows below for uncertainty.
full,test,onset_guard,constoffset_guard_0p25,seed_mean_of_within_seed_postwarmup_track_purity_q1,1,,30,proportion,30,1,1,mean of per-seed P-squared q1 estimates,percentile cluster bootstrap (2000 resamples of RNG seeds),independent RNG seed,Within-seed observations are eligible pairs; seeds are the inferential unit.
full,test,onset_guard,constoffset_guard_0p25,seed_mean_of_within_seed_postwarmup_track_purity_median,1,,30,proportion,30,1,1,mean of per-seed P-squared median estimates,percentile cluster bootstrap (2000 resamples of RNG seeds),independent RNG seed,Within-seed observations are eligible pairs; seeds are the inferential unit.
full,test,onset_guard,constoffset_guard_0p25,seed_mean_of_within_seed_postwarmup_track_purity_q3,1,,30,proportion,30,1,1,mean of per-seed P-squared q3 estimates,percentile cluster bootstrap (2000 resamples of RNG seeds),independent RNG seed,Within-seed observations are eligible pairs; seeds are the inferential unit.
full,test,onset_guard,constoffset_guard_0p5,pair_prevalence,0.306674706969,8137,26533,proportion,30,0.301855299575,0.31181949433,ratio of pooled event counts/opportunities,percentile cluster bootstrap (2000 resamples of RNG seeds),eligible pair,
full,test,onset_guard,constoffset_guard_0p5,stream_false_positive_rate_per_negative_pair,0,0,18396,false positives / negative pair,30,0,0,ratio of pooled event counts/opportunities,percentile cluster bootstrap (2000 resamples of RNG seeds),negative eligible pair,
full,test,onset_guard,constoffset_guard_0p5,stream_false_positives_per_run,0,0,30,false positives / observed pair run,30,0,0,ratio of pooled event counts/runs,percentile cluster bootstrap (2000 resamples of RNG seeds),independent RNG seed,Only runs with complete observed pair blocks contribute.
full,test,onset_guard,constoffset_guard_0p5,clean_false_positives_per_run,0,0,30,false positives / observed pair run,30,0,0,ratio of pooled event counts/runs,percentile cluster bootstrap (2000 resamples of RNG seeds),independent RNG seed,Only runs with complete observed pair blocks contribute.
full,test,onset_guard,constoffset_guard_0p5,stream_false_positives_per_receiver_run,0,0,1050,false-positive pair events / honest receiver-run,30,0,0,ratio of pooled event counts/opportunities,percentile cluster bootstrap (2000 resamples of RNG seeds),honest receiver-run,Each honest receiver contributes one exposure unit in each complete observed run.
full,test,onset_guard,constoffset_guard_0p5,clean_false_positives_per_receiver_run,0,0,1050,clean-pair false-positive events / honest receiver-run,30,0,0,ratio of pooled event counts/opportunities,percentile cluster bootstrap (2000 resamples of RNG seeds),honest receiver-run,Each honest receiver contributes one exposure unit in each complete observed run.
full,test,onset_guard,constoffset_guard_0p5,stream_false_positives_per_receiver_minute,0,0,866.25,false positives / receiver-minute,30,0,0,ratio of pooled event counts/opportunities,percentile cluster bootstrap (2000 resamples of RNG seeds),receiver-minute,Receiver-minutes use honest receivers times the common evaluation-window duration.
full,test,onset_guard,constoffset_guard_0p5,stream_false_positives_per_million_negative_messages,0,0,1424124,false-positive pair events / million negative messages,30,0,0,ratio of pooled event counts/opportunities,percentile cluster bootstrap (2000 resamples of RNG seeds),negative message,"The numerator is a receiver--claimed-identity window event, not a per-message decision; messages provide an exposure denominator."
full,test,onset_guard,constoffset_guard_0p5,clean_false_positive_rate_per_clean_pair,0,0,18396,false positives / clean honest pair,30,0,0,ratio of pooled event counts/opportunities,percentile cluster bootstrap (2000 resamples of RNG seeds),clean honest eligible pair,
full,test,onset_guard,constoffset_guard_0p5,clean_false_positives_per_receiver_minute,0,0,866.25,false positives / receiver-minute,30,0,0,ratio of pooled event counts/opportunities,percentile cluster bootstrap (2000 resamples of RNG seeds),receiver-minute,
full,test,onset_guard,constoffset_guard_0p5,clean_false_positives_per_million_clean_messages,0,0,1424124,false-positive pair events / million clean messages,30,0,0,ratio of pooled event counts/opportunities,percentile cluster bootstrap (2000 resamples of RNG seeds),clean honest message,"The numerator is a clean-pair window event, not a per-message decision; messages provide an exposure denominator."
full,test,onset_guard,constoffset_guard_0p5,track_false_positive_pair_rate,0,0,18396,track-alerted clean pairs / clean pair,30,0,0,ratio of pooled event counts/opportunities,percentile cluster bootstrap (2000 resamples of RNG seeds),clean honest eligible pair,Numerator is pair-level because the pair schema exposes whether any track alerted.
full,test,onset_guard,constoffset_guard_0p5,track_false_positive_pairs_per_clean_evaluation_window_track,0,0,18458,track-alerted clean pairs / clean evaluation-window track,30,0,0,ratio of pooled event counts/opportunities,percentile cluster bootstrap (2000 resamples of RNG seeds),clean evaluation-window content-associated track,Conservative pair-event numerator; individual alerted-track count is not in the schema. Track count requires at least one window message.
full,test,onset_guard,constoffset_guard_0p5,malicious_delay_censoring_rate,0.751505468846,6115,8137,proportion,30,0.734546378993,0.766099706162,ratio of pooled event counts/opportunities,percentile cluster bootstrap (2000 resamples of RNG seeds),malicious eligible pair,Censoring is reported separately; delay quartiles condition on detection.
full,test,onset_guard,constoffset_guard_0p5,postwarmup_track_merges_per_evaluation_window_track,0,0,26628,post-warm-up merges / evaluation-window track,30,0,0,ratio of pooled event counts/opportunities,percentile cluster bootstrap (2000 resamples of RNG seeds),evaluation-window content-associated track,Merge counts span all post-warm-up tracked messages; the pair schema exposes only evaluation-window track count as a normalization base.
full,test,onset_guard,constoffset_guard_0p5,postwarmup_track_fragments_per_evaluation_window_track,0.00356767312603,95,26628,post-warm-up fragments / evaluation-window track,30,0.00259241390116,0.00462326586823,ratio of pooled event counts/opportunities,percentile cluster bootstrap (2000 resamples of RNG seeds),evaluation-window content-associated track,"Fragment counts span all post-warm-up tracked messages; this is a descriptive normalization, not a window-matched event rate."
full,test,onset_guard,constoffset_guard_0p5,postwarmup_track_id_switches_per_evaluation_window_track,0,0,26628,post-warm-up ID switches / evaluation-window track,30,0,0,ratio of pooled event counts/opportunities,percentile cluster bootstrap (2000 resamples of RNG seeds),evaluation-window content-associated track,"ID-switch counts span all post-warm-up tracked messages; this is a descriptive normalization, not a window-matched event rate."
full,test,onset_guard,constoffset_guard_0p5,window_message_weighted_postwarmup_track_purity,1,2049965,2049965,proportion,30,1,1,ratio of pooled event counts/opportunities,percentile cluster bootstrap (2000 resamples of RNG seeds),eligible-window message,Each pair's post-warm-up track purity is weighted by its evaluation-window message count; purity itself is not window-restricted.
full,test,onset_guard,constoffset_guard_0p5,stride_ambiguous_rate_among_alerts,0,0,2022,proportion,30,0,0,ratio of pooled event counts/opportunities,percentile cluster bootstrap (2000 resamples of RNG seeds),alerted eligible pair,
full,test,onset_guard,constoffset_guard_0p5,stride_unassigned_rate_among_alerts,0.773491592483,1564,2022,proportion,30,0.756628464509,0.790364799031,ratio of pooled event counts/opportunities,percentile cluster bootstrap (2000 resamples of RNG seeds),alerted eligible pair,
full,test,onset_guard,constoffset_guard_0p5,pair_exposure_q1_pooled_p2,7.17274558936,,26533,s,0,nan,nan,P-squared online quantile over pooled pair observations,not computed for pooled descriptive quantile,eligible pair,Constant-memory approximation; use seed rows below for uncertainty.
full,test,onset_guard,constoffset_guard_0p5,pair_exposure_median_pooled_p2,8.85204888323,,26533,s,0,nan,nan,P-squared online quantile over pooled pair observations,not computed for pooled descriptive quantile,eligible pair,Constant-memory approximation; use seed rows below for uncertainty.
full,test,onset_guard,constoffset_guard_0p5,pair_exposure_q3_pooled_p2,11.2176242368,,26533,s,0,nan,nan,P-squared online quantile over pooled pair observations,not computed for pooled descriptive quantile,eligible pair,Constant-memory approximation; use seed rows below for uncertainty.
full,test,onset_guard,constoffset_guard_0p5,seed_mean_of_within_seed_pair_exposure_q1,7.16009436567,,30,s,30,7.09692693758,7.2199582467,mean of per-seed P-squared q1 estimates,percentile cluster bootstrap (2000 resamples of RNG seeds),independent RNG seed,Within-seed observations are eligible pairs; seeds are the inferential unit.
full,test,onset_guard,constoffset_guard_0p5,seed_mean_of_within_seed_pair_exposure_median,8.83115186002,,30,s,30,8.76643704967,8.89406694979,mean of per-seed P-squared median estimates,percentile cluster bootstrap (2000 resamples of RNG seeds),independent RNG seed,Within-seed observations are eligible pairs; seeds are the inferential unit.
full,test,onset_guard,constoffset_guard_0p5,seed_mean_of_within_seed_pair_exposure_q3,12.2933308987,,30,s,30,11.6930965524,13.1862235682,mean of per-seed P-squared q3 estimates,percentile cluster bootstrap (2000 resamples of RNG seeds),independent RNG seed,Within-seed observations are eligible pairs; seeds are the inferential unit.
full,test,onset_guard,constoffset_guard_0p5,clean_pair_exposure_q1_pooled_p2,7.18710944125,,18396,s,0,nan,nan,P-squared online quantile over pooled pair observations,not computed for pooled descriptive quantile,clean honest eligible pair,Constant-memory approximation; use seed rows below for uncertainty.
full,test,onset_guard,constoffset_guard_0p5,clean_pair_exposure_median_pooled_p2,8.84528810095,,18396,s,0,nan,nan,P-squared online quantile over pooled pair observations,not computed for pooled descriptive quantile,clean honest eligible pair,Constant-memory approximation; use seed rows below for uncertainty.
full,test,onset_guard,constoffset_guard_0p5,clean_pair_exposure_q3_pooled_p2,11.3137421061,,18396,s,0,nan,nan,P-squared online quantile over pooled pair observations,not computed for pooled descriptive quantile,clean honest eligible pair,Constant-memory approximation; use seed rows below for uncertainty.
full,test,onset_guard,constoffset_guard_0p5,seed_mean_of_within_seed_clean_pair_exposure_q1,7.18027203354,,30,s,30,7.10377684207,7.25442585038,mean of per-seed P-squared q1 estimates,percentile cluster bootstrap (2000 resamples of RNG seeds),independent RNG seed,Within-seed observations are clean honest eligible pairs; seeds are the inferential unit.
full,test,onset_guard,constoffset_guard_0p5,seed_mean_of_within_seed_clean_pair_exposure_median,8.82653808101,,30,s,30,8.75971543573,8.89769794561,mean of per-seed P-squared median estimates,percentile cluster bootstrap (2000 resamples of RNG seeds),independent RNG seed,Within-seed observations are clean honest eligible pairs; seeds are the inferential unit.
full,test,onset_guard,constoffset_guard_0p5,seed_mean_of_within_seed_clean_pair_exposure_q3,12.6913429261,,30,s,30,11.7229346523,14.0336261493,mean of per-seed P-squared q3 estimates,percentile cluster bootstrap (2000 resamples of RNG seeds),independent RNG seed,Within-seed observations are clean honest eligible pairs; seeds are the inferential unit.
full,test,onset_guard,constoffset_guard_0p5,malicious_pair_exposure_q1_pooled_p2,7.13998137103,,8137,s,0,nan,nan,P-squared online quantile over pooled pair observations,not computed for pooled descriptive quantile,malicious eligible pair,Constant-memory approximation; use seed rows below for uncertainty.
full,test,onset_guard,constoffset_guard_0p5,malicious_pair_exposure_median_pooled_p2,8.82504782926,,8137,s,0,nan,nan,P-squared online quantile over pooled pair observations,not computed for pooled descriptive quantile,malicious eligible pair,Constant-memory approximation; use seed rows below for uncertainty.
full,test,onset_guard,constoffset_guard_0p5,malicious_pair_exposure_q3_pooled_p2,11.0436740458,,8137,s,0,nan,nan,P-squared online quantile over pooled pair observations,not computed for pooled descriptive quantile,malicious eligible pair,Constant-memory approximation; use seed rows below for uncertainty.
full,test,onset_guard,constoffset_guard_0p5,seed_mean_of_within_seed_malicious_pair_exposure_q1,7.10325638899,,30,s,30,6.98642971965,7.19973161568,mean of per-seed P-squared q1 estimates,percentile cluster bootstrap (2000 resamples of RNG seeds),independent RNG seed,Within-seed observations are malicious eligible pairs; seeds are the inferential unit.
full,test,onset_guard,constoffset_guard_0p5,seed_mean_of_within_seed_malicious_pair_exposure_median,8.83132569584,,30,s,30,8.71465849245,8.95367582658,mean of per-seed P-squared median estimates,percentile cluster bootstrap (2000 resamples of RNG seeds),independent RNG seed,Within-seed observations are malicious eligible pairs; seeds are the inferential unit.
full,test,onset_guard,constoffset_guard_0p5,seed_mean_of_within_seed_malicious_pair_exposure_q3,13.4898060279,,30,s,30,12.3356362278,15.0465396984,mean of per-seed P-squared q3 estimates,percentile cluster bootstrap (2000 resamples of RNG seeds),independent RNG seed,Within-seed observations are malicious eligible pairs; seeds are the inferential unit.
full,test,onset_guard,constoffset_guard_0p5,detected_delay_q1_pooled_p2,0,,2022,s,0,nan,nan,P-squared online quantile over pooled pair observations,not computed for pooled descriptive quantile,detected malicious pair,Constant-memory approximation; use seed rows below for uncertainty.
full,test,onset_guard,constoffset_guard_0p5,detected_delay_median_pooled_p2,0,,2022,s,0,nan,nan,P-squared online quantile over pooled pair observations,not computed for pooled descriptive quantile,detected malicious pair,Constant-memory approximation; use seed rows below for uncertainty.
full,test,onset_guard,constoffset_guard_0p5,detected_delay_q3_pooled_p2,0,,2022,s,0,nan,nan,P-squared online quantile over pooled pair observations,not computed for pooled descriptive quantile,detected malicious pair,Constant-memory approximation; use seed rows below for uncertainty.
full,test,onset_guard,constoffset_guard_0p5,seed_mean_of_within_seed_detected_delay_q1,0,,30,s,30,0,0,mean of per-seed P-squared q1 estimates,percentile cluster bootstrap (2000 resamples of RNG seeds),independent RNG seed,Within-seed observations are detected malicious pairs; seeds are the inferential unit.
full,test,onset_guard,constoffset_guard_0p5,seed_mean_of_within_seed_detected_delay_median,0,,30,s,30,0,0,mean of per-seed P-squared median estimates,percentile cluster bootstrap (2000 resamples of RNG seeds),independent RNG seed,Within-seed observations are detected malicious pairs; seeds are the inferential unit.
full,test,onset_guard,constoffset_guard_0p5,seed_mean_of_within_seed_detected_delay_q3,0,,30,s,30,0,0,mean of per-seed P-squared q3 estimates,percentile cluster bootstrap (2000 resamples of RNG seeds),independent RNG seed,Within-seed observations are detected malicious pairs; seeds are the inferential unit.
full,test,onset_guard,constoffset_guard_0p5,postwarmup_track_purity_q1_pooled_p2,1,,26533,proportion,0,nan,nan,P-squared online quantile over pooled pair observations,not computed for pooled descriptive quantile,eligible pair,Constant-memory approximation; use seed rows below for uncertainty.
full,test,onset_guard,constoffset_guard_0p5,postwarmup_track_purity_median_pooled_p2,1,,26533,proportion,0,nan,nan,P-squared online quantile over pooled pair observations,not computed for pooled descriptive quantile,eligible pair,Constant-memory approximation; use seed rows below for uncertainty.
full,test,onset_guard,constoffset_guard_0p5,postwarmup_track_purity_q3_pooled_p2,1,,26533,proportion,0,nan,nan,P-squared online quantile over pooled pair observations,not computed for pooled descriptive quantile,eligible pair,Constant-memory approximation; use seed rows below for uncertainty.
full,test,onset_guard,constoffset_guard_0p5,seed_mean_of_within_seed_postwarmup_track_purity_q1,1,,30,proportion,30,1,1,mean of per-seed P-squared q1 estimates,percentile cluster bootstrap (2000 resamples of RNG seeds),independent RNG seed,Within-seed observations are eligible pairs; seeds are the inferential unit.
full,test,onset_guard,constoffset_guard_0p5,seed_mean_of_within_seed_postwarmup_track_purity_median,1,,30,proportion,30,1,1,mean of per-seed P-squared median estimates,percentile cluster bootstrap (2000 resamples of RNG seeds),independent RNG seed,Within-seed observations are eligible pairs; seeds are the inferential unit.
full,test,onset_guard,constoffset_guard_0p5,seed_mean_of_within_seed_postwarmup_track_purity_q3,1,,30,proportion,30,1,1,mean of per-seed P-squared q3 estimates,percentile cluster bootstrap (2000 resamples of RNG seeds),independent RNG seed,Within-seed observations are eligible pairs; seeds are the inferential unit.
full,test,onset_guard,constoffset_guard_1p0,pair_prevalence,0.306702006816,8100,26410,proportion,30,0.30180573473,0.311494933839,ratio of pooled event counts/opportunities,percentile cluster bootstrap (2000 resamples of RNG seeds),eligible pair,
full,test,onset_guard,constoffset_guard_1p0,stream_false_positive_rate_per_negative_pair,0,0,18310,false positives / negative pair,30,0,0,ratio of pooled event counts/opportunities,percentile cluster bootstrap (2000 resamples of RNG seeds),negative eligible pair,
full,test,onset_guard,constoffset_guard_1p0,stream_false_positives_per_run,0,0,30,false positives / observed pair run,30,0,0,ratio of pooled event counts/runs,percentile cluster bootstrap (2000 resamples of RNG seeds),independent RNG seed,Only runs with complete observed pair blocks contribute.
full,test,onset_guard,constoffset_guard_1p0,clean_false_positives_per_run,0,0,30,false positives / observed pair run,30,0,0,ratio of pooled event counts/runs,percentile cluster bootstrap (2000 resamples of RNG seeds),independent RNG seed,Only runs with complete observed pair blocks contribute.
full,test,onset_guard,constoffset_guard_1p0,stream_false_positives_per_receiver_run,0,0,1050,false-positive pair events / honest receiver-run,30,0,0,ratio of pooled event counts/opportunities,percentile cluster bootstrap (2000 resamples of RNG seeds),honest receiver-run,Each honest receiver contributes one exposure unit in each complete observed run.
full,test,onset_guard,constoffset_guard_1p0,clean_false_positives_per_receiver_run,0,0,1050,clean-pair false-positive events / honest receiver-run,30,0,0,ratio of pooled event counts/opportunities,percentile cluster bootstrap (2000 resamples of RNG seeds),honest receiver-run,Each honest receiver contributes one exposure unit in each complete observed run.
full,test,onset_guard,constoffset_guard_1p0,stream_false_positives_per_receiver_minute,0,0,857.5,false positives / receiver-minute,30,0,0,ratio of pooled event counts/opportunities,percentile cluster bootstrap (2000 resamples of RNG seeds),receiver-minute,Receiver-minutes use honest receivers times the common evaluation-window duration.
full,test,onset_guard,constoffset_guard_1p0,stream_false_positives_per_million_negative_messages,0,0,1411276,false-positive pair events / million negative messages,30,0,0,ratio of pooled event counts/opportunities,percentile cluster bootstrap (2000 resamples of RNG seeds),negative message,"The numerator is a receiver--claimed-identity window event, not a per-message decision; messages provide an exposure denominator."
full,test,onset_guard,constoffset_guard_1p0,clean_false_positive_rate_per_clean_pair,0,0,18310,false positives / clean honest pair,30,0,0,ratio of pooled event counts/opportunities,percentile cluster bootstrap (2000 resamples of RNG seeds),clean honest eligible pair,
full,test,onset_guard,constoffset_guard_1p0,clean_false_positives_per_receiver_minute,0,0,857.5,false positives / receiver-minute,30,0,0,ratio of pooled event counts/opportunities,percentile cluster bootstrap (2000 resamples of RNG seeds),receiver-minute,
full,test,onset_guard,constoffset_guard_1p0,clean_false_positives_per_million_clean_messages,0,0,1411276,false-positive pair events / million clean messages,30,0,0,ratio of pooled event counts/opportunities,percentile cluster bootstrap (2000 resamples of RNG seeds),clean honest message,"The numerator is a clean-pair window event, not a per-message decision; messages provide an exposure denominator."
full,test,onset_guard,constoffset_guard_1p0,track_false_positive_pair_rate,0,0,18310,track-alerted clean pairs / clean pair,30,0,0,ratio of pooled event counts/opportunities,percentile cluster bootstrap (2000 resamples of RNG seeds),clean honest eligible pair,Numerator is pair-level because the pair schema exposes whether any track alerted.
full,test,onset_guard,constoffset_guard_1p0,track_false_positive_pairs_per_clean_evaluation_window_track,0,0,18371,track-alerted clean pairs / clean evaluation-window track,30,0,0,ratio of pooled event counts/opportunities,percentile cluster bootstrap (2000 resamples of RNG seeds),clean evaluation-window content-associated track,Conservative pair-event numerator; individual alerted-track count is not in the schema. Track count requires at least one window message.
full,test,onset_guard,constoffset_guard_1p0,malicious_delay_censoring_rate,0.755185185185,6117,8100,proportion,30,0.737190721466,0.770520281979,ratio of pooled event counts/opportunities,percentile cluster bootstrap (2000 resamples of RNG seeds),malicious eligible pair,Censoring is reported separately; delay quartiles condition on detection.
full,test,onset_guard,constoffset_guard_1p0,postwarmup_track_merges_per_evaluation_window_track,0,0,26504,post-warm-up merges / evaluation-window track,30,0,0,ratio of pooled event counts/opportunities,percentile cluster bootstrap (2000 resamples of RNG seeds),evaluation-window content-associated track,Merge counts span all post-warm-up tracked messages; the pair schema exposes only evaluation-window track count as a normalization base.
full,test,onset_guard,constoffset_guard_1p0,postwarmup_track_fragments_per_evaluation_window_track,0.00354663447027,94,26504,post-warm-up fragments / evaluation-window track,30,0.00256688969367,0.0046371495626,ratio of pooled event counts/opportunities,percentile cluster bootstrap (2000 resamples of RNG seeds),evaluation-window content-associated track,"Fragment counts span all post-warm-up tracked messages; this is a descriptive normalization, not a window-matched event rate."
full,test,onset_guard,constoffset_guard_1p0,postwarmup_track_id_switches_per_evaluation_window_track,0,0,26504,post-warm-up ID switches / evaluation-window track,30,0,0,ratio of pooled event counts/opportunities,percentile cluster bootstrap (2000 resamples of RNG seeds),evaluation-window content-associated track,"ID-switch counts span all post-warm-up tracked messages; this is a descriptive normalization, not a window-matched event rate."
full,test,onset_guard,constoffset_guard_1p0,window_message_weighted_postwarmup_track_purity,1,2031308,2031308,proportion,30,1,1,ratio of pooled event counts/opportunities,percentile cluster bootstrap (2000 resamples of RNG seeds),eligible-window message,Each pair's post-warm-up track purity is weighted by its evaluation-window message count; purity itself is not window-restricted.
full,test,onset_guard,constoffset_guard_1p0,stride_ambiguous_rate_among_alerts,0,0,1983,proportion,30,0,0,ratio of pooled event counts/opportunities,percentile cluster bootstrap (2000 resamples of RNG seeds),alerted eligible pair,
full,test,onset_guard,constoffset_guard_1p0,stride_unassigned_rate_among_alerts,0.910237014624,1805,1983,proportion,30,0.898858066426,0.921080144423,ratio of pooled event counts/opportunities,percentile cluster bootstrap (2000 resamples of RNG seeds),alerted eligible pair,
full,test,onset_guard,constoffset_guard_1p0,pair_exposure_q1_pooled_p2,7.16859651069,,26410,s,0,nan,nan,P-squared online quantile over pooled pair observations,not computed for pooled descriptive quantile,eligible pair,Constant-memory approximation; use seed rows below for uncertainty.
full,test,onset_guard,constoffset_guard_1p0,pair_exposure_median_pooled_p2,8.84186183709,,26410,s,0,nan,nan,P-squared online quantile over pooled pair observations,not computed for pooled descriptive quantile,eligible pair,Constant-memory approximation; use seed rows below for uncertainty.
full,test,onset_guard,constoffset_guard_1p0,pair_exposure_q3_pooled_p2,11.2362532731,,26410,s,0,nan,nan,P-squared online quantile over pooled pair observations,not computed for pooled descriptive quantile,eligible pair,Constant-memory approximation; use seed rows below for uncertainty.
full,test,onset_guard,constoffset_guard_1p0,seed_mean_of_within_seed_pair_exposure_q1,7.14278799478,,30,s,30,7.07297107342,7.21177845811,mean of per-seed P-squared q1 estimates,percentile cluster bootstrap (2000 resamples of RNG seeds),independent RNG seed,Within-seed observations are eligible pairs; seeds are the inferential unit.
full,test,onset_guard,constoffset_guard_1p0,seed_mean_of_within_seed_pair_exposure_median,8.8192203832,,30,s,30,8.7535709539,8.88605643895,mean of per-seed P-squared median estimates,percentile cluster bootstrap (2000 resamples of RNG seeds),independent RNG seed,Within-seed observations are eligible pairs; seeds are the inferential unit.
full,test,onset_guard,constoffset_guard_1p0,seed_mean_of_within_seed_pair_exposure_q3,12.3740955758,,30,s,30,11.6454766455,13.4583181748,mean of per-seed P-squared q3 estimates,percentile cluster bootstrap (2000 resamples of RNG seeds),independent RNG seed,Within-seed observations are eligible pairs; seeds are the inferential unit.
full,test,onset_guard,constoffset_guard_1p0,clean_pair_exposure_q1_pooled_p2,7.17759384084,,18310,s,0,nan,nan,P-squared online quantile over pooled pair observations,not computed for pooled descriptive quantile,clean honest eligible pair,Constant-memory approximation; use seed rows below for uncertainty.
full,test,onset_guard,constoffset_guard_1p0,clean_pair_exposure_median_pooled_p2,8.83231405979,,18310,s,0,nan,nan,P-squared online quantile over pooled pair observations,not computed for pooled descriptive quantile,clean honest eligible pair,Constant-memory approximation; use seed rows below for uncertainty.
full,test,onset_guard,constoffset_guard_1p0,clean_pair_exposure_q3_pooled_p2,11.3471561407,,18310,s,0,nan,nan,P-squared online quantile over pooled pair observations,not computed for pooled descriptive quantile,clean honest eligible pair,Constant-memory approximation; use seed rows below for uncertainty.
full,test,onset_guard,constoffset_guard_1p0,seed_mean_of_within_seed_clean_pair_exposure_q1,7.1707484,,30,s,30,7.09548276884,7.24373134827,mean of per-seed P-squared q1 estimates,percentile cluster bootstrap (2000 resamples of RNG seeds),independent RNG seed,Within-seed observations are clean honest eligible pairs; seeds are the inferential unit.
full,test,onset_guard,constoffset_guard_1p0,seed_mean_of_within_seed_clean_pair_exposure_median,8.8244123405,,30,s,30,8.75448564795,8.89933763889,mean of per-seed P-squared median estimates,percentile cluster bootstrap (2000 resamples of RNG seeds),independent RNG seed,Within-seed observations are clean honest eligible pairs; seeds are the inferential unit.
full,test,onset_guard,constoffset_guard_1p0,seed_mean_of_within_seed_clean_pair_exposure_q3,12.7332350637,,30,s,30,11.7589943839,14.051894777,mean of per-seed P-squared q3 estimates,percentile cluster bootstrap (2000 resamples of RNG seeds),independent RNG seed,Within-seed observations are clean honest eligible pairs; seeds are the inferential unit.
full,test,onset_guard,constoffset_guard_1p0,malicious_pair_exposure_q1_pooled_p2,7.11882597295,,8100,s,0,nan,nan,P-squared online quantile over pooled pair observations,not computed for pooled descriptive quantile,malicious eligible pair,Constant-memory approximation; use seed rows below for uncertainty.
full,test,onset_guard,constoffset_guard_1p0,malicious_pair_exposure_median_pooled_p2,8.82366951667,,8100,s,0,nan,nan,P-squared online quantile over pooled pair observations,not computed for pooled descriptive quantile,malicious eligible pair,Constant-memory approximation; use seed rows below for uncertainty.
full,test,onset_guard,constoffset_guard_1p0,malicious_pair_exposure_q3_pooled_p2,11.0362830108,,8100,s,0,nan,nan,P-squared online quantile over pooled pair observations,not computed for pooled descriptive quantile,malicious eligible pair,Constant-memory approximation; use seed rows below for uncertainty.
full,test,onset_guard,constoffset_guard_1p0,seed_mean_of_within_seed_malicious_pair_exposure_q1,7.10725157893,,30,s,30,7.00430435973,7.20437217946,mean of per-seed P-squared q1 estimates,percentile cluster bootstrap (2000 resamples of RNG seeds),independent RNG seed,Within-seed observations are malicious eligible pairs; seeds are the inferential unit.
full,test,onset_guard,constoffset_guard_1p0,seed_mean_of_within_seed_malicious_pair_exposure_median,8.81043268679,,30,s,30,8.6979980791,8.92324794881,mean of per-seed P-squared median estimates,percentile cluster bootstrap (2000 resamples of RNG seeds),independent RNG seed,Within-seed observations are malicious eligible pairs; seeds are the inferential unit.
full,test,onset_guard,constoffset_guard_1p0,seed_mean_of_within_seed_malicious_pair_exposure_q3,13.3788435648,,30,s,30,12.2495948795,14.8102096192,mean of per-seed P-squared q3 estimates,percentile cluster bootstrap (2000 resamples of RNG seeds),independent RNG seed,Within-seed observations are malicious eligible pairs; seeds are the inferential unit.
full,test,onset_guard,constoffset_guard_1p0,detected_delay_q1_pooled_p2,0,,1983,s,0,nan,nan,P-squared online quantile over pooled pair observations,not computed for pooled descriptive quantile,detected malicious pair,Constant-memory approximation; use seed rows below for uncertainty.
full,test,onset_guard,constoffset_guard_1p0,detected_delay_median_pooled_p2,0,,1983,s,0,nan,nan,P-squared online quantile over pooled pair observations,not computed for pooled descriptive quantile,detected malicious pair,Constant-memory approximation; use seed rows below for uncertainty.
full,test,onset_guard,constoffset_guard_1p0,detected_delay_q3_pooled_p2,0,,1983,s,0,nan,nan,P-squared online quantile over pooled pair observations,not computed for pooled descriptive quantile,detected malicious pair,Constant-memory approximation; use seed rows below for uncertainty.
full,test,onset_guard,constoffset_guard_1p0,seed_mean_of_within_seed_detected_delay_q1,0,,30,s,30,0,0,mean of per-seed P-squared q1 estimates,percentile cluster bootstrap (2000 resamples of RNG seeds),independent RNG seed,Within-seed observations are detected malicious pairs; seeds are the inferential unit.
full,test,onset_guard,constoffset_guard_1p0,seed_mean_of_within_seed_detected_delay_median,0,,30,s,30,0,0,mean of per-seed P-squared median estimates,percentile cluster bootstrap (2000 resamples of RNG seeds),independent RNG seed,Within-seed observations are detected malicious pairs; seeds are the inferential unit.
full,test,onset_guard,constoffset_guard_1p0,seed_mean_of_within_seed_detected_delay_q3,0,,30,s,30,0,0,mean of per-seed P-squared q3 estimates,percentile cluster bootstrap (2000 resamples of RNG seeds),independent RNG seed,Within-seed observations are detected malicious pairs; seeds are the inferential unit.
full,test,onset_guard,constoffset_guard_1p0,postwarmup_track_purity_q1_pooled_p2,1,,26410,proportion,0,nan,nan,P-squared online quantile over pooled pair observations,not computed for pooled descriptive quantile,eligible pair,Constant-memory approximation; use seed rows below for uncertainty.
full,test,onset_guard,constoffset_guard_1p0,postwarmup_track_purity_median_pooled_p2,1,,26410,proportion,0,nan,nan,P-squared online quantile over pooled pair observations,not computed for pooled descriptive quantile,eligible pair,Constant-memory approximation; use seed rows below for uncertainty.
full,test,onset_guard,constoffset_guard_1p0,postwarmup_track_purity_q3_pooled_p2,1,,26410,proportion,0,nan,nan,P-squared online quantile over pooled pair observations,not computed for pooled descriptive quantile,eligible pair,Constant-memory approximation; use seed rows below for uncertainty.
full,test,onset_guard,constoffset_guard_1p0,seed_mean_of_within_seed_postwarmup_track_purity_q1,1,,30,proportion,30,1,1,mean of per-seed P-squared q1 estimates,percentile cluster bootstrap (2000 resamples of RNG seeds),independent RNG seed,Within-seed observations are eligible pairs; seeds are the inferential unit.
full,test,onset_guard,constoffset_guard_1p0,seed_mean_of_within_seed_postwarmup_track_purity_median,1,,30,proportion,30,1,1,mean of per-seed P-squared median estimates,percentile cluster bootstrap (2000 resamples of RNG seeds),independent RNG seed,Within-seed observations are eligible pairs; seeds are the inferential unit.
full,test,onset_guard,constoffset_guard_1p0,seed_mean_of_within_seed_postwarmup_track_purity_q3,1,,30,proportion,30,1,1,mean of per-seed P-squared q3 estimates,percentile cluster bootstrap (2000 resamples of RNG seeds),independent RNG seed,Within-seed observations are eligible pairs; seeds are the inferential unit.
full,test,onset_time,constoffset_onset_20s,pair_prevalence,0.305616461461,7248,23716,proportion,30,0.299572570132,0.311823886992,ratio of pooled event counts/opportunities,percentile cluster bootstrap (2000 resamples of RNG seeds),eligible pair,
full,test,onset_time,constoffset_onset_20s,stream_false_positive_rate_per_negative_pair,0,0,16468,false positives / negative pair,30,0,0,ratio of pooled event counts/opportunities,percentile cluster bootstrap (2000 resamples of RNG seeds),negative eligible pair,
full,test,onset_time,constoffset_onset_20s,stream_false_positives_per_run,0,0,30,false positives / observed pair run,30,0,0,ratio of pooled event counts/runs,percentile cluster bootstrap (2000 resamples of RNG seeds),independent RNG seed,Only runs with complete observed pair blocks contribute.
full,test,onset_time,constoffset_onset_20s,clean_false_positives_per_run,0,0,30,false positives / observed pair run,30,0,0,ratio of pooled event counts/runs,percentile cluster bootstrap (2000 resamples of RNG seeds),independent RNG seed,Only runs with complete observed pair blocks contribute.
full,test,onset_time,constoffset_onset_20s,stream_false_positives_per_receiver_run,0,0,1050,false-positive pair events / honest receiver-run,30,0,0,ratio of pooled event counts/opportunities,percentile cluster bootstrap (2000 resamples of RNG seeds),honest receiver-run,Each honest receiver contributes one exposure unit in each complete observed run.
full,test,onset_time,constoffset_onset_20s,clean_false_positives_per_receiver_run,0,0,1050,clean-pair false-positive events / honest receiver-run,30,0,0,ratio of pooled event counts/opportunities,percentile cluster bootstrap (2000 resamples of RNG seeds),honest receiver-run,Each honest receiver contributes one exposure unit in each complete observed run.
full,test,onset_time,constoffset_onset_20s,stream_false_positives_per_receiver_minute,0,0,700,false positives / receiver-minute,30,0,0,ratio of pooled event counts/opportunities,percentile cluster bootstrap (2000 resamples of RNG seeds),receiver-minute,Receiver-minutes use honest receivers times the common evaluation-window duration.
full,test,onset_time,constoffset_onset_20s,stream_false_positives_per_million_negative_messages,0,0,1173042,false-positive pair events / million negative messages,30,0,0,ratio of pooled event counts/opportunities,percentile cluster bootstrap (2000 resamples of RNG seeds),negative message,"The numerator is a receiver--claimed-identity window event, not a per-message decision; messages provide an exposure denominator."
full,test,onset_time,constoffset_onset_20s,clean_false_positive_rate_per_clean_pair,0,0,16468,false positives / clean honest pair,30,0,0,ratio of pooled event counts/opportunities,percentile cluster bootstrap (2000 resamples of RNG seeds),clean honest eligible pair,
full,test,onset_time,constoffset_onset_20s,clean_false_positives_per_receiver_minute,0,0,700,false positives / receiver-minute,30,0,0,ratio of pooled event counts/opportunities,percentile cluster bootstrap (2000 resamples of RNG seeds),receiver-minute,
full,test,onset_time,constoffset_onset_20s,clean_false_positives_per_million_clean_messages,0,0,1173042,false-positive pair events / million clean messages,30,0,0,ratio of pooled event counts/opportunities,percentile cluster bootstrap (2000 resamples of RNG seeds),clean honest message,"The numerator is a clean-pair window event, not a per-message decision; messages provide an exposure denominator."
full,test,onset_time,constoffset_onset_20s,track_false_positive_pair_rate,0,0,16468,track-alerted clean pairs / clean pair,30,0,0,ratio of pooled event counts/opportunities,percentile cluster bootstrap (2000 resamples of RNG seeds),clean honest eligible pair,Numerator is pair-level because the pair schema exposes whether any track alerted.
full,test,onset_time,constoffset_onset_20s,track_false_positive_pairs_per_clean_evaluation_window_track,0,0,16508,track-alerted clean pairs / clean evaluation-window track,30,0,0,ratio of pooled event counts/opportunities,percentile cluster bootstrap (2000 resamples of RNG seeds),clean evaluation-window content-associated track,Conservative pair-event numerator; individual alerted-track count is not in the schema. Track count requires at least one window message.
full,test,onset_time,constoffset_onset_20s,malicious_delay_censoring_rate,0.692466887417,5019,7248,proportion,30,0.678357524732,0.704714504225,ratio of pooled event counts/opportunities,percentile cluster bootstrap (2000 resamples of RNG seeds),malicious eligible pair,Censoring is reported separately; delay quartiles condition on detection.
full,test,onset_time,constoffset_onset_20s,postwarmup_track_merges_per_evaluation_window_track,0,0,23784,post-warm-up merges / evaluation-window track,30,0,0,ratio of pooled event counts/opportunities,percentile cluster bootstrap (2000 resamples of RNG seeds),evaluation-window content-associated track,Merge counts span all post-warm-up tracked messages; the pair schema exposes only evaluation-window track count as a normalization base.
full,test,onset_time,constoffset_onset_20s,postwarmup_track_fragments_per_evaluation_window_track,0.00285906491759,68,23784,post-warm-up fragments / evaluation-window track,30,0.00187310522017,0.00397916822801,ratio of pooled event counts/opportunities,percentile cluster bootstrap (2000 resamples of RNG seeds),evaluation-window content-associated track,"Fragment counts span all post-warm-up tracked messages; this is a descriptive normalization, not a window-matched event rate."
full,test,onset_time,constoffset_onset_20s,postwarmup_track_id_switches_per_evaluation_window_track,0,0,23784,post-warm-up ID switches / evaluation-window track,30,0,0,ratio of pooled event counts/opportunities,percentile cluster bootstrap (2000 resamples of RNG seeds),evaluation-window content-associated track,"ID-switch counts span all post-warm-up tracked messages; this is a descriptive normalization, not a window-matched event rate."
full,test,onset_time,constoffset_onset_20s,window_message_weighted_postwarmup_track_purity,1,1685540,1685540,proportion,30,1,1,ratio of pooled event counts/opportunities,percentile cluster bootstrap (2000 resamples of RNG seeds),eligible-window message,Each pair's post-warm-up track purity is weighted by its evaluation-window message count; purity itself is not window-restricted.
full,test,onset_time,constoffset_onset_20s,stride_ambiguous_rate_among_alerts,0,0,2229,proportion,30,0,0,ratio of pooled event counts/opportunities,percentile cluster bootstrap (2000 resamples of RNG seeds),alerted eligible pair,
full,test,onset_time,constoffset_onset_20s,stride_unassigned_rate_among_alerts,0,0,2229,proportion,30,0,0,ratio of pooled event counts/opportunities,percentile cluster bootstrap (2000 resamples of RNG seeds),alerted eligible pair,
full,test,onset_time,constoffset_onset_20s,pair_exposure_q1_pooled_p2,6.81584956485,,23716,s,0,nan,nan,P-squared online quantile over pooled pair observations,not computed for pooled descriptive quantile,eligible pair,Constant-memory approximation; use seed rows below for uncertainty.
full,test,onset_time,constoffset_onset_20s,pair_exposure_median_pooled_p2,8.70547331031,,23716,s,0,nan,nan,P-squared online quantile over pooled pair observations,not computed for pooled descriptive quantile,eligible pair,Constant-memory approximation; use seed rows below for uncertainty.
full,test,onset_time,constoffset_onset_20s,pair_exposure_q3_pooled_p2,11.4534530082,,23716,s,0,nan,nan,P-squared online quantile over pooled pair observations,not computed for pooled descriptive quantile,eligible pair,Constant-memory approximation; use seed rows below for uncertainty.
full,test,onset_time,constoffset_onset_20s,seed_mean_of_within_seed_pair_exposure_q1,6.86738159305,,30,s,30,6.76198067055,6.96262616533,mean of per-seed P-squared q1 estimates,percentile cluster bootstrap (2000 resamples of RNG seeds),independent RNG seed,Within-seed observations are eligible pairs; seeds are the inferential unit.
full,test,onset_time,constoffset_onset_20s,seed_mean_of_within_seed_pair_exposure_median,8.7239774905,,30,s,30,8.66123125398,8.78317654937,mean of per-seed P-squared median estimates,percentile cluster bootstrap (2000 resamples of RNG seeds),independent RNG seed,Within-seed observations are eligible pairs; seeds are the inferential unit.
full,test,onset_time,constoffset_onset_20s,seed_mean_of_within_seed_pair_exposure_q3,12.9024469979,,30,s,30,12.0944755266,13.9404567221,mean of per-seed P-squared q3 estimates,percentile cluster bootstrap (2000 resamples of RNG seeds),independent RNG seed,Within-seed observations are eligible pairs; seeds are the inferential unit.
full,test,onset_time,constoffset_onset_20s,clean_pair_exposure_q1_pooled_p2,6.84779626939,,16468,s,0,nan,nan,P-squared online quantile over pooled pair observations,not computed for pooled descriptive quantile,clean honest eligible pair,Constant-memory approximation; use seed rows below for uncertainty.
full,test,onset_time,constoffset_onset_20s,clean_pair_exposure_median_pooled_p2,8.70975234976,,16468,s,0,nan,nan,P-squared online quantile over pooled pair observations,not computed for pooled descriptive quantile,clean honest eligible pair,Constant-memory approximation; use seed rows below for uncertainty.
full,test,onset_time,constoffset_onset_20s,clean_pair_exposure_q3_pooled_p2,11.4591059831,,16468,s,0,nan,nan,P-squared online quantile over pooled pair observations,not computed for pooled descriptive quantile,clean honest eligible pair,Constant-memory approximation; use seed rows below for uncertainty.
full,test,onset_time,constoffset_onset_20s,seed_mean_of_within_seed_clean_pair_exposure_q1,6.91056153781,,30,s,30,6.79642550948,7.0132747052,mean of per-seed P-squared q1 estimates,percentile cluster bootstrap (2000 resamples of RNG seeds),independent RNG seed,Within-seed observations are clean honest eligible pairs; seeds are the inferential unit.
full,test,onset_time,constoffset_onset_20s,seed_mean_of_within_seed_clean_pair_exposure_median,8.71473608695,,30,s,30,8.64713455912,8.78015409141,mean of per-seed P-squared median estimates,percentile cluster bootstrap (2000 resamples of RNG seeds),independent RNG seed,Within-seed observations are clean honest eligible pairs; seeds are the inferential unit.
full,test,onset_time,constoffset_onset_20s,seed_mean_of_within_seed_clean_pair_exposure_q3,13.4603656684,,30,s,30,12.1546746594,14.9499184519,mean of per-seed P-squared q3 estimates,percentile cluster bootstrap (2000 resamples of RNG seeds),independent RNG seed,Within-seed observations are clean honest eligible pairs; seeds are the inferential unit.
full,test,onset_time,constoffset_onset_20s,malicious_pair_exposure_q1_pooled_p2,6.75725268664,,7248,s,0,nan,nan,P-squared online quantile over pooled pair observations,not computed for pooled descriptive quantile,malicious eligible pair,Constant-memory approximation; use seed rows below for uncertainty.
full,test,onset_time,constoffset_onset_20s,malicious_pair_exposure_median_pooled_p2,8.65160843002,,7248,s,0,nan,nan,P-squared online quantile over pooled pair observations,not computed for pooled descriptive quantile,malicious eligible pair,Constant-memory approximation; use seed rows below for uncertainty.
full,test,onset_time,constoffset_onset_20s,malicious_pair_exposure_q3_pooled_p2,11.4345673521,,7248,s,0,nan,nan,P-squared online quantile over pooled pair observations,not computed for pooled descriptive quantile,malicious eligible pair,Constant-memory approximation; use seed rows below for uncertainty.
full,test,onset_time,constoffset_onset_20s,seed_mean_of_within_seed_malicious_pair_exposure_q1,6.7876889641,,30,s,30,6.61467216194,6.95810071919,mean of per-seed P-squared q1 estimates,percentile cluster bootstrap (2000 resamples of RNG seeds),independent RNG seed,Within-seed observations are malicious eligible pairs; seeds are the inferential unit.
full,test,onset_time,constoffset_onset_20s,seed_mean_of_within_seed_malicious_pair_exposure_median,8.72204526055,,30,s,30,8.57774623453,8.8810659798,mean of per-seed P-squared median estimates,percentile cluster bootstrap (2000 resamples of RNG seeds),independent RNG seed,Within-seed observations are malicious eligible pairs; seeds are the inferential unit.
full,test,onset_time,constoffset_onset_20s,seed_mean_of_within_seed_malicious_pair_exposure_q3,14.0574966213,,30,s,30,12.7904478258,15.5434289797,mean of per-seed P-squared q3 estimates,percentile cluster bootstrap (2000 resamples of RNG seeds),independent RNG seed,Within-seed observations are malicious eligible pairs; seeds are the inferential unit.
full,test,onset_time,constoffset_onset_20s,detected_delay_q1_pooled_p2,4.42230942667e-05,,2229,s,0,nan,nan,P-squared online quantile over pooled pair observations,not computed for pooled descriptive quantile,detected malicious pair,Constant-memory approximation; use seed rows below for uncertainty.
full,test,onset_time,constoffset_onset_20s,detected_delay_median_pooled_p2,0.00990389545862,,2229,s,0,nan,nan,P-squared online quantile over pooled pair observations,not computed for pooled descriptive quantile,detected malicious pair,Constant-memory approximation; use seed rows below for uncertainty.
full,test,onset_time,constoffset_onset_20s,detected_delay_q3_pooled_p2,0.262970954462,,2229,s,0,nan,nan,P-squared online quantile over pooled pair observations,not computed for pooled descriptive quantile,detected malicious pair,Constant-memory approximation; use seed rows below for uncertainty.
full,test,onset_time,constoffset_onset_20s,seed_mean_of_within_seed_detected_delay_q1,0.000461334370826,,30,s,30,0.000267571999833,0.000687159408644,mean of per-seed P-squared q1 estimates,percentile cluster bootstrap (2000 resamples of RNG seeds),independent RNG seed,Within-seed observations are detected malicious pairs; seeds are the inferential unit.
full,test,onset_time,constoffset_onset_20s,seed_mean_of_within_seed_detected_delay_median,0.06107767241,,30,s,30,0.043344966819,0.0774716895291,mean of per-seed P-squared median estimates,percentile cluster bootstrap (2000 resamples of RNG seeds),independent RNG seed,Within-seed observations are detected malicious pairs; seeds are the inferential unit.
full,test,onset_time,constoffset_onset_20s,seed_mean_of_within_seed_detected_delay_q3,0.254316048027,,30,s,30,0.23626606056,0.272604699065,mean of per-seed P-squared q3 estimates,percentile cluster bootstrap (2000 resamples of RNG seeds),independent RNG seed,Within-seed observations are detected malicious pairs; seeds are the inferential unit.
full,test,onset_time,constoffset_onset_20s,postwarmup_track_purity_q1_pooled_p2,1,,23716,proportion,0,nan,nan,P-squared online quantile over pooled pair observations,not computed for pooled descriptive quantile,eligible pair,Constant-memory approximation; use seed rows below for uncertainty.
full,test,onset_time,constoffset_onset_20s,postwarmup_track_purity_median_pooled_p2,1,,23716,proportion,0,nan,nan,P-squared online quantile over pooled pair observations,not computed for pooled descriptive quantile,eligible pair,Constant-memory approximation; use seed rows below for uncertainty.
full,test,onset_time,constoffset_onset_20s,postwarmup_track_purity_q3_pooled_p2,1,,23716,proportion,0,nan,nan,P-squared online quantile over pooled pair observations,not computed for pooled descriptive quantile,eligible pair,Constant-memory approximation; use seed rows below for uncertainty.
full,test,onset_time,constoffset_onset_20s,seed_mean_of_within_seed_postwarmup_track_purity_q1,1,,30,proportion,30,1,1,mean of per-seed P-squared q1 estimates,percentile cluster bootstrap (2000 resamples of RNG seeds),independent RNG seed,Within-seed observations are eligible pairs; seeds are the inferential unit.
full,test,onset_time,constoffset_onset_20s,seed_mean_of_within_seed_postwarmup_track_purity_median,1,,30,proportion,30,1,1,mean of per-seed P-squared median estimates,percentile cluster bootstrap (2000 resamples of RNG seeds),independent RNG seed,Within-seed observations are eligible pairs; seeds are the inferential unit.
full,test,onset_time,constoffset_onset_20s,seed_mean_of_within_seed_postwarmup_track_purity_q3,1,,30,proportion,30,1,1,mean of per-seed P-squared q3 estimates,percentile cluster bootstrap (2000 resamples of RNG seeds),independent RNG seed,Within-seed observations are eligible pairs; seeds are the inferential unit.
full,test,onset_time,constoffset_onset_5s,pair_prevalence,0.306429597701,8531,27840,proportion,30,0.301729131867,0.311068435481,ratio of pooled event counts/opportunities,percentile cluster bootstrap (2000 resamples of RNG seeds),eligible pair,
full,test,onset_time,constoffset_onset_5s,stream_false_positive_rate_per_negative_pair,0,0,19309,false positives / negative pair,30,0,0,ratio of pooled event counts/opportunities,percentile cluster bootstrap (2000 resamples of RNG seeds),negative eligible pair,
full,test,onset_time,constoffset_onset_5s,stream_false_positives_per_run,0,0,30,false positives / observed pair run,30,0,0,ratio of pooled event counts/runs,percentile cluster bootstrap (2000 resamples of RNG seeds),independent RNG seed,Only runs with complete observed pair blocks contribute.
full,test,onset_time,constoffset_onset_5s,clean_false_positives_per_run,0,0,30,false positives / observed pair run,30,0,0,ratio of pooled event counts/runs,percentile cluster bootstrap (2000 resamples of RNG seeds),independent RNG seed,Only runs with complete observed pair blocks contribute.
full,test,onset_time,constoffset_onset_5s,stream_false_positives_per_receiver_run,0,0,1050,false-positive pair events / honest receiver-run,30,0,0,ratio of pooled event counts/opportunities,percentile cluster bootstrap (2000 resamples of RNG seeds),honest receiver-run,Each honest receiver contributes one exposure unit in each complete observed run.
full,test,onset_time,constoffset_onset_5s,clean_false_positives_per_receiver_run,0,0,1050,clean-pair false-positive events / honest receiver-run,30,0,0,ratio of pooled event counts/opportunities,percentile cluster bootstrap (2000 resamples of RNG seeds),honest receiver-run,Each honest receiver contributes one exposure unit in each complete observed run.
full,test,onset_time,constoffset_onset_5s,stream_false_positives_per_receiver_minute,0,0,962.5,false positives / receiver-minute,30,0,0,ratio of pooled event counts/opportunities,percentile cluster bootstrap (2000 resamples of RNG seeds),receiver-minute,Receiver-minutes use honest receivers times the common evaluation-window duration.
full,test,onset_time,constoffset_onset_5s,stream_false_positives_per_million_negative_messages,0,0,1559901,false-positive pair events / million negative messages,30,0,0,ratio of pooled event counts/opportunities,percentile cluster bootstrap (2000 resamples of RNG seeds),negative message,"The numerator is a receiver--claimed-identity window event, not a per-message decision; messages provide an exposure denominator."
full,test,onset_time,constoffset_onset_5s,clean_false_positive_rate_per_clean_pair,0,0,19309,false positives / clean honest pair,30,0,0,ratio of pooled event counts/opportunities,percentile cluster bootstrap (2000 resamples of RNG seeds),clean honest eligible pair,
full,test,onset_time,constoffset_onset_5s,clean_false_positives_per_receiver_minute,0,0,962.5,false positives / receiver-minute,30,0,0,ratio of pooled event counts/opportunities,percentile cluster bootstrap (2000 resamples of RNG seeds),receiver-minute,
full,test,onset_time,constoffset_onset_5s,clean_false_positives_per_million_clean_messages,0,0,1559901,false-positive pair events / million clean messages,30,0,0,ratio of pooled event counts/opportunities,percentile cluster bootstrap (2000 resamples of RNG seeds),clean honest message,"The numerator is a clean-pair window event, not a per-message decision; messages provide an exposure denominator."
full,test,onset_time,constoffset_onset_5s,track_false_positive_pair_rate,0,0,19309,track-alerted clean pairs / clean pair,30,0,0,ratio of pooled event counts/opportunities,percentile cluster bootstrap (2000 resamples of RNG seeds),clean honest eligible pair,Numerator is pair-level because the pair schema exposes whether any track alerted.
full,test,onset_time,constoffset_onset_5s,track_false_positive_pairs_per_clean_evaluation_window_track,0,0,19384,track-alerted clean pairs / clean evaluation-window track,30,0,0,ratio of pooled event counts/opportunities,percentile cluster bootstrap (2000 resamples of RNG seeds),clean evaluation-window content-associated track,Conservative pair-event numerator; individual alerted-track count is not in the schema. Track count requires at least one window message.
full,test,onset_time,constoffset_onset_5s,malicious_delay_censoring_rate,0.776110655257,6621,8531,proportion,30,0.761989859917,0.789288602174,ratio of pooled event counts/opportunities,percentile cluster bootstrap (2000 resamples of RNG seeds),malicious eligible pair,Censoring is reported separately; delay quartiles condition on detection.
full,test,onset_time,constoffset_onset_5s,postwarmup_track_merges_per_evaluation_window_track,0,0,27962,post-warm-up merges / evaluation-window track,30,0,0,ratio of pooled event counts/opportunities,percentile cluster bootstrap (2000 resamples of RNG seeds),evaluation-window content-associated track,Merge counts span all post-warm-up tracked messages; the pair schema exposes only evaluation-window track count as a normalization base.
full,test,onset_time,constoffset_onset_5s,postwarmup_track_fragments_per_evaluation_window_track,0.0043630641585,122,27962,post-warm-up fragments / evaluation-window track,30,0.00339706692334,0.00545867885918,ratio of pooled event counts/opportunities,percentile cluster bootstrap (2000 resamples of RNG seeds),evaluation-window content-associated track,"Fragment counts span all post-warm-up tracked messages; this is a descriptive normalization, not a window-matched event rate."
full,test,onset_time,constoffset_onset_5s,postwarmup_track_id_switches_per_evaluation_window_track,0,0,27962,post-warm-up ID switches / evaluation-window track,30,0,0,ratio of pooled event counts/opportunities,percentile cluster bootstrap (2000 resamples of RNG seeds),evaluation-window content-associated track,"ID-switch counts span all post-warm-up tracked messages; this is a descriptive normalization, not a window-matched event rate."
full,test,onset_time,constoffset_onset_5s,window_message_weighted_postwarmup_track_purity,1,2246254,2246254,proportion,30,1,1,ratio of pooled event counts/opportunities,percentile cluster bootstrap (2000 resamples of RNG seeds),eligible-window message,Each pair's post-warm-up track purity is weighted by its evaluation-window message count; purity itself is not window-restricted.
full,test,onset_time,constoffset_onset_5s,stride_ambiguous_rate_among_alerts,0,0,1910,proportion,30,0,0,ratio of pooled event counts/opportunities,percentile cluster bootstrap (2000 resamples of RNG seeds),alerted eligible pair,
full,test,onset_time,constoffset_onset_5s,stride_unassigned_rate_among_alerts,0,0,1910,proportion,30,0,0,ratio of pooled event counts/opportunities,percentile cluster bootstrap (2000 resamples of RNG seeds),alerted eligible pair,
full,test,onset_time,constoffset_onset_5s,pair_exposure_q1_pooled_p2,7.29353273087,,27840,s,0,nan,nan,P-squared online quantile over pooled pair observations,not computed for pooled descriptive quantile,eligible pair,Constant-memory approximation; use seed rows below for uncertainty.
full,test,onset_time,constoffset_onset_5s,pair_exposure_median_pooled_p2,8.89010906496,,27840,s,0,nan,nan,P-squared online quantile over pooled pair observations,not computed for pooled descriptive quantile,eligible pair,Constant-memory approximation; use seed rows below for uncertainty.
full,test,onset_time,constoffset_onset_5s,pair_exposure_q3_pooled_p2,11.2175736625,,27840,s,0,nan,nan,P-squared online quantile over pooled pair observations,not computed for pooled descriptive quantile,eligible pair,Constant-memory approximation; use seed rows below for uncertainty.
full,test,onset_time,constoffset_onset_5s,seed_mean_of_within_seed_pair_exposure_q1,7.30185841319,,30,s,30,7.23944010902,7.36060178728,mean of per-seed P-squared q1 estimates,percentile cluster bootstrap (2000 resamples of RNG seeds),independent RNG seed,Within-seed observations are eligible pairs; seeds are the inferential unit.
full,test,onset_time,constoffset_onset_5s,seed_mean_of_within_seed_pair_exposure_median,8.8948417726,,30,s,30,8.83659710094,8.95998867344,mean of per-seed P-squared median estimates,percentile cluster bootstrap (2000 resamples of RNG seeds),independent RNG seed,Within-seed observations are eligible pairs; seeds are the inferential unit.
full,test,onset_time,constoffset_onset_5s,seed_mean_of_within_seed_pair_exposure_q3,11.9710712327,,30,s,30,11.5266036377,12.5396390065,mean of per-seed P-squared q3 estimates,percentile cluster bootstrap (2000 resamples of RNG seeds),independent RNG seed,Within-seed observations are eligible pairs; seeds are the inferential unit.
full,test,onset_time,constoffset_onset_5s,clean_pair_exposure_q1_pooled_p2,7.33379518925,,19309,s,0,nan,nan,P-squared online quantile over pooled pair observations,not computed for pooled descriptive quantile,clean honest eligible pair,Constant-memory approximation; use seed rows below for uncertainty.
full,test,onset_time,constoffset_onset_5s,clean_pair_exposure_median_pooled_p2,8.89739037125,,19309,s,0,nan,nan,P-squared online quantile over pooled pair observations,not computed for pooled descriptive quantile,clean honest eligible pair,Constant-memory approximation; use seed rows below for uncertainty.
full,test,onset_time,constoffset_onset_5s,clean_pair_exposure_q3_pooled_p2,11.2874600072,,19309,s,0,nan,nan,P-squared online quantile over pooled pair observations,not computed for pooled descriptive quantile,clean honest eligible pair,Constant-memory approximation; use seed rows below for uncertainty.
full,test,onset_time,constoffset_onset_5s,seed_mean_of_within_seed_clean_pair_exposure_q1,7.3191528428,,30,s,30,7.24370496806,7.39260633633,mean of per-seed P-squared q1 estimates,percentile cluster bootstrap (2000 resamples of RNG seeds),independent RNG seed,Within-seed observations are clean honest eligible pairs; seeds are the inferential unit.
full,test,onset_time,constoffset_onset_5s,seed_mean_of_within_seed_clean_pair_exposure_median,8.88932631669,,30,s,30,8.81722162373,8.9615460194,mean of per-seed P-squared median estimates,percentile cluster bootstrap (2000 resamples of RNG seeds),independent RNG seed,Within-seed observations are clean honest eligible pairs; seeds are the inferential unit.
full,test,onset_time,constoffset_onset_5s,seed_mean_of_within_seed_clean_pair_exposure_q3,12.3463111643,,30,s,30,11.6551401741,13.2166107836,mean of per-seed P-squared q3 estimates,percentile cluster bootstrap (2000 resamples of RNG seeds),independent RNG seed,Within-seed observations are clean honest eligible pairs; seeds are the inferential unit.
full,test,onset_time,constoffset_onset_5s,malicious_pair_exposure_q1_pooled_p2,7.27670571745,,8531,s,0,nan,nan,P-squared online quantile over pooled pair observations,not computed for pooled descriptive quantile,malicious eligible pair,Constant-memory approximation; use seed rows below for uncertainty.
full,test,onset_time,constoffset_onset_5s,malicious_pair_exposure_median_pooled_p2,8.88281194994,,8531,s,0,nan,nan,P-squared online quantile over pooled pair observations,not computed for pooled descriptive quantile,malicious eligible pair,Constant-memory approximation; use seed rows below for uncertainty.
full,test,onset_time,constoffset_onset_5s,malicious_pair_exposure_q3_pooled_p2,11.0148568029,,8531,s,0,nan,nan,P-squared online quantile over pooled pair observations,not computed for pooled descriptive quantile,malicious eligible pair,Constant-memory approximation; use seed rows below for uncertainty.
full,test,onset_time,constoffset_onset_5s,seed_mean_of_within_seed_malicious_pair_exposure_q1,7.28498966828,,30,s,30,7.20850170816,7.36404842869,mean of per-seed P-squared q1 estimates,percentile cluster bootstrap (2000 resamples of RNG seeds),independent RNG seed,Within-seed observations are malicious eligible pairs; seeds are the inferential unit.
full,test,onset_time,constoffset_onset_5s,seed_mean_of_within_seed_malicious_pair_exposure_median,8.9126470786,,30,s,30,8.8072538765,9.02647192963,mean of per-seed P-squared median estimates,percentile cluster bootstrap (2000 resamples of RNG seeds),independent RNG seed,Within-seed observations are malicious eligible pairs; seeds are the inferential unit.
full,test,onset_time,constoffset_onset_5s,seed_mean_of_within_seed_malicious_pair_exposure_q3,13.0277584312,,30,s,30,12.0766931116,14.2077955377,mean of per-seed P-squared q3 estimates,percentile cluster bootstrap (2000 resamples of RNG seeds),independent RNG seed,Within-seed observations are malicious eligible pairs; seeds are the inferential unit.
full,test,onset_time,constoffset_onset_5s,detected_delay_q1_pooled_p2,3.38291638885e-05,,1910,s,0,nan,nan,P-squared online quantile over pooled pair observations,not computed for pooled descriptive quantile,detected malicious pair,Constant-memory approximation; use seed rows below for uncertainty.
full,test,onset_time,constoffset_onset_5s,detected_delay_median_pooled_p2,0.029612315588,,1910,s,0,nan,nan,P-squared online quantile over pooled pair observations,not computed for pooled descriptive quantile,detected malicious pair,Constant-memory approximation; use seed rows below for uncertainty.
full,test,onset_time,constoffset_onset_5s,detected_delay_q3_pooled_p2,0.200046883224,,1910,s,0,nan,nan,P-squared online quantile over pooled pair observations,not computed for pooled descriptive quantile,detected malicious pair,Constant-memory approximation; use seed rows below for uncertainty.
full,test,onset_time,constoffset_onset_5s,seed_mean_of_within_seed_detected_delay_q1,0.000842291820684,,30,s,30,0.000263239787172,0.00179973161355,mean of per-seed P-squared q1 estimates,percentile cluster bootstrap (2000 resamples of RNG seeds),independent RNG seed,Within-seed observations are detected malicious pairs; seeds are the inferential unit.
full,test,onset_time,constoffset_onset_5s,seed_mean_of_within_seed_detected_delay_median,0.0507588361772,,30,s,30,0.0373974723364,0.0646584860221,mean of per-seed P-squared median estimates,percentile cluster bootstrap (2000 resamples of RNG seeds),independent RNG seed,Within-seed observations are detected malicious pairs; seeds are the inferential unit.
full,test,onset_time,constoffset_onset_5s,seed_mean_of_within_seed_detected_delay_q3,0.193620498777,,30,s,30,0.173344332991,0.215061556142,mean of per-seed P-squared q3 estimates,percentile cluster bootstrap (2000 resamples of RNG seeds),independent RNG seed,Within-seed observations are detected malicious pairs; seeds are the inferential unit.
full,test,onset_time,constoffset_onset_5s,postwarmup_track_purity_q1_pooled_p2,1,,27840,proportion,0,nan,nan,P-squared online quantile over pooled pair observations,not computed for pooled descriptive quantile,eligible pair,Constant-memory approximation; use seed rows below for uncertainty.
full,test,onset_time,constoffset_onset_5s,postwarmup_track_purity_median_pooled_p2,1,,27840,proportion,0,nan,nan,P-squared online quantile over pooled pair observations,not computed for pooled descriptive quantile,eligible pair,Constant-memory approximation; use seed rows below for uncertainty.
full,test,onset_time,constoffset_onset_5s,postwarmup_track_purity_q3_pooled_p2,1,,27840,proportion,0,nan,nan,P-squared online quantile over pooled pair observations,not computed for pooled descriptive quantile,eligible pair,Constant-memory approximation; use seed rows below for uncertainty.
full,test,onset_time,constoffset_onset_5s,seed_mean_of_within_seed_postwarmup_track_purity_q1,1,,30,proportion,30,1,1,mean of per-seed P-squared q1 estimates,percentile cluster bootstrap (2000 resamples of RNG seeds),independent RNG seed,Within-seed observations are eligible pairs; seeds are the inferential unit.
full,test,onset_time,constoffset_onset_5s,seed_mean_of_within_seed_postwarmup_track_purity_median,1,,30,proportion,30,1,1,mean of per-seed P-squared median estimates,percentile cluster bootstrap (2000 resamples of RNG seeds),independent RNG seed,Within-seed observations are eligible pairs; seeds are the inferential unit.
full,test,onset_time,constoffset_onset_5s,seed_mean_of_within_seed_postwarmup_track_purity_q3,1,,30,proportion,30,1,1,mean of per-seed P-squared q3 estimates,percentile cluster bootstrap (2000 resamples of RNG seeds),independent RNG seed,Within-seed observations are eligible pairs; seeds are the inferential unit.
full,test,pure_attack,pure_constoffset,pair_prevalence,0.306676669167,8176,26660,proportion,30,0.301858600597,0.31156226855,ratio of pooled event counts/opportunities,percentile cluster bootstrap (2000 resamples of RNG seeds),eligible pair,
full,test,pure_attack,pure_constoffset,stream_false_positive_rate_per_negative_pair,0,0,18484,false positives / negative pair,30,0,0,ratio of pooled event counts/opportunities,percentile cluster bootstrap (2000 resamples of RNG seeds),negative eligible pair,
full,test,pure_attack,pure_constoffset,stream_false_positives_per_run,0,0,30,false positives / observed pair run,30,0,0,ratio of pooled event counts/runs,percentile cluster bootstrap (2000 resamples of RNG seeds),independent RNG seed,Only runs with complete observed pair blocks contribute.
full,test,pure_attack,pure_constoffset,clean_false_positives_per_run,0,0,30,false positives / observed pair run,30,0,0,ratio of pooled event counts/runs,percentile cluster bootstrap (2000 resamples of RNG seeds),independent RNG seed,Only runs with complete observed pair blocks contribute.
full,test,pure_attack,pure_constoffset,stream_false_positives_per_receiver_run,0,0,1050,false-positive pair events / honest receiver-run,30,0,0,ratio of pooled event counts/opportunities,percentile cluster bootstrap (2000 resamples of RNG seeds),honest receiver-run,Each honest receiver contributes one exposure unit in each complete observed run.
full,test,pure_attack,pure_constoffset,clean_false_positives_per_receiver_run,0,0,1050,clean-pair false-positive events / honest receiver-run,30,0,0,ratio of pooled event counts/opportunities,percentile cluster bootstrap (2000 resamples of RNG seeds),honest receiver-run,Each honest receiver contributes one exposure unit in each complete observed run.
full,test,pure_attack,pure_constoffset,stream_false_positives_per_receiver_minute,0,0,875,false positives / receiver-minute,30,0,0,ratio of pooled event counts/opportunities,percentile cluster bootstrap (2000 resamples of RNG seeds),receiver-minute,Receiver-minutes use honest receivers times the common evaluation-window duration.
full,test,pure_attack,pure_constoffset,stream_false_positives_per_million_negative_messages,0,0,1436828,false-positive pair events / million negative messages,30,0,0,ratio of pooled event counts/opportunities,percentile cluster bootstrap (2000 resamples of RNG seeds),negative message,"The numerator is a receiver--claimed-identity window event, not a per-message decision; messages provide an exposure denominator."
full,test,pure_attack,pure_constoffset,clean_false_positive_rate_per_clean_pair,0,0,18484,false positives / clean honest pair,30,0,0,ratio of pooled event counts/opportunities,percentile cluster bootstrap (2000 resamples of RNG seeds),clean honest eligible pair,
full,test,pure_attack,pure_constoffset,clean_false_positives_per_receiver_minute,0,0,875,false positives / receiver-minute,30,0,0,ratio of pooled event counts/opportunities,percentile cluster bootstrap (2000 resamples of RNG seeds),receiver-minute,
full,test,pure_attack,pure_constoffset,clean_false_positives_per_million_clean_messages,0,0,1436828,false-positive pair events / million clean messages,30,0,0,ratio of pooled event counts/opportunities,percentile cluster bootstrap (2000 resamples of RNG seeds),clean honest message,"The numerator is a clean-pair window event, not a per-message decision; messages provide an exposure denominator."
full,test,pure_attack,pure_constoffset,track_false_positive_pair_rate,0,0,18484,track-alerted clean pairs / clean pair,30,0,0,ratio of pooled event counts/opportunities,percentile cluster bootstrap (2000 resamples of RNG seeds),clean honest eligible pair,Numerator is pair-level because the pair schema exposes whether any track alerted.
full,test,pure_attack,pure_constoffset,track_false_positive_pairs_per_clean_evaluation_window_track,0,0,18548,track-alerted clean pairs / clean evaluation-window track,30,0,0,ratio of pooled event counts/opportunities,percentile cluster bootstrap (2000 resamples of RNG seeds),clean evaluation-window content-associated track,Conservative pair-event numerator; individual alerted-track count is not in the schema. Track count requires at least one window message.
full,test,pure_attack,pure_constoffset,malicious_delay_censoring_rate,0.748165362035,6117,8176,proportion,30,0.730929013296,0.763264521427,ratio of pooled event counts/opportunities,percentile cluster bootstrap (2000 resamples of RNG seeds),malicious eligible pair,Censoring is reported separately; delay quartiles condition on detection.
full,test,pure_attack,pure_constoffset,postwarmup_track_merges_per_evaluation_window_track,0,0,26764,post-warm-up merges / evaluation-window track,30,0,0,ratio of pooled event counts/opportunities,percentile cluster bootstrap (2000 resamples of RNG seeds),evaluation-window content-associated track,Merge counts span all post-warm-up tracked messages; the pair schema exposes only evaluation-window track count as a normalization base.
full,test,pure_attack,pure_constoffset,postwarmup_track_fragments_per_evaluation_window_track,0.00388581676879,104,26764,post-warm-up fragments / evaluation-window track,30,0.00284577847338,0.00513446100643,ratio of pooled event counts/opportunities,percentile cluster bootstrap (2000 resamples of RNG seeds),evaluation-window content-associated track,"Fragment counts span all post-warm-up tracked messages; this is a descriptive normalization, not a window-matched event rate."
full,test,pure_attack,pure_constoffset,postwarmup_track_id_switches_per_evaluation_window_track,0,0,26764,post-warm-up ID switches / evaluation-window track,30,0,0,ratio of pooled event counts/opportunities,percentile cluster bootstrap (2000 resamples of RNG seeds),evaluation-window content-associated track,"ID-switch counts span all post-warm-up tracked messages; this is a descriptive normalization, not a window-matched event rate."
full,test,pure_attack,pure_constoffset,window_message_weighted_postwarmup_track_purity,1,2068488,2068488,proportion,30,1,1,ratio of pooled event counts/opportunities,percentile cluster bootstrap (2000 resamples of RNG seeds),eligible-window message,Each pair's post-warm-up track purity is weighted by its evaluation-window message count; purity itself is not window-restricted.
full,test,pure_attack,pure_constoffset,stride_ambiguous_rate_among_alerts,0,0,2059,proportion,30,0,0,ratio of pooled event counts/opportunities,percentile cluster bootstrap (2000 resamples of RNG seeds),alerted eligible pair,
full,test,pure_attack,pure_constoffset,stride_unassigned_rate_among_alerts,0,0,2059,proportion,30,0,0,ratio of pooled event counts/opportunities,percentile cluster bootstrap (2000 resamples of RNG seeds),alerted eligible pair,
full,test,pure_attack,pure_constoffset,pair_exposure_q1_pooled_p2,7.18147724467,,26660,s,0,nan,nan,P-squared online quantile over pooled pair observations,not computed for pooled descriptive quantile,eligible pair,Constant-memory approximation; use seed rows below for uncertainty.
full,test,pure_attack,pure_constoffset,pair_exposure_median_pooled_p2,8.8596858621,,26660,s,0,nan,nan,P-squared online quantile over pooled pair observations,not computed for pooled descriptive quantile,eligible pair,Constant-memory approximation; use seed rows below for uncertainty.
full,test,pure_attack,pure_constoffset,pair_exposure_q3_pooled_p2,11.2081525165,,26660,s,0,nan,nan,P-squared online quantile over pooled pair observations,not computed for pooled descriptive quantile,eligible pair,Constant-memory approximation; use seed rows below for uncertainty.
full,test,pure_attack,pure_constoffset,seed_mean_of_within_seed_pair_exposure_q1,7.18222862062,,30,s,30,7.12156645728,7.24512075696,mean of per-seed P-squared q1 estimates,percentile cluster bootstrap (2000 resamples of RNG seeds),independent RNG seed,Within-seed observations are eligible pairs; seeds are the inferential unit.
full,test,pure_attack,pure_constoffset,seed_mean_of_within_seed_pair_exposure_median,8.82724531347,,30,s,30,8.76189604317,8.89107742792,mean of per-seed P-squared median estimates,percentile cluster bootstrap (2000 resamples of RNG seeds),independent RNG seed,Within-seed observations are eligible pairs; seeds are the inferential unit.
full,test,pure_attack,pure_constoffset,seed_mean_of_within_seed_pair_exposure_q3,12.2520985012,,30,s,30,11.6482829344,13.157354762,mean of per-seed P-squared q3 estimates,percentile cluster bootstrap (2000 resamples of RNG seeds),independent RNG seed,Within-seed observations are eligible pairs; seeds are the inferential unit.
full,test,pure_attack,pure_constoffset,clean_pair_exposure_q1_pooled_p2,7.19692668557,,18484,s,0,nan,nan,P-squared online quantile over pooled pair observations,not computed for pooled descriptive quantile,clean honest eligible pair,Constant-memory approximation; use seed rows below for uncertainty.
full,test,pure_attack,pure_constoffset,clean_pair_exposure_median_pooled_p2,8.85545751871,,18484,s,0,nan,nan,P-squared online quantile over pooled pair observations,not computed for pooled descriptive quantile,clean honest eligible pair,Constant-memory approximation; use seed rows below for uncertainty.
full,test,pure_attack,pure_constoffset,clean_pair_exposure_q3_pooled_p2,11.2937636779,,18484,s,0,nan,nan,P-squared online quantile over pooled pair observations,not computed for pooled descriptive quantile,clean honest eligible pair,Constant-memory approximation; use seed rows below for uncertainty.
full,test,pure_attack,pure_constoffset,seed_mean_of_within_seed_clean_pair_exposure_q1,7.19646583791,,30,s,30,7.12364741572,7.27115220117,mean of per-seed P-squared q1 estimates,percentile cluster bootstrap (2000 resamples of RNG seeds),independent RNG seed,Within-seed observations are clean honest eligible pairs; seeds are the inferential unit.
full,test,pure_attack,pure_constoffset,seed_mean_of_within_seed_clean_pair_exposure_median,8.82953184627,,30,s,30,8.75492954001,8.90203561087,mean of per-seed P-squared median estimates,percentile cluster bootstrap (2000 resamples of RNG seeds),independent RNG seed,Within-seed observations are clean honest eligible pairs; seeds are the inferential unit.
full,test,pure_attack,pure_constoffset,seed_mean_of_within_seed_clean_pair_exposure_q3,12.6948852426,,30,s,30,11.7508155768,13.9550138479,mean of per-seed P-squared q3 estimates,percentile cluster bootstrap (2000 resamples of RNG seeds),independent RNG seed,Within-seed observations are clean honest eligible pairs; seeds are the inferential unit.
full,test,pure_attack,pure_constoffset,malicious_pair_exposure_q1_pooled_p2,7.15799332514,,8176,s,0,nan,nan,P-squared online quantile over pooled pair observations,not computed for pooled descriptive quantile,malicious eligible pair,Constant-memory approximation; use seed rows below for uncertainty.
full,test,pure_attack,pure_constoffset,malicious_pair_exposure_median_pooled_p2,8.84005518314,,8176,s,0,nan,nan,P-squared online quantile over pooled pair observations,not computed for pooled descriptive quantile,malicious eligible pair,Constant-memory approximation; use seed rows below for uncertainty.
full,test,pure_attack,pure_constoffset,malicious_pair_exposure_q3_pooled_p2,11.0430606432,,8176,s,0,nan,nan,P-squared online quantile over pooled pair observations,not computed for pooled descriptive quantile,malicious eligible pair,Constant-memory approximation; use seed rows below for uncertainty.
full,test,pure_attack,pure_constoffset,seed_mean_of_within_seed_malicious_pair_exposure_q1,7.10509493112,,30,s,30,7.00858838503,7.20120333785,mean of per-seed P-squared q1 estimates,percentile cluster bootstrap (2000 resamples of RNG seeds),independent RNG seed,Within-seed observations are malicious eligible pairs; seeds are the inferential unit.
full,test,pure_attack,pure_constoffset,seed_mean_of_within_seed_malicious_pair_exposure_median,8.84676318257,,30,s,30,8.72486638713,8.97417213114,mean of per-seed P-squared median estimates,percentile cluster bootstrap (2000 resamples of RNG seeds),independent RNG seed,Within-seed observations are malicious eligible pairs; seeds are the inferential unit.
full,test,pure_attack,pure_constoffset,seed_mean_of_within_seed_malicious_pair_exposure_q3,13.4242343408,,30,s,30,12.2129102097,14.8781387888,mean of per-seed P-squared q3 estimates,percentile cluster bootstrap (2000 resamples of RNG seeds),independent RNG seed,Within-seed observations are malicious eligible pairs; seeds are the inferential unit.
full,test,pure_attack,pure_constoffset,detected_delay_q1_pooled_p2,2.00812617499e-06,,2059,s,0,nan,nan,P-squared online quantile over pooled pair observations,not computed for pooled descriptive quantile,detected malicious pair,Constant-memory approximation; use seed rows below for uncertainty.
full,test,pure_attack,pure_constoffset,detected_delay_median_pooled_p2,0.0650933736921,,2059,s,0,nan,nan,P-squared online quantile over pooled pair observations,not computed for pooled descriptive quantile,detected malicious pair,Constant-memory approximation; use seed rows below for uncertainty.
full,test,pure_attack,pure_constoffset,detected_delay_q3_pooled_p2,0.261961726755,,2059,s,0,nan,nan,P-squared online quantile over pooled pair observations,not computed for pooled descriptive quantile,detected malicious pair,Constant-memory approximation; use seed rows below for uncertainty.
full,test,pure_attack,pure_constoffset,seed_mean_of_within_seed_detected_delay_q1,0.00228390732711,,30,s,30,0.000330689246533,0.00595402996491,mean of per-seed P-squared q1 estimates,percentile cluster bootstrap (2000 resamples of RNG seeds),independent RNG seed,Within-seed observations are detected malicious pairs; seeds are the inferential unit.
full,test,pure_attack,pure_constoffset,seed_mean_of_within_seed_detected_delay_median,0.0545317563379,,30,s,30,0.03638496511,0.0733326716305,mean of per-seed P-squared median estimates,percentile cluster bootstrap (2000 resamples of RNG seeds),independent RNG seed,Within-seed observations are detected malicious pairs; seeds are the inferential unit.
full,test,pure_attack,pure_constoffset,seed_mean_of_within_seed_detected_delay_q3,0.2169290649,,30,s,30,0.197673431524,0.235773031356,mean of per-seed P-squared q3 estimates,percentile cluster bootstrap (2000 resamples of RNG seeds),independent RNG seed,Within-seed observations are detected malicious pairs; seeds are the inferential unit.
full,test,pure_attack,pure_constoffset,postwarmup_track_purity_q1_pooled_p2,1,,26660,proportion,0,nan,nan,P-squared online quantile over pooled pair observations,not computed for pooled descriptive quantile,eligible pair,Constant-memory approximation; use seed rows below for uncertainty.
full,test,pure_attack,pure_constoffset,postwarmup_track_purity_median_pooled_p2,1,,26660,proportion,0,nan,nan,P-squared online quantile over pooled pair observations,not computed for pooled descriptive quantile,eligible pair,Constant-memory approximation; use seed rows below for uncertainty.
full,test,pure_attack,pure_constoffset,postwarmup_track_purity_q3_pooled_p2,1,,26660,proportion,0,nan,nan,P-squared online quantile over pooled pair observations,not computed for pooled descriptive quantile,eligible pair,Constant-memory approximation; use seed rows below for uncertainty.
full,test,pure_attack,pure_constoffset,seed_mean_of_within_seed_postwarmup_track_purity_q1,1,,30,proportion,30,1,1,mean of per-seed P-squared q1 estimates,percentile cluster bootstrap (2000 resamples of RNG seeds),independent RNG seed,Within-seed observations are eligible pairs; seeds are the inferential unit.
full,test,pure_attack,pure_constoffset,seed_mean_of_within_seed_postwarmup_track_purity_median,1,,30,proportion,30,1,1,mean of per-seed P-squared median estimates,percentile cluster bootstrap (2000 resamples of RNG seeds),independent RNG seed,Within-seed observations are eligible pairs; seeds are the inferential unit.
full,test,pure_attack,pure_constoffset,seed_mean_of_within_seed_postwarmup_track_purity_q3,1,,30,proportion,30,1,1,mean of per-seed P-squared q3 estimates,percentile cluster bootstrap (2000 resamples of RNG seeds),independent RNG seed,Within-seed observations are eligible pairs; seeds are the inferential unit.
full,test,pure_attack,pure_dos,pair_prevalence,0.317014147431,8515,26860,proportion,30,0.312339691117,0.321750867876,ratio of pooled event counts/opportunities,percentile cluster bootstrap (2000 resamples of RNG seeds),eligible pair,
full,test,pure_attack,pure_dos,stream_false_positive_rate_per_negative_pair,0,0,18345,false positives / negative pair,30,0,0,ratio of pooled event counts/opportunities,percentile cluster bootstrap (2000 resamples of RNG seeds),negative eligible pair,
full,test,pure_attack,pure_dos,stream_false_positives_per_run,0,0,30,false positives / observed pair run,30,0,0,ratio of pooled event counts/runs,percentile cluster bootstrap (2000 resamples of RNG seeds),independent RNG seed,Only runs with complete observed pair blocks contribute.
full,test,pure_attack,pure_dos,clean_false_positives_per_run,0,0,30,false positives / observed pair run,30,0,0,ratio of pooled event counts/runs,percentile cluster bootstrap (2000 resamples of RNG seeds),independent RNG seed,Only runs with complete observed pair blocks contribute.
full,test,pure_attack,pure_dos,stream_false_positives_per_receiver_run,0,0,1050,false-positive pair events / honest receiver-run,30,0,0,ratio of pooled event counts/opportunities,percentile cluster bootstrap (2000 resamples of RNG seeds),honest receiver-run,Each honest receiver contributes one exposure unit in each complete observed run.
full,test,pure_attack,pure_dos,clean_false_positives_per_receiver_run,0,0,1050,clean-pair false-positive events / honest receiver-run,30,0,0,ratio of pooled event counts/opportunities,percentile cluster bootstrap (2000 resamples of RNG seeds),honest receiver-run,Each honest receiver contributes one exposure unit in each complete observed run.
full,test,pure_attack,pure_dos,stream_false_positives_per_receiver_minute,0,0,875,false positives / receiver-minute,30,0,0,ratio of pooled event counts/opportunities,percentile cluster bootstrap (2000 resamples of RNG seeds),receiver-minute,Receiver-minutes use honest receivers times the common evaluation-window duration.
full,test,pure_attack,pure_dos,stream_false_positives_per_million_negative_messages,0,0,1354451,false-positive pair events / million negative messages,30,0,0,ratio of pooled event counts/opportunities,percentile cluster bootstrap (2000 resamples of RNG seeds),negative message,"The numerator is a receiver--claimed-identity window event, not a per-message decision; messages provide an exposure denominator."
full,test,pure_attack,pure_dos,clean_false_positive_rate_per_clean_pair,0,0,18345,false positives / clean honest pair,30,0,0,ratio of pooled event counts/opportunities,percentile cluster bootstrap (2000 resamples of RNG seeds),clean honest eligible pair,
full,test,pure_attack,pure_dos,clean_false_positives_per_receiver_minute,0,0,875,false positives / receiver-minute,30,0,0,ratio of pooled event counts/opportunities,percentile cluster bootstrap (2000 resamples of RNG seeds),receiver-minute,
full,test,pure_attack,pure_dos,clean_false_positives_per_million_clean_messages,0,0,1354451,false-positive pair events / million clean messages,30,0,0,ratio of pooled event counts/opportunities,percentile cluster bootstrap (2000 resamples of RNG seeds),clean honest message,"The numerator is a clean-pair window event, not a per-message decision; messages provide an exposure denominator."
full,test,pure_attack,pure_dos,track_false_positive_pair_rate,0,0,18345,track-alerted clean pairs / clean pair,30,0,0,ratio of pooled event counts/opportunities,percentile cluster bootstrap (2000 resamples of RNG seeds),clean honest eligible pair,Numerator is pair-level because the pair schema exposes whether any track alerted.
full,test,pure_attack,pure_dos,track_false_positive_pairs_per_clean_evaluation_window_track,0,0,18406,track-alerted clean pairs / clean evaluation-window track,30,0,0,ratio of pooled event counts/opportunities,percentile cluster bootstrap (2000 resamples of RNG seeds),clean evaluation-window content-associated track,Conservative pair-event numerator; individual alerted-track count is not in the schema. Track count requires at least one window message.
full,test,pure_attack,pure_dos,malicious_delay_censoring_rate,0.127657075749,1087,8515,proportion,30,0.121298237394,0.13365936027,ratio of pooled event counts/opportunities,percentile cluster bootstrap (2000 resamples of RNG seeds),malicious eligible pair,Censoring is reported separately; delay quartiles condition on detection.
full,test,pure_attack,pure_dos,postwarmup_track_merges_per_evaluation_window_track,0,0,34532,post-warm-up merges / evaluation-window track,30,0,0,ratio of pooled event counts/opportunities,percentile cluster bootstrap (2000 resamples of RNG seeds),evaluation-window content-associated track,Merge counts span all post-warm-up tracked messages; the pair schema exposes only evaluation-window track count as a normalization base.
full,test,pure_attack,pure_dos,postwarmup_track_fragments_per_evaluation_window_track,0.222170740183,7672,34532,post-warm-up fragments / evaluation-window track,30,0.218670495495,0.225702573097,ratio of pooled event counts/opportunities,percentile cluster bootstrap (2000 resamples of RNG seeds),evaluation-window content-associated track,"Fragment counts span all post-warm-up tracked messages; this is a descriptive normalization, not a window-matched event rate."
full,test,pure_attack,pure_dos,postwarmup_track_id_switches_per_evaluation_window_track,0,0,34532,post-warm-up ID switches / evaluation-window track,30,0,0,ratio of pooled event counts/opportunities,percentile cluster bootstrap (2000 resamples of RNG seeds),evaluation-window content-associated track,"ID-switch counts span all post-warm-up tracked messages; this is a descriptive normalization, not a window-matched event rate."
full,test,pure_attack,pure_dos,window_message_weighted_postwarmup_track_purity,1,7298638,7298638,proportion,30,1,1,ratio of pooled event counts/opportunities,percentile cluster bootstrap (2000 resamples of RNG seeds),eligible-window message,Each pair's post-warm-up track purity is weighted by its evaluation-window message count; purity itself is not window-restricted.
full,test,pure_attack,pure_dos,stride_ambiguous_rate_among_alerts,0,0,7428,proportion,30,0,0,ratio of pooled event counts/opportunities,percentile cluster bootstrap (2000 resamples of RNG seeds),alerted eligible pair,
full,test,pure_attack,pure_dos,stride_unassigned_rate_among_alerts,0,0,7428,proportion,30,0,0,ratio of pooled event counts/opportunities,percentile cluster bootstrap (2000 resamples of RNG seeds),alerted eligible pair,
full,test,pure_attack,pure_dos,pair_exposure_q1_pooled_p2,7.19202142311,,26860,s,0,nan,nan,P-squared online quantile over pooled pair observations,not computed for pooled descriptive quantile,eligible pair,Constant-memory approximation; use seed rows below for uncertainty.
full,test,pure_attack,pure_dos,pair_exposure_median_pooled_p2,9.32797660456,,26860,s,0,nan,nan,P-squared online quantile over pooled pair observations,not computed for pooled descriptive quantile,eligible pair,Constant-memory approximation; use seed rows below for uncertainty.
full,test,pure_attack,pure_dos,pair_exposure_q3_pooled_p2,12.5584976298,,26860,s,0,nan,nan,P-squared online quantile over pooled pair observations,not computed for pooled descriptive quantile,eligible pair,Constant-memory approximation; use seed rows below for uncertainty.
full,test,pure_attack,pure_dos,seed_mean_of_within_seed_pair_exposure_q1,7.17994137887,,30,s,30,7.10538558964,7.25674732846,mean of per-seed P-squared q1 estimates,percentile cluster bootstrap (2000 resamples of RNG seeds),independent RNG seed,Within-seed observations are eligible pairs; seeds are the inferential unit.
full,test,pure_attack,pure_dos,seed_mean_of_within_seed_pair_exposure_median,9.3091749783,,30,s,30,9.21934935409,9.40267708723,mean of per-seed P-squared median estimates,percentile cluster bootstrap (2000 resamples of RNG seeds),independent RNG seed,Within-seed observations are eligible pairs; seeds are the inferential unit.
full,test,pure_attack,pure_dos,seed_mean_of_within_seed_pair_exposure_q3,13.5300066564,,30,s,30,12.840841803,14.4077547838,mean of per-seed P-squared q3 estimates,percentile cluster bootstrap (2000 resamples of RNG seeds),independent RNG seed,Within-seed observations are eligible pairs; seeds are the inferential unit.
full,test,pure_attack,pure_dos,clean_pair_exposure_q1_pooled_p2,6.80998253692,,18345,s,0,nan,nan,P-squared online quantile over pooled pair observations,not computed for pooled descriptive quantile,clean honest eligible pair,Constant-memory approximation; use seed rows below for uncertainty.
full,test,pure_attack,pure_dos,clean_pair_exposure_median_pooled_p2,8.49610177233,,18345,s,0,nan,nan,P-squared online quantile over pooled pair observations,not computed for pooled descriptive quantile,clean honest eligible pair,Constant-memory approximation; use seed rows below for uncertainty.
full,test,pure_attack,pure_dos,clean_pair_exposure_q3_pooled_p2,11.0008685921,,18345,s,0,nan,nan,P-squared online quantile over pooled pair observations,not computed for pooled descriptive quantile,clean honest eligible pair,Constant-memory approximation; use seed rows below for uncertainty.
full,test,pure_attack,pure_dos,seed_mean_of_within_seed_clean_pair_exposure_q1,6.81523918271,,30,s,30,6.73551724458,6.89097262438,mean of per-seed P-squared q1 estimates,percentile cluster bootstrap (2000 resamples of RNG seeds),independent RNG seed,Within-seed observations are clean honest eligible pairs; seeds are the inferential unit.
full,test,pure_attack,pure_dos,seed_mean_of_within_seed_clean_pair_exposure_median,8.48310325248,,30,s,30,8.39491370564,8.56937244088,mean of per-seed P-squared median estimates,percentile cluster bootstrap (2000 resamples of RNG seeds),independent RNG seed,Within-seed observations are clean honest eligible pairs; seeds are the inferential unit.
full,test,pure_attack,pure_dos,seed_mean_of_within_seed_clean_pair_exposure_q3,12.0586685581,,30,s,30,11.14677705,13.2400506039,mean of per-seed P-squared q3 estimates,percentile cluster bootstrap (2000 resamples of RNG seeds),independent RNG seed,Within-seed observations are clean honest eligible pairs; seeds are the inferential unit.
full,test,pure_attack,pure_dos,malicious_pair_exposure_q1_pooled_p2,9.28137717866,,8515,s,0,nan,nan,P-squared online quantile over pooled pair observations,not computed for pooled descriptive quantile,malicious eligible pair,Constant-memory approximation; use seed rows below for uncertainty.
full,test,pure_attack,pure_dos,malicious_pair_exposure_median_pooled_p2,11.1134324689,,8515,s,0,nan,nan,P-squared online quantile over pooled pair observations,not computed for pooled descriptive quantile,malicious eligible pair,Constant-memory approximation; use seed rows below for uncertainty.
full,test,pure_attack,pure_dos,malicious_pair_exposure_q3_pooled_p2,13.9477535852,,8515,s,0,nan,nan,P-squared online quantile over pooled pair observations,not computed for pooled descriptive quantile,malicious eligible pair,Constant-memory approximation; use seed rows below for uncertainty.
full,test,pure_attack,pure_dos,seed_mean_of_within_seed_malicious_pair_exposure_q1,9.30703599546,,30,s,30,9.14478733258,9.47011934032,mean of per-seed P-squared q1 estimates,percentile cluster bootstrap (2000 resamples of RNG seeds),independent RNG seed,Within-seed observations are malicious eligible pairs; seeds are the inferential unit.
full,test,pure_attack,pure_dos,seed_mean_of_within_seed_malicious_pair_exposure_median,11.1144637119,,30,s,30,10.9643693693,11.2793500212,mean of per-seed P-squared median estimates,percentile cluster bootstrap (2000 resamples of RNG seeds),independent RNG seed,Within-seed observations are malicious eligible pairs; seeds are the inferential unit.
full,test,pure_attack,pure_dos,seed_mean_of_within_seed_malicious_pair_exposure_q3,17.4675125313,,30,s,30,15.6573219937,19.730049755,mean of per-seed P-squared q3 estimates,percentile cluster bootstrap (2000 resamples of RNG seeds),independent RNG seed,Within-seed observations are malicious eligible pairs; seeds are the inferential unit.
full,test,pure_attack,pure_dos,detected_delay_q1_pooled_p2,1.44351372796,,7428,s,0,nan,nan,P-squared online quantile over pooled pair observations,not computed for pooled descriptive quantile,detected malicious pair,Constant-memory approximation; use seed rows below for uncertainty.
full,test,pure_attack,pure_dos,detected_delay_median_pooled_p2,2.34668115997,,7428,s,0,nan,nan,P-squared online quantile over pooled pair observations,not computed for pooled descriptive quantile,detected malicious pair,Constant-memory approximation; use seed rows below for uncertainty.
full,test,pure_attack,pure_dos,detected_delay_q3_pooled_p2,3.03829661142,,7428,s,0,nan,nan,P-squared online quantile over pooled pair observations,not computed for pooled descriptive quantile,detected malicious pair,Constant-memory approximation; use seed rows below for uncertainty.
full,test,pure_attack,pure_dos,seed_mean_of_within_seed_detected_delay_q1,1.41118974115,,30,s,30,1.29479185364,1.52011291025,mean of per-seed P-squared q1 estimates,percentile cluster bootstrap (2000 resamples of RNG seeds),independent RNG seed,Within-seed observations are detected malicious pairs; seeds are the inferential unit.
full,test,pure_attack,pure_dos,seed_mean_of_within_seed_detected_delay_median,2.3454296959,,30,s,30,2.28733665162,2.40123031474,mean of per-seed P-squared median estimates,percentile cluster bootstrap (2000 resamples of RNG seeds),independent RNG seed,Within-seed observations are detected malicious pairs; seeds are the inferential unit.
full,test,pure_attack,pure_dos,seed_mean_of_within_seed_detected_delay_q3,3.04882109137,,30,s,30,2.99503854037,3.10367119487,mean of per-seed P-squared q3 estimates,percentile cluster bootstrap (2000 resamples of RNG seeds),independent RNG seed,Within-seed observations are detected malicious pairs; seeds are the inferential unit.
full,test,pure_attack,pure_dos,postwarmup_track_purity_q1_pooled_p2,1,,26860,proportion,0,nan,nan,P-squared online quantile over pooled pair observations,not computed for pooled descriptive quantile,eligible pair,Constant-memory approximation; use seed rows below for uncertainty.
full,test,pure_attack,pure_dos,postwarmup_track_purity_median_pooled_p2,1,,26860,proportion,0,nan,nan,P-squared online quantile over pooled pair observations,not computed for pooled descriptive quantile,eligible pair,Constant-memory approximation; use seed rows below for uncertainty.
full,test,pure_attack,pure_dos,postwarmup_track_purity_q3_pooled_p2,1,,26860,proportion,0,nan,nan,P-squared online quantile over pooled pair observations,not computed for pooled descriptive quantile,eligible pair,Constant-memory approximation; use seed rows below for uncertainty.
full,test,pure_attack,pure_dos,seed_mean_of_within_seed_postwarmup_track_purity_q1,1,,30,proportion,30,1,1,mean of per-seed P-squared q1 estimates,percentile cluster bootstrap (2000 resamples of RNG seeds),independent RNG seed,Within-seed observations are eligible pairs; seeds are the inferential unit.
full,test,pure_attack,pure_dos,seed_mean_of_within_seed_postwarmup_track_purity_median,1,,30,proportion,30,1,1,mean of per-seed P-squared median estimates,percentile cluster bootstrap (2000 resamples of RNG seeds),independent RNG seed,Within-seed observations are eligible pairs; seeds are the inferential unit.
full,test,pure_attack,pure_dos,seed_mean_of_within_seed_postwarmup_track_purity_q3,1,,30,proportion,30,1,1,mean of per-seed P-squared q3 estimates,percentile cluster bootstrap (2000 resamples of RNG seeds),independent RNG seed,Within-seed observations are eligible pairs; seeds are the inferential unit.
full,test,pure_attack,pure_falsify,pair_prevalence,0.306676669167,8176,26660,proportion,30,0.301692962158,0.311528152247,ratio of pooled event counts/opportunities,percentile cluster bootstrap (2000 resamples of RNG seeds),eligible pair,
full,test,pure_attack,pure_falsify,stream_false_positive_rate_per_negative_pair,0,0,18484,false positives / negative pair,30,0,0,ratio of pooled event counts/opportunities,percentile cluster bootstrap (2000 resamples of RNG seeds),negative eligible pair,
full,test,pure_attack,pure_falsify,stream_false_positives_per_run,0,0,30,false positives / observed pair run,30,0,0,ratio of pooled event counts/runs,percentile cluster bootstrap (2000 resamples of RNG seeds),independent RNG seed,Only runs with complete observed pair blocks contribute.
full,test,pure_attack,pure_falsify,clean_false_positives_per_run,0,0,30,false positives / observed pair run,30,0,0,ratio of pooled event counts/runs,percentile cluster bootstrap (2000 resamples of RNG seeds),independent RNG seed,Only runs with complete observed pair blocks contribute.
full,test,pure_attack,pure_falsify,stream_false_positives_per_receiver_run,0,0,1050,false-positive pair events / honest receiver-run,30,0,0,ratio of pooled event counts/opportunities,percentile cluster bootstrap (2000 resamples of RNG seeds),honest receiver-run,Each honest receiver contributes one exposure unit in each complete observed run.
full,test,pure_attack,pure_falsify,clean_false_positives_per_receiver_run,0,0,1050,clean-pair false-positive events / honest receiver-run,30,0,0,ratio of pooled event counts/opportunities,percentile cluster bootstrap (2000 resamples of RNG seeds),honest receiver-run,Each honest receiver contributes one exposure unit in each complete observed run.
full,test,pure_attack,pure_falsify,stream_false_positives_per_receiver_minute,0,0,875,false positives / receiver-minute,30,0,0,ratio of pooled event counts/opportunities,percentile cluster bootstrap (2000 resamples of RNG seeds),receiver-minute,Receiver-minutes use honest receivers times the common evaluation-window duration.
full,test,pure_attack,pure_falsify,stream_false_positives_per_million_negative_messages,0,0,1436828,false-positive pair events / million negative messages,30,0,0,ratio of pooled event counts/opportunities,percentile cluster bootstrap (2000 resamples of RNG seeds),negative message,"The numerator is a receiver--claimed-identity window event, not a per-message decision; messages provide an exposure denominator."
full,test,pure_attack,pure_falsify,clean_false_positive_rate_per_clean_pair,0,0,18484,false positives / clean honest pair,30,0,0,ratio of pooled event counts/opportunities,percentile cluster bootstrap (2000 resamples of RNG seeds),clean honest eligible pair,
full,test,pure_attack,pure_falsify,clean_false_positives_per_receiver_minute,0,0,875,false positives / receiver-minute,30,0,0,ratio of pooled event counts/opportunities,percentile cluster bootstrap (2000 resamples of RNG seeds),receiver-minute,
full,test,pure_attack,pure_falsify,clean_false_positives_per_million_clean_messages,0,0,1436828,false-positive pair events / million clean messages,30,0,0,ratio of pooled event counts/opportunities,percentile cluster bootstrap (2000 resamples of RNG seeds),clean honest message,"The numerator is a clean-pair window event, not a per-message decision; messages provide an exposure denominator."
full,test,pure_attack,pure_falsify,track_false_positive_pair_rate,0,0,18484,track-alerted clean pairs / clean pair,30,0,0,ratio of pooled event counts/opportunities,percentile cluster bootstrap (2000 resamples of RNG seeds),clean honest eligible pair,Numerator is pair-level because the pair schema exposes whether any track alerted.
full,test,pure_attack,pure_falsify,track_false_positive_pairs_per_clean_evaluation_window_track,0,0,18548,track-alerted clean pairs / clean evaluation-window track,30,0,0,ratio of pooled event counts/opportunities,percentile cluster bootstrap (2000 resamples of RNG seeds),clean evaluation-window content-associated track,Conservative pair-event numerator; individual alerted-track count is not in the schema. Track count requires at least one window message.
full,test,pure_attack,pure_falsify,malicious_delay_censoring_rate,0.0209148727984,171,8176,proportion,30,0.0180629489058,0.0238617062413,ratio of pooled event counts/opportunities,percentile cluster bootstrap (2000 resamples of RNG seeds),malicious eligible pair,Censoring is reported separately; delay quartiles condition on detection.
full,test,pure_attack,pure_falsify,postwarmup_track_merges_per_evaluation_window_track,0,0,49627,post-warm-up merges / evaluation-window track,30,0,0,ratio of pooled event counts/opportunities,percentile cluster bootstrap (2000 resamples of RNG seeds),evaluation-window content-associated track,Merge counts span all post-warm-up tracked messages; the pair schema exposes only evaluation-window track count as a normalization base.
full,test,pure_attack,pure_falsify,postwarmup_track_fragments_per_evaluation_window_track,0.462792431539,22967,49627,post-warm-up fragments / evaluation-window track,30,0.458551294879,0.466699719201,ratio of pooled event counts/opportunities,percentile cluster bootstrap (2000 resamples of RNG seeds),evaluation-window content-associated track,"Fragment counts span all post-warm-up tracked messages; this is a descriptive normalization, not a window-matched event rate."
full,test,pure_attack,pure_falsify,postwarmup_track_id_switches_per_evaluation_window_track,0,0,49627,post-warm-up ID switches / evaluation-window track,30,0,0,ratio of pooled event counts/opportunities,percentile cluster bootstrap (2000 resamples of RNG seeds),evaluation-window content-associated track,"ID-switch counts span all post-warm-up tracked messages; this is a descriptive normalization, not a window-matched event rate."
full,test,pure_attack,pure_falsify,window_message_weighted_postwarmup_track_purity,1,2068488,2068488,proportion,30,1,1,ratio of pooled event counts/opportunities,percentile cluster bootstrap (2000 resamples of RNG seeds),eligible-window message,Each pair's post-warm-up track purity is weighted by its evaluation-window message count; purity itself is not window-restricted.
full,test,pure_attack,pure_falsify,stride_ambiguous_rate_among_alerts,0,0,8005,proportion,30,0,0,ratio of pooled event counts/opportunities,percentile cluster bootstrap (2000 resamples of RNG seeds),alerted eligible pair,
full,test,pure_attack,pure_falsify,stride_unassigned_rate_among_alerts,0,0,8005,proportion,30,0,0,ratio of pooled event counts/opportunities,percentile cluster bootstrap (2000 resamples of RNG seeds),alerted eligible pair,
full,test,pure_attack,pure_falsify,pair_exposure_q1_pooled_p2,7.18147724467,,26660,s,0,nan,nan,P-squared online quantile over pooled pair observations,not computed for pooled descriptive quantile,eligible pair,Constant-memory approximation; use seed rows below for uncertainty.
full,test,pure_attack,pure_falsify,pair_exposure_median_pooled_p2,8.8596858621,,26660,s,0,nan,nan,P-squared online quantile over pooled pair observations,not computed for pooled descriptive quantile,eligible pair,Constant-memory approximation; use seed rows below for uncertainty.
full,test,pure_attack,pure_falsify,pair_exposure_q3_pooled_p2,11.2081525165,,26660,s,0,nan,nan,P-squared online quantile over pooled pair observations,not computed for pooled descriptive quantile,eligible pair,Constant-memory approximation; use seed rows below for uncertainty.
full,test,pure_attack,pure_falsify,seed_mean_of_within_seed_pair_exposure_q1,7.18222862062,,30,s,30,7.12231352524,7.24060707022,mean of per-seed P-squared q1 estimates,percentile cluster bootstrap (2000 resamples of RNG seeds),independent RNG seed,Within-seed observations are eligible pairs; seeds are the inferential unit.
full,test,pure_attack,pure_falsify,seed_mean_of_within_seed_pair_exposure_median,8.82724531347,,30,s,30,8.76310477616,8.89032919439,mean of per-seed P-squared median estimates,percentile cluster bootstrap (2000 resamples of RNG seeds),independent RNG seed,Within-seed observations are eligible pairs; seeds are the inferential unit.
full,test,pure_attack,pure_falsify,seed_mean_of_within_seed_pair_exposure_q3,12.2520985012,,30,s,30,11.6435565154,13.1480325867,mean of per-seed P-squared q3 estimates,percentile cluster bootstrap (2000 resamples of RNG seeds),independent RNG seed,Within-seed observations are eligible pairs; seeds are the inferential unit.
full,test,pure_attack,pure_falsify,clean_pair_exposure_q1_pooled_p2,7.19692668557,,18484,s,0,nan,nan,P-squared online quantile over pooled pair observations,not computed for pooled descriptive quantile,clean honest eligible pair,Constant-memory approximation; use seed rows below for uncertainty.
full,test,pure_attack,pure_falsify,clean_pair_exposure_median_pooled_p2,8.85545751871,,18484,s,0,nan,nan,P-squared online quantile over pooled pair observations,not computed for pooled descriptive quantile,clean honest eligible pair,Constant-memory approximation; use seed rows below for uncertainty.
full,test,pure_attack,pure_falsify,clean_pair_exposure_q3_pooled_p2,11.2937636779,,18484,s,0,nan,nan,P-squared online quantile over pooled pair observations,not computed for pooled descriptive quantile,clean honest eligible pair,Constant-memory approximation; use seed rows below for uncertainty.
full,test,pure_attack,pure_falsify,seed_mean_of_within_seed_clean_pair_exposure_q1,7.19646583791,,30,s,30,7.11824101381,7.27157544819,mean of per-seed P-squared q1 estimates,percentile cluster bootstrap (2000 resamples of RNG seeds),independent RNG seed,Within-seed observations are clean honest eligible pairs; seeds are the inferential unit.
full,test,pure_attack,pure_falsify,seed_mean_of_within_seed_clean_pair_exposure_median,8.82953184627,,30,s,30,8.75702753464,8.90614182752,mean of per-seed P-squared median estimates,percentile cluster bootstrap (2000 resamples of RNG seeds),independent RNG seed,Within-seed observations are clean honest eligible pairs; seeds are the inferential unit.
full,test,pure_attack,pure_falsify,seed_mean_of_within_seed_clean_pair_exposure_q3,12.6948852426,,30,s,30,11.7356314375,13.8671491502,mean of per-seed P-squared q3 estimates,percentile cluster bootstrap (2000 resamples of RNG seeds),independent RNG seed,Within-seed observations are clean honest eligible pairs; seeds are the inferential unit.
full,test,pure_attack,pure_falsify,malicious_pair_exposure_q1_pooled_p2,7.15799332514,,8176,s,0,nan,nan,P-squared online quantile over pooled pair observations,not computed for pooled descriptive quantile,malicious eligible pair,Constant-memory approximation; use seed rows below for uncertainty.
full,test,pure_attack,pure_falsify,malicious_pair_exposure_median_pooled_p2,8.84005518314,,8176,s,0,nan,nan,P-squared online quantile over pooled pair observations,not computed for pooled descriptive quantile,malicious eligible pair,Constant-memory approximation; use seed rows below for uncertainty.
full,test,pure_attack,pure_falsify,malicious_pair_exposure_q3_pooled_p2,11.0430606432,,8176,s,0,nan,nan,P-squared online quantile over pooled pair observations,not computed for pooled descriptive quantile,malicious eligible pair,Constant-memory approximation; use seed rows below for uncertainty.
full,test,pure_attack,pure_falsify,seed_mean_of_within_seed_malicious_pair_exposure_q1,7.10509493112,,30,s,30,6.99840665438,7.20316361631,mean of per-seed P-squared q1 estimates,percentile cluster bootstrap (2000 resamples of RNG seeds),independent RNG seed,Within-seed observations are malicious eligible pairs; seeds are the inferential unit.
full,test,pure_attack,pure_falsify,seed_mean_of_within_seed_malicious_pair_exposure_median,8.84676318257,,30,s,30,8.72261833254,8.9686020442,mean of per-seed P-squared median estimates,percentile cluster bootstrap (2000 resamples of RNG seeds),independent RNG seed,Within-seed observations are malicious eligible pairs; seeds are the inferential unit.
full,test,pure_attack,pure_falsify,seed_mean_of_within_seed_malicious_pair_exposure_q3,13.4242343408,,30,s,30,12.2639939167,14.9274159327,mean of per-seed P-squared q3 estimates,percentile cluster bootstrap (2000 resamples of RNG seeds),independent RNG seed,Within-seed observations are malicious eligible pairs; seeds are the inferential unit.
full,test,pure_attack,pure_falsify,detected_delay_q1_pooled_p2,0.326584246216,,8005,s,0,nan,nan,P-squared online quantile over pooled pair observations,not computed for pooled descriptive quantile,detected malicious pair,Constant-memory approximation; use seed rows below for uncertainty.
full,test,pure_attack,pure_falsify,detected_delay_median_pooled_p2,0.700076295432,,8005,s,0,nan,nan,P-squared online quantile over pooled pair observations,not computed for pooled descriptive quantile,detected malicious pair,Constant-memory approximation; use seed rows below for uncertainty.
full,test,pure_attack,pure_falsify,detected_delay_q3_pooled_p2,1.17809446626,,8005,s,0,nan,nan,P-squared online quantile over pooled pair observations,not computed for pooled descriptive quantile,detected malicious pair,Constant-memory approximation; use seed rows below for uncertainty.
full,test,pure_attack,pure_falsify,seed_mean_of_within_seed_detected_delay_q1,0.365333750523,,30,s,30,0.329380417127,0.399867158223,mean of per-seed P-squared q1 estimates,percentile cluster bootstrap (2000 resamples of RNG seeds),independent RNG seed,Within-seed observations are detected malicious pairs; seeds are the inferential unit.
full,test,pure_attack,pure_falsify,seed_mean_of_within_seed_detected_delay_median,0.672935939604,,30,s,30,0.651304003236,0.694301230396,mean of per-seed P-squared median estimates,percentile cluster bootstrap (2000 resamples of RNG seeds),independent RNG seed,Within-seed observations are detected malicious pairs; seeds are the inferential unit.
full,test,pure_attack,pure_falsify,seed_mean_of_within_seed_detected_delay_q3,1.17119388313,,30,s,30,1.12968245878,1.22123429805,mean of per-seed P-squared q3 estimates,percentile cluster bootstrap (2000 resamples of RNG seeds),independent RNG seed,Within-seed observations are detected malicious pairs; seeds are the inferential unit.
full,test,pure_attack,pure_falsify,postwarmup_track_purity_q1_pooled_p2,1,,26660,proportion,0,nan,nan,P-squared online quantile over pooled pair observations,not computed for pooled descriptive quantile,eligible pair,Constant-memory approximation; use seed rows below for uncertainty.
full,test,pure_attack,pure_falsify,postwarmup_track_purity_median_pooled_p2,1,,26660,proportion,0,nan,nan,P-squared online quantile over pooled pair observations,not computed for pooled descriptive quantile,eligible pair,Constant-memory approximation; use seed rows below for uncertainty.
full,test,pure_attack,pure_falsify,postwarmup_track_purity_q3_pooled_p2,1,,26660,proportion,0,nan,nan,P-squared online quantile over pooled pair observations,not computed for pooled descriptive quantile,eligible pair,Constant-memory approximation; use seed rows below for uncertainty.
full,test,pure_attack,pure_falsify,seed_mean_of_within_seed_postwarmup_track_purity_q1,1,,30,proportion,30,1,1,mean of per-seed P-squared q1 estimates,percentile cluster bootstrap (2000 resamples of RNG seeds),independent RNG seed,Within-seed observations are eligible pairs; seeds are the inferential unit.
full,test,pure_attack,pure_falsify,seed_mean_of_within_seed_postwarmup_track_purity_median,1,,30,proportion,30,1,1,mean of per-seed P-squared median estimates,percentile cluster bootstrap (2000 resamples of RNG seeds),independent RNG seed,Within-seed observations are eligible pairs; seeds are the inferential unit.
full,test,pure_attack,pure_falsify,seed_mean_of_within_seed_postwarmup_track_purity_q3,1,,30,proportion,30,1,1,mean of per-seed P-squared q3 estimates,percentile cluster bootstrap (2000 resamples of RNG seeds),independent RNG seed,Within-seed observations are eligible pairs; seeds are the inferential unit.
full,test,pure_attack,pure_replay,pair_prevalence,0.858120549963,27961,32584,proportion,30,0.847851143621,0.868859456449,ratio of pooled event counts/opportunities,percentile cluster bootstrap (2000 resamples of RNG seeds),eligible pair,
full,test,pure_attack,pure_replay,stream_false_positive_rate_per_negative_pair,0,0,4623,false positives / negative pair,30,0,0,ratio of pooled event counts/opportunities,percentile cluster bootstrap (2000 resamples of RNG seeds),negative eligible pair,
full,test,pure_attack,pure_replay,stream_false_positives_per_run,0,0,30,false positives / observed pair run,30,0,0,ratio of pooled event counts/runs,percentile cluster bootstrap (2000 resamples of RNG seeds),independent RNG seed,Only runs with complete observed pair blocks contribute.
full,test,pure_attack,pure_replay,clean_false_positives_per_run,0,0,30,false positives / observed pair run,30,0,0,ratio of pooled event counts/runs,percentile cluster bootstrap (2000 resamples of RNG seeds),independent RNG seed,Only runs with complete observed pair blocks contribute.
full,test,pure_attack,pure_replay,stream_false_positives_per_receiver_run,0,0,1050,false-positive pair events / honest receiver-run,30,0,0,ratio of pooled event counts/opportunities,percentile cluster bootstrap (2000 resamples of RNG seeds),honest receiver-run,Each honest receiver contributes one exposure unit in each complete observed run.
full,test,pure_attack,pure_replay,clean_false_positives_per_receiver_run,0,0,1050,clean-pair false-positive events / honest receiver-run,30,0,0,ratio of pooled event counts/opportunities,percentile cluster bootstrap (2000 resamples of RNG seeds),honest receiver-run,Each honest receiver contributes one exposure unit in each complete observed run.
full,test,pure_attack,pure_replay,stream_false_positives_per_receiver_minute,0,0,875,false positives / receiver-minute,30,0,0,ratio of pooled event counts/opportunities,percentile cluster bootstrap (2000 resamples of RNG seeds),receiver-minute,Receiver-minutes use honest receivers times the common evaluation-window duration.
full,test,pure_attack,pure_replay,stream_false_positives_per_million_negative_messages,0,0,341631,false-positive pair events / million negative messages,30,0,0,ratio of pooled event counts/opportunities,percentile cluster bootstrap (2000 resamples of RNG seeds),negative message,"The numerator is a receiver--claimed-identity window event, not a per-message decision; messages provide an exposure denominator."
full,test,pure_attack,pure_replay,clean_false_positive_rate_per_clean_pair,0,0,4588,false positives / clean honest pair,30,0,0,ratio of pooled event counts/opportunities,percentile cluster bootstrap (2000 resamples of RNG seeds),clean honest eligible pair,
full,test,pure_attack,pure_replay,clean_false_positives_per_receiver_minute,0,0,875,false positives / receiver-minute,30,0,0,ratio of pooled event counts/opportunities,percentile cluster bootstrap (2000 resamples of RNG seeds),receiver-minute,
full,test,pure_attack,pure_replay,clean_false_positives_per_million_clean_messages,0,0,341379,false-positive pair events / million clean messages,30,0,0,ratio of pooled event counts/opportunities,percentile cluster bootstrap (2000 resamples of RNG seeds),clean honest message,"The numerator is a clean-pair window event, not a per-message decision; messages provide an exposure denominator."
full,test,pure_attack,pure_replay,track_false_positive_pair_rate,0,0,4588,track-alerted clean pairs / clean pair,30,0,0,ratio of pooled event counts/opportunities,percentile cluster bootstrap (2000 resamples of RNG seeds),clean honest eligible pair,Numerator is pair-level because the pair schema exposes whether any track alerted.
full,test,pure_attack,pure_replay,track_false_positive_pairs_per_clean_evaluation_window_track,0,0,4613,track-alerted clean pairs / clean evaluation-window track,30,0,0,ratio of pooled event counts/opportunities,percentile cluster bootstrap (2000 resamples of RNG seeds),clean evaluation-window content-associated track,Conservative pair-event numerator; individual alerted-track count is not in the schema. Track count requires at least one window message.
full,test,pure_attack,pure_replay,malicious_delay_censoring_rate,0.0657344157934,1838,27961,proportion,30,0.0617759464498,0.0695386045637,ratio of pooled event counts/opportunities,percentile cluster bootstrap (2000 resamples of RNG seeds),malicious eligible pair,Censoring is reported separately; delay quartiles condition on detection.
full,test,pure_attack,pure_replay,postwarmup_track_merges_per_evaluation_window_track,0.526763224181,41825,79400,post-warm-up merges / evaluation-window track,30,0.514929548783,0.537748705884,ratio of pooled event counts/opportunities,percentile cluster bootstrap (2000 resamples of RNG seeds),evaluation-window content-associated track,Merge counts span all post-warm-up tracked messages; the pair schema exposes only evaluation-window track count as a normalization base.
full,test,pure_attack,pure_replay,postwarmup_track_fragments_per_evaluation_window_track,0.118110831234,9378,79400,post-warm-up fragments / evaluation-window track,30,0.11134884189,0.125447670634,ratio of pooled event counts/opportunities,percentile cluster bootstrap (2000 resamples of RNG seeds),evaluation-window content-associated track,"Fragment counts span all post-warm-up tracked messages; this is a descriptive normalization, not a window-matched event rate."
full,test,pure_attack,pure_replay,postwarmup_track_id_switches_per_evaluation_window_track,1.25333753149,99515,79400,post-warm-up ID switches / evaluation-window track,30,1.17381301972,1.33167861994,ratio of pooled event counts/opportunities,percentile cluster bootstrap (2000 resamples of RNG seeds),evaluation-window content-associated track,"ID-switch counts span all post-warm-up tracked messages; this is a descriptive normalization, not a window-matched event rate."
full,test,pure_attack,pure_replay,window_message_weighted_postwarmup_track_purity,0.910714375959,1883801.7581,2068488,proportion,30,0.907330915488,0.913943361536,ratio of pooled event counts/opportunities,percentile cluster bootstrap (2000 resamples of RNG seeds),eligible-window message,Each pair's post-warm-up track purity is weighted by its evaluation-window message count; purity itself is not window-restricted.
full,test,pure_attack,pure_replay,stride_ambiguous_rate_among_alerts,0.00937870841787,245,26123,proportion,30,0.00758189440912,0.0113428143605,ratio of pooled event counts/opportunities,percentile cluster bootstrap (2000 resamples of RNG seeds),alerted eligible pair,
full,test,pure_attack,pure_replay,stride_unassigned_rate_among_alerts,0,0,26123,proportion,30,0,0,ratio of pooled event counts/opportunities,percentile cluster bootstrap (2000 resamples of RNG seeds),alerted eligible pair,
full,test,pure_attack,pure_replay,pair_exposure_q1_pooled_p2,8.10164023277,,32584,s,0,nan,nan,P-squared online quantile over pooled pair observations,not computed for pooled descriptive quantile,eligible pair,Constant-memory approximation; use seed rows below for uncertainty.
full,test,pure_attack,pure_replay,pair_exposure_median_pooled_p2,18.889611865,,32584,s,0,nan,nan,P-squared online quantile over pooled pair observations,not computed for pooled descriptive quantile,eligible pair,Constant-memory approximation; use seed rows below for uncertainty.
full,test,pure_attack,pure_replay,pair_exposure_q3_pooled_p2,31.7702738918,,32584,s,0,nan,nan,P-squared online quantile over pooled pair observations,not computed for pooled descriptive quantile,eligible pair,Constant-memory approximation; use seed rows below for uncertainty.
full,test,pure_attack,pure_replay,seed_mean_of_within_seed_pair_exposure_q1,8.12325964558,,30,s,30,7.90569034433,8.35018295163,mean of per-seed P-squared q1 estimates,percentile cluster bootstrap (2000 resamples of RNG seeds),independent RNG seed,Within-seed observations are eligible pairs; seeds are the inferential unit.
full,test,pure_attack,pure_replay,seed_mean_of_within_seed_pair_exposure_median,18.3494178088,,30,s,30,17.4770861265,19.1853309406,mean of per-seed P-squared median estimates,percentile cluster bootstrap (2000 resamples of RNG seeds),independent RNG seed,Within-seed observations are eligible pairs; seeds are the inferential unit.
full,test,pure_attack,pure_replay,seed_mean_of_within_seed_pair_exposure_q3,31.7084027251,,30,s,30,31.0835361018,32.3564948004,mean of per-seed P-squared q3 estimates,percentile cluster bootstrap (2000 resamples of RNG seeds),independent RNG seed,Within-seed observations are eligible pairs; seeds are the inferential unit.
full,test,pure_attack,pure_replay,clean_pair_exposure_q1_pooled_p2,6.35701250131,,4588,s,0,nan,nan,P-squared online quantile over pooled pair observations,not computed for pooled descriptive quantile,clean honest eligible pair,Constant-memory approximation; use seed rows below for uncertainty.
full,test,pure_attack,pure_replay,clean_pair_exposure_median_pooled_p2,8.56596102162,,4588,s,0,nan,nan,P-squared online quantile over pooled pair observations,not computed for pooled descriptive quantile,clean honest eligible pair,Constant-memory approximation; use seed rows below for uncertainty.
full,test,pure_attack,pure_replay,clean_pair_exposure_q3_pooled_p2,13.1078741846,,4588,s,0,nan,nan,P-squared online quantile over pooled pair observations,not computed for pooled descriptive quantile,clean honest eligible pair,Constant-memory approximation; use seed rows below for uncertainty.
full,test,pure_attack,pure_replay,seed_mean_of_within_seed_clean_pair_exposure_q1,6.29935365855,,30,s,30,6.07367754825,6.51730261746,mean of per-seed P-squared q1 estimates,percentile cluster bootstrap (2000 resamples of RNG seeds),independent RNG seed,Within-seed observations are clean honest eligible pairs; seeds are the inferential unit.
full,test,pure_attack,pure_replay,seed_mean_of_within_seed_clean_pair_exposure_median,8.49733060581,,30,s,30,8.34429487871,8.65820380111,mean of per-seed P-squared median estimates,percentile cluster bootstrap (2000 resamples of RNG seeds),independent RNG seed,Within-seed observations are clean honest eligible pairs; seeds are the inferential unit.
full,test,pure_attack,pure_replay,seed_mean_of_within_seed_clean_pair_exposure_q3,18.6786317469,,30,s,30,15.6199946274,22.242199845,mean of per-seed P-squared q3 estimates,percentile cluster bootstrap (2000 resamples of RNG seeds),independent RNG seed,Within-seed observations are clean honest eligible pairs; seeds are the inferential unit.
full,test,pure_attack,pure_replay,malicious_pair_exposure_q1_pooled_p2,9.05997751237,,27961,s,0,nan,nan,P-squared online quantile over pooled pair observations,not computed for pooled descriptive quantile,malicious eligible pair,Constant-memory approximation; use seed rows below for uncertainty.
full,test,pure_attack,pure_replay,malicious_pair_exposure_median_pooled_p2,20.8869619878,,27961,s,0,nan,nan,P-squared online quantile over pooled pair observations,not computed for pooled descriptive quantile,malicious eligible pair,Constant-memory approximation; use seed rows below for uncertainty.
full,test,pure_attack,pure_replay,malicious_pair_exposure_q3_pooled_p2,32.4376370857,,27961,s,0,nan,nan,P-squared online quantile over pooled pair observations,not computed for pooled descriptive quantile,malicious eligible pair,Constant-memory approximation; use seed rows below for uncertainty.
full,test,pure_attack,pure_replay,seed_mean_of_within_seed_malicious_pair_exposure_q1,9.23038307584,,30,s,30,8.81071384503,9.68493366367,mean of per-seed P-squared q1 estimates,percentile cluster bootstrap (2000 resamples of RNG seeds),independent RNG seed,Within-seed observations are malicious eligible pairs; seeds are the inferential unit.
full,test,pure_attack,pure_replay,seed_mean_of_within_seed_malicious_pair_exposure_median,20.6035357102,,30,s,30,19.7614466358,21.4119114036,mean of per-seed P-squared median estimates,percentile cluster bootstrap (2000 resamples of RNG seeds),independent RNG seed,Within-seed observations are malicious eligible pairs; seeds are the inferential unit.
full,test,pure_attack,pure_replay,seed_mean_of_within_seed_malicious_pair_exposure_q3,32.4184374572,,30,s,30,31.7807953799,33.1058959193,mean of per-seed P-squared q3 estimates,percentile cluster bootstrap (2000 resamples of RNG seeds),independent RNG seed,Within-seed observations are malicious eligible pairs; seeds are the inferential unit.
full,test,pure_attack,pure_replay,detected_delay_q1_pooled_p2,1.26079483207e-05,,26123,s,0,nan,nan,P-squared online quantile over pooled pair observations,not computed for pooled descriptive quantile,detected malicious pair,Constant-memory approximation; use seed rows below for uncertainty.
full,test,pure_attack,pure_replay,detected_delay_median_pooled_p2,0.163037417531,,26123,s,0,nan,nan,P-squared online quantile over pooled pair observations,not computed for pooled descriptive quantile,detected malicious pair,Constant-memory approximation; use seed rows below for uncertainty.
full,test,pure_attack,pure_replay,detected_delay_q3_pooled_p2,1.08518680362,,26123,s,0,nan,nan,P-squared online quantile over pooled pair observations,not computed for pooled descriptive quantile,detected malicious pair,Constant-memory approximation; use seed rows below for uncertainty.
full,test,pure_attack,pure_replay,seed_mean_of_within_seed_detected_delay_q1,0.000101985454394,,30,s,30,5.23646560127e-05,0.000160688188397,mean of per-seed P-squared q1 estimates,percentile cluster bootstrap (2000 resamples of RNG seeds),independent RNG seed,Within-seed observations are detected malicious pairs; seeds are the inferential unit.
full,test,pure_attack,pure_replay,seed_mean_of_within_seed_detected_delay_median,0.206731506417,,30,s,30,0.167827916521,0.245047486174,mean of per-seed P-squared median estimates,percentile cluster bootstrap (2000 resamples of RNG seeds),independent RNG seed,Within-seed observations are detected malicious pairs; seeds are the inferential unit.
full,test,pure_attack,pure_replay,seed_mean_of_within_seed_detected_delay_q3,1.10499179658,,30,s,30,1.05565637137,1.15210062608,mean of per-seed P-squared q3 estimates,percentile cluster bootstrap (2000 resamples of RNG seeds),independent RNG seed,Within-seed observations are detected malicious pairs; seeds are the inferential unit.
full,test,pure_attack,pure_replay,postwarmup_track_purity_q1_pooled_p2,0.819665654137,,32584,proportion,0,nan,nan,P-squared online quantile over pooled pair observations,not computed for pooled descriptive quantile,eligible pair,Constant-memory approximation; use seed rows below for uncertainty.
full,test,pure_attack,pure_replay,postwarmup_track_purity_median_pooled_p2,0.96285118217,,32584,proportion,0,nan,nan,P-squared online quantile over pooled pair observations,not computed for pooled descriptive quantile,eligible pair,Constant-memory approximation; use seed rows below for uncertainty.
full,test,pure_attack,pure_replay,postwarmup_track_purity_q3_pooled_p2,0.999990113507,,32584,proportion,0,nan,nan,P-squared online quantile over pooled pair observations,not computed for pooled descriptive quantile,eligible pair,Constant-memory approximation; use seed rows below for uncertainty.
full,test,pure_attack,pure_replay,seed_mean_of_within_seed_postwarmup_track_purity_q1,0.818277575173,,30,proportion,30,0.806130504959,0.830730188053,mean of per-seed P-squared q1 estimates,percentile cluster bootstrap (2000 resamples of RNG seeds),independent RNG seed,Within-seed observations are eligible pairs; seeds are the inferential unit.
full,test,pure_attack,pure_replay,seed_mean_of_within_seed_postwarmup_track_purity_median,0.961293373798,,30,proportion,30,0.955857191245,0.966273548512,mean of per-seed P-squared median estimates,percentile cluster bootstrap (2000 resamples of RNG seeds),independent RNG seed,Within-seed observations are eligible pairs; seeds are the inferential unit.
full,test,pure_attack,pure_replay,seed_mean_of_within_seed_postwarmup_track_purity_q3,0.999920119003,,30,proportion,30,0.999875840259,0.999959010207,mean of per-seed P-squared q3 estimates,percentile cluster bootstrap (2000 resamples of RNG seeds),independent RNG seed,Within-seed observations are eligible pairs; seeds are the inferential unit.
full,test,pure_attack,pure_revheading,pair_prevalence,0.306676669167,8176,26660,proportion,30,0.301705054371,0.31149702602,ratio of pooled event counts/opportunities,percentile cluster bootstrap (2000 resamples of RNG seeds),eligible pair,
full,test,pure_attack,pure_revheading,stream_false_positive_rate_per_negative_pair,0,0,18484,false positives / negative pair,30,0,0,ratio of pooled event counts/opportunities,percentile cluster bootstrap (2000 resamples of RNG seeds),negative eligible pair,
full,test,pure_attack,pure_revheading,stream_false_positives_per_run,0,0,30,false positives / observed pair run,30,0,0,ratio of pooled event counts/runs,percentile cluster bootstrap (2000 resamples of RNG seeds),independent RNG seed,Only runs with complete observed pair blocks contribute.
full,test,pure_attack,pure_revheading,clean_false_positives_per_run,0,0,30,false positives / observed pair run,30,0,0,ratio of pooled event counts/runs,percentile cluster bootstrap (2000 resamples of RNG seeds),independent RNG seed,Only runs with complete observed pair blocks contribute.
full,test,pure_attack,pure_revheading,stream_false_positives_per_receiver_run,0,0,1050,false-positive pair events / honest receiver-run,30,0,0,ratio of pooled event counts/opportunities,percentile cluster bootstrap (2000 resamples of RNG seeds),honest receiver-run,Each honest receiver contributes one exposure unit in each complete observed run.
full,test,pure_attack,pure_revheading,clean_false_positives_per_receiver_run,0,0,1050,clean-pair false-positive events / honest receiver-run,30,0,0,ratio of pooled event counts/opportunities,percentile cluster bootstrap (2000 resamples of RNG seeds),honest receiver-run,Each honest receiver contributes one exposure unit in each complete observed run.
full,test,pure_attack,pure_revheading,stream_false_positives_per_receiver_minute,0,0,875,false positives / receiver-minute,30,0,0,ratio of pooled event counts/opportunities,percentile cluster bootstrap (2000 resamples of RNG seeds),receiver-minute,Receiver-minutes use honest receivers times the common evaluation-window duration.
full,test,pure_attack,pure_revheading,stream_false_positives_per_million_negative_messages,0,0,1436828,false-positive pair events / million negative messages,30,0,0,ratio of pooled event counts/opportunities,percentile cluster bootstrap (2000 resamples of RNG seeds),negative message,"The numerator is a receiver--claimed-identity window event, not a per-message decision; messages provide an exposure denominator."
full,test,pure_attack,pure_revheading,clean_false_positive_rate_per_clean_pair,0,0,18484,false positives / clean honest pair,30,0,0,ratio of pooled event counts/opportunities,percentile cluster bootstrap (2000 resamples of RNG seeds),clean honest eligible pair,
full,test,pure_attack,pure_revheading,clean_false_positives_per_receiver_minute,0,0,875,false positives / receiver-minute,30,0,0,ratio of pooled event counts/opportunities,percentile cluster bootstrap (2000 resamples of RNG seeds),receiver-minute,
full,test,pure_attack,pure_revheading,clean_false_positives_per_million_clean_messages,0,0,1436828,false-positive pair events / million clean messages,30,0,0,ratio of pooled event counts/opportunities,percentile cluster bootstrap (2000 resamples of RNG seeds),clean honest message,"The numerator is a clean-pair window event, not a per-message decision; messages provide an exposure denominator."
full,test,pure_attack,pure_revheading,track_false_positive_pair_rate,0,0,18484,track-alerted clean pairs / clean pair,30,0,0,ratio of pooled event counts/opportunities,percentile cluster bootstrap (2000 resamples of RNG seeds),clean honest eligible pair,Numerator is pair-level because the pair schema exposes whether any track alerted.
full,test,pure_attack,pure_revheading,track_false_positive_pairs_per_clean_evaluation_window_track,0,0,18548,track-alerted clean pairs / clean evaluation-window track,30,0,0,ratio of pooled event counts/opportunities,percentile cluster bootstrap (2000 resamples of RNG seeds),clean evaluation-window content-associated track,Conservative pair-event numerator; individual alerted-track count is not in the schema. Track count requires at least one window message.
full,test,pure_attack,pure_revheading,malicious_delay_censoring_rate,0.0391389432485,320,8176,proportion,30,0.0357317073171,0.0427371505375,ratio of pooled event counts/opportunities,percentile cluster bootstrap (2000 resamples of RNG seeds),malicious eligible pair,Censoring is reported separately; delay quartiles condition on detection.
full,test,pure_attack,pure_revheading,postwarmup_track_merges_per_evaluation_window_track,0,0,29165,post-warm-up merges / evaluation-window track,30,0,0,ratio of pooled event counts/opportunities,percentile cluster bootstrap (2000 resamples of RNG seeds),evaluation-window content-associated track,Merge counts span all post-warm-up tracked messages; the pair schema exposes only evaluation-window track count as a normalization base.
full,test,pure_attack,pure_revheading,postwarmup_track_fragments_per_evaluation_window_track,0.0858906223213,2505,29165,post-warm-up fragments / evaluation-window track,30,0.0751919973237,0.0977576580272,ratio of pooled event counts/opportunities,percentile cluster bootstrap (2000 resamples of RNG seeds),evaluation-window content-associated track,"Fragment counts span all post-warm-up tracked messages; this is a descriptive normalization, not a window-matched event rate."
full,test,pure_attack,pure_revheading,postwarmup_track_id_switches_per_evaluation_window_track,0,0,29165,post-warm-up ID switches / evaluation-window track,30,0,0,ratio of pooled event counts/opportunities,percentile cluster bootstrap (2000 resamples of RNG seeds),evaluation-window content-associated track,"ID-switch counts span all post-warm-up tracked messages; this is a descriptive normalization, not a window-matched event rate."
full,test,pure_attack,pure_revheading,window_message_weighted_postwarmup_track_purity,1,2068488,2068488,proportion,30,1,1,ratio of pooled event counts/opportunities,percentile cluster bootstrap (2000 resamples of RNG seeds),eligible-window message,Each pair's post-warm-up track purity is weighted by its evaluation-window message count; purity itself is not window-restricted.
full,test,pure_attack,pure_revheading,stride_ambiguous_rate_among_alerts,0,0,7856,proportion,30,0,0,ratio of pooled event counts/opportunities,percentile cluster bootstrap (2000 resamples of RNG seeds),alerted eligible pair,
full,test,pure_attack,pure_revheading,stride_unassigned_rate_among_alerts,0,0,7856,proportion,30,0,0,ratio of pooled event counts/opportunities,percentile cluster bootstrap (2000 resamples of RNG seeds),alerted eligible pair,
full,test,pure_attack,pure_revheading,pair_exposure_q1_pooled_p2,7.18147724467,,26660,s,0,nan,nan,P-squared online quantile over pooled pair observations,not computed for pooled descriptive quantile,eligible pair,Constant-memory approximation; use seed rows below for uncertainty.
full,test,pure_attack,pure_revheading,pair_exposure_median_pooled_p2,8.8596858621,,26660,s,0,nan,nan,P-squared online quantile over pooled pair observations,not computed for pooled descriptive quantile,eligible pair,Constant-memory approximation; use seed rows below for uncertainty.
full,test,pure_attack,pure_revheading,pair_exposure_q3_pooled_p2,11.2081525165,,26660,s,0,nan,nan,P-squared online quantile over pooled pair observations,not computed for pooled descriptive quantile,eligible pair,Constant-memory approximation; use seed rows below for uncertainty.
full,test,pure_attack,pure_revheading,seed_mean_of_within_seed_pair_exposure_q1,7.18222862062,,30,s,30,7.11750994551,7.24021142217,mean of per-seed P-squared q1 estimates,percentile cluster bootstrap (2000 resamples of RNG seeds),independent RNG seed,Within-seed observations are eligible pairs; seeds are the inferential unit.
full,test,pure_attack,pure_revheading,seed_mean_of_within_seed_pair_exposure_median,8.82724531347,,30,s,30,8.7639859552,8.8916800798,mean of per-seed P-squared median estimates,percentile cluster bootstrap (2000 resamples of RNG seeds),independent RNG seed,Within-seed observations are eligible pairs; seeds are the inferential unit.
full,test,pure_attack,pure_revheading,seed_mean_of_within_seed_pair_exposure_q3,12.2520985012,,30,s,30,11.6744439406,13.0900703029,mean of per-seed P-squared q3 estimates,percentile cluster bootstrap (2000 resamples of RNG seeds),independent RNG seed,Within-seed observations are eligible pairs; seeds are the inferential unit.
full,test,pure_attack,pure_revheading,clean_pair_exposure_q1_pooled_p2,7.19692668557,,18484,s,0,nan,nan,P-squared online quantile over pooled pair observations,not computed for pooled descriptive quantile,clean honest eligible pair,Constant-memory approximation; use seed rows below for uncertainty.
full,test,pure_attack,pure_revheading,clean_pair_exposure_median_pooled_p2,8.85545751871,,18484,s,0,nan,nan,P-squared online quantile over pooled pair observations,not computed for pooled descriptive quantile,clean honest eligible pair,Constant-memory approximation; use seed rows below for uncertainty.
full,test,pure_attack,pure_revheading,clean_pair_exposure_q3_pooled_p2,11.2937636779,,18484,s,0,nan,nan,P-squared online quantile over pooled pair observations,not computed for pooled descriptive quantile,clean honest eligible pair,Constant-memory approximation; use seed rows below for uncertainty.
full,test,pure_attack,pure_revheading,seed_mean_of_within_seed_clean_pair_exposure_q1,7.19646583791,,30,s,30,7.11844913804,7.27480787425,mean of per-seed P-squared q1 estimates,percentile cluster bootstrap (2000 resamples of RNG seeds),independent RNG seed,Within-seed observations are clean honest eligible pairs; seeds are the inferential unit.
full,test,pure_attack,pure_revheading,seed_mean_of_within_seed_clean_pair_exposure_median,8.82953184627,,30,s,30,8.75819372798,8.90603811544,mean of per-seed P-squared median estimates,percentile cluster bootstrap (2000 resamples of RNG seeds),independent RNG seed,Within-seed observations are clean honest eligible pairs; seeds are the inferential unit.
full,test,pure_attack,pure_revheading,seed_mean_of_within_seed_clean_pair_exposure_q3,12.6948852426,,30,s,30,11.7562127889,13.9457947847,mean of per-seed P-squared q3 estimates,percentile cluster bootstrap (2000 resamples of RNG seeds),independent RNG seed,Within-seed observations are clean honest eligible pairs; seeds are the inferential unit.
full,test,pure_attack,pure_revheading,malicious_pair_exposure_q1_pooled_p2,7.15799332514,,8176,s,0,nan,nan,P-squared online quantile over pooled pair observations,not computed for pooled descriptive quantile,malicious eligible pair,Constant-memory approximation; use seed rows below for uncertainty.
full,test,pure_attack,pure_revheading,malicious_pair_exposure_median_pooled_p2,8.84005518314,,8176,s,0,nan,nan,P-squared online quantile over pooled pair observations,not computed for pooled descriptive quantile,malicious eligible pair,Constant-memory approximation; use seed rows below for uncertainty.
full,test,pure_attack,pure_revheading,malicious_pair_exposure_q3_pooled_p2,11.0430606432,,8176,s,0,nan,nan,P-squared online quantile over pooled pair observations,not computed for pooled descriptive quantile,malicious eligible pair,Constant-memory approximation; use seed rows below for uncertainty.
full,test,pure_attack,pure_revheading,seed_mean_of_within_seed_malicious_pair_exposure_q1,7.10509493112,,30,s,30,7.00235210537,7.1980425119,mean of per-seed P-squared q1 estimates,percentile cluster bootstrap (2000 resamples of RNG seeds),independent RNG seed,Within-seed observations are malicious eligible pairs; seeds are the inferential unit.
full,test,pure_attack,pure_revheading,seed_mean_of_within_seed_malicious_pair_exposure_median,8.84676318257,,30,s,30,8.72238059418,8.9678028586,mean of per-seed P-squared median estimates,percentile cluster bootstrap (2000 resamples of RNG seeds),independent RNG seed,Within-seed observations are malicious eligible pairs; seeds are the inferential unit.
full,test,pure_attack,pure_revheading,seed_mean_of_within_seed_malicious_pair_exposure_q3,13.4242343408,,30,s,30,12.2440056893,14.8885570838,mean of per-seed P-squared q3 estimates,percentile cluster bootstrap (2000 resamples of RNG seeds),independent RNG seed,Within-seed observations are malicious eligible pairs; seeds are the inferential unit.
full,test,pure_attack,pure_revheading,detected_delay_q1_pooled_p2,1.00479846117,,7856,s,0,nan,nan,P-squared online quantile over pooled pair observations,not computed for pooled descriptive quantile,detected malicious pair,Constant-memory approximation; use seed rows below for uncertainty.
full,test,pure_attack,pure_revheading,detected_delay_median_pooled_p2,1.39989874386,,7856,s,0,nan,nan,P-squared online quantile over pooled pair observations,not computed for pooled descriptive quantile,detected malicious pair,Constant-memory approximation; use seed rows below for uncertainty.
full,test,pure_attack,pure_revheading,detected_delay_q3_pooled_p2,1.8972550341,,7856,s,0,nan,nan,P-squared online quantile over pooled pair observations,not computed for pooled descriptive quantile,detected malicious pair,Constant-memory approximation; use seed rows below for uncertainty.
full,test,pure_attack,pure_revheading,seed_mean_of_within_seed_detected_delay_q1,1.02822446747,,30,s,30,1.00470524577,1.04832742096,mean of per-seed P-squared q1 estimates,percentile cluster bootstrap (2000 resamples of RNG seeds),independent RNG seed,Within-seed observations are detected malicious pairs; seeds are the inferential unit.
full,test,pure_attack,pure_revheading,seed_mean_of_within_seed_detected_delay_median,1.37531293165,,30,s,30,1.35049617667,1.39721909514,mean of per-seed P-squared median estimates,percentile cluster bootstrap (2000 resamples of RNG seeds),independent RNG seed,Within-seed observations are detected malicious pairs; seeds are the inferential unit.
full,test,pure_attack,pure_revheading,seed_mean_of_within_seed_detected_delay_q3,1.88559465049,,30,s,30,1.84597004497,1.92870602667,mean of per-seed P-squared q3 estimates,percentile cluster bootstrap (2000 resamples of RNG seeds),independent RNG seed,Within-seed observations are detected malicious pairs; seeds are the inferential unit.
full,test,pure_attack,pure_revheading,postwarmup_track_purity_q1_pooled_p2,1,,26660,proportion,0,nan,nan,P-squared online quantile over pooled pair observations,not computed for pooled descriptive quantile,eligible pair,Constant-memory approximation; use seed rows below for uncertainty.
full,test,pure_attack,pure_revheading,postwarmup_track_purity_median_pooled_p2,1,,26660,proportion,0,nan,nan,P-squared online quantile over pooled pair observations,not computed for pooled descriptive quantile,eligible pair,Constant-memory approximation; use seed rows below for uncertainty.
full,test,pure_attack,pure_revheading,postwarmup_track_purity_q3_pooled_p2,1,,26660,proportion,0,nan,nan,P-squared online quantile over pooled pair observations,not computed for pooled descriptive quantile,eligible pair,Constant-memory approximation; use seed rows below for uncertainty.
full,test,pure_attack,pure_revheading,seed_mean_of_within_seed_postwarmup_track_purity_q1,1,,30,proportion,30,1,1,mean of per-seed P-squared q1 estimates,percentile cluster bootstrap (2000 resamples of RNG seeds),independent RNG seed,Within-seed observations are eligible pairs; seeds are the inferential unit.
full,test,pure_attack,pure_revheading,seed_mean_of_within_seed_postwarmup_track_purity_median,1,,30,proportion,30,1,1,mean of per-seed P-squared median estimates,percentile cluster bootstrap (2000 resamples of RNG seeds),independent RNG seed,Within-seed observations are eligible pairs; seeds are the inferential unit.
full,test,pure_attack,pure_revheading,seed_mean_of_within_seed_postwarmup_track_purity_q3,1,,30,proportion,30,1,1,mean of per-seed P-squared q3 estimates,percentile cluster bootstrap (2000 resamples of RNG seeds),independent RNG seed,Within-seed observations are eligible pairs; seeds are the inferential unit.
full,test,pure_attack,pure_slydos,pair_prevalence,0.309054823247,8253,26704,proportion,30,0.304323176151,0.314013662439,ratio of pooled event counts/opportunities,percentile cluster bootstrap (2000 resamples of RNG seeds),eligible pair,
full,test,pure_attack,pure_slydos,stream_false_positive_rate_per_negative_pair,0,0,18451,false positives / negative pair,30,0,0,ratio of pooled event counts/opportunities,percentile cluster bootstrap (2000 resamples of RNG seeds),negative eligible pair,
full,test,pure_attack,pure_slydos,stream_false_positives_per_run,0,0,30,false positives / observed pair run,30,0,0,ratio of pooled event counts/runs,percentile cluster bootstrap (2000 resamples of RNG seeds),independent RNG seed,Only runs with complete observed pair blocks contribute.
full,test,pure_attack,pure_slydos,clean_false_positives_per_run,0,0,30,false positives / observed pair run,30,0,0,ratio of pooled event counts/runs,percentile cluster bootstrap (2000 resamples of RNG seeds),independent RNG seed,Only runs with complete observed pair blocks contribute.
full,test,pure_attack,pure_slydos,stream_false_positives_per_receiver_run,0,0,1050,false-positive pair events / honest receiver-run,30,0,0,ratio of pooled event counts/opportunities,percentile cluster bootstrap (2000 resamples of RNG seeds),honest receiver-run,Each honest receiver contributes one exposure unit in each complete observed run.
full,test,pure_attack,pure_slydos,clean_false_positives_per_receiver_run,0,0,1050,clean-pair false-positive events / honest receiver-run,30,0,0,ratio of pooled event counts/opportunities,percentile cluster bootstrap (2000 resamples of RNG seeds),honest receiver-run,Each honest receiver contributes one exposure unit in each complete observed run.
full,test,pure_attack,pure_slydos,stream_false_positives_per_receiver_minute,0,0,875,false positives / receiver-minute,30,0,0,ratio of pooled event counts/opportunities,percentile cluster bootstrap (2000 resamples of RNG seeds),receiver-minute,Receiver-minutes use honest receivers times the common evaluation-window duration.
full,test,pure_attack,pure_slydos,stream_false_positives_per_million_negative_messages,0,0,1432179,false-positive pair events / million negative messages,30,0,0,ratio of pooled event counts/opportunities,percentile cluster bootstrap (2000 resamples of RNG seeds),negative message,"The numerator is a receiver--claimed-identity window event, not a per-message decision; messages provide an exposure denominator."
full,test,pure_attack,pure_slydos,clean_false_positive_rate_per_clean_pair,0,0,18451,false positives / clean honest pair,30,0,0,ratio of pooled event counts/opportunities,percentile cluster bootstrap (2000 resamples of RNG seeds),clean honest eligible pair,
full,test,pure_attack,pure_slydos,clean_false_positives_per_receiver_minute,0,0,875,false positives / receiver-minute,30,0,0,ratio of pooled event counts/opportunities,percentile cluster bootstrap (2000 resamples of RNG seeds),receiver-minute,
full,test,pure_attack,pure_slydos,clean_false_positives_per_million_clean_messages,0,0,1432179,false-positive pair events / million clean messages,30,0,0,ratio of pooled event counts/opportunities,percentile cluster bootstrap (2000 resamples of RNG seeds),clean honest message,"The numerator is a clean-pair window event, not a per-message decision; messages provide an exposure denominator."
full,test,pure_attack,pure_slydos,track_false_positive_pair_rate,0,0,18451,track-alerted clean pairs / clean pair,30,0,0,ratio of pooled event counts/opportunities,percentile cluster bootstrap (2000 resamples of RNG seeds),clean honest eligible pair,Numerator is pair-level because the pair schema exposes whether any track alerted.
full,test,pure_attack,pure_slydos,track_false_positive_pairs_per_clean_evaluation_window_track,0,0,18522,track-alerted clean pairs / clean evaluation-window track,30,0,0,ratio of pooled event counts/opportunities,percentile cluster bootstrap (2000 resamples of RNG seeds),clean evaluation-window content-associated track,Conservative pair-event numerator; individual alerted-track count is not in the schema. Track count requires at least one window message.
full,test,pure_attack,pure_slydos,malicious_delay_censoring_rate,1,8253,8253,proportion,30,1,1,ratio of pooled event counts/opportunities,percentile cluster bootstrap (2000 resamples of RNG seeds),malicious eligible pair,Censoring is reported separately; delay quartiles condition on detection.
full,test,pure_attack,pure_slydos,postwarmup_track_merges_per_evaluation_window_track,0,0,26925,post-warm-up merges / evaluation-window track,30,0,0,ratio of pooled event counts/opportunities,percentile cluster bootstrap (2000 resamples of RNG seeds),evaluation-window content-associated track,Merge counts span all post-warm-up tracked messages; the pair schema exposes only evaluation-window track count as a normalization base.
full,test,pure_attack,pure_slydos,postwarmup_track_fragments_per_evaluation_window_track,0.00820798514392,221,26925,post-warm-up fragments / evaluation-window track,30,0.0066444911875,0.00988983262795,ratio of pooled event counts/opportunities,percentile cluster bootstrap (2000 resamples of RNG seeds),evaluation-window content-associated track,"Fragment counts span all post-warm-up tracked messages; this is a descriptive normalization, not a window-matched event rate."
full,test,pure_attack,pure_slydos,postwarmup_track_id_switches_per_evaluation_window_track,0,0,26925,post-warm-up ID switches / evaluation-window track,30,0,0,ratio of pooled event counts/opportunities,percentile cluster bootstrap (2000 resamples of RNG seeds),evaluation-window content-associated track,"ID-switch counts span all post-warm-up tracked messages; this is a descriptive normalization, not a window-matched event rate."
full,test,pure_attack,pure_slydos,window_message_weighted_postwarmup_track_purity,1,2437113,2437113,proportion,30,1,1,ratio of pooled event counts/opportunities,percentile cluster bootstrap (2000 resamples of RNG seeds),eligible-window message,Each pair's post-warm-up track purity is weighted by its evaluation-window message count; purity itself is not window-restricted.
full,test,pure_attack,pure_slydos,stride_ambiguous_rate_among_alerts,nan,0,0,proportion,0,nan,nan,ratio of pooled event counts/opportunities,percentile cluster bootstrap (2000 resamples of RNG seeds),alerted eligible pair,
full,test,pure_attack,pure_slydos,stride_unassigned_rate_among_alerts,nan,0,0,proportion,0,nan,nan,ratio of pooled event counts/opportunities,percentile cluster bootstrap (2000 resamples of RNG seeds),alerted eligible pair,
full,test,pure_attack,pure_slydos,pair_exposure_q1_pooled_p2,7.37007896994,,26704,s,0,nan,nan,P-squared online quantile over pooled pair observations,not computed for pooled descriptive quantile,eligible pair,Constant-memory approximation; use seed rows below for uncertainty.
full,test,pure_attack,pure_slydos,pair_exposure_median_pooled_p2,9.02211462092,,26704,s,0,nan,nan,P-squared online quantile over pooled pair observations,not computed for pooled descriptive quantile,eligible pair,Constant-memory approximation; use seed rows below for uncertainty.
full,test,pure_attack,pure_slydos,pair_exposure_q3_pooled_p2,11.477279001,,26704,s,0,nan,nan,P-squared online quantile over pooled pair observations,not computed for pooled descriptive quantile,eligible pair,Constant-memory approximation; use seed rows below for uncertainty.
full,test,pure_attack,pure_slydos,seed_mean_of_within_seed_pair_exposure_q1,7.37091332982,,30,s,30,7.30038821803,7.44117622716,mean of per-seed P-squared q1 estimates,percentile cluster bootstrap (2000 resamples of RNG seeds),independent RNG seed,Within-seed observations are eligible pairs; seeds are the inferential unit.
full,test,pure_attack,pure_slydos,seed_mean_of_within_seed_pair_exposure_median,9.03531303697,,30,s,30,8.96007423866,9.10666622289,mean of per-seed P-squared median estimates,percentile cluster bootstrap (2000 resamples of RNG seeds),independent RNG seed,Within-seed observations are eligible pairs; seeds are the inferential unit.
full,test,pure_attack,pure_slydos,seed_mean_of_within_seed_pair_exposure_q3,12.4503922987,,30,s,30,11.7714595348,13.3292795557,mean of per-seed P-squared q3 estimates,percentile cluster bootstrap (2000 resamples of RNG seeds),independent RNG seed,Within-seed observations are eligible pairs; seeds are the inferential unit.
full,test,pure_attack,pure_slydos,clean_pair_exposure_q1_pooled_p2,7.22221974086,,18451,s,0,nan,nan,P-squared online quantile over pooled pair observations,not computed for pooled descriptive quantile,clean honest eligible pair,Constant-memory approximation; use seed rows below for uncertainty.
full,test,pure_attack,pure_slydos,clean_pair_exposure_median_pooled_p2,8.88275346816,,18451,s,0,nan,nan,P-squared online quantile over pooled pair observations,not computed for pooled descriptive quantile,clean honest eligible pair,Constant-memory approximation; use seed rows below for uncertainty.
full,test,pure_attack,pure_slydos,clean_pair_exposure_q3_pooled_p2,11.334573281,,18451,s,0,nan,nan,P-squared online quantile over pooled pair observations,not computed for pooled descriptive quantile,clean honest eligible pair,Constant-memory approximation; use seed rows below for uncertainty.
full,test,pure_attack,pure_slydos,seed_mean_of_within_seed_clean_pair_exposure_q1,7.22340942932,,30,s,30,7.14926947361,7.29647546974,mean of per-seed P-squared q1 estimates,percentile cluster bootstrap (2000 resamples of RNG seeds),independent RNG seed,Within-seed observations are clean honest eligible pairs; seeds are the inferential unit.
full,test,pure_attack,pure_slydos,seed_mean_of_within_seed_clean_pair_exposure_median,8.86059818469,,30,s,30,8.77372110524,8.94365782858,mean of per-seed P-squared median estimates,percentile cluster bootstrap (2000 resamples of RNG seeds),independent RNG seed,Within-seed observations are clean honest eligible pairs; seeds are the inferential unit.
full,test,pure_attack,pure_slydos,seed_mean_of_within_seed_clean_pair_exposure_q3,12.8965582672,,30,s,30,11.6337337365,14.5340555359,mean of per-seed P-squared q3 estimates,percentile cluster bootstrap (2000 resamples of RNG seeds),independent RNG seed,Within-seed observations are clean honest eligible pairs; seeds are the inferential unit.
full,test,pure_attack,pure_slydos,malicious_pair_exposure_q1_pooled_p2,7.76171386124,,8253,s,0,nan,nan,P-squared online quantile over pooled pair observations,not computed for pooled descriptive quantile,malicious eligible pair,Constant-memory approximation; use seed rows below for uncertainty.
full,test,pure_attack,pure_slydos,malicious_pair_exposure_median_pooled_p2,9.41620984412,,8253,s,0,nan,nan,P-squared online quantile over pooled pair observations,not computed for pooled descriptive quantile,malicious eligible pair,Constant-memory approximation; use seed rows below for uncertainty.
full,test,pure_attack,pure_slydos,malicious_pair_exposure_q3_pooled_p2,11.808854333,,8253,s,0,nan,nan,P-squared online quantile over pooled pair observations,not computed for pooled descriptive quantile,malicious eligible pair,Constant-memory approximation; use seed rows below for uncertainty.
full,test,pure_attack,pure_slydos,seed_mean_of_within_seed_malicious_pair_exposure_q1,7.75181181986,,30,s,30,7.61939147695,7.87236797378,mean of per-seed P-squared q1 estimates,percentile cluster bootstrap (2000 resamples of RNG seeds),independent RNG seed,Within-seed observations are malicious eligible pairs; seeds are the inferential unit.
full,test,pure_attack,pure_slydos,seed_mean_of_within_seed_malicious_pair_exposure_median,9.42015115557,,30,s,30,9.29482880438,9.54200442692,mean of per-seed P-squared median estimates,percentile cluster bootstrap (2000 resamples of RNG seeds),independent RNG seed,Within-seed observations are malicious eligible pairs; seeds are the inferential unit.
full,test,pure_attack,pure_slydos,seed_mean_of_within_seed_malicious_pair_exposure_q3,13.9770091474,,30,s,30,12.7354010221,15.5141716064,mean of per-seed P-squared q3 estimates,percentile cluster bootstrap (2000 resamples of RNG seeds),independent RNG seed,Within-seed observations are malicious eligible pairs; seeds are the inferential unit.
full,test,pure_attack,pure_slydos,detected_delay_q1_pooled_p2,nan,,0,s,0,nan,nan,P-squared online quantile over pooled pair observations,not computed for pooled descriptive quantile,detected malicious pair,Constant-memory approximation; use seed rows below for uncertainty.
full,test,pure_attack,pure_slydos,detected_delay_median_pooled_p2,nan,,0,s,0,nan,nan,P-squared online quantile over pooled pair observations,not computed for pooled descriptive quantile,detected malicious pair,Constant-memory approximation; use seed rows below for uncertainty.
full,test,pure_attack,pure_slydos,detected_delay_q3_pooled_p2,nan,,0,s,0,nan,nan,P-squared online quantile over pooled pair observations,not computed for pooled descriptive quantile,detected malicious pair,Constant-memory approximation; use seed rows below for uncertainty.
full,test,pure_attack,pure_slydos,seed_mean_of_within_seed_detected_delay_q1,nan,,0,s,0,nan,nan,mean of per-seed P-squared q1 estimates,percentile cluster bootstrap (2000 resamples of RNG seeds),independent RNG seed,Within-seed observations are detected malicious pairs; seeds are the inferential unit.
full,test,pure_attack,pure_slydos,seed_mean_of_within_seed_detected_delay_median,nan,,0,s,0,nan,nan,mean of per-seed P-squared median estimates,percentile cluster bootstrap (2000 resamples of RNG seeds),independent RNG seed,Within-seed observations are detected malicious pairs; seeds are the inferential unit.
full,test,pure_attack,pure_slydos,seed_mean_of_within_seed_detected_delay_q3,nan,,0,s,0,nan,nan,mean of per-seed P-squared q3 estimates,percentile cluster bootstrap (2000 resamples of RNG seeds),independent RNG seed,Within-seed observations are detected malicious pairs; seeds are the inferential unit.
full,test,pure_attack,pure_slydos,postwarmup_track_purity_q1_pooled_p2,1,,26704,proportion,0,nan,nan,P-squared online quantile over pooled pair observations,not computed for pooled descriptive quantile,eligible pair,Constant-memory approximation; use seed rows below for uncertainty.
full,test,pure_attack,pure_slydos,postwarmup_track_purity_median_pooled_p2,1,,26704,proportion,0,nan,nan,P-squared online quantile over pooled pair observations,not computed for pooled descriptive quantile,eligible pair,Constant-memory approximation; use seed rows below for uncertainty.
full,test,pure_attack,pure_slydos,postwarmup_track_purity_q3_pooled_p2,1,,26704,proportion,0,nan,nan,P-squared online quantile over pooled pair observations,not computed for pooled descriptive quantile,eligible pair,Constant-memory approximation; use seed rows below for uncertainty.
full,test,pure_attack,pure_slydos,seed_mean_of_within_seed_postwarmup_track_purity_q1,1,,30,proportion,30,1,1,mean of per-seed P-squared q1 estimates,percentile cluster bootstrap (2000 resamples of RNG seeds),independent RNG seed,Within-seed observations are eligible pairs; seeds are the inferential unit.
full,test,pure_attack,pure_slydos,seed_mean_of_within_seed_postwarmup_track_purity_median,1,,30,proportion,30,1,1,mean of per-seed P-squared median estimates,percentile cluster bootstrap (2000 resamples of RNG seeds),independent RNG seed,Within-seed observations are eligible pairs; seeds are the inferential unit.
full,test,pure_attack,pure_slydos,seed_mean_of_within_seed_postwarmup_track_purity_q3,1,,30,proportion,30,1,1,mean of per-seed P-squared q3 estimates,percentile cluster bootstrap (2000 resamples of RNG seeds),independent RNG seed,Within-seed observations are eligible pairs; seeds are the inferential unit.
full,test,pure_attack,pure_spoof,pair_prevalence,0.333784454369,7399,22167,proportion,30,0.323692129188,0.344608422992,ratio of pooled event counts/opportunities,percentile cluster bootstrap (2000 resamples of RNG seeds),eligible pair,
full,test,pure_attack,pure_spoof,stream_false_positive_rate_per_negative_pair,0,0,14768,false positives / negative pair,30,0,0,ratio of pooled event counts/opportunities,percentile cluster bootstrap (2000 resamples of RNG seeds),negative eligible pair,
full,test,pure_attack,pure_spoof,stream_false_positives_per_run,0,0,30,false positives / observed pair run,30,0,0,ratio of pooled event counts/runs,percentile cluster bootstrap (2000 resamples of RNG seeds),independent RNG seed,Only runs with complete observed pair blocks contribute.
full,test,pure_attack,pure_spoof,clean_false_positives_per_run,0,0,30,false positives / observed pair run,30,0,0,ratio of pooled event counts/runs,percentile cluster bootstrap (2000 resamples of RNG seeds),independent RNG seed,Only runs with complete observed pair blocks contribute.
full,test,pure_attack,pure_spoof,stream_false_positives_per_receiver_run,0,0,1050,false-positive pair events / honest receiver-run,30,0,0,ratio of pooled event counts/opportunities,percentile cluster bootstrap (2000 resamples of RNG seeds),honest receiver-run,Each honest receiver contributes one exposure unit in each complete observed run.
full,test,pure_attack,pure_spoof,clean_false_positives_per_receiver_run,0,0,1050,clean-pair false-positive events / honest receiver-run,30,0,0,ratio of pooled event counts/opportunities,percentile cluster bootstrap (2000 resamples of RNG seeds),honest receiver-run,Each honest receiver contributes one exposure unit in each complete observed run.
full,test,pure_attack,pure_spoof,stream_false_positives_per_receiver_minute,0,0,875,false positives / receiver-minute,30,0,0,ratio of pooled event counts/opportunities,percentile cluster bootstrap (2000 resamples of RNG seeds),receiver-minute,Receiver-minutes use honest receivers times the common evaluation-window duration.
full,test,pure_attack,pure_spoof,stream_false_positives_per_million_negative_messages,0,0,1149325,false-positive pair events / million negative messages,30,0,0,ratio of pooled event counts/opportunities,percentile cluster bootstrap (2000 resamples of RNG seeds),negative message,"The numerator is a receiver--claimed-identity window event, not a per-message decision; messages provide an exposure denominator."
full,test,pure_attack,pure_spoof,clean_false_positive_rate_per_clean_pair,0,0,14761,false positives / clean honest pair,30,0,0,ratio of pooled event counts/opportunities,percentile cluster bootstrap (2000 resamples of RNG seeds),clean honest eligible pair,
full,test,pure_attack,pure_spoof,clean_false_positives_per_receiver_minute,0,0,875,false positives / receiver-minute,30,0,0,ratio of pooled event counts/opportunities,percentile cluster bootstrap (2000 resamples of RNG seeds),receiver-minute,
full,test,pure_attack,pure_spoof,clean_false_positives_per_million_clean_messages,0,0,1149318,false-positive pair events / million clean messages,30,0,0,ratio of pooled event counts/opportunities,percentile cluster bootstrap (2000 resamples of RNG seeds),clean honest message,"The numerator is a clean-pair window event, not a per-message decision; messages provide an exposure denominator."
full,test,pure_attack,pure_spoof,track_false_positive_pair_rate,0,0,14761,track-alerted clean pairs / clean pair,30,0,0,ratio of pooled event counts/opportunities,percentile cluster bootstrap (2000 resamples of RNG seeds),clean honest eligible pair,Numerator is pair-level because the pair schema exposes whether any track alerted.
full,test,pure_attack,pure_spoof,track_false_positive_pairs_per_clean_evaluation_window_track,0,0,14813,track-alerted clean pairs / clean evaluation-window track,30,0,0,ratio of pooled event counts/opportunities,percentile cluster bootstrap (2000 resamples of RNG seeds),clean evaluation-window content-associated track,Conservative pair-event numerator; individual alerted-track count is not in the schema. Track count requires at least one window message.
full,test,pure_attack,pure_spoof,malicious_delay_censoring_rate,0.478037572645,3537,7399,proportion,30,0.449184517024,0.505599399993,ratio of pooled event counts/opportunities,percentile cluster bootstrap (2000 resamples of RNG seeds),malicious eligible pair,Censoring is reported separately; delay quartiles condition on detection.
full,test,pure_attack,pure_spoof,postwarmup_track_merges_per_evaluation_window_track,0.0341413837236,907,26566,post-warm-up merges / evaluation-window track,30,0.028963685337,0.0396487384674,ratio of pooled event counts/opportunities,percentile cluster bootstrap (2000 resamples of RNG seeds),evaluation-window content-associated track,Merge counts span all post-warm-up tracked messages; the pair schema exposes only evaluation-window track count as a normalization base.
full,test,pure_attack,pure_spoof,postwarmup_track_fragments_per_evaluation_window_track,0.00365128359557,97,26566,post-warm-up fragments / evaluation-window track,30,0.00257341323565,0.00487184224617,ratio of pooled event counts/opportunities,percentile cluster bootstrap (2000 resamples of RNG seeds),evaluation-window content-associated track,"Fragment counts span all post-warm-up tracked messages; this is a descriptive normalization, not a window-matched event rate."
full,test,pure_attack,pure_spoof,postwarmup_track_id_switches_per_evaluation_window_track,0.108635097493,2886,26566,post-warm-up ID switches / evaluation-window track,30,0.0619815177698,0.174574819809,ratio of pooled event counts/opportunities,percentile cluster bootstrap (2000 resamples of RNG seeds),evaluation-window content-associated track,"ID-switch counts span all post-warm-up tracked messages; this is a descriptive normalization, not a window-matched event rate."
full,test,pure_attack,pure_spoof,window_message_weighted_postwarmup_track_purity,0.993274314378,2054576,2068488,proportion,30,0.991722854857,0.994622694582,ratio of pooled event counts/opportunities,percentile cluster bootstrap (2000 resamples of RNG seeds),eligible-window message,Each pair's post-warm-up track purity is weighted by its evaluation-window message count; purity itself is not window-restricted.
full,test,pure_attack,pure_spoof,stride_ambiguous_rate_among_alerts,0.0771620921802,298,3862,proportion,30,0.0629889695641,0.092198591515,ratio of pooled event counts/opportunities,percentile cluster bootstrap (2000 resamples of RNG seeds),alerted eligible pair,
full,test,pure_attack,pure_spoof,stride_unassigned_rate_among_alerts,0,0,3862,proportion,30,0,0,ratio of pooled event counts/opportunities,percentile cluster bootstrap (2000 resamples of RNG seeds),alerted eligible pair,
full,test,pure_attack,pure_spoof,pair_exposure_q1_pooled_p2,7.52661677573,,22167,s,0,nan,nan,P-squared online quantile over pooled pair observations,not computed for pooled descriptive quantile,eligible pair,Constant-memory approximation; use seed rows below for uncertainty.
full,test,pure_attack,pure_spoof,pair_exposure_median_pooled_p2,9.48580471176,,22167,s,0,nan,nan,P-squared online quantile over pooled pair observations,not computed for pooled descriptive quantile,eligible pair,Constant-memory approximation; use seed rows below for uncertainty.
full,test,pure_attack,pure_spoof,pair_exposure_q3_pooled_p2,27.9494412546,,22167,s,0,nan,nan,P-squared online quantile over pooled pair observations,not computed for pooled descriptive quantile,eligible pair,Constant-memory approximation; use seed rows below for uncertainty.
full,test,pure_attack,pure_spoof,seed_mean_of_within_seed_pair_exposure_q1,7.55141927031,,30,s,30,7.47197516786,7.63687220234,mean of per-seed P-squared q1 estimates,percentile cluster bootstrap (2000 resamples of RNG seeds),independent RNG seed,Within-seed observations are eligible pairs; seeds are the inferential unit.
full,test,pure_attack,pure_spoof,seed_mean_of_within_seed_pair_exposure_median,9.56362953113,,30,s,30,9.44500011638,9.68231752732,mean of per-seed P-squared median estimates,percentile cluster bootstrap (2000 resamples of RNG seeds),independent RNG seed,Within-seed observations are eligible pairs; seeds are the inferential unit.
full,test,pure_attack,pure_spoof,seed_mean_of_within_seed_pair_exposure_q3,27.6303963467,,30,s,30,26.2932128525,28.9077896108,mean of per-seed P-squared q3 estimates,percentile cluster bootstrap (2000 resamples of RNG seeds),independent RNG seed,Within-seed observations are eligible pairs; seeds are the inferential unit.
full,test,pure_attack,pure_spoof,clean_pair_exposure_q1_pooled_p2,7.17951116092,,14761,s,0,nan,nan,P-squared online quantile over pooled pair observations,not computed for pooled descriptive quantile,clean honest eligible pair,Constant-memory approximation; use seed rows below for uncertainty.
full,test,pure_attack,pure_spoof,clean_pair_exposure_median_pooled_p2,8.828876683,,14761,s,0,nan,nan,P-squared online quantile over pooled pair observations,not computed for pooled descriptive quantile,clean honest eligible pair,Constant-memory approximation; use seed rows below for uncertainty.
full,test,pure_attack,pure_spoof,clean_pair_exposure_q3_pooled_p2,11.1145725861,,14761,s,0,nan,nan,P-squared online quantile over pooled pair observations,not computed for pooled descriptive quantile,clean honest eligible pair,Constant-memory approximation; use seed rows below for uncertainty.
full,test,pure_attack,pure_spoof,seed_mean_of_within_seed_clean_pair_exposure_q1,7.17734772709,,30,s,30,7.09138410915,7.26064308228,mean of per-seed P-squared q1 estimates,percentile cluster bootstrap (2000 resamples of RNG seeds),independent RNG seed,Within-seed observations are clean honest eligible pairs; seeds are the inferential unit.
full,test,pure_attack,pure_spoof,seed_mean_of_within_seed_clean_pair_exposure_median,8.83299171958,,30,s,30,8.74408562926,8.91826044836,mean of per-seed P-squared median estimates,percentile cluster bootstrap (2000 resamples of RNG seeds),independent RNG seed,Within-seed observations are clean honest eligible pairs; seeds are the inferential unit.
full,test,pure_attack,pure_spoof,seed_mean_of_within_seed_clean_pair_exposure_q3,12.5555910122,,30,s,30,11.755773508,13.5067827015,mean of per-seed P-squared q3 estimates,percentile cluster bootstrap (2000 resamples of RNG seeds),independent RNG seed,Within-seed observations are clean honest eligible pairs; seeds are the inferential unit.
full,test,pure_attack,pure_spoof,malicious_pair_exposure_q1_pooled_p2,8.94262414439,,7399,s,0,nan,nan,P-squared online quantile over pooled pair observations,not computed for pooled descriptive quantile,malicious eligible pair,Constant-memory approximation; use seed rows below for uncertainty.
full,test,pure_attack,pure_spoof,malicious_pair_exposure_median_pooled_p2,18.8613440039,,7399,s,0,nan,nan,P-squared online quantile over pooled pair observations,not computed for pooled descriptive quantile,malicious eligible pair,Constant-memory approximation; use seed rows below for uncertainty.
full,test,pure_attack,pure_spoof,malicious_pair_exposure_q3_pooled_p2,40.7788858938,,7399,s,0,nan,nan,P-squared online quantile over pooled pair observations,not computed for pooled descriptive quantile,malicious eligible pair,Constant-memory approximation; use seed rows below for uncertainty.
full,test,pure_attack,pure_spoof,seed_mean_of_within_seed_malicious_pair_exposure_q1,9.05710306285,,30,s,30,8.72940755444,9.40427208492,mean of per-seed P-squared q1 estimates,percentile cluster bootstrap (2000 resamples of RNG seeds),independent RNG seed,Within-seed observations are malicious eligible pairs; seeds are the inferential unit.
full,test,pure_attack,pure_spoof,seed_mean_of_within_seed_malicious_pair_exposure_median,19.4798739388,,30,s,30,17.9441301771,21.0495773378,mean of per-seed P-squared median estimates,percentile cluster bootstrap (2000 resamples of RNG seeds),independent RNG seed,Within-seed observations are malicious eligible pairs; seeds are the inferential unit.
full,test,pure_attack,pure_spoof,seed_mean_of_within_seed_malicious_pair_exposure_q3,40.9538990773,,30,s,30,39.7355109895,42.2174922415,mean of per-seed P-squared q3 estimates,percentile cluster bootstrap (2000 resamples of RNG seeds),independent RNG seed,Within-seed observations are malicious eligible pairs; seeds are the inferential unit.
full,test,pure_attack,pure_spoof,detected_delay_q1_pooled_p2,0.000136548180841,,3862,s,0,nan,nan,P-squared online quantile over pooled pair observations,not computed for pooled descriptive quantile,detected malicious pair,Constant-memory approximation; use seed rows below for uncertainty.
full,test,pure_attack,pure_spoof,detected_delay_median_pooled_p2,0.980679988521,,3862,s,0,nan,nan,P-squared online quantile over pooled pair observations,not computed for pooled descriptive quantile,detected malicious pair,Constant-memory approximation; use seed rows below for uncertainty.
full,test,pure_attack,pure_spoof,detected_delay_q3_pooled_p2,13.8421514128,,3862,s,0,nan,nan,P-squared online quantile over pooled pair observations,not computed for pooled descriptive quantile,detected malicious pair,Constant-memory approximation; use seed rows below for uncertainty.
full,test,pure_attack,pure_spoof,seed_mean_of_within_seed_detected_delay_q1,0.108591769684,,30,s,30,0.0145246332028,0.278169641036,mean of per-seed P-squared q1 estimates,percentile cluster bootstrap (2000 resamples of RNG seeds),independent RNG seed,Within-seed observations are detected malicious pairs; seeds are the inferential unit.
full,test,pure_attack,pure_spoof,seed_mean_of_within_seed_detected_delay_median,2.35343608466,,30,s,30,1.39039399278,3.54300779003,mean of per-seed P-squared median estimates,percentile cluster bootstrap (2000 resamples of RNG seeds),independent RNG seed,Within-seed observations are detected malicious pairs; seeds are the inferential unit.
full,test,pure_attack,pure_spoof,seed_mean_of_within_seed_detected_delay_q3,13.0499615009,,30,s,30,10.8838353298,15.2115130957,mean of per-seed P-squared q3 estimates,percentile cluster bootstrap (2000 resamples of RNG seeds),independent RNG seed,Within-seed observations are detected malicious pairs; seeds are the inferential unit.
full,test,pure_attack,pure_spoof,postwarmup_track_purity_q1_pooled_p2,0.99999999955,,22167,proportion,0,nan,nan,P-squared online quantile over pooled pair observations,not computed for pooled descriptive quantile,eligible pair,Constant-memory approximation; use seed rows below for uncertainty.
full,test,pure_attack,pure_spoof,postwarmup_track_purity_median_pooled_p2,0.999999999989,,22167,proportion,0,nan,nan,P-squared online quantile over pooled pair observations,not computed for pooled descriptive quantile,eligible pair,Constant-memory approximation; use seed rows below for uncertainty.
full,test,pure_attack,pure_spoof,postwarmup_track_purity_q3_pooled_p2,1,,22167,proportion,0,nan,nan,P-squared online quantile over pooled pair observations,not computed for pooled descriptive quantile,eligible pair,Constant-memory approximation; use seed rows below for uncertainty.
full,test,pure_attack,pure_spoof,seed_mean_of_within_seed_postwarmup_track_purity_q1,0.999999521548,,30,proportion,30,0.999998929196,0.999999911182,mean of per-seed P-squared q1 estimates,percentile cluster bootstrap (2000 resamples of RNG seeds),independent RNG seed,Within-seed observations are eligible pairs; seeds are the inferential unit.
full,test,pure_attack,pure_spoof,seed_mean_of_within_seed_postwarmup_track_purity_median,0.999999995091,,30,proportion,30,0.999999990028,0.999999998886,mean of per-seed P-squared median estimates,percentile cluster bootstrap (2000 resamples of RNG seeds),independent RNG seed,Within-seed observations are eligible pairs; seeds are the inferential unit.
full,test,pure_attack,pure_spoof,seed_mean_of_within_seed_postwarmup_track_purity_q3,1,,30,proportion,30,1,1,mean of per-seed P-squared q3 estimates,percentile cluster bootstrap (2000 resamples of RNG seeds),independent RNG seed,Within-seed observations are eligible pairs; seeds are the inferential unit.
full,test,scale,scale_n_105,pair_prevalence,0.37121141304,51624,139069,proportion,30,0.354927519668,0.386335913522,ratio of pooled event counts/opportunities,percentile cluster bootstrap (2000 resamples of RNG seeds),eligible pair,
full,test,scale,scale_n_105,stream_false_positive_rate_per_negative_pair,0,0,87445,false positives / negative pair,30,0,0,ratio of pooled event counts/opportunities,percentile cluster bootstrap (2000 resamples of RNG seeds),negative eligible pair,
full,test,scale,scale_n_105,stream_false_positives_per_run,0,0,30,false positives / observed pair run,30,0,0,ratio of pooled event counts/runs,percentile cluster bootstrap (2000 resamples of RNG seeds),independent RNG seed,Only runs with complete observed pair blocks contribute.
full,test,scale,scale_n_105,clean_false_positives_per_run,0,0,30,false positives / observed pair run,30,0,0,ratio of pooled event counts/runs,percentile cluster bootstrap (2000 resamples of RNG seeds),independent RNG seed,Only runs with complete observed pair blocks contribute.
full,test,scale,scale_n_105,stream_false_positives_per_receiver_run,0,0,2520,false-positive pair events / honest receiver-run,30,0,0,ratio of pooled event counts/opportunities,percentile cluster bootstrap (2000 resamples of RNG seeds),honest receiver-run,Each honest receiver contributes one exposure unit in each complete observed run.
full,test,scale,scale_n_105,clean_false_positives_per_receiver_run,0,0,2520,clean-pair false-positive events / honest receiver-run,30,0,0,ratio of pooled event counts/opportunities,percentile cluster bootstrap (2000 resamples of RNG seeds),honest receiver-run,Each honest receiver contributes one exposure unit in each complete observed run.
full,test,scale,scale_n_105,stream_false_positives_per_receiver_minute,0,0,2100,false positives / receiver-minute,30,0,0,ratio of pooled event counts/opportunities,percentile cluster bootstrap (2000 resamples of RNG seeds),receiver-minute,Receiver-minutes use honest receivers times the common evaluation-window duration.
full,test,scale,scale_n_105,stream_false_positives_per_million_negative_messages,0,0,6410907,false-positive pair events / million negative messages,30,0,0,ratio of pooled event counts/opportunities,percentile cluster bootstrap (2000 resamples of RNG seeds),negative message,"The numerator is a receiver--claimed-identity window event, not a per-message decision; messages provide an exposure denominator."
full,test,scale,scale_n_105,clean_false_positive_rate_per_clean_pair,0,0,87445,false positives / clean honest pair,30,0,0,ratio of pooled event counts/opportunities,percentile cluster bootstrap (2000 resamples of RNG seeds),clean honest eligible pair,
full,test,scale,scale_n_105,clean_false_positives_per_receiver_minute,0,0,2100,false positives / receiver-minute,30,0,0,ratio of pooled event counts/opportunities,percentile cluster bootstrap (2000 resamples of RNG seeds),receiver-minute,
full,test,scale,scale_n_105,clean_false_positives_per_million_clean_messages,0,0,6410907,false-positive pair events / million clean messages,30,0,0,ratio of pooled event counts/opportunities,percentile cluster bootstrap (2000 resamples of RNG seeds),clean honest message,"The numerator is a clean-pair window event, not a per-message decision; messages provide an exposure denominator."
full,test,scale,scale_n_105,track_false_positive_pair_rate,0,0,87445,track-alerted clean pairs / clean pair,30,0,0,ratio of pooled event counts/opportunities,percentile cluster bootstrap (2000 resamples of RNG seeds),clean honest eligible pair,Numerator is pair-level because the pair schema exposes whether any track alerted.
full,test,scale,scale_n_105,track_false_positive_pairs_per_clean_evaluation_window_track,0,0,87861,track-alerted clean pairs / clean evaluation-window track,30,0,0,ratio of pooled event counts/opportunities,percentile cluster bootstrap (2000 resamples of RNG seeds),clean evaluation-window content-associated track,Conservative pair-event numerator; individual alerted-track count is not in the schema. Track count requires at least one window message.
full,test,scale,scale_n_105,malicious_delay_censoring_rate,0.219161630249,11314,51624,proportion,30,0.209137871198,0.229417450735,ratio of pooled event counts/opportunities,percentile cluster bootstrap (2000 resamples of RNG seeds),malicious eligible pair,Censoring is reported separately; delay quartiles condition on detection.
full,test,scale,scale_n_105,postwarmup_track_merges_per_evaluation_window_track,0.117778510849,22136,187946,post-warm-up merges / evaluation-window track,30,0.109260819474,0.126812661652,ratio of pooled event counts/opportunities,percentile cluster bootstrap (2000 resamples of RNG seeds),evaluation-window content-associated track,Merge counts span all post-warm-up tracked messages; the pair schema exposes only evaluation-window track count as a normalization base.
full,test,scale,scale_n_105,postwarmup_track_fragments_per_evaluation_window_track,0.135522969364,25471,187946,post-warm-up fragments / evaluation-window track,30,0.130002558486,0.141437843262,ratio of pooled event counts/opportunities,percentile cluster bootstrap (2000 resamples of RNG seeds),evaluation-window content-associated track,"Fragment counts span all post-warm-up tracked messages; this is a descriptive normalization, not a window-matched event rate."
full,test,scale,scale_n_105,postwarmup_track_id_switches_per_evaluation_window_track,0.137209624041,25788,187946,post-warm-up ID switches / evaluation-window track,30,0.123456353486,0.15149635536,ratio of pooled event counts/opportunities,percentile cluster bootstrap (2000 resamples of RNG seeds),evaluation-window content-associated track,"ID-switch counts span all post-warm-up tracked messages; this is a descriptive normalization, not a window-matched event rate."
full,test,scale,scale_n_105,window_message_weighted_postwarmup_track_purity,0.994659631353,12755897.0618,12824384,proportion,30,0.994227909918,0.995096506779,ratio of pooled event counts/opportunities,percentile cluster bootstrap (2000 resamples of RNG seeds),eligible-window message,Each pair's post-warm-up track purity is weighted by its evaluation-window message count; purity itself is not window-restricted.
full,test,scale,scale_n_105,stride_ambiguous_rate_among_alerts,0.00734309104441,296,40310,proportion,30,0.00591306858792,0.00900876477757,ratio of pooled event counts/opportunities,percentile cluster bootstrap (2000 resamples of RNG seeds),alerted eligible pair,
full,test,scale,scale_n_105,stride_unassigned_rate_among_alerts,0,0,40310,proportion,30,0,0,ratio of pooled event counts/opportunities,percentile cluster bootstrap (2000 resamples of RNG seeds),alerted eligible pair,
full,test,scale,scale_n_105,pair_exposure_q1_pooled_p2,6.83423274056,,139069,s,0,nan,nan,P-squared online quantile over pooled pair observations,not computed for pooled descriptive quantile,eligible pair,Constant-memory approximation; use seed rows below for uncertainty.
full,test,scale,scale_n_105,pair_exposure_median_pooled_p2,8.94879927081,,139069,s,0,nan,nan,P-squared online quantile over pooled pair observations,not computed for pooled descriptive quantile,eligible pair,Constant-memory approximation; use seed rows below for uncertainty.
full,test,scale,scale_n_105,pair_exposure_q3_pooled_p2,14.7399473917,,139069,s,0,nan,nan,P-squared online quantile over pooled pair observations,not computed for pooled descriptive quantile,eligible pair,Constant-memory approximation; use seed rows below for uncertainty.
full,test,scale,scale_n_105,seed_mean_of_within_seed_pair_exposure_q1,6.83499770311,,30,s,30,6.7580933822,6.91565973816,mean of per-seed P-squared q1 estimates,percentile cluster bootstrap (2000 resamples of RNG seeds),independent RNG seed,Within-seed observations are eligible pairs; seeds are the inferential unit.
full,test,scale,scale_n_105,seed_mean_of_within_seed_pair_exposure_median,8.9406158239,,30,s,30,8.86522001327,9.02173210368,mean of per-seed P-squared median estimates,percentile cluster bootstrap (2000 resamples of RNG seeds),independent RNG seed,Within-seed observations are eligible pairs; seeds are the inferential unit.
full,test,scale,scale_n_105,seed_mean_of_within_seed_pair_exposure_q3,15.2412162551,,30,s,30,14.6682440465,15.8596805412,mean of per-seed P-squared q3 estimates,percentile cluster bootstrap (2000 resamples of RNG seeds),independent RNG seed,Within-seed observations are eligible pairs; seeds are the inferential unit.
full,test,scale,scale_n_105,clean_pair_exposure_q1_pooled_p2,6.93301550299,,87445,s,0,nan,nan,P-squared online quantile over pooled pair observations,not computed for pooled descriptive quantile,clean honest eligible pair,Constant-memory approximation; use seed rows below for uncertainty.
full,test,scale,scale_n_105,clean_pair_exposure_median_pooled_p2,8.64550333394,,87445,s,0,nan,nan,P-squared online quantile over pooled pair observations,not computed for pooled descriptive quantile,clean honest eligible pair,Constant-memory approximation; use seed rows below for uncertainty.
full,test,scale,scale_n_105,clean_pair_exposure_q3_pooled_p2,11.3682186879,,87445,s,0,nan,nan,P-squared online quantile over pooled pair observations,not computed for pooled descriptive quantile,clean honest eligible pair,Constant-memory approximation; use seed rows below for uncertainty.
full,test,scale,scale_n_105,seed_mean_of_within_seed_clean_pair_exposure_q1,6.94111125337,,30,s,30,6.88974381263,6.99315932273,mean of per-seed P-squared q1 estimates,percentile cluster bootstrap (2000 resamples of RNG seeds),independent RNG seed,Within-seed observations are clean honest eligible pairs; seeds are the inferential unit.
full,test,scale,scale_n_105,seed_mean_of_within_seed_clean_pair_exposure_median,8.6363095268,,30,s,30,8.57203046803,8.70656124262,mean of per-seed P-squared median estimates,percentile cluster bootstrap (2000 resamples of RNG seeds),independent RNG seed,Within-seed observations are clean honest eligible pairs; seeds are the inferential unit.
full,test,scale,scale_n_105,seed_mean_of_within_seed_clean_pair_exposure_q3,11.3288439978,,30,s,30,11.1199307579,11.5450434205,mean of per-seed P-squared q3 estimates,percentile cluster bootstrap (2000 resamples of RNG seeds),independent RNG seed,Within-seed observations are clean honest eligible pairs; seeds are the inferential unit.
full,test,scale,scale_n_105,malicious_pair_exposure_q1_pooled_p2,6.40101113216,,51624,s,0,nan,nan,P-squared online quantile over pooled pair observations,not computed for pooled descriptive quantile,malicious eligible pair,Constant-memory approximation; use seed rows below for uncertainty.
full,test,scale,scale_n_105,malicious_pair_exposure_median_pooled_p2,9.81509147248,,51624,s,0,nan,nan,P-squared online quantile over pooled pair observations,not computed for pooled descriptive quantile,malicious eligible pair,Constant-memory approximation; use seed rows below for uncertainty.
full,test,scale,scale_n_105,malicious_pair_exposure_q3_pooled_p2,22.6856266936,,51624,s,0,nan,nan,P-squared online quantile over pooled pair observations,not computed for pooled descriptive quantile,malicious eligible pair,Constant-memory approximation; use seed rows below for uncertainty.
full,test,scale,scale_n_105,seed_mean_of_within_seed_malicious_pair_exposure_q1,6.33865902861,,30,s,30,6.00452497749,6.66160550675,mean of per-seed P-squared q1 estimates,percentile cluster bootstrap (2000 resamples of RNG seeds),independent RNG seed,Within-seed observations are malicious eligible pairs; seeds are the inferential unit.
full,test,scale,scale_n_105,seed_mean_of_within_seed_malicious_pair_exposure_median,9.9379512528,,30,s,30,9.74928157572,10.1187842666,mean of per-seed P-squared median estimates,percentile cluster bootstrap (2000 resamples of RNG seeds),independent RNG seed,Within-seed observations are malicious eligible pairs; seeds are the inferential unit.
full,test,scale,scale_n_105,seed_mean_of_within_seed_malicious_pair_exposure_q3,22.5120236363,,30,s,30,21.4977608756,23.5947999645,mean of per-seed P-squared q3 estimates,percentile cluster bootstrap (2000 resamples of RNG seeds),independent RNG seed,Within-seed observations are malicious eligible pairs; seeds are the inferential unit.
full,test,scale,scale_n_105,detected_delay_q1_pooled_p2,1.52306422916e-05,,40310,s,0,nan,nan,P-squared online quantile over pooled pair observations,not computed for pooled descriptive quantile,detected malicious pair,Constant-memory approximation; use seed rows below for uncertainty.
full,test,scale,scale_n_105,detected_delay_median_pooled_p2,0.400656258742,,40310,s,0,nan,nan,P-squared online quantile over pooled pair observations,not computed for pooled descriptive quantile,detected malicious pair,Constant-memory approximation; use seed rows below for uncertainty.
full,test,scale,scale_n_105,detected_delay_q3_pooled_p2,1.49381938956,,40310,s,0,nan,nan,P-squared online quantile over pooled pair observations,not computed for pooled descriptive quantile,detected malicious pair,Constant-memory approximation; use seed rows below for uncertainty.
full,test,scale,scale_n_105,seed_mean_of_within_seed_detected_delay_q1,0.000485679282074,,30,s,30,0.000291309312957,0.000717867758804,mean of per-seed P-squared q1 estimates,percentile cluster bootstrap (2000 resamples of RNG seeds),independent RNG seed,Within-seed observations are detected malicious pairs; seeds are the inferential unit.
full,test,scale,scale_n_105,seed_mean_of_within_seed_detected_delay_median,0.402294910379,,30,s,30,0.336425154942,0.464855690252,mean of per-seed P-squared median estimates,percentile cluster bootstrap (2000 resamples of RNG seeds),independent RNG seed,Within-seed observations are detected malicious pairs; seeds are the inferential unit.
full,test,scale,scale_n_105,seed_mean_of_within_seed_detected_delay_q3,1.49809001665,,30,s,30,1.43790310051,1.55849619235,mean of per-seed P-squared q3 estimates,percentile cluster bootstrap (2000 resamples of RNG seeds),independent RNG seed,Within-seed observations are detected malicious pairs; seeds are the inferential unit.
full,test,scale,scale_n_105,postwarmup_track_purity_q1_pooled_p2,0.999999999838,,139069,proportion,0,nan,nan,P-squared online quantile over pooled pair observations,not computed for pooled descriptive quantile,eligible pair,Constant-memory approximation; use seed rows below for uncertainty.
full,test,scale,scale_n_105,postwarmup_track_purity_median_pooled_p2,0.999999999997,,139069,proportion,0,nan,nan,P-squared online quantile over pooled pair observations,not computed for pooled descriptive quantile,eligible pair,Constant-memory approximation; use seed rows below for uncertainty.
full,test,scale,scale_n_105,postwarmup_track_purity_q3_pooled_p2,1,,139069,proportion,0,nan,nan,P-squared online quantile over pooled pair observations,not computed for pooled descriptive quantile,eligible pair,Constant-memory approximation; use seed rows below for uncertainty.
full,test,scale,scale_n_105,seed_mean_of_within_seed_postwarmup_track_purity_q1,0.999830414121,,30,proportion,30,0.999499783055,0.9999983048,mean of per-seed P-squared q1 estimates,percentile cluster bootstrap (2000 resamples of RNG seeds),independent RNG seed,Within-seed observations are eligible pairs; seeds are the inferential unit.
full,test,scale,scale_n_105,seed_mean_of_within_seed_postwarmup_track_purity_median,0.999999980904,,30,proportion,30,0.999999963001,0.99999999392,mean of per-seed P-squared median estimates,percentile cluster bootstrap (2000 resamples of RNG seeds),independent RNG seed,Within-seed observations are eligible pairs; seeds are the inferential unit.
full,test,scale,scale_n_105,seed_mean_of_within_seed_postwarmup_track_purity_q3,0.999999999438,,30,proportion,30,0.999999998495,0.999999999958,mean of per-seed P-squared q3 estimates,percentile cluster bootstrap (2000 resamples of RNG seeds),independent RNG seed,Within-seed observations are eligible pairs; seeds are the inferential unit.
full,test,scale,scale_n_35,pair_prevalence,0.304046786771,4523,14876,proportion,30,0.281135978219,0.326541083481,ratio of pooled event counts/opportunities,percentile cluster bootstrap (2000 resamples of RNG seeds),eligible pair,
full,test,scale,scale_n_35,stream_false_positive_rate_per_negative_pair,0,0,10353,false positives / negative pair,30,0,0,ratio of pooled event counts/opportunities,percentile cluster bootstrap (2000 resamples of RNG seeds),negative eligible pair,
full,test,scale,scale_n_35,stream_false_positives_per_run,0,0,30,false positives / observed pair run,30,0,0,ratio of pooled event counts/runs,percentile cluster bootstrap (2000 resamples of RNG seeds),independent RNG seed,Only runs with complete observed pair blocks contribute.
full,test,scale,scale_n_35,clean_false_positives_per_run,0,0,30,false positives / observed pair run,30,0,0,ratio of pooled event counts/runs,percentile cluster bootstrap (2000 resamples of RNG seeds),independent RNG seed,Only runs with complete observed pair blocks contribute.
full,test,scale,scale_n_35,stream_false_positives_per_receiver_run,0,0,840,false-positive pair events / honest receiver-run,30,0,0,ratio of pooled event counts/opportunities,percentile cluster bootstrap (2000 resamples of RNG seeds),honest receiver-run,Each honest receiver contributes one exposure unit in each complete observed run.
full,test,scale,scale_n_35,clean_false_positives_per_receiver_run,0,0,840,clean-pair false-positive events / honest receiver-run,30,0,0,ratio of pooled event counts/opportunities,percentile cluster bootstrap (2000 resamples of RNG seeds),honest receiver-run,Each honest receiver contributes one exposure unit in each complete observed run.
full,test,scale,scale_n_35,stream_false_positives_per_receiver_minute,0,0,700,false positives / receiver-minute,30,0,0,ratio of pooled event counts/opportunities,percentile cluster bootstrap (2000 resamples of RNG seeds),receiver-minute,Receiver-minutes use honest receivers times the common evaluation-window duration.
full,test,scale,scale_n_35,stream_false_positives_per_million_negative_messages,0,0,790202,false-positive pair events / million negative messages,30,0,0,ratio of pooled event counts/opportunities,percentile cluster bootstrap (2000 resamples of RNG seeds),negative message,"The numerator is a receiver--claimed-identity window event, not a per-message decision; messages provide an exposure denominator."
full,test,scale,scale_n_35,clean_false_positive_rate_per_clean_pair,0,0,10349,false positives / clean honest pair,30,0,0,ratio of pooled event counts/opportunities,percentile cluster bootstrap (2000 resamples of RNG seeds),clean honest eligible pair,
full,test,scale,scale_n_35,clean_false_positives_per_receiver_minute,0,0,700,false positives / receiver-minute,30,0,0,ratio of pooled event counts/opportunities,percentile cluster bootstrap (2000 resamples of RNG seeds),receiver-minute,
full,test,scale,scale_n_35,clean_false_positives_per_million_clean_messages,0,0,790182,false-positive pair events / million clean messages,30,0,0,ratio of pooled event counts/opportunities,percentile cluster bootstrap (2000 resamples of RNG seeds),clean honest message,"The numerator is a clean-pair window event, not a per-message decision; messages provide an exposure denominator."
full,test,scale,scale_n_35,track_false_positive_pair_rate,0,0,10349,track-alerted clean pairs / clean pair,30,0,0,ratio of pooled event counts/opportunities,percentile cluster bootstrap (2000 resamples of RNG seeds),clean honest eligible pair,Numerator is pair-level because the pair schema exposes whether any track alerted.
full,test,scale,scale_n_35,track_false_positive_pairs_per_clean_evaluation_window_track,0,0,10390,track-alerted clean pairs / clean evaluation-window track,30,0,0,ratio of pooled event counts/opportunities,percentile cluster bootstrap (2000 resamples of RNG seeds),clean evaluation-window content-associated track,Conservative pair-event numerator; individual alerted-track count is not in the schema. Track count requires at least one window message.
full,test,scale,scale_n_35,malicious_delay_censoring_rate,0.254256024762,1150,4523,proportion,30,0.231352701417,0.278947494878,ratio of pooled event counts/opportunities,percentile cluster bootstrap (2000 resamples of RNG seeds),malicious eligible pair,Censoring is reported separately; delay quartiles condition on detection.
full,test,scale,scale_n_35,postwarmup_track_merges_per_evaluation_window_track,0.0827091299565,1579,19091,post-warm-up merges / evaluation-window track,30,0.0656005834147,0.100896886341,ratio of pooled event counts/opportunities,percentile cluster bootstrap (2000 resamples of RNG seeds),evaluation-window content-associated track,Merge counts span all post-warm-up tracked messages; the pair schema exposes only evaluation-window track count as a normalization base.
full,test,scale,scale_n_35,postwarmup_track_fragments_per_evaluation_window_track,0.141585040071,2703,19091,post-warm-up fragments / evaluation-window track,30,0.131776346121,0.151763854332,ratio of pooled event counts/opportunities,percentile cluster bootstrap (2000 resamples of RNG seeds),evaluation-window content-associated track,"Fragment counts span all post-warm-up tracked messages; this is a descriptive normalization, not a window-matched event rate."
full,test,scale,scale_n_35,postwarmup_track_id_switches_per_evaluation_window_track,0.0876329160337,1673,19091,post-warm-up ID switches / evaluation-window track,30,0.0692329658623,0.105952378751,ratio of pooled event counts/opportunities,percentile cluster bootstrap (2000 resamples of RNG seeds),evaluation-window content-associated track,"ID-switch counts span all post-warm-up tracked messages; this is a descriptive normalization, not a window-matched event rate."
full,test,scale,scale_n_35,window_message_weighted_postwarmup_track_purity,0.99485983024,1448801.4376,1456287,proportion,30,0.993307385903,0.996336493175,ratio of pooled event counts/opportunities,percentile cluster bootstrap (2000 resamples of RNG seeds),eligible-window message,Each pair's post-warm-up track purity is weighted by its evaluation-window message count; purity itself is not window-restricted.
full,test,scale,scale_n_35,stride_ambiguous_rate_among_alerts,0.0139341832197,47,3373,proportion,30,0.0085175254088,0.021297945095,ratio of pooled event counts/opportunities,percentile cluster bootstrap (2000 resamples of RNG seeds),alerted eligible pair,
full,test,scale,scale_n_35,stride_unassigned_rate_among_alerts,0,0,3373,proportion,30,0,0,ratio of pooled event counts/opportunities,percentile cluster bootstrap (2000 resamples of RNG seeds),alerted eligible pair,
full,test,scale,scale_n_35,pair_exposure_q1_pooled_p2,7.22508609195,,14876,s,0,nan,nan,P-squared online quantile over pooled pair observations,not computed for pooled descriptive quantile,eligible pair,Constant-memory approximation; use seed rows below for uncertainty.
full,test,scale,scale_n_35,pair_exposure_median_pooled_p2,9.09837178214,,14876,s,0,nan,nan,P-squared online quantile over pooled pair observations,not computed for pooled descriptive quantile,eligible pair,Constant-memory approximation; use seed rows below for uncertainty.
full,test,scale,scale_n_35,pair_exposure_q3_pooled_p2,13.190911127,,14876,s,0,nan,nan,P-squared online quantile over pooled pair observations,not computed for pooled descriptive quantile,eligible pair,Constant-memory approximation; use seed rows below for uncertainty.
full,test,scale,scale_n_35,seed_mean_of_within_seed_pair_exposure_q1,7.19546513246,,30,s,30,7.04971236069,7.35957640045,mean of per-seed P-squared q1 estimates,percentile cluster bootstrap (2000 resamples of RNG seeds),independent RNG seed,Within-seed observations are eligible pairs; seeds are the inferential unit.
full,test,scale,scale_n_35,seed_mean_of_within_seed_pair_exposure_median,9.07591070279,,30,s,30,8.92038944701,9.23989406823,mean of per-seed P-squared median estimates,percentile cluster bootstrap (2000 resamples of RNG seeds),independent RNG seed,Within-seed observations are eligible pairs; seeds are the inferential unit.
full,test,scale,scale_n_35,seed_mean_of_within_seed_pair_exposure_q3,16.3520774009,,30,s,30,14.3529555004,18.6779014079,mean of per-seed P-squared q3 estimates,percentile cluster bootstrap (2000 resamples of RNG seeds),independent RNG seed,Within-seed observations are eligible pairs; seeds are the inferential unit.
full,test,scale,scale_n_35,clean_pair_exposure_q1_pooled_p2,7.26398891222,,10349,s,0,nan,nan,P-squared online quantile over pooled pair observations,not computed for pooled descriptive quantile,clean honest eligible pair,Constant-memory approximation; use seed rows below for uncertainty.
full,test,scale,scale_n_35,clean_pair_exposure_median_pooled_p2,8.88117772563,,10349,s,0,nan,nan,P-squared online quantile over pooled pair observations,not computed for pooled descriptive quantile,clean honest eligible pair,Constant-memory approximation; use seed rows below for uncertainty.
full,test,scale,scale_n_35,clean_pair_exposure_q3_pooled_p2,11.5077135557,,10349,s,0,nan,nan,P-squared online quantile over pooled pair observations,not computed for pooled descriptive quantile,clean honest eligible pair,Constant-memory approximation; use seed rows below for uncertainty.
full,test,scale,scale_n_35,seed_mean_of_within_seed_clean_pair_exposure_q1,7.2594657637,,30,s,30,7.11628938953,7.4234445649,mean of per-seed P-squared q1 estimates,percentile cluster bootstrap (2000 resamples of RNG seeds),independent RNG seed,Within-seed observations are clean honest eligible pairs; seeds are the inferential unit.
full,test,scale,scale_n_35,seed_mean_of_within_seed_clean_pair_exposure_median,8.87360547233,,30,s,30,8.70079988051,9.06194089589,mean of per-seed P-squared median estimates,percentile cluster bootstrap (2000 resamples of RNG seeds),independent RNG seed,Within-seed observations are clean honest eligible pairs; seeds are the inferential unit.
full,test,scale,scale_n_35,seed_mean_of_within_seed_clean_pair_exposure_q3,14.5105307053,,30,s,30,12.6525804339,16.6025264981,mean of per-seed P-squared q3 estimates,percentile cluster bootstrap (2000 resamples of RNG seeds),independent RNG seed,Within-seed observations are clean honest eligible pairs; seeds are the inferential unit.
full,test,scale,scale_n_35,malicious_pair_exposure_q1_pooled_p2,7.07190954175,,4523,s,0,nan,nan,P-squared online quantile over pooled pair observations,not computed for pooled descriptive quantile,malicious eligible pair,Constant-memory approximation; use seed rows below for uncertainty.
full,test,scale,scale_n_35,malicious_pair_exposure_median_pooled_p2,9.93600977381,,4523,s,0,nan,nan,P-squared online quantile over pooled pair observations,not computed for pooled descriptive quantile,malicious eligible pair,Constant-memory approximation; use seed rows below for uncertainty.
full,test,scale,scale_n_35,malicious_pair_exposure_q3_pooled_p2,23.2732045025,,4523,s,0,nan,nan,P-squared online quantile over pooled pair observations,not computed for pooled descriptive quantile,malicious eligible pair,Constant-memory approximation; use seed rows below for uncertainty.
full,test,scale,scale_n_35,seed_mean_of_within_seed_malicious_pair_exposure_q1,6.74591429173,,30,s,30,6.39751622437,7.08527113254,mean of per-seed P-squared q1 estimates,percentile cluster bootstrap (2000 resamples of RNG seeds),independent RNG seed,Within-seed observations are malicious eligible pairs; seeds are the inferential unit.
full,test,scale,scale_n_35,seed_mean_of_within_seed_malicious_pair_exposure_median,9.77840383992,,30,s,30,9.44359862556,10.1387729498,mean of per-seed P-squared median estimates,percentile cluster bootstrap (2000 resamples of RNG seeds),independent RNG seed,Within-seed observations are malicious eligible pairs; seeds are the inferential unit.
full,test,scale,scale_n_35,seed_mean_of_within_seed_malicious_pair_exposure_q3,21.8173468828,,30,s,30,19.6245397214,24.0169543957,mean of per-seed P-squared q3 estimates,percentile cluster bootstrap (2000 resamples of RNG seeds),independent RNG seed,Within-seed observations are malicious eligible pairs; seeds are the inferential unit.
full,test,scale,scale_n_35,detected_delay_q1_pooled_p2,0.000317631989978,,3373,s,0,nan,nan,P-squared online quantile over pooled pair observations,not computed for pooled descriptive quantile,detected malicious pair,Constant-memory approximation; use seed rows below for uncertainty.
full,test,scale,scale_n_35,detected_delay_median_pooled_p2,0.576066579016,,3373,s,0,nan,nan,P-squared online quantile over pooled pair observations,not computed for pooled descriptive quantile,detected malicious pair,Constant-memory approximation; use seed rows below for uncertainty.
full,test,scale,scale_n_35,detected_delay_q3_pooled_p2,1.68992630034,,3373,s,0,nan,nan,P-squared online quantile over pooled pair observations,not computed for pooled descriptive quantile,detected malicious pair,Constant-memory approximation; use seed rows below for uncertainty.
full,test,scale,scale_n_35,seed_mean_of_within_seed_detected_delay_q1,0.110568608114,,30,s,30,0.0636151272651,0.164265371496,mean of per-seed P-squared q1 estimates,percentile cluster bootstrap (2000 resamples of RNG seeds),independent RNG seed,Within-seed observations are detected malicious pairs; seeds are the inferential unit.
full,test,scale,scale_n_35,seed_mean_of_within_seed_detected_delay_median,0.587761050599,,30,s,30,0.481238410082,0.691434789718,mean of per-seed P-squared median estimates,percentile cluster bootstrap (2000 resamples of RNG seeds),independent RNG seed,Within-seed observations are detected malicious pairs; seeds are the inferential unit.
full,test,scale,scale_n_35,seed_mean_of_within_seed_detected_delay_q3,1.75735038396,,30,s,30,1.57725794184,1.95030202245,mean of per-seed P-squared q3 estimates,percentile cluster bootstrap (2000 resamples of RNG seeds),independent RNG seed,Within-seed observations are detected malicious pairs; seeds are the inferential unit.
full,test,scale,scale_n_35,postwarmup_track_purity_q1_pooled_p2,0.999999999769,,14876,proportion,0,nan,nan,P-squared online quantile over pooled pair observations,not computed for pooled descriptive quantile,eligible pair,Constant-memory approximation; use seed rows below for uncertainty.
full,test,scale,scale_n_35,postwarmup_track_purity_median_pooled_p2,1,,14876,proportion,0,nan,nan,P-squared online quantile over pooled pair observations,not computed for pooled descriptive quantile,eligible pair,Constant-memory approximation; use seed rows below for uncertainty.
full,test,scale,scale_n_35,postwarmup_track_purity_q3_pooled_p2,1,,14876,proportion,0,nan,nan,P-squared online quantile over pooled pair observations,not computed for pooled descriptive quantile,eligible pair,Constant-memory approximation; use seed rows below for uncertainty.
full,test,scale,scale_n_35,seed_mean_of_within_seed_postwarmup_track_purity_q1,0.999982871379,,30,proportion,30,0.999966045055,0.99999515331,mean of per-seed P-squared q1 estimates,percentile cluster bootstrap (2000 resamples of RNG seeds),independent RNG seed,Within-seed observations are eligible pairs; seeds are the inferential unit.
full,test,scale,scale_n_35,seed_mean_of_within_seed_postwarmup_track_purity_median,0.999999491047,,30,proportion,30,0.999998911375,0.999999875588,mean of per-seed P-squared median estimates,percentile cluster bootstrap (2000 resamples of RNG seeds),independent RNG seed,Within-seed observations are eligible pairs; seeds are the inferential unit.
full,test,scale,scale_n_35,seed_mean_of_within_seed_postwarmup_track_purity_q3,1,,30,proportion,30,1,1,mean of per-seed P-squared q3 estimates,percentile cluster bootstrap (2000 resamples of RNG seeds),independent RNG seed,Within-seed observations are eligible pairs; seeds are the inferential unit.
full,test,score_variant,reference_half_life_1p351,pair_prevalence,0.481326098712,25814,53631,proportion,30,0.465158264637,0.497938328494,ratio of pooled event counts/opportunities,percentile cluster bootstrap (2000 resamples of RNG seeds),eligible pair,
full,test,score_variant,reference_half_life_1p351,stream_false_positive_rate_per_negative_pair,0,0,27817,false positives / negative pair,30,0,0,ratio of pooled event counts/opportunities,percentile cluster bootstrap (2000 resamples of RNG seeds),negative eligible pair,
full,test,score_variant,reference_half_life_1p351,stream_false_positives_per_run,0,0,30,false positives / observed pair run,30,0,0,ratio of pooled event counts/runs,percentile cluster bootstrap (2000 resamples of RNG seeds),independent RNG seed,Only runs with complete observed pair blocks contribute.
full,test,score_variant,reference_half_life_1p351,clean_false_positives_per_run,0,0,30,false positives / observed pair run,30,0,0,ratio of pooled event counts/runs,percentile cluster bootstrap (2000 resamples of RNG seeds),independent RNG seed,Only runs with complete observed pair blocks contribute.
full,test,score_variant,reference_half_life_1p351,stream_false_positives_per_receiver_run,0,0,1470,false-positive pair events / honest receiver-run,30,0,0,ratio of pooled event counts/opportunities,percentile cluster bootstrap (2000 resamples of RNG seeds),honest receiver-run,Each honest receiver contributes one exposure unit in each complete observed run.
full,test,score_variant,reference_half_life_1p351,clean_false_positives_per_receiver_run,0,0,1470,clean-pair false-positive events / honest receiver-run,30,0,0,ratio of pooled event counts/opportunities,percentile cluster bootstrap (2000 resamples of RNG seeds),honest receiver-run,Each honest receiver contributes one exposure unit in each complete observed run.
full,test,score_variant,reference_half_life_1p351,stream_false_positives_per_receiver_minute,0,0,1225,false positives / receiver-minute,30,0,0,ratio of pooled event counts/opportunities,percentile cluster bootstrap (2000 resamples of RNG seeds),receiver-minute,Receiver-minutes use honest receivers times the common evaluation-window duration.
full,test,score_variant,reference_half_life_1p351,stream_false_positives_per_million_negative_messages,0,0,2055000,false-positive pair events / million negative messages,30,0,0,ratio of pooled event counts/opportunities,percentile cluster bootstrap (2000 resamples of RNG seeds),negative message,"The numerator is a receiver--claimed-identity window event, not a per-message decision; messages provide an exposure denominator."
full,test,score_variant,reference_half_life_1p351,clean_false_positive_rate_per_clean_pair,0,0,27807,false positives / clean honest pair,30,0,0,ratio of pooled event counts/opportunities,percentile cluster bootstrap (2000 resamples of RNG seeds),clean honest eligible pair,
full,test,score_variant,reference_half_life_1p351,clean_false_positives_per_receiver_minute,0,0,1225,false positives / receiver-minute,30,0,0,ratio of pooled event counts/opportunities,percentile cluster bootstrap (2000 resamples of RNG seeds),receiver-minute,
full,test,score_variant,reference_half_life_1p351,clean_false_positives_per_million_clean_messages,0,0,2054982,false-positive pair events / million clean messages,30,0,0,ratio of pooled event counts/opportunities,percentile cluster bootstrap (2000 resamples of RNG seeds),clean honest message,"The numerator is a clean-pair window event, not a per-message decision; messages provide an exposure denominator."
full,test,score_variant,reference_half_life_1p351,track_false_positive_pair_rate,0,0,27807,track-alerted clean pairs / clean pair,30,0,0,ratio of pooled event counts/opportunities,percentile cluster bootstrap (2000 resamples of RNG seeds),clean honest eligible pair,Numerator is pair-level because the pair schema exposes whether any track alerted.
full,test,score_variant,reference_half_life_1p351,track_false_positive_pairs_per_clean_evaluation_window_track,0,0,27937,track-alerted clean pairs / clean evaluation-window track,30,0,0,ratio of pooled event counts/opportunities,percentile cluster bootstrap (2000 resamples of RNG seeds),clean evaluation-window content-associated track,Conservative pair-event numerator; individual alerted-track count is not in the schema. Track count requires at least one window message.
full,test,score_variant,reference_half_life_1p351,malicious_delay_censoring_rate,0.229797784148,5932,25814,proportion,30,0.215793701062,0.244004942352,ratio of pooled event counts/opportunities,percentile cluster bootstrap (2000 resamples of RNG seeds),malicious eligible pair,Censoring is reported separately; delay quartiles condition on detection.
full,test,score_variant,reference_half_life_1p351,postwarmup_track_merges_per_evaluation_window_track,0.148286736916,11849,79906,post-warm-up merges / evaluation-window track,30,0.138103578259,0.158699325784,ratio of pooled event counts/opportunities,percentile cluster bootstrap (2000 resamples of RNG seeds),evaluation-window content-associated track,Merge counts span all post-warm-up tracked messages; the pair schema exposes only evaluation-window track count as a normalization base.
full,test,score_variant,reference_half_life_1p351,postwarmup_track_fragments_per_evaluation_window_track,0.18583085125,14849,79906,post-warm-up fragments / evaluation-window track,30,0.179307054019,0.192338265937,ratio of pooled event counts/opportunities,percentile cluster bootstrap (2000 resamples of RNG seeds),evaluation-window content-associated track,"Fragment counts span all post-warm-up tracked messages; this is a descriptive normalization, not a window-matched event rate."
full,test,score_variant,reference_half_life_1p351,postwarmup_track_id_switches_per_evaluation_window_track,0.181913748655,14536,79906,post-warm-up ID switches / evaluation-window track,30,0.159645696351,0.207265015273,ratio of pooled event counts/opportunities,percentile cluster bootstrap (2000 resamples of RNG seeds),evaluation-window content-associated track,"ID-switch counts span all post-warm-up tracked messages; this is a descriptive normalization, not a window-matched event rate."
full,test,score_variant,reference_half_life_1p351,window_message_weighted_postwarmup_track_purity,0.992306594398,5513882.57624,5556632,proportion,30,0.991697746136,0.992890353403,ratio of pooled event counts/opportunities,percentile cluster bootstrap (2000 resamples of RNG seeds),eligible-window message,Each pair's post-warm-up track purity is weighted by its evaluation-window message count; purity itself is not window-restricted.
full,test,score_variant,reference_half_life_1p351,stride_ambiguous_rate_among_alerts,0.0120209234483,239,19882,proportion,30,0.00906046103177,0.0153165506242,ratio of pooled event counts/opportunities,percentile cluster bootstrap (2000 resamples of RNG seeds),alerted eligible pair,
full,test,score_variant,reference_half_life_1p351,stride_unassigned_rate_among_alerts,0,0,19882,proportion,30,0,0,ratio of pooled event counts/opportunities,percentile cluster bootstrap (2000 resamples of RNG seeds),alerted eligible pair,
full,test,score_variant,reference_half_life_1p351,pair_exposure_q1_pooled_p2,6.92969803272,,53631,s,0,nan,nan,P-squared online quantile over pooled pair observations,not computed for pooled descriptive quantile,eligible pair,Constant-memory approximation; use seed rows below for uncertainty.
full,test,score_variant,reference_half_life_1p351,pair_exposure_median_pooled_p2,9.0985488532,,53631,s,0,nan,nan,P-squared online quantile over pooled pair observations,not computed for pooled descriptive quantile,eligible pair,Constant-memory approximation; use seed rows below for uncertainty.
full,test,score_variant,reference_half_life_1p351,pair_exposure_q3_pooled_p2,18.3424338109,,53631,s,0,nan,nan,P-squared online quantile over pooled pair observations,not computed for pooled descriptive quantile,eligible pair,Constant-memory approximation; use seed rows below for uncertainty.
full,test,score_variant,reference_half_life_1p351,seed_mean_of_within_seed_pair_exposure_q1,6.93722209722,,30,s,30,6.8692821426,7.00819612243,mean of per-seed P-squared q1 estimates,percentile cluster bootstrap (2000 resamples of RNG seeds),independent RNG seed,Within-seed observations are eligible pairs; seeds are the inferential unit.
full,test,score_variant,reference_half_life_1p351,seed_mean_of_within_seed_pair_exposure_median,9.12329923701,,30,s,30,9.0370034006,9.20903988387,mean of per-seed P-squared median estimates,percentile cluster bootstrap (2000 resamples of RNG seeds),independent RNG seed,Within-seed observations are eligible pairs; seeds are the inferential unit.
full,test,score_variant,reference_half_life_1p351,seed_mean_of_within_seed_pair_exposure_q3,18.4724456044,,30,s,30,17.6836311268,19.2196118583,mean of per-seed P-squared q3 estimates,percentile cluster bootstrap (2000 resamples of RNG seeds),independent RNG seed,Within-seed observations are eligible pairs; seeds are the inferential unit.
full,test,score_variant,reference_half_life_1p351,clean_pair_exposure_q1_pooled_p2,6.9768251092,,27807,s,0,nan,nan,P-squared online quantile over pooled pair observations,not computed for pooled descriptive quantile,clean honest eligible pair,Constant-memory approximation; use seed rows below for uncertainty.
full,test,score_variant,reference_half_life_1p351,clean_pair_exposure_median_pooled_p2,8.64157268053,,27807,s,0,nan,nan,P-squared online quantile over pooled pair observations,not computed for pooled descriptive quantile,clean honest eligible pair,Constant-memory approximation; use seed rows below for uncertainty.
full,test,score_variant,reference_half_life_1p351,clean_pair_exposure_q3_pooled_p2,11.3379425266,,27807,s,0,nan,nan,P-squared online quantile over pooled pair observations,not computed for pooled descriptive quantile,clean honest eligible pair,Constant-memory approximation; use seed rows below for uncertainty.
full,test,score_variant,reference_half_life_1p351,seed_mean_of_within_seed_clean_pair_exposure_q1,6.98317533539,,30,s,30,6.90500253238,7.06346647865,mean of per-seed P-squared q1 estimates,percentile cluster bootstrap (2000 resamples of RNG seeds),independent RNG seed,Within-seed observations are clean honest eligible pairs; seeds are the inferential unit.
full,test,score_variant,reference_half_life_1p351,seed_mean_of_within_seed_clean_pair_exposure_median,8.64661795245,,30,s,30,8.57664978765,8.72459117042,mean of per-seed P-squared median estimates,percentile cluster bootstrap (2000 resamples of RNG seeds),independent RNG seed,Within-seed observations are clean honest eligible pairs; seeds are the inferential unit.
full,test,score_variant,reference_half_life_1p351,seed_mean_of_within_seed_clean_pair_exposure_q3,11.7039699445,,30,s,30,11.2131814671,12.2679732571,mean of per-seed P-squared q3 estimates,percentile cluster bootstrap (2000 resamples of RNG seeds),independent RNG seed,Within-seed observations are clean honest eligible pairs; seeds are the inferential unit.
full,test,score_variant,reference_half_life_1p351,malicious_pair_exposure_q1_pooled_p2,6.87930311425,,25814,s,0,nan,nan,P-squared online quantile over pooled pair observations,not computed for pooled descriptive quantile,malicious eligible pair,Constant-memory approximation; use seed rows below for uncertainty.
full,test,score_variant,reference_half_life_1p351,malicious_pair_exposure_median_pooled_p2,10.0767606566,,25814,s,0,nan,nan,P-squared online quantile over pooled pair observations,not computed for pooled descriptive quantile,malicious eligible pair,Constant-memory approximation; use seed rows below for uncertainty.
full,test,score_variant,reference_half_life_1p351,malicious_pair_exposure_q3_pooled_p2,24.3125371716,,25814,s,0,nan,nan,P-squared online quantile over pooled pair observations,not computed for pooled descriptive quantile,malicious eligible pair,Constant-memory approximation; use seed rows below for uncertainty.
full,test,score_variant,reference_half_life_1p351,seed_mean_of_within_seed_malicious_pair_exposure_q1,6.74135037338,,30,s,30,6.50863678168,6.96958499068,mean of per-seed P-squared q1 estimates,percentile cluster bootstrap (2000 resamples of RNG seeds),independent RNG seed,Within-seed observations are malicious eligible pairs; seeds are the inferential unit.
full,test,score_variant,reference_half_life_1p351,seed_mean_of_within_seed_malicious_pair_exposure_median,10.1106975078,,30,s,30,9.91737269222,10.3087925445,mean of per-seed P-squared median estimates,percentile cluster bootstrap (2000 resamples of RNG seeds),independent RNG seed,Within-seed observations are malicious eligible pairs; seeds are the inferential unit.
full,test,score_variant,reference_half_life_1p351,seed_mean_of_within_seed_malicious_pair_exposure_q3,24.2916852079,,30,s,30,23.2662880603,25.3481063248,mean of per-seed P-squared q3 estimates,percentile cluster bootstrap (2000 resamples of RNG seeds),independent RNG seed,Within-seed observations are malicious eligible pairs; seeds are the inferential unit.
full,test,score_variant,reference_half_life_1p351,detected_delay_q1_pooled_p2,2.77920942887e-05,,19882,s,0,nan,nan,P-squared online quantile over pooled pair observations,not computed for pooled descriptive quantile,detected malicious pair,Constant-memory approximation; use seed rows below for uncertainty.
full,test,score_variant,reference_half_life_1p351,detected_delay_median_pooled_p2,0.537809457601,,19882,s,0,nan,nan,P-squared online quantile over pooled pair observations,not computed for pooled descriptive quantile,detected malicious pair,Constant-memory approximation; use seed rows below for uncertainty.
full,test,score_variant,reference_half_life_1p351,detected_delay_q3_pooled_p2,1.63744596905,,19882,s,0,nan,nan,P-squared online quantile over pooled pair observations,not computed for pooled descriptive quantile,detected malicious pair,Constant-memory approximation; use seed rows below for uncertainty.
full,test,score_variant,reference_half_life_1p351,seed_mean_of_within_seed_detected_delay_q1,0.00938939469032,,30,s,30,0.00224830830632,0.0197349855581,mean of per-seed P-squared q1 estimates,percentile cluster bootstrap (2000 resamples of RNG seeds),independent RNG seed,Within-seed observations are detected malicious pairs; seeds are the inferential unit.
full,test,score_variant,reference_half_life_1p351,seed_mean_of_within_seed_detected_delay_median,0.531773606328,,30,s,30,0.465520250538,0.589782153811,mean of per-seed P-squared median estimates,percentile cluster bootstrap (2000 resamples of RNG seeds),independent RNG seed,Within-seed observations are detected malicious pairs; seeds are the inferential unit.
full,test,score_variant,reference_half_life_1p351,seed_mean_of_within_seed_detected_delay_q3,1.62189172158,,30,s,30,1.54028664269,1.70207495887,mean of per-seed P-squared q3 estimates,percentile cluster bootstrap (2000 resamples of RNG seeds),independent RNG seed,Within-seed observations are detected malicious pairs; seeds are the inferential unit.
full,test,score_variant,reference_half_life_1p351,postwarmup_track_purity_q1_pooled_p2,0.999999983201,,53631,proportion,0,nan,nan,P-squared online quantile over pooled pair observations,not computed for pooled descriptive quantile,eligible pair,Constant-memory approximation; use seed rows below for uncertainty.
full,test,score_variant,reference_half_life_1p351,postwarmup_track_purity_median_pooled_p2,0.999999999994,,53631,proportion,0,nan,nan,P-squared online quantile over pooled pair observations,not computed for pooled descriptive quantile,eligible pair,Constant-memory approximation; use seed rows below for uncertainty.
full,test,score_variant,reference_half_life_1p351,postwarmup_track_purity_q3_pooled_p2,1,,53631,proportion,0,nan,nan,P-squared online quantile over pooled pair observations,not computed for pooled descriptive quantile,eligible pair,Constant-memory approximation; use seed rows below for uncertainty.
full,test,score_variant,reference_half_life_1p351,seed_mean_of_within_seed_postwarmup_track_purity_q1,0.999974144052,,30,proportion,30,0.999939870458,0.999995752437,mean of per-seed P-squared q1 estimates,percentile cluster bootstrap (2000 resamples of RNG seeds),independent RNG seed,Within-seed observations are eligible pairs; seeds are the inferential unit.
full,test,score_variant,reference_half_life_1p351,seed_mean_of_within_seed_postwarmup_track_purity_median,0.999999830856,,30,proportion,30,0.999999645427,0.999999942288,mean of per-seed P-squared median estimates,percentile cluster bootstrap (2000 resamples of RNG seeds),independent RNG seed,Within-seed observations are eligible pairs; seeds are the inferential unit.
full,test,score_variant,reference_half_life_1p351,seed_mean_of_within_seed_postwarmup_track_purity_q3,0.999999999035,,30,proportion,30,0.999999997371,0.999999999969,mean of per-seed P-squared q3 estimates,percentile cluster bootstrap (2000 resamples of RNG seeds),independent RNG seed,Within-seed observations are eligible pairs; seeds are the inferential unit.
full,test,score_variant,reference_no_forgetting,pair_prevalence,0.481326098712,25814,53631,proportion,30,0.466314349805,0.496638573899,ratio of pooled event counts/opportunities,percentile cluster bootstrap (2000 resamples of RNG seeds),eligible pair,
full,test,score_variant,reference_no_forgetting,stream_false_positive_rate_per_negative_pair,0,0,27817,false positives / negative pair,30,0,0,ratio of pooled event counts/opportunities,percentile cluster bootstrap (2000 resamples of RNG seeds),negative eligible pair,
full,test,score_variant,reference_no_forgetting,stream_false_positives_per_run,0,0,30,false positives / observed pair run,30,0,0,ratio of pooled event counts/runs,percentile cluster bootstrap (2000 resamples of RNG seeds),independent RNG seed,Only runs with complete observed pair blocks contribute.
full,test,score_variant,reference_no_forgetting,clean_false_positives_per_run,0,0,30,false positives / observed pair run,30,0,0,ratio of pooled event counts/runs,percentile cluster bootstrap (2000 resamples of RNG seeds),independent RNG seed,Only runs with complete observed pair blocks contribute.
full,test,score_variant,reference_no_forgetting,stream_false_positives_per_receiver_run,0,0,1470,false-positive pair events / honest receiver-run,30,0,0,ratio of pooled event counts/opportunities,percentile cluster bootstrap (2000 resamples of RNG seeds),honest receiver-run,Each honest receiver contributes one exposure unit in each complete observed run.
full,test,score_variant,reference_no_forgetting,clean_false_positives_per_receiver_run,0,0,1470,clean-pair false-positive events / honest receiver-run,30,0,0,ratio of pooled event counts/opportunities,percentile cluster bootstrap (2000 resamples of RNG seeds),honest receiver-run,Each honest receiver contributes one exposure unit in each complete observed run.
full,test,score_variant,reference_no_forgetting,stream_false_positives_per_receiver_minute,0,0,1225,false positives / receiver-minute,30,0,0,ratio of pooled event counts/opportunities,percentile cluster bootstrap (2000 resamples of RNG seeds),receiver-minute,Receiver-minutes use honest receivers times the common evaluation-window duration.
full,test,score_variant,reference_no_forgetting,stream_false_positives_per_million_negative_messages,0,0,2055000,false-positive pair events / million negative messages,30,0,0,ratio of pooled event counts/opportunities,percentile cluster bootstrap (2000 resamples of RNG seeds),negative message,"The numerator is a receiver--claimed-identity window event, not a per-message decision; messages provide an exposure denominator."
full,test,score_variant,reference_no_forgetting,clean_false_positive_rate_per_clean_pair,0,0,27807,false positives / clean honest pair,30,0,0,ratio of pooled event counts/opportunities,percentile cluster bootstrap (2000 resamples of RNG seeds),clean honest eligible pair,
full,test,score_variant,reference_no_forgetting,clean_false_positives_per_receiver_minute,0,0,1225,false positives / receiver-minute,30,0,0,ratio of pooled event counts/opportunities,percentile cluster bootstrap (2000 resamples of RNG seeds),receiver-minute,
full,test,score_variant,reference_no_forgetting,clean_false_positives_per_million_clean_messages,0,0,2054982,false-positive pair events / million clean messages,30,0,0,ratio of pooled event counts/opportunities,percentile cluster bootstrap (2000 resamples of RNG seeds),clean honest message,"The numerator is a clean-pair window event, not a per-message decision; messages provide an exposure denominator."
full,test,score_variant,reference_no_forgetting,track_false_positive_pair_rate,0,0,27807,track-alerted clean pairs / clean pair,30,0,0,ratio of pooled event counts/opportunities,percentile cluster bootstrap (2000 resamples of RNG seeds),clean honest eligible pair,Numerator is pair-level because the pair schema exposes whether any track alerted.
full,test,score_variant,reference_no_forgetting,track_false_positive_pairs_per_clean_evaluation_window_track,0,0,27937,track-alerted clean pairs / clean evaluation-window track,30,0,0,ratio of pooled event counts/opportunities,percentile cluster bootstrap (2000 resamples of RNG seeds),clean evaluation-window content-associated track,Conservative pair-event numerator; individual alerted-track count is not in the schema. Track count requires at least one window message.
full,test,score_variant,reference_no_forgetting,malicious_delay_censoring_rate,0.2249941892,5808,25814,proportion,30,0.209783882328,0.23996542526,ratio of pooled event counts/opportunities,percentile cluster bootstrap (2000 resamples of RNG seeds),malicious eligible pair,Censoring is reported separately; delay quartiles condition on detection.
full,test,score_variant,reference_no_forgetting,postwarmup_track_merges_per_evaluation_window_track,0.148286736916,11849,79906,post-warm-up merges / evaluation-window track,30,0.13829798012,0.158675930479,ratio of pooled event counts/opportunities,percentile cluster bootstrap (2000 resamples of RNG seeds),evaluation-window content-associated track,Merge counts span all post-warm-up tracked messages; the pair schema exposes only evaluation-window track count as a normalization base.
full,test,score_variant,reference_no_forgetting,postwarmup_track_fragments_per_evaluation_window_track,0.18583085125,14849,79906,post-warm-up fragments / evaluation-window track,30,0.179548020291,0.192307789134,ratio of pooled event counts/opportunities,percentile cluster bootstrap (2000 resamples of RNG seeds),evaluation-window content-associated track,"Fragment counts span all post-warm-up tracked messages; this is a descriptive normalization, not a window-matched event rate."
full,test,score_variant,reference_no_forgetting,postwarmup_track_id_switches_per_evaluation_window_track,0.181913748655,14536,79906,post-warm-up ID switches / evaluation-window track,30,0.159353286422,0.206738348617,ratio of pooled event counts/opportunities,percentile cluster bootstrap (2000 resamples of RNG seeds),evaluation-window content-associated track,"ID-switch counts span all post-warm-up tracked messages; this is a descriptive normalization, not a window-matched event rate."
full,test,score_variant,reference_no_forgetting,window_message_weighted_postwarmup_track_purity,0.992306594398,5513882.57624,5556632,proportion,30,0.991725428059,0.992919619155,ratio of pooled event counts/opportunities,percentile cluster bootstrap (2000 resamples of RNG seeds),eligible-window message,Each pair's post-warm-up track purity is weighted by its evaluation-window message count; purity itself is not window-restricted.
full,test,score_variant,reference_no_forgetting,stride_ambiguous_rate_among_alerts,0.0118464460662,237,20006,proportion,30,0.00876151680554,0.0150835097313,ratio of pooled event counts/opportunities,percentile cluster bootstrap (2000 resamples of RNG seeds),alerted eligible pair,
full,test,score_variant,reference_no_forgetting,stride_unassigned_rate_among_alerts,0,0,20006,proportion,30,0,0,ratio of pooled event counts/opportunities,percentile cluster bootstrap (2000 resamples of RNG seeds),alerted eligible pair,
full,test,score_variant,reference_no_forgetting,pair_exposure_q1_pooled_p2,6.92969803272,,53631,s,0,nan,nan,P-squared online quantile over pooled pair observations,not computed for pooled descriptive quantile,eligible pair,Constant-memory approximation; use seed rows below for uncertainty.
full,test,score_variant,reference_no_forgetting,pair_exposure_median_pooled_p2,9.0985488532,,53631,s,0,nan,nan,P-squared online quantile over pooled pair observations,not computed for pooled descriptive quantile,eligible pair,Constant-memory approximation; use seed rows below for uncertainty.
full,test,score_variant,reference_no_forgetting,pair_exposure_q3_pooled_p2,18.3424338109,,53631,s,0,nan,nan,P-squared online quantile over pooled pair observations,not computed for pooled descriptive quantile,eligible pair,Constant-memory approximation; use seed rows below for uncertainty.
full,test,score_variant,reference_no_forgetting,seed_mean_of_within_seed_pair_exposure_q1,6.93722209722,,30,s,30,6.86444331039,7.00867681717,mean of per-seed P-squared q1 estimates,percentile cluster bootstrap (2000 resamples of RNG seeds),independent RNG seed,Within-seed observations are eligible pairs; seeds are the inferential unit.
full,test,score_variant,reference_no_forgetting,seed_mean_of_within_seed_pair_exposure_median,9.12329923701,,30,s,30,9.03235596657,9.21427385792,mean of per-seed P-squared median estimates,percentile cluster bootstrap (2000 resamples of RNG seeds),independent RNG seed,Within-seed observations are eligible pairs; seeds are the inferential unit.
full,test,score_variant,reference_no_forgetting,seed_mean_of_within_seed_pair_exposure_q3,18.4724456044,,30,s,30,17.6985060709,19.266581052,mean of per-seed P-squared q3 estimates,percentile cluster bootstrap (2000 resamples of RNG seeds),independent RNG seed,Within-seed observations are eligible pairs; seeds are the inferential unit.
full,test,score_variant,reference_no_forgetting,clean_pair_exposure_q1_pooled_p2,6.9768251092,,27807,s,0,nan,nan,P-squared online quantile over pooled pair observations,not computed for pooled descriptive quantile,clean honest eligible pair,Constant-memory approximation; use seed rows below for uncertainty.
full,test,score_variant,reference_no_forgetting,clean_pair_exposure_median_pooled_p2,8.64157268053,,27807,s,0,nan,nan,P-squared online quantile over pooled pair observations,not computed for pooled descriptive quantile,clean honest eligible pair,Constant-memory approximation; use seed rows below for uncertainty.
full,test,score_variant,reference_no_forgetting,clean_pair_exposure_q3_pooled_p2,11.3379425266,,27807,s,0,nan,nan,P-squared online quantile over pooled pair observations,not computed for pooled descriptive quantile,clean honest eligible pair,Constant-memory approximation; use seed rows below for uncertainty.
full,test,score_variant,reference_no_forgetting,seed_mean_of_within_seed_clean_pair_exposure_q1,6.98317533539,,30,s,30,6.90123975468,7.0618801485,mean of per-seed P-squared q1 estimates,percentile cluster bootstrap (2000 resamples of RNG seeds),independent RNG seed,Within-seed observations are clean honest eligible pairs; seeds are the inferential unit.
full,test,score_variant,reference_no_forgetting,seed_mean_of_within_seed_clean_pair_exposure_median,8.64661795245,,30,s,30,8.56806552085,8.72485163442,mean of per-seed P-squared median estimates,percentile cluster bootstrap (2000 resamples of RNG seeds),independent RNG seed,Within-seed observations are clean honest eligible pairs; seeds are the inferential unit.
full,test,score_variant,reference_no_forgetting,seed_mean_of_within_seed_clean_pair_exposure_q3,11.7039699445,,30,s,30,11.2256164795,12.3194727573,mean of per-seed P-squared q3 estimates,percentile cluster bootstrap (2000 resamples of RNG seeds),independent RNG seed,Within-seed observations are clean honest eligible pairs; seeds are the inferential unit.
full,test,score_variant,reference_no_forgetting,malicious_pair_exposure_q1_pooled_p2,6.87930311425,,25814,s,0,nan,nan,P-squared online quantile over pooled pair observations,not computed for pooled descriptive quantile,malicious eligible pair,Constant-memory approximation; use seed rows below for uncertainty.
full,test,score_variant,reference_no_forgetting,malicious_pair_exposure_median_pooled_p2,10.0767606566,,25814,s,0,nan,nan,P-squared online quantile over pooled pair observations,not computed for pooled descriptive quantile,malicious eligible pair,Constant-memory approximation; use seed rows below for uncertainty.
full,test,score_variant,reference_no_forgetting,malicious_pair_exposure_q3_pooled_p2,24.3125371716,,25814,s,0,nan,nan,P-squared online quantile over pooled pair observations,not computed for pooled descriptive quantile,malicious eligible pair,Constant-memory approximation; use seed rows below for uncertainty.
full,test,score_variant,reference_no_forgetting,seed_mean_of_within_seed_malicious_pair_exposure_q1,6.74135037338,,30,s,30,6.50552664486,6.96786555619,mean of per-seed P-squared q1 estimates,percentile cluster bootstrap (2000 resamples of RNG seeds),independent RNG seed,Within-seed observations are malicious eligible pairs; seeds are the inferential unit.
full,test,score_variant,reference_no_forgetting,seed_mean_of_within_seed_malicious_pair_exposure_median,10.1106975078,,30,s,30,9.91192276862,10.2982065469,mean of per-seed P-squared median estimates,percentile cluster bootstrap (2000 resamples of RNG seeds),independent RNG seed,Within-seed observations are malicious eligible pairs; seeds are the inferential unit.
full,test,score_variant,reference_no_forgetting,seed_mean_of_within_seed_malicious_pair_exposure_q3,24.2916852079,,30,s,30,23.2142262384,25.4163997881,mean of per-seed P-squared q3 estimates,percentile cluster bootstrap (2000 resamples of RNG seeds),independent RNG seed,Within-seed observations are malicious eligible pairs; seeds are the inferential unit.
full,test,score_variant,reference_no_forgetting,detected_delay_q1_pooled_p2,7.3233929312e-06,,20006,s,0,nan,nan,P-squared online quantile over pooled pair observations,not computed for pooled descriptive quantile,detected malicious pair,Constant-memory approximation; use seed rows below for uncertainty.
full,test,score_variant,reference_no_forgetting,detected_delay_median_pooled_p2,0.554958073233,,20006,s,0,nan,nan,P-squared online quantile over pooled pair observations,not computed for pooled descriptive quantile,detected malicious pair,Constant-memory approximation; use seed rows below for uncertainty.
full,test,score_variant,reference_no_forgetting,detected_delay_q3_pooled_p2,1.6702349915,,20006,s,0,nan,nan,P-squared online quantile over pooled pair observations,not computed for pooled descriptive quantile,detected malicious pair,Constant-memory approximation; use seed rows below for uncertainty.
full,test,score_variant,reference_no_forgetting,seed_mean_of_within_seed_detected_delay_q1,0.0103241273795,,30,s,30,0.00257720589302,0.0216278777143,mean of per-seed P-squared q1 estimates,percentile cluster bootstrap (2000 resamples of RNG seeds),independent RNG seed,Within-seed observations are detected malicious pairs; seeds are the inferential unit.
full,test,score_variant,reference_no_forgetting,seed_mean_of_within_seed_detected_delay_median,0.540526084595,,30,s,30,0.477170104372,0.601508562175,mean of per-seed P-squared median estimates,percentile cluster bootstrap (2000 resamples of RNG seeds),independent RNG seed,Within-seed observations are detected malicious pairs; seeds are the inferential unit.
full,test,score_variant,reference_no_forgetting,seed_mean_of_within_seed_detected_delay_q3,1.6590125947,,30,s,30,1.57767824906,1.73609596315,mean of per-seed P-squared q3 estimates,percentile cluster bootstrap (2000 resamples of RNG seeds),independent RNG seed,Within-seed observations are detected malicious pairs; seeds are the inferential unit.
full,test,score_variant,reference_no_forgetting,postwarmup_track_purity_q1_pooled_p2,0.999999983201,,53631,proportion,0,nan,nan,P-squared online quantile over pooled pair observations,not computed for pooled descriptive quantile,eligible pair,Constant-memory approximation; use seed rows below for uncertainty.
full,test,score_variant,reference_no_forgetting,postwarmup_track_purity_median_pooled_p2,0.999999999994,,53631,proportion,0,nan,nan,P-squared online quantile over pooled pair observations,not computed for pooled descriptive quantile,eligible pair,Constant-memory approximation; use seed rows below for uncertainty.
full,test,score_variant,reference_no_forgetting,postwarmup_track_purity_q3_pooled_p2,1,,53631,proportion,0,nan,nan,P-squared online quantile over pooled pair observations,not computed for pooled descriptive quantile,eligible pair,Constant-memory approximation; use seed rows below for uncertainty.
full,test,score_variant,reference_no_forgetting,seed_mean_of_within_seed_postwarmup_track_purity_q1,0.999974144052,,30,proportion,30,0.999938494693,0.999995505953,mean of per-seed P-squared q1 estimates,percentile cluster bootstrap (2000 resamples of RNG seeds),independent RNG seed,Within-seed observations are eligible pairs; seeds are the inferential unit.
full,test,score_variant,reference_no_forgetting,seed_mean_of_within_seed_postwarmup_track_purity_median,0.999999830856,,30,proportion,30,0.999999644791,0.999999945899,mean of per-seed P-squared median estimates,percentile cluster bootstrap (2000 resamples of RNG seeds),independent RNG seed,Within-seed observations are eligible pairs; seeds are the inferential unit.
full,test,score_variant,reference_no_forgetting,seed_mean_of_within_seed_postwarmup_track_purity_q3,0.999999999035,,30,proportion,30,0.99999999735,0.999999999973,mean of per-seed P-squared q3 estimates,percentile cluster bootstrap (2000 resamples of RNG seeds),independent RNG seed,Within-seed observations are eligible pairs; seeds are the inferential unit.
full,test,steady_state,pure_constoffset_steady,pair_prevalence,0.306676669167,8176,26660,proportion,30,0.30160960281,0.31170804856,ratio of pooled event counts/opportunities,percentile cluster bootstrap (2000 resamples of RNG seeds),eligible pair,
full,test,steady_state,pure_constoffset_steady,stream_false_positive_rate_per_negative_pair,0,0,18484,false positives / negative pair,30,0,0,ratio of pooled event counts/opportunities,percentile cluster bootstrap (2000 resamples of RNG seeds),negative eligible pair,
full,test,steady_state,pure_constoffset_steady,stream_false_positives_per_run,0,0,30,false positives / observed pair run,30,0,0,ratio of pooled event counts/runs,percentile cluster bootstrap (2000 resamples of RNG seeds),independent RNG seed,Only runs with complete observed pair blocks contribute.
full,test,steady_state,pure_constoffset_steady,clean_false_positives_per_run,0,0,30,false positives / observed pair run,30,0,0,ratio of pooled event counts/runs,percentile cluster bootstrap (2000 resamples of RNG seeds),independent RNG seed,Only runs with complete observed pair blocks contribute.
full,test,steady_state,pure_constoffset_steady,stream_false_positives_per_receiver_run,0,0,1050,false-positive pair events / honest receiver-run,30,0,0,ratio of pooled event counts/opportunities,percentile cluster bootstrap (2000 resamples of RNG seeds),honest receiver-run,Each honest receiver contributes one exposure unit in each complete observed run.
full,test,steady_state,pure_constoffset_steady,clean_false_positives_per_receiver_run,0,0,1050,clean-pair false-positive events / honest receiver-run,30,0,0,ratio of pooled event counts/opportunities,percentile cluster bootstrap (2000 resamples of RNG seeds),honest receiver-run,Each honest receiver contributes one exposure unit in each complete observed run.
full,test,steady_state,pure_constoffset_steady,stream_false_positives_per_receiver_minute,0,0,875,false positives / receiver-minute,30,0,0,ratio of pooled event counts/opportunities,percentile cluster bootstrap (2000 resamples of RNG seeds),receiver-minute,Receiver-minutes use honest receivers times the common evaluation-window duration.
full,test,steady_state,pure_constoffset_steady,stream_false_positives_per_million_negative_messages,0,0,1436828,false-positive pair events / million negative messages,30,0,0,ratio of pooled event counts/opportunities,percentile cluster bootstrap (2000 resamples of RNG seeds),negative message,"The numerator is a receiver--claimed-identity window event, not a per-message decision; messages provide an exposure denominator."
full,test,steady_state,pure_constoffset_steady,clean_false_positive_rate_per_clean_pair,0,0,18484,false positives / clean honest pair,30,0,0,ratio of pooled event counts/opportunities,percentile cluster bootstrap (2000 resamples of RNG seeds),clean honest eligible pair,
full,test,steady_state,pure_constoffset_steady,clean_false_positives_per_receiver_minute,0,0,875,false positives / receiver-minute,30,0,0,ratio of pooled event counts/opportunities,percentile cluster bootstrap (2000 resamples of RNG seeds),receiver-minute,
full,test,steady_state,pure_constoffset_steady,clean_false_positives_per_million_clean_messages,0,0,1436828,false-positive pair events / million clean messages,30,0,0,ratio of pooled event counts/opportunities,percentile cluster bootstrap (2000 resamples of RNG seeds),clean honest message,"The numerator is a clean-pair window event, not a per-message decision; messages provide an exposure denominator."
full,test,steady_state,pure_constoffset_steady,track_false_positive_pair_rate,0,0,18484,track-alerted clean pairs / clean pair,30,0,0,ratio of pooled event counts/opportunities,percentile cluster bootstrap (2000 resamples of RNG seeds),clean honest eligible pair,Numerator is pair-level because the pair schema exposes whether any track alerted.
full,test,steady_state,pure_constoffset_steady,track_false_positive_pairs_per_clean_evaluation_window_track,0,0,18548,track-alerted clean pairs / clean evaluation-window track,30,0,0,ratio of pooled event counts/opportunities,percentile cluster bootstrap (2000 resamples of RNG seeds),clean evaluation-window content-associated track,Conservative pair-event numerator; individual alerted-track count is not in the schema. Track count requires at least one window message.
full,test,steady_state,pure_constoffset_steady,malicious_delay_censoring_rate,0.999877690802,8175,8176,proportion,30,0.999628756519,1,ratio of pooled event counts/opportunities,percentile cluster bootstrap (2000 resamples of RNG seeds),malicious eligible pair,Censoring is reported separately; delay quartiles condition on detection.
full,test,steady_state,pure_constoffset_steady,postwarmup_track_merges_per_evaluation_window_track,0,0,26757,post-warm-up merges / evaluation-window track,30,0,0,ratio of pooled event counts/opportunities,percentile cluster bootstrap (2000 resamples of RNG seeds),evaluation-window content-associated track,Merge counts span all post-warm-up tracked messages; the pair schema exposes only evaluation-window track count as a normalization base.
full,test,steady_state,pure_constoffset_steady,postwarmup_track_fragments_per_evaluation_window_track,0.00362521956871,97,26757,post-warm-up fragments / evaluation-window track,30,0.00264008956199,0.00473896671077,ratio of pooled event counts/opportunities,percentile cluster bootstrap (2000 resamples of RNG seeds),evaluation-window content-associated track,"Fragment counts span all post-warm-up tracked messages; this is a descriptive normalization, not a window-matched event rate."
full,test,steady_state,pure_constoffset_steady,postwarmup_track_id_switches_per_evaluation_window_track,0,0,26757,post-warm-up ID switches / evaluation-window track,30,0,0,ratio of pooled event counts/opportunities,percentile cluster bootstrap (2000 resamples of RNG seeds),evaluation-window content-associated track,"ID-switch counts span all post-warm-up tracked messages; this is a descriptive normalization, not a window-matched event rate."
full,test,steady_state,pure_constoffset_steady,window_message_weighted_postwarmup_track_purity,1,2068488,2068488,proportion,30,1,1,ratio of pooled event counts/opportunities,percentile cluster bootstrap (2000 resamples of RNG seeds),eligible-window message,Each pair's post-warm-up track purity is weighted by its evaluation-window message count; purity itself is not window-restricted.
full,test,steady_state,pure_constoffset_steady,stride_ambiguous_rate_among_alerts,0,0,1,proportion,1,nan,nan,ratio of pooled event counts/opportunities,percentile cluster bootstrap (2000 resamples of RNG seeds),alerted eligible pair,
full,test,steady_state,pure_constoffset_steady,stride_unassigned_rate_among_alerts,0,0,1,proportion,1,nan,nan,ratio of pooled event counts/opportunities,percentile cluster bootstrap (2000 resamples of RNG seeds),alerted eligible pair,
full,test,steady_state,pure_constoffset_steady,pair_exposure_q1_pooled_p2,7.18147724467,,26660,s,0,nan,nan,P-squared online quantile over pooled pair observations,not computed for pooled descriptive quantile,eligible pair,Constant-memory approximation; use seed rows below for uncertainty.
full,test,steady_state,pure_constoffset_steady,pair_exposure_median_pooled_p2,8.8596858621,,26660,s,0,nan,nan,P-squared online quantile over pooled pair observations,not computed for pooled descriptive quantile,eligible pair,Constant-memory approximation; use seed rows below for uncertainty.
full,test,steady_state,pure_constoffset_steady,pair_exposure_q3_pooled_p2,11.2081525165,,26660,s,0,nan,nan,P-squared online quantile over pooled pair observations,not computed for pooled descriptive quantile,eligible pair,Constant-memory approximation; use seed rows below for uncertainty.
full,test,steady_state,pure_constoffset_steady,seed_mean_of_within_seed_pair_exposure_q1,7.18222862062,,30,s,30,7.12175580489,7.2435569818,mean of per-seed P-squared q1 estimates,percentile cluster bootstrap (2000 resamples of RNG seeds),independent RNG seed,Within-seed observations are eligible pairs; seeds are the inferential unit.
full,test,steady_state,pure_constoffset_steady,seed_mean_of_within_seed_pair_exposure_median,8.82724531347,,30,s,30,8.76640636204,8.89232935822,mean of per-seed P-squared median estimates,percentile cluster bootstrap (2000 resamples of RNG seeds),independent RNG seed,Within-seed observations are eligible pairs; seeds are the inferential unit.
full,test,steady_state,pure_constoffset_steady,seed_mean_of_within_seed_pair_exposure_q3,12.2520985012,,30,s,30,11.6725365246,13.1460470097,mean of per-seed P-squared q3 estimates,percentile cluster bootstrap (2000 resamples of RNG seeds),independent RNG seed,Within-seed observations are eligible pairs; seeds are the inferential unit.
full,test,steady_state,pure_constoffset_steady,clean_pair_exposure_q1_pooled_p2,7.19692668557,,18484,s,0,nan,nan,P-squared online quantile over pooled pair observations,not computed for pooled descriptive quantile,clean honest eligible pair,Constant-memory approximation; use seed rows below for uncertainty.
full,test,steady_state,pure_constoffset_steady,clean_pair_exposure_median_pooled_p2,8.85545751871,,18484,s,0,nan,nan,P-squared online quantile over pooled pair observations,not computed for pooled descriptive quantile,clean honest eligible pair,Constant-memory approximation; use seed rows below for uncertainty.
full,test,steady_state,pure_constoffset_steady,clean_pair_exposure_q3_pooled_p2,11.2937636779,,18484,s,0,nan,nan,P-squared online quantile over pooled pair observations,not computed for pooled descriptive quantile,clean honest eligible pair,Constant-memory approximation; use seed rows below for uncertainty.
full,test,steady_state,pure_constoffset_steady,seed_mean_of_within_seed_clean_pair_exposure_q1,7.19646583791,,30,s,30,7.11982055177,7.27785694946,mean of per-seed P-squared q1 estimates,percentile cluster bootstrap (2000 resamples of RNG seeds),independent RNG seed,Within-seed observations are clean honest eligible pairs; seeds are the inferential unit.
full,test,steady_state,pure_constoffset_steady,seed_mean_of_within_seed_clean_pair_exposure_median,8.82953184627,,30,s,30,8.7539596925,8.90090020808,mean of per-seed P-squared median estimates,percentile cluster bootstrap (2000 resamples of RNG seeds),independent RNG seed,Within-seed observations are clean honest eligible pairs; seeds are the inferential unit.
full,test,steady_state,pure_constoffset_steady,seed_mean_of_within_seed_clean_pair_exposure_q3,12.6948852426,,30,s,30,11.7442925402,13.8701314159,mean of per-seed P-squared q3 estimates,percentile cluster bootstrap (2000 resamples of RNG seeds),independent RNG seed,Within-seed observations are clean honest eligible pairs; seeds are the inferential unit.
full,test,steady_state,pure_constoffset_steady,malicious_pair_exposure_q1_pooled_p2,7.15799332514,,8176,s,0,nan,nan,P-squared online quantile over pooled pair observations,not computed for pooled descriptive quantile,malicious eligible pair,Constant-memory approximation; use seed rows below for uncertainty.
full,test,steady_state,pure_constoffset_steady,malicious_pair_exposure_median_pooled_p2,8.84005518314,,8176,s,0,nan,nan,P-squared online quantile over pooled pair observations,not computed for pooled descriptive quantile,malicious eligible pair,Constant-memory approximation; use seed rows below for uncertainty.
full,test,steady_state,pure_constoffset_steady,malicious_pair_exposure_q3_pooled_p2,11.0430606432,,8176,s,0,nan,nan,P-squared online quantile over pooled pair observations,not computed for pooled descriptive quantile,malicious eligible pair,Constant-memory approximation; use seed rows below for uncertainty.
full,test,steady_state,pure_constoffset_steady,seed_mean_of_within_seed_malicious_pair_exposure_q1,7.10509493112,,30,s,30,7.00656852974,7.1995666788,mean of per-seed P-squared q1 estimates,percentile cluster bootstrap (2000 resamples of RNG seeds),independent RNG seed,Within-seed observations are malicious eligible pairs; seeds are the inferential unit.
full,test,steady_state,pure_constoffset_steady,seed_mean_of_within_seed_malicious_pair_exposure_median,8.84676318257,,30,s,30,8.72480493298,8.97179440757,mean of per-seed P-squared median estimates,percentile cluster bootstrap (2000 resamples of RNG seeds),independent RNG seed,Within-seed observations are malicious eligible pairs; seeds are the inferential unit.
full,test,steady_state,pure_constoffset_steady,seed_mean_of_within_seed_malicious_pair_exposure_q3,13.4242343408,,30,s,30,12.2357192357,14.9335639757,mean of per-seed P-squared q3 estimates,percentile cluster bootstrap (2000 resamples of RNG seeds),independent RNG seed,Within-seed observations are malicious eligible pairs; seeds are the inferential unit.
full,test,steady_state,pure_constoffset_steady,detected_delay_q1_pooled_p2,49.899999586,,1,s,0,nan,nan,P-squared online quantile over pooled pair observations,not computed for pooled descriptive quantile,detected malicious pair,Constant-memory approximation; use seed rows below for uncertainty.
full,test,steady_state,pure_constoffset_steady,detected_delay_median_pooled_p2,49.899999586,,1,s,0,nan,nan,P-squared online quantile over pooled pair observations,not computed for pooled descriptive quantile,detected malicious pair,Constant-memory approximation; use seed rows below for uncertainty.
full,test,steady_state,pure_constoffset_steady,detected_delay_q3_pooled_p2,49.899999586,,1,s,0,nan,nan,P-squared online quantile over pooled pair observations,not computed for pooled descriptive quantile,detected malicious pair,Constant-memory approximation; use seed rows below for uncertainty.
full,test,steady_state,pure_constoffset_steady,seed_mean_of_within_seed_detected_delay_q1,49.899999586,,1,s,1,nan,nan,mean of per-seed P-squared q1 estimates,percentile cluster bootstrap (2000 resamples of RNG seeds),independent RNG seed,Within-seed observations are detected malicious pairs; seeds are the inferential unit.
full,test,steady_state,pure_constoffset_steady,seed_mean_of_within_seed_detected_delay_median,49.899999586,,1,s,1,nan,nan,mean of per-seed P-squared median estimates,percentile cluster bootstrap (2000 resamples of RNG seeds),independent RNG seed,Within-seed observations are detected malicious pairs; seeds are the inferential unit.
full,test,steady_state,pure_constoffset_steady,seed_mean_of_within_seed_detected_delay_q3,49.899999586,,1,s,1,nan,nan,mean of per-seed P-squared q3 estimates,percentile cluster bootstrap (2000 resamples of RNG seeds),independent RNG seed,Within-seed observations are detected malicious pairs; seeds are the inferential unit.
full,test,steady_state,pure_constoffset_steady,postwarmup_track_purity_q1_pooled_p2,1,,26660,proportion,0,nan,nan,P-squared online quantile over pooled pair observations,not computed for pooled descriptive quantile,eligible pair,Constant-memory approximation; use seed rows below for uncertainty.
full,test,steady_state,pure_constoffset_steady,postwarmup_track_purity_median_pooled_p2,1,,26660,proportion,0,nan,nan,P-squared online quantile over pooled pair observations,not computed for pooled descriptive quantile,eligible pair,Constant-memory approximation; use seed rows below for uncertainty.
full,test,steady_state,pure_constoffset_steady,postwarmup_track_purity_q3_pooled_p2,1,,26660,proportion,0,nan,nan,P-squared online quantile over pooled pair observations,not computed for pooled descriptive quantile,eligible pair,Constant-memory approximation; use seed rows below for uncertainty.
full,test,steady_state,pure_constoffset_steady,seed_mean_of_within_seed_postwarmup_track_purity_q1,1,,30,proportion,30,1,1,mean of per-seed P-squared q1 estimates,percentile cluster bootstrap (2000 resamples of RNG seeds),independent RNG seed,Within-seed observations are eligible pairs; seeds are the inferential unit.
full,test,steady_state,pure_constoffset_steady,seed_mean_of_within_seed_postwarmup_track_purity_median,1,,30,proportion,30,1,1,mean of per-seed P-squared median estimates,percentile cluster bootstrap (2000 resamples of RNG seeds),independent RNG seed,Within-seed observations are eligible pairs; seeds are the inferential unit.
full,test,steady_state,pure_constoffset_steady,seed_mean_of_within_seed_postwarmup_track_purity_q3,1,,30,proportion,30,1,1,mean of per-seed P-squared q3 estimates,percentile cluster bootstrap (2000 resamples of RNG seeds),independent RNG seed,Within-seed observations are eligible pairs; seeds are the inferential unit.
full,test,steady_state,pure_falsify_steady,pair_prevalence,0.306676669167,8176,26660,proportion,30,0.301581599178,0.311671577322,ratio of pooled event counts/opportunities,percentile cluster bootstrap (2000 resamples of RNG seeds),eligible pair,
full,test,steady_state,pure_falsify_steady,stream_false_positive_rate_per_negative_pair,0,0,18484,false positives / negative pair,30,0,0,ratio of pooled event counts/opportunities,percentile cluster bootstrap (2000 resamples of RNG seeds),negative eligible pair,
full,test,steady_state,pure_falsify_steady,stream_false_positives_per_run,0,0,30,false positives / observed pair run,30,0,0,ratio of pooled event counts/runs,percentile cluster bootstrap (2000 resamples of RNG seeds),independent RNG seed,Only runs with complete observed pair blocks contribute.
full,test,steady_state,pure_falsify_steady,clean_false_positives_per_run,0,0,30,false positives / observed pair run,30,0,0,ratio of pooled event counts/runs,percentile cluster bootstrap (2000 resamples of RNG seeds),independent RNG seed,Only runs with complete observed pair blocks contribute.
full,test,steady_state,pure_falsify_steady,stream_false_positives_per_receiver_run,0,0,1050,false-positive pair events / honest receiver-run,30,0,0,ratio of pooled event counts/opportunities,percentile cluster bootstrap (2000 resamples of RNG seeds),honest receiver-run,Each honest receiver contributes one exposure unit in each complete observed run.
full,test,steady_state,pure_falsify_steady,clean_false_positives_per_receiver_run,0,0,1050,clean-pair false-positive events / honest receiver-run,30,0,0,ratio of pooled event counts/opportunities,percentile cluster bootstrap (2000 resamples of RNG seeds),honest receiver-run,Each honest receiver contributes one exposure unit in each complete observed run.
full,test,steady_state,pure_falsify_steady,stream_false_positives_per_receiver_minute,0,0,875,false positives / receiver-minute,30,0,0,ratio of pooled event counts/opportunities,percentile cluster bootstrap (2000 resamples of RNG seeds),receiver-minute,Receiver-minutes use honest receivers times the common evaluation-window duration.
full,test,steady_state,pure_falsify_steady,stream_false_positives_per_million_negative_messages,0,0,1436828,false-positive pair events / million negative messages,30,0,0,ratio of pooled event counts/opportunities,percentile cluster bootstrap (2000 resamples of RNG seeds),negative message,"The numerator is a receiver--claimed-identity window event, not a per-message decision; messages provide an exposure denominator."
full,test,steady_state,pure_falsify_steady,clean_false_positive_rate_per_clean_pair,0,0,18484,false positives / clean honest pair,30,0,0,ratio of pooled event counts/opportunities,percentile cluster bootstrap (2000 resamples of RNG seeds),clean honest eligible pair,
full,test,steady_state,pure_falsify_steady,clean_false_positives_per_receiver_minute,0,0,875,false positives / receiver-minute,30,0,0,ratio of pooled event counts/opportunities,percentile cluster bootstrap (2000 resamples of RNG seeds),receiver-minute,
full,test,steady_state,pure_falsify_steady,clean_false_positives_per_million_clean_messages,0,0,1436828,false-positive pair events / million clean messages,30,0,0,ratio of pooled event counts/opportunities,percentile cluster bootstrap (2000 resamples of RNG seeds),clean honest message,"The numerator is a clean-pair window event, not a per-message decision; messages provide an exposure denominator."
full,test,steady_state,pure_falsify_steady,track_false_positive_pair_rate,0,0,18484,track-alerted clean pairs / clean pair,30,0,0,ratio of pooled event counts/opportunities,percentile cluster bootstrap (2000 resamples of RNG seeds),clean honest eligible pair,Numerator is pair-level because the pair schema exposes whether any track alerted.
full,test,steady_state,pure_falsify_steady,track_false_positive_pairs_per_clean_evaluation_window_track,0,0,18548,track-alerted clean pairs / clean evaluation-window track,30,0,0,ratio of pooled event counts/opportunities,percentile cluster bootstrap (2000 resamples of RNG seeds),clean evaluation-window content-associated track,Conservative pair-event numerator; individual alerted-track count is not in the schema. Track count requires at least one window message.
full,test,steady_state,pure_falsify_steady,malicious_delay_censoring_rate,0.0234833659491,192,8176,proportion,30,0.0208202334453,0.0263386233734,ratio of pooled event counts/opportunities,percentile cluster bootstrap (2000 resamples of RNG seeds),malicious eligible pair,Censoring is reported separately; delay quartiles condition on detection.
full,test,steady_state,pure_falsify_steady,postwarmup_track_merges_per_evaluation_window_track,0,0,49868,post-warm-up merges / evaluation-window track,30,0,0,ratio of pooled event counts/opportunities,percentile cluster bootstrap (2000 resamples of RNG seeds),evaluation-window content-associated track,Merge counts span all post-warm-up tracked messages; the pair schema exposes only evaluation-window track count as a normalization base.
full,test,steady_state,pure_falsify_steady,postwarmup_track_fragments_per_evaluation_window_track,0.465789684768,23228,49868,post-warm-up fragments / evaluation-window track,30,0.461722328163,0.469700679278,ratio of pooled event counts/opportunities,percentile cluster bootstrap (2000 resamples of RNG seeds),evaluation-window content-associated track,"Fragment counts span all post-warm-up tracked messages; this is a descriptive normalization, not a window-matched event rate."
full,test,steady_state,pure_falsify_steady,postwarmup_track_id_switches_per_evaluation_window_track,0,0,49868,post-warm-up ID switches / evaluation-window track,30,0,0,ratio of pooled event counts/opportunities,percentile cluster bootstrap (2000 resamples of RNG seeds),evaluation-window content-associated track,"ID-switch counts span all post-warm-up tracked messages; this is a descriptive normalization, not a window-matched event rate."
full,test,steady_state,pure_falsify_steady,window_message_weighted_postwarmup_track_purity,1,2068488,2068488,proportion,30,1,1,ratio of pooled event counts/opportunities,percentile cluster bootstrap (2000 resamples of RNG seeds),eligible-window message,Each pair's post-warm-up track purity is weighted by its evaluation-window message count; purity itself is not window-restricted.
full,test,steady_state,pure_falsify_steady,stride_ambiguous_rate_among_alerts,0,0,7984,proportion,30,0,0,ratio of pooled event counts/opportunities,percentile cluster bootstrap (2000 resamples of RNG seeds),alerted eligible pair,
full,test,steady_state,pure_falsify_steady,stride_unassigned_rate_among_alerts,0,0,7984,proportion,30,0,0,ratio of pooled event counts/opportunities,percentile cluster bootstrap (2000 resamples of RNG seeds),alerted eligible pair,
full,test,steady_state,pure_falsify_steady,pair_exposure_q1_pooled_p2,7.18147724467,,26660,s,0,nan,nan,P-squared online quantile over pooled pair observations,not computed for pooled descriptive quantile,eligible pair,Constant-memory approximation; use seed rows below for uncertainty.
full,test,steady_state,pure_falsify_steady,pair_exposure_median_pooled_p2,8.8596858621,,26660,s,0,nan,nan,P-squared online quantile over pooled pair observations,not computed for pooled descriptive quantile,eligible pair,Constant-memory approximation; use seed rows below for uncertainty.
full,test,steady_state,pure_falsify_steady,pair_exposure_q3_pooled_p2,11.2081525165,,26660,s,0,nan,nan,P-squared online quantile over pooled pair observations,not computed for pooled descriptive quantile,eligible pair,Constant-memory approximation; use seed rows below for uncertainty.
full,test,steady_state,pure_falsify_steady,seed_mean_of_within_seed_pair_exposure_q1,7.18222862062,,30,s,30,7.11844824213,7.24437329159,mean of per-seed P-squared q1 estimates,percentile cluster bootstrap (2000 resamples of RNG seeds),independent RNG seed,Within-seed observations are eligible pairs; seeds are the inferential unit.
full,test,steady_state,pure_falsify_steady,seed_mean_of_within_seed_pair_exposure_median,8.82724531347,,30,s,30,8.76201767322,8.88904428553,mean of per-seed P-squared median estimates,percentile cluster bootstrap (2000 resamples of RNG seeds),independent RNG seed,Within-seed observations are eligible pairs; seeds are the inferential unit.
full,test,steady_state,pure_falsify_steady,seed_mean_of_within_seed_pair_exposure_q3,12.2520985012,,30,s,30,11.6408224998,13.1140882294,mean of per-seed P-squared q3 estimates,percentile cluster bootstrap (2000 resamples of RNG seeds),independent RNG seed,Within-seed observations are eligible pairs; seeds are the inferential unit.
full,test,steady_state,pure_falsify_steady,clean_pair_exposure_q1_pooled_p2,7.19692668557,,18484,s,0,nan,nan,P-squared online quantile over pooled pair observations,not computed for pooled descriptive quantile,clean honest eligible pair,Constant-memory approximation; use seed rows below for uncertainty.
full,test,steady_state,pure_falsify_steady,clean_pair_exposure_median_pooled_p2,8.85545751871,,18484,s,0,nan,nan,P-squared online quantile over pooled pair observations,not computed for pooled descriptive quantile,clean honest eligible pair,Constant-memory approximation; use seed rows below for uncertainty.
full,test,steady_state,pure_falsify_steady,clean_pair_exposure_q3_pooled_p2,11.2937636779,,18484,s,0,nan,nan,P-squared online quantile over pooled pair observations,not computed for pooled descriptive quantile,clean honest eligible pair,Constant-memory approximation; use seed rows below for uncertainty.
full,test,steady_state,pure_falsify_steady,seed_mean_of_within_seed_clean_pair_exposure_q1,7.19646583791,,30,s,30,7.12409610527,7.27240775692,mean of per-seed P-squared q1 estimates,percentile cluster bootstrap (2000 resamples of RNG seeds),independent RNG seed,Within-seed observations are clean honest eligible pairs; seeds are the inferential unit.
full,test,steady_state,pure_falsify_steady,seed_mean_of_within_seed_clean_pair_exposure_median,8.82953184627,,30,s,30,8.75804693107,8.9044860992,mean of per-seed P-squared median estimates,percentile cluster bootstrap (2000 resamples of RNG seeds),independent RNG seed,Within-seed observations are clean honest eligible pairs; seeds are the inferential unit.
full,test,steady_state,pure_falsify_steady,seed_mean_of_within_seed_clean_pair_exposure_q3,12.6948852426,,30,s,30,11.7468059612,13.9497548146,mean of per-seed P-squared q3 estimates,percentile cluster bootstrap (2000 resamples of RNG seeds),independent RNG seed,Within-seed observations are clean honest eligible pairs; seeds are the inferential unit.
full,test,steady_state,pure_falsify_steady,malicious_pair_exposure_q1_pooled_p2,7.15799332514,,8176,s,0,nan,nan,P-squared online quantile over pooled pair observations,not computed for pooled descriptive quantile,malicious eligible pair,Constant-memory approximation; use seed rows below for uncertainty.
full,test,steady_state,pure_falsify_steady,malicious_pair_exposure_median_pooled_p2,8.84005518314,,8176,s,0,nan,nan,P-squared online quantile over pooled pair observations,not computed for pooled descriptive quantile,malicious eligible pair,Constant-memory approximation; use seed rows below for uncertainty.
full,test,steady_state,pure_falsify_steady,malicious_pair_exposure_q3_pooled_p2,11.0430606432,,8176,s,0,nan,nan,P-squared online quantile over pooled pair observations,not computed for pooled descriptive quantile,malicious eligible pair,Constant-memory approximation; use seed rows below for uncertainty.
full,test,steady_state,pure_falsify_steady,seed_mean_of_within_seed_malicious_pair_exposure_q1,7.10509493112,,30,s,30,7.00284355566,7.19690376933,mean of per-seed P-squared q1 estimates,percentile cluster bootstrap (2000 resamples of RNG seeds),independent RNG seed,Within-seed observations are malicious eligible pairs; seeds are the inferential unit.
full,test,steady_state,pure_falsify_steady,seed_mean_of_within_seed_malicious_pair_exposure_median,8.84676318257,,30,s,30,8.73112920496,8.97218142128,mean of per-seed P-squared median estimates,percentile cluster bootstrap (2000 resamples of RNG seeds),independent RNG seed,Within-seed observations are malicious eligible pairs; seeds are the inferential unit.
full,test,steady_state,pure_falsify_steady,seed_mean_of_within_seed_malicious_pair_exposure_q3,13.4242343408,,30,s,30,12.1979063761,14.9117470413,mean of per-seed P-squared q3 estimates,percentile cluster bootstrap (2000 resamples of RNG seeds),independent RNG seed,Within-seed observations are malicious eligible pairs; seeds are the inferential unit.
full,test,steady_state,pure_falsify_steady,detected_delay_q1_pooled_p2,0.485286841805,,7984,s,0,nan,nan,P-squared online quantile over pooled pair observations,not computed for pooled descriptive quantile,detected malicious pair,Constant-memory approximation; use seed rows below for uncertainty.
full,test,steady_state,pure_falsify_steady,detected_delay_median_pooled_p2,0.700170558351,,7984,s,0,nan,nan,P-squared online quantile over pooled pair observations,not computed for pooled descriptive quantile,detected malicious pair,Constant-memory approximation; use seed rows below for uncertainty.
full,test,steady_state,pure_falsify_steady,detected_delay_q3_pooled_p2,1.19593009333,,7984,s,0,nan,nan,P-squared online quantile over pooled pair observations,not computed for pooled descriptive quantile,detected malicious pair,Constant-memory approximation; use seed rows below for uncertainty.
full,test,steady_state,pure_falsify_steady,seed_mean_of_within_seed_detected_delay_q1,0.423773542185,,30,s,30,0.395023171843,0.452185697796,mean of per-seed P-squared q1 estimates,percentile cluster bootstrap (2000 resamples of RNG seeds),independent RNG seed,Within-seed observations are detected malicious pairs; seeds are the inferential unit.
full,test,steady_state,pure_falsify_steady,seed_mean_of_within_seed_detected_delay_median,0.696094226854,,30,s,30,0.67553368566,0.717100546428,mean of per-seed P-squared median estimates,percentile cluster bootstrap (2000 resamples of RNG seeds),independent RNG seed,Within-seed observations are detected malicious pairs; seeds are the inferential unit.
full,test,steady_state,pure_falsify_steady,seed_mean_of_within_seed_detected_delay_q3,1.17751613863,,30,s,30,1.13988276457,1.21518201713,mean of per-seed P-squared q3 estimates,percentile cluster bootstrap (2000 resamples of RNG seeds),independent RNG seed,Within-seed observations are detected malicious pairs; seeds are the inferential unit.
full,test,steady_state,pure_falsify_steady,postwarmup_track_purity_q1_pooled_p2,1,,26660,proportion,0,nan,nan,P-squared online quantile over pooled pair observations,not computed for pooled descriptive quantile,eligible pair,Constant-memory approximation; use seed rows below for uncertainty.
full,test,steady_state,pure_falsify_steady,postwarmup_track_purity_median_pooled_p2,1,,26660,proportion,0,nan,nan,P-squared online quantile over pooled pair observations,not computed for pooled descriptive quantile,eligible pair,Constant-memory approximation; use seed rows below for uncertainty.
full,test,steady_state,pure_falsify_steady,postwarmup_track_purity_q3_pooled_p2,1,,26660,proportion,0,nan,nan,P-squared online quantile over pooled pair observations,not computed for pooled descriptive quantile,eligible pair,Constant-memory approximation; use seed rows below for uncertainty.
full,test,steady_state,pure_falsify_steady,seed_mean_of_within_seed_postwarmup_track_purity_q1,1,,30,proportion,30,1,1,mean of per-seed P-squared q1 estimates,percentile cluster bootstrap (2000 resamples of RNG seeds),independent RNG seed,Within-seed observations are eligible pairs; seeds are the inferential unit.
full,test,steady_state,pure_falsify_steady,seed_mean_of_within_seed_postwarmup_track_purity_median,1,,30,proportion,30,1,1,mean of per-seed P-squared median estimates,percentile cluster bootstrap (2000 resamples of RNG seeds),independent RNG seed,Within-seed observations are eligible pairs; seeds are the inferential unit.
full,test,steady_state,pure_falsify_steady,seed_mean_of_within_seed_postwarmup_track_purity_q3,1,,30,proportion,30,1,1,mean of per-seed P-squared q3 estimates,percentile cluster bootstrap (2000 resamples of RNG seeds),independent RNG seed,Within-seed observations are eligible pairs; seeds are the inferential unit.
full,test,steady_state,pure_revheading_steady,pair_prevalence,0.306676669167,8176,26660,proportion,30,0.301819647401,0.31152969493,ratio of pooled event counts/opportunities,percentile cluster bootstrap (2000 resamples of RNG seeds),eligible pair,
full,test,steady_state,pure_revheading_steady,stream_false_positive_rate_per_negative_pair,0,0,18484,false positives / negative pair,30,0,0,ratio of pooled event counts/opportunities,percentile cluster bootstrap (2000 resamples of RNG seeds),negative eligible pair,
full,test,steady_state,pure_revheading_steady,stream_false_positives_per_run,0,0,30,false positives / observed pair run,30,0,0,ratio of pooled event counts/runs,percentile cluster bootstrap (2000 resamples of RNG seeds),independent RNG seed,Only runs with complete observed pair blocks contribute.
full,test,steady_state,pure_revheading_steady,clean_false_positives_per_run,0,0,30,false positives / observed pair run,30,0,0,ratio of pooled event counts/runs,percentile cluster bootstrap (2000 resamples of RNG seeds),independent RNG seed,Only runs with complete observed pair blocks contribute.
full,test,steady_state,pure_revheading_steady,stream_false_positives_per_receiver_run,0,0,1050,false-positive pair events / honest receiver-run,30,0,0,ratio of pooled event counts/opportunities,percentile cluster bootstrap (2000 resamples of RNG seeds),honest receiver-run,Each honest receiver contributes one exposure unit in each complete observed run.
full,test,steady_state,pure_revheading_steady,clean_false_positives_per_receiver_run,0,0,1050,clean-pair false-positive events / honest receiver-run,30,0,0,ratio of pooled event counts/opportunities,percentile cluster bootstrap (2000 resamples of RNG seeds),honest receiver-run,Each honest receiver contributes one exposure unit in each complete observed run.
full,test,steady_state,pure_revheading_steady,stream_false_positives_per_receiver_minute,0,0,875,false positives / receiver-minute,30,0,0,ratio of pooled event counts/opportunities,percentile cluster bootstrap (2000 resamples of RNG seeds),receiver-minute,Receiver-minutes use honest receivers times the common evaluation-window duration.
full,test,steady_state,pure_revheading_steady,stream_false_positives_per_million_negative_messages,0,0,1436828,false-positive pair events / million negative messages,30,0,0,ratio of pooled event counts/opportunities,percentile cluster bootstrap (2000 resamples of RNG seeds),negative message,"The numerator is a receiver--claimed-identity window event, not a per-message decision; messages provide an exposure denominator."
full,test,steady_state,pure_revheading_steady,clean_false_positive_rate_per_clean_pair,0,0,18484,false positives / clean honest pair,30,0,0,ratio of pooled event counts/opportunities,percentile cluster bootstrap (2000 resamples of RNG seeds),clean honest eligible pair,
full,test,steady_state,pure_revheading_steady,clean_false_positives_per_receiver_minute,0,0,875,false positives / receiver-minute,30,0,0,ratio of pooled event counts/opportunities,percentile cluster bootstrap (2000 resamples of RNG seeds),receiver-minute,
full,test,steady_state,pure_revheading_steady,clean_false_positives_per_million_clean_messages,0,0,1436828,false-positive pair events / million clean messages,30,0,0,ratio of pooled event counts/opportunities,percentile cluster bootstrap (2000 resamples of RNG seeds),clean honest message,"The numerator is a clean-pair window event, not a per-message decision; messages provide an exposure denominator."
full,test,steady_state,pure_revheading_steady,track_false_positive_pair_rate,0,0,18484,track-alerted clean pairs / clean pair,30,0,0,ratio of pooled event counts/opportunities,percentile cluster bootstrap (2000 resamples of RNG seeds),clean honest eligible pair,Numerator is pair-level because the pair schema exposes whether any track alerted.
full,test,steady_state,pure_revheading_steady,track_false_positive_pairs_per_clean_evaluation_window_track,0,0,18548,track-alerted clean pairs / clean evaluation-window track,30,0,0,ratio of pooled event counts/opportunities,percentile cluster bootstrap (2000 resamples of RNG seeds),clean evaluation-window content-associated track,Conservative pair-event numerator; individual alerted-track count is not in the schema. Track count requires at least one window message.
full,test,steady_state,pure_revheading_steady,malicious_delay_censoring_rate,0.0391389432485,320,8176,proportion,30,0.0356393367639,0.0427623510979,ratio of pooled event counts/opportunities,percentile cluster bootstrap (2000 resamples of RNG seeds),malicious eligible pair,Censoring is reported separately; delay quartiles condition on detection.
full,test,steady_state,pure_revheading_steady,postwarmup_track_merges_per_evaluation_window_track,0,0,29136,post-warm-up merges / evaluation-window track,30,0,0,ratio of pooled event counts/opportunities,percentile cluster bootstrap (2000 resamples of RNG seeds),evaluation-window content-associated track,Merge counts span all post-warm-up tracked messages; the pair schema exposes only evaluation-window track count as a normalization base.
full,test,steady_state,pure_revheading_steady,postwarmup_track_fragments_per_evaluation_window_track,0.0849807797913,2476,29136,post-warm-up fragments / evaluation-window track,30,0.0735331338901,0.0954865963734,ratio of pooled event counts/opportunities,percentile cluster bootstrap (2000 resamples of RNG seeds),evaluation-window content-associated track,"Fragment counts span all post-warm-up tracked messages; this is a descriptive normalization, not a window-matched event rate."
full,test,steady_state,pure_revheading_steady,postwarmup_track_id_switches_per_evaluation_window_track,0,0,29136,post-warm-up ID switches / evaluation-window track,30,0,0,ratio of pooled event counts/opportunities,percentile cluster bootstrap (2000 resamples of RNG seeds),evaluation-window content-associated track,"ID-switch counts span all post-warm-up tracked messages; this is a descriptive normalization, not a window-matched event rate."
full,test,steady_state,pure_revheading_steady,window_message_weighted_postwarmup_track_purity,1,2068488,2068488,proportion,30,1,1,ratio of pooled event counts/opportunities,percentile cluster bootstrap (2000 resamples of RNG seeds),eligible-window message,Each pair's post-warm-up track purity is weighted by its evaluation-window message count; purity itself is not window-restricted.
full,test,steady_state,pure_revheading_steady,stride_ambiguous_rate_among_alerts,0,0,7856,proportion,30,0,0,ratio of pooled event counts/opportunities,percentile cluster bootstrap (2000 resamples of RNG seeds),alerted eligible pair,
full,test,steady_state,pure_revheading_steady,stride_unassigned_rate_among_alerts,0,0,7856,proportion,30,0,0,ratio of pooled event counts/opportunities,percentile cluster bootstrap (2000 resamples of RNG seeds),alerted eligible pair,
full,test,steady_state,pure_revheading_steady,pair_exposure_q1_pooled_p2,7.18147724467,,26660,s,0,nan,nan,P-squared online quantile over pooled pair observations,not computed for pooled descriptive quantile,eligible pair,Constant-memory approximation; use seed rows below for uncertainty.
full,test,steady_state,pure_revheading_steady,pair_exposure_median_pooled_p2,8.8596858621,,26660,s,0,nan,nan,P-squared online quantile over pooled pair observations,not computed for pooled descriptive quantile,eligible pair,Constant-memory approximation; use seed rows below for uncertainty.
full,test,steady_state,pure_revheading_steady,pair_exposure_q3_pooled_p2,11.2081525165,,26660,s,0,nan,nan,P-squared online quantile over pooled pair observations,not computed for pooled descriptive quantile,eligible pair,Constant-memory approximation; use seed rows below for uncertainty.
full,test,steady_state,pure_revheading_steady,seed_mean_of_within_seed_pair_exposure_q1,7.18222862062,,30,s,30,7.12247028681,7.24383831225,mean of per-seed P-squared q1 estimates,percentile cluster bootstrap (2000 resamples of RNG seeds),independent RNG seed,Within-seed observations are eligible pairs; seeds are the inferential unit.
full,test,steady_state,pure_revheading_steady,seed_mean_of_within_seed_pair_exposure_median,8.82724531347,,30,s,30,8.7642748035,8.89016653754,mean of per-seed P-squared median estimates,percentile cluster bootstrap (2000 resamples of RNG seeds),independent RNG seed,Within-seed observations are eligible pairs; seeds are the inferential unit.
full,test,steady_state,pure_revheading_steady,seed_mean_of_within_seed_pair_exposure_q3,12.2520985012,,30,s,30,11.6784567291,13.0846702426,mean of per-seed P-squared q3 estimates,percentile cluster bootstrap (2000 resamples of RNG seeds),independent RNG seed,Within-seed observations are eligible pairs; seeds are the inferential unit.
full,test,steady_state,pure_revheading_steady,clean_pair_exposure_q1_pooled_p2,7.19692668557,,18484,s,0,nan,nan,P-squared online quantile over pooled pair observations,not computed for pooled descriptive quantile,clean honest eligible pair,Constant-memory approximation; use seed rows below for uncertainty.
full,test,steady_state,pure_revheading_steady,clean_pair_exposure_median_pooled_p2,8.85545751871,,18484,s,0,nan,nan,P-squared online quantile over pooled pair observations,not computed for pooled descriptive quantile,clean honest eligible pair,Constant-memory approximation; use seed rows below for uncertainty.
full,test,steady_state,pure_revheading_steady,clean_pair_exposure_q3_pooled_p2,11.2937636779,,18484,s,0,nan,nan,P-squared online quantile over pooled pair observations,not computed for pooled descriptive quantile,clean honest eligible pair,Constant-memory approximation; use seed rows below for uncertainty.
full,test,steady_state,pure_revheading_steady,seed_mean_of_within_seed_clean_pair_exposure_q1,7.19646583791,,30,s,30,7.12034662734,7.27337332173,mean of per-seed P-squared q1 estimates,percentile cluster bootstrap (2000 resamples of RNG seeds),independent RNG seed,Within-seed observations are clean honest eligible pairs; seeds are the inferential unit.
full,test,steady_state,pure_revheading_steady,seed_mean_of_within_seed_clean_pair_exposure_median,8.82953184627,,30,s,30,8.7606587858,8.90172541136,mean of per-seed P-squared median estimates,percentile cluster bootstrap (2000 resamples of RNG seeds),independent RNG seed,Within-seed observations are clean honest eligible pairs; seeds are the inferential unit.
full,test,steady_state,pure_revheading_steady,seed_mean_of_within_seed_clean_pair_exposure_q3,12.6948852426,,30,s,30,11.7374955728,13.95144748,mean of per-seed P-squared q3 estimates,percentile cluster bootstrap (2000 resamples of RNG seeds),independent RNG seed,Within-seed observations are clean honest eligible pairs; seeds are the inferential unit.
full,test,steady_state,pure_revheading_steady,malicious_pair_exposure_q1_pooled_p2,7.15799332514,,8176,s,0,nan,nan,P-squared online quantile over pooled pair observations,not computed for pooled descriptive quantile,malicious eligible pair,Constant-memory approximation; use seed rows below for uncertainty.
full,test,steady_state,pure_revheading_steady,malicious_pair_exposure_median_pooled_p2,8.84005518314,,8176,s,0,nan,nan,P-squared online quantile over pooled pair observations,not computed for pooled descriptive quantile,malicious eligible pair,Constant-memory approximation; use seed rows below for uncertainty.
full,test,steady_state,pure_revheading_steady,malicious_pair_exposure_q3_pooled_p2,11.0430606432,,8176,s,0,nan,nan,P-squared online quantile over pooled pair observations,not computed for pooled descriptive quantile,malicious eligible pair,Constant-memory approximation; use seed rows below for uncertainty.
full,test,steady_state,pure_revheading_steady,seed_mean_of_within_seed_malicious_pair_exposure_q1,7.10509493112,,30,s,30,7.00212661595,7.20050183388,mean of per-seed P-squared q1 estimates,percentile cluster bootstrap (2000 resamples of RNG seeds),independent RNG seed,Within-seed observations are malicious eligible pairs; seeds are the inferential unit.
full,test,steady_state,pure_revheading_steady,seed_mean_of_within_seed_malicious_pair_exposure_median,8.84676318257,,30,s,30,8.72674609484,8.97363984101,mean of per-seed P-squared median estimates,percentile cluster bootstrap (2000 resamples of RNG seeds),independent RNG seed,Within-seed observations are malicious eligible pairs; seeds are the inferential unit.
full,test,steady_state,pure_revheading_steady,seed_mean_of_within_seed_malicious_pair_exposure_q3,13.4242343408,,30,s,30,12.2464076006,14.9381993014,mean of per-seed P-squared q3 estimates,percentile cluster bootstrap (2000 resamples of RNG seeds),independent RNG seed,Within-seed observations are malicious eligible pairs; seeds are the inferential unit.
full,test,steady_state,pure_revheading_steady,detected_delay_q1_pooled_p2,1.00479788128,,7856,s,0,nan,nan,P-squared online quantile over pooled pair observations,not computed for pooled descriptive quantile,detected malicious pair,Constant-memory approximation; use seed rows below for uncertainty.
full,test,steady_state,pure_revheading_steady,detected_delay_median_pooled_p2,1.39989874386,,7856,s,0,nan,nan,P-squared online quantile over pooled pair observations,not computed for pooled descriptive quantile,detected malicious pair,Constant-memory approximation; use seed rows below for uncertainty.
full,test,steady_state,pure_revheading_steady,detected_delay_q3_pooled_p2,1.8972550341,,7856,s,0,nan,nan,P-squared online quantile over pooled pair observations,not computed for pooled descriptive quantile,detected malicious pair,Constant-memory approximation; use seed rows below for uncertainty.
full,test,steady_state,pure_revheading_steady,seed_mean_of_within_seed_detected_delay_q1,1.02930649422,,30,s,30,1.00817951789,1.04857015701,mean of per-seed P-squared q1 estimates,percentile cluster bootstrap (2000 resamples of RNG seeds),independent RNG seed,Within-seed observations are detected malicious pairs; seeds are the inferential unit.
full,test,steady_state,pure_revheading_steady,seed_mean_of_within_seed_detected_delay_median,1.37454769979,,30,s,30,1.34949365245,1.39758984252,mean of per-seed P-squared median estimates,percentile cluster bootstrap (2000 resamples of RNG seeds),independent RNG seed,Within-seed observations are detected malicious pairs; seeds are the inferential unit.
full,test,steady_state,pure_revheading_steady,seed_mean_of_within_seed_detected_delay_q3,1.88563606987,,30,s,30,1.84449159875,1.92733902545,mean of per-seed P-squared q3 estimates,percentile cluster bootstrap (2000 resamples of RNG seeds),independent RNG seed,Within-seed observations are detected malicious pairs; seeds are the inferential unit.
full,test,steady_state,pure_revheading_steady,postwarmup_track_purity_q1_pooled_p2,1,,26660,proportion,0,nan,nan,P-squared online quantile over pooled pair observations,not computed for pooled descriptive quantile,eligible pair,Constant-memory approximation; use seed rows below for uncertainty.
full,test,steady_state,pure_revheading_steady,postwarmup_track_purity_median_pooled_p2,1,,26660,proportion,0,nan,nan,P-squared online quantile over pooled pair observations,not computed for pooled descriptive quantile,eligible pair,Constant-memory approximation; use seed rows below for uncertainty.
full,test,steady_state,pure_revheading_steady,postwarmup_track_purity_q3_pooled_p2,1,,26660,proportion,0,nan,nan,P-squared online quantile over pooled pair observations,not computed for pooled descriptive quantile,eligible pair,Constant-memory approximation; use seed rows below for uncertainty.
full,test,steady_state,pure_revheading_steady,seed_mean_of_within_seed_postwarmup_track_purity_q1,1,,30,proportion,30,1,1,mean of per-seed P-squared q1 estimates,percentile cluster bootstrap (2000 resamples of RNG seeds),independent RNG seed,Within-seed observations are eligible pairs; seeds are the inferential unit.
full,test,steady_state,pure_revheading_steady,seed_mean_of_within_seed_postwarmup_track_purity_median,1,,30,proportion,30,1,1,mean of per-seed P-squared median estimates,percentile cluster bootstrap (2000 resamples of RNG seeds),independent RNG seed,Within-seed observations are eligible pairs; seeds are the inferential unit.
full,test,steady_state,pure_revheading_steady,seed_mean_of_within_seed_postwarmup_track_purity_q3,1,,30,proportion,30,1,1,mean of per-seed P-squared q3 estimates,percentile cluster bootstrap (2000 resamples of RNG seeds),independent RNG seed,Within-seed observations are eligible pairs; seeds are the inferential unit.
full,test,steady_state,pure_slydos_steady,pair_prevalence,0.308770225328,8263,26761,proportion,30,0.304103240864,0.313346935165,ratio of pooled event counts/opportunities,percentile cluster bootstrap (2000 resamples of RNG seeds),eligible pair,
full,test,steady_state,pure_slydos_steady,stream_false_positive_rate_per_negative_pair,0,0,18498,false positives / negative pair,30,0,0,ratio of pooled event counts/opportunities,percentile cluster bootstrap (2000 resamples of RNG seeds),negative eligible pair,
full,test,steady_state,pure_slydos_steady,stream_false_positives_per_run,0,0,30,false positives / observed pair run,30,0,0,ratio of pooled event counts/runs,percentile cluster bootstrap (2000 resamples of RNG seeds),independent RNG seed,Only runs with complete observed pair blocks contribute.
full,test,steady_state,pure_slydos_steady,clean_false_positives_per_run,0,0,30,false positives / observed pair run,30,0,0,ratio of pooled event counts/runs,percentile cluster bootstrap (2000 resamples of RNG seeds),independent RNG seed,Only runs with complete observed pair blocks contribute.
full,test,steady_state,pure_slydos_steady,stream_false_positives_per_receiver_run,0,0,1050,false-positive pair events / honest receiver-run,30,0,0,ratio of pooled event counts/opportunities,percentile cluster bootstrap (2000 resamples of RNG seeds),honest receiver-run,Each honest receiver contributes one exposure unit in each complete observed run.
full,test,steady_state,pure_slydos_steady,clean_false_positives_per_receiver_run,0,0,1050,clean-pair false-positive events / honest receiver-run,30,0,0,ratio of pooled event counts/opportunities,percentile cluster bootstrap (2000 resamples of RNG seeds),honest receiver-run,Each honest receiver contributes one exposure unit in each complete observed run.
full,test,steady_state,pure_slydos_steady,stream_false_positives_per_receiver_minute,0,0,875,false positives / receiver-minute,30,0,0,ratio of pooled event counts/opportunities,percentile cluster bootstrap (2000 resamples of RNG seeds),receiver-minute,Receiver-minutes use honest receivers times the common evaluation-window duration.
full,test,steady_state,pure_slydos_steady,stream_false_positives_per_million_negative_messages,0,0,1431373,false-positive pair events / million negative messages,30,0,0,ratio of pooled event counts/opportunities,percentile cluster bootstrap (2000 resamples of RNG seeds),negative message,"The numerator is a receiver--claimed-identity window event, not a per-message decision; messages provide an exposure denominator."
full,test,steady_state,pure_slydos_steady,clean_false_positive_rate_per_clean_pair,0,0,18498,false positives / clean honest pair,30,0,0,ratio of pooled event counts/opportunities,percentile cluster bootstrap (2000 resamples of RNG seeds),clean honest eligible pair,
full,test,steady_state,pure_slydos_steady,clean_false_positives_per_receiver_minute,0,0,875,false positives / receiver-minute,30,0,0,ratio of pooled event counts/opportunities,percentile cluster bootstrap (2000 resamples of RNG seeds),receiver-minute,
full,test,steady_state,pure_slydos_steady,clean_false_positives_per_million_clean_messages,0,0,1431373,false-positive pair events / million clean messages,30,0,0,ratio of pooled event counts/opportunities,percentile cluster bootstrap (2000 resamples of RNG seeds),clean honest message,"The numerator is a clean-pair window event, not a per-message decision; messages provide an exposure denominator."
full,test,steady_state,pure_slydos_steady,track_false_positive_pair_rate,0,0,18498,track-alerted clean pairs / clean pair,30,0,0,ratio of pooled event counts/opportunities,percentile cluster bootstrap (2000 resamples of RNG seeds),clean honest eligible pair,Numerator is pair-level because the pair schema exposes whether any track alerted.
full,test,steady_state,pure_slydos_steady,track_false_positive_pairs_per_clean_evaluation_window_track,0,0,18561,track-alerted clean pairs / clean evaluation-window track,30,0,0,ratio of pooled event counts/opportunities,percentile cluster bootstrap (2000 resamples of RNG seeds),clean evaluation-window content-associated track,Conservative pair-event numerator; individual alerted-track count is not in the schema. Track count requires at least one window message.
full,test,steady_state,pure_slydos_steady,malicious_delay_censoring_rate,1,8263,8263,proportion,30,1,1,ratio of pooled event counts/opportunities,percentile cluster bootstrap (2000 resamples of RNG seeds),malicious eligible pair,Censoring is reported separately; delay quartiles condition on detection.
full,test,steady_state,pure_slydos_steady,postwarmup_track_merges_per_evaluation_window_track,0,0,26992,post-warm-up merges / evaluation-window track,30,0,0,ratio of pooled event counts/opportunities,percentile cluster bootstrap (2000 resamples of RNG seeds),evaluation-window content-associated track,Merge counts span all post-warm-up tracked messages; the pair schema exposes only evaluation-window track count as a normalization base.
full,test,steady_state,pure_slydos_steady,postwarmup_track_fragments_per_evaluation_window_track,0.00855809128631,231,26992,post-warm-up fragments / evaluation-window track,30,0.00716651359038,0.00993257464157,ratio of pooled event counts/opportunities,percentile cluster bootstrap (2000 resamples of RNG seeds),evaluation-window content-associated track,"Fragment counts span all post-warm-up tracked messages; this is a descriptive normalization, not a window-matched event rate."
full,test,steady_state,pure_slydos_steady,postwarmup_track_id_switches_per_evaluation_window_track,0,0,26992,post-warm-up ID switches / evaluation-window track,30,0,0,ratio of pooled event counts/opportunities,percentile cluster bootstrap (2000 resamples of RNG seeds),evaluation-window content-associated track,"ID-switch counts span all post-warm-up tracked messages; this is a descriptive normalization, not a window-matched event rate."
full,test,steady_state,pure_slydos_steady,window_message_weighted_postwarmup_track_purity,1,2435610,2435610,proportion,30,1,1,ratio of pooled event counts/opportunities,percentile cluster bootstrap (2000 resamples of RNG seeds),eligible-window message,Each pair's post-warm-up track purity is weighted by its evaluation-window message count; purity itself is not window-restricted.
full,test,steady_state,pure_slydos_steady,stride_ambiguous_rate_among_alerts,nan,0,0,proportion,0,nan,nan,ratio of pooled event counts/opportunities,percentile cluster bootstrap (2000 resamples of RNG seeds),alerted eligible pair,
full,test,steady_state,pure_slydos_steady,stride_unassigned_rate_among_alerts,nan,0,0,proportion,0,nan,nan,ratio of pooled event counts/opportunities,percentile cluster bootstrap (2000 resamples of RNG seeds),alerted eligible pair,
full,test,steady_state,pure_slydos_steady,pair_exposure_q1_pooled_p2,7.38820230166,,26761,s,0,nan,nan,P-squared online quantile over pooled pair observations,not computed for pooled descriptive quantile,eligible pair,Constant-memory approximation; use seed rows below for uncertainty.
full,test,steady_state,pure_slydos_steady,pair_exposure_median_pooled_p2,9.02206631329,,26761,s,0,nan,nan,P-squared online quantile over pooled pair observations,not computed for pooled descriptive quantile,eligible pair,Constant-memory approximation; use seed rows below for uncertainty.
full,test,steady_state,pure_slydos_steady,pair_exposure_q3_pooled_p2,11.4068280892,,26761,s,0,nan,nan,P-squared online quantile over pooled pair observations,not computed for pooled descriptive quantile,eligible pair,Constant-memory approximation; use seed rows below for uncertainty.
full,test,steady_state,pure_slydos_steady,seed_mean_of_within_seed_pair_exposure_q1,7.38438558881,,30,s,30,7.30432829753,7.46043128849,mean of per-seed P-squared q1 estimates,percentile cluster bootstrap (2000 resamples of RNG seeds),independent RNG seed,Within-seed observations are eligible pairs; seeds are the inferential unit.
full,test,steady_state,pure_slydos_steady,seed_mean_of_within_seed_pair_exposure_median,9.02764002066,,30,s,30,8.952722812,9.09442536546,mean of per-seed P-squared median estimates,percentile cluster bootstrap (2000 resamples of RNG seeds),independent RNG seed,Within-seed observations are eligible pairs; seeds are the inferential unit.
full,test,steady_state,pure_slydos_steady,seed_mean_of_within_seed_pair_exposure_q3,12.1703092996,,30,s,30,11.6415616122,12.9497627711,mean of per-seed P-squared q3 estimates,percentile cluster bootstrap (2000 resamples of RNG seeds),independent RNG seed,Within-seed observations are eligible pairs; seeds are the inferential unit.
full,test,steady_state,pure_slydos_steady,clean_pair_exposure_q1_pooled_p2,7.24941827736,,18498,s,0,nan,nan,P-squared online quantile over pooled pair observations,not computed for pooled descriptive quantile,clean honest eligible pair,Constant-memory approximation; use seed rows below for uncertainty.
full,test,steady_state,pure_slydos_steady,clean_pair_exposure_median_pooled_p2,8.84927231112,,18498,s,0,nan,nan,P-squared online quantile over pooled pair observations,not computed for pooled descriptive quantile,clean honest eligible pair,Constant-memory approximation; use seed rows below for uncertainty.
full,test,steady_state,pure_slydos_steady,clean_pair_exposure_q3_pooled_p2,11.1969486961,,18498,s,0,nan,nan,P-squared online quantile over pooled pair observations,not computed for pooled descriptive quantile,clean honest eligible pair,Constant-memory approximation; use seed rows below for uncertainty.
full,test,steady_state,pure_slydos_steady,seed_mean_of_within_seed_clean_pair_exposure_q1,7.21787998805,,30,s,30,7.11997820875,7.31837509,mean of per-seed P-squared q1 estimates,percentile cluster bootstrap (2000 resamples of RNG seeds),independent RNG seed,Within-seed observations are clean honest eligible pairs; seeds are the inferential unit.
full,test,steady_state,pure_slydos_steady,seed_mean_of_within_seed_clean_pair_exposure_median,8.83077541679,,30,s,30,8.75410034557,8.90780973229,mean of per-seed P-squared median estimates,percentile cluster bootstrap (2000 resamples of RNG seeds),independent RNG seed,Within-seed observations are clean honest eligible pairs; seeds are the inferential unit.
full,test,steady_state,pure_slydos_steady,seed_mean_of_within_seed_clean_pair_exposure_q3,12.5874961715,,30,s,30,11.5318611818,13.9528448223,mean of per-seed P-squared q3 estimates,percentile cluster bootstrap (2000 resamples of RNG seeds),independent RNG seed,Within-seed observations are clean honest eligible pairs; seeds are the inferential unit.
full,test,steady_state,pure_slydos_steady,malicious_pair_exposure_q1_pooled_p2,7.75849749536,,8263,s,0,nan,nan,P-squared online quantile over pooled pair observations,not computed for pooled descriptive quantile,malicious eligible pair,Constant-memory approximation; use seed rows below for uncertainty.
full,test,steady_state,pure_slydos_steady,malicious_pair_exposure_median_pooled_p2,9.41559769004,,8263,s,0,nan,nan,P-squared online quantile over pooled pair observations,not computed for pooled descriptive quantile,malicious eligible pair,Constant-memory approximation; use seed rows below for uncertainty.
full,test,steady_state,pure_slydos_steady,malicious_pair_exposure_q3_pooled_p2,11.7004718369,,8263,s,0,nan,nan,P-squared online quantile over pooled pair observations,not computed for pooled descriptive quantile,malicious eligible pair,Constant-memory approximation; use seed rows below for uncertainty.
full,test,steady_state,pure_slydos_steady,seed_mean_of_within_seed_malicious_pair_exposure_q1,7.73195200991,,30,s,30,7.58677351738,7.86124077555,mean of per-seed P-squared q1 estimates,percentile cluster bootstrap (2000 resamples of RNG seeds),independent RNG seed,Within-seed observations are malicious eligible pairs; seeds are the inferential unit.
full,test,steady_state,pure_slydos_steady,seed_mean_of_within_seed_malicious_pair_exposure_median,9.40836677527,,30,s,30,9.29834999136,9.52009769513,mean of per-seed P-squared median estimates,percentile cluster bootstrap (2000 resamples of RNG seeds),independent RNG seed,Within-seed observations are malicious eligible pairs; seeds are the inferential unit.
full,test,steady_state,pure_slydos_steady,seed_mean_of_within_seed_malicious_pair_exposure_q3,14.0455115641,,30,s,30,12.9365793527,15.5067970581,mean of per-seed P-squared q3 estimates,percentile cluster bootstrap (2000 resamples of RNG seeds),independent RNG seed,Within-seed observations are malicious eligible pairs; seeds are the inferential unit.
full,test,steady_state,pure_slydos_steady,detected_delay_q1_pooled_p2,nan,,0,s,0,nan,nan,P-squared online quantile over pooled pair observations,not computed for pooled descriptive quantile,detected malicious pair,Constant-memory approximation; use seed rows below for uncertainty.
full,test,steady_state,pure_slydos_steady,detected_delay_median_pooled_p2,nan,,0,s,0,nan,nan,P-squared online quantile over pooled pair observations,not computed for pooled descriptive quantile,detected malicious pair,Constant-memory approximation; use seed rows below for uncertainty.
full,test,steady_state,pure_slydos_steady,detected_delay_q3_pooled_p2,nan,,0,s,0,nan,nan,P-squared online quantile over pooled pair observations,not computed for pooled descriptive quantile,detected malicious pair,Constant-memory approximation; use seed rows below for uncertainty.
full,test,steady_state,pure_slydos_steady,seed_mean_of_within_seed_detected_delay_q1,nan,,0,s,0,nan,nan,mean of per-seed P-squared q1 estimates,percentile cluster bootstrap (2000 resamples of RNG seeds),independent RNG seed,Within-seed observations are detected malicious pairs; seeds are the inferential unit.
full,test,steady_state,pure_slydos_steady,seed_mean_of_within_seed_detected_delay_median,nan,,0,s,0,nan,nan,mean of per-seed P-squared median estimates,percentile cluster bootstrap (2000 resamples of RNG seeds),independent RNG seed,Within-seed observations are detected malicious pairs; seeds are the inferential unit.
full,test,steady_state,pure_slydos_steady,seed_mean_of_within_seed_detected_delay_q3,nan,,0,s,0,nan,nan,mean of per-seed P-squared q3 estimates,percentile cluster bootstrap (2000 resamples of RNG seeds),independent RNG seed,Within-seed observations are detected malicious pairs; seeds are the inferential unit.
full,test,steady_state,pure_slydos_steady,postwarmup_track_purity_q1_pooled_p2,1,,26761,proportion,0,nan,nan,P-squared online quantile over pooled pair observations,not computed for pooled descriptive quantile,eligible pair,Constant-memory approximation; use seed rows below for uncertainty.
full,test,steady_state,pure_slydos_steady,postwarmup_track_purity_median_pooled_p2,1,,26761,proportion,0,nan,nan,P-squared online quantile over pooled pair observations,not computed for pooled descriptive quantile,eligible pair,Constant-memory approximation; use seed rows below for uncertainty.
full,test,steady_state,pure_slydos_steady,postwarmup_track_purity_q3_pooled_p2,1,,26761,proportion,0,nan,nan,P-squared online quantile over pooled pair observations,not computed for pooled descriptive quantile,eligible pair,Constant-memory approximation; use seed rows below for uncertainty.
full,test,steady_state,pure_slydos_steady,seed_mean_of_within_seed_postwarmup_track_purity_q1,1,,30,proportion,30,1,1,mean of per-seed P-squared q1 estimates,percentile cluster bootstrap (2000 resamples of RNG seeds),independent RNG seed,Within-seed observations are eligible pairs; seeds are the inferential unit.
full,test,steady_state,pure_slydos_steady,seed_mean_of_within_seed_postwarmup_track_purity_median,1,,30,proportion,30,1,1,mean of per-seed P-squared median estimates,percentile cluster bootstrap (2000 resamples of RNG seeds),independent RNG seed,Within-seed observations are eligible pairs; seeds are the inferential unit.
full,test,steady_state,pure_slydos_steady,seed_mean_of_within_seed_postwarmup_track_purity_q3,1,,30,proportion,30,1,1,mean of per-seed P-squared q3 estimates,percentile cluster bootstrap (2000 resamples of RNG seeds),independent RNG seed,Within-seed observations are eligible pairs; seeds are the inferential unit.
full,validation,threshold_selection,validation_constoffset,pair_prevalence,0.308258334748,5446,17667,proportion,20,0.303536082742,0.312721047203,ratio of pooled event counts/opportunities,percentile cluster bootstrap (2000 resamples of RNG seeds),eligible pair,
full,validation,threshold_selection,validation_constoffset,stream_false_positive_rate_per_negative_pair,1,12221,12221,false positives / negative pair,20,1,1,ratio of pooled event counts/opportunities,percentile cluster bootstrap (2000 resamples of RNG seeds),negative eligible pair,
full,validation,threshold_selection,validation_constoffset,stream_false_positives_per_run,611.05,12221,20,false positives / observed pair run,20,598.6,623.90125,ratio of pooled event counts/runs,percentile cluster bootstrap (2000 resamples of RNG seeds),independent RNG seed,Only runs with complete observed pair blocks contribute.
full,validation,threshold_selection,validation_constoffset,clean_false_positives_per_run,611.05,12221,20,false positives / observed pair run,20,598.2,624.85,ratio of pooled event counts/runs,percentile cluster bootstrap (2000 resamples of RNG seeds),independent RNG seed,Only runs with complete observed pair blocks contribute.
full,validation,threshold_selection,validation_constoffset,stream_false_positives_per_receiver_run,17.4585714286,12221,700,false-positive pair events / honest receiver-run,20,17.0757142857,17.8343214286,ratio of pooled event counts/opportunities,percentile cluster bootstrap (2000 resamples of RNG seeds),honest receiver-run,Each honest receiver contributes one exposure unit in each complete observed run.
full,validation,threshold_selection,validation_constoffset,clean_false_positives_per_receiver_run,17.4585714286,12221,700,clean-pair false-positive events / honest receiver-run,20,17.0813928571,17.8457857143,ratio of pooled event counts/opportunities,percentile cluster bootstrap (2000 resamples of RNG seeds),honest receiver-run,Each honest receiver contributes one exposure unit in each complete observed run.
full,validation,threshold_selection,validation_constoffset,stream_false_positives_per_receiver_minute,20.9502857143,12221,583.333333333,false positives / receiver-minute,20,20.5045714286,21.3891428571,ratio of pooled event counts/opportunities,percentile cluster bootstrap (2000 resamples of RNG seeds),receiver-minute,Receiver-minutes use honest receivers times the common evaluation-window duration.
full,validation,threshold_selection,validation_constoffset,stream_false_positives_per_million_negative_messages,13078.5752583,12221,934429,false-positive pair events / million negative messages,20,12684.9789555,13464.7233541,ratio of pooled event counts/opportunities,percentile cluster bootstrap (2000 resamples of RNG seeds),negative message,"The numerator is a receiver--claimed-identity window event, not a per-message decision; messages provide an exposure denominator."
full,validation,threshold_selection,validation_constoffset,clean_false_positive_rate_per_clean_pair,1,12221,12221,false positives / clean honest pair,20,1,1,ratio of pooled event counts/opportunities,percentile cluster bootstrap (2000 resamples of RNG seeds),clean honest eligible pair,
full,validation,threshold_selection,validation_constoffset,clean_false_positives_per_receiver_minute,20.9502857143,12221,583.333333333,false positives / receiver-minute,20,20.5028571429,21.4011857143,ratio of pooled event counts/opportunities,percentile cluster bootstrap (2000 resamples of RNG seeds),receiver-minute,
full,validation,threshold_selection,validation_constoffset,clean_false_positives_per_million_clean_messages,13078.5752583,12221,934429,false-positive pair events / million clean messages,20,12692.1710683,13457.7547061,ratio of pooled event counts/opportunities,percentile cluster bootstrap (2000 resamples of RNG seeds),clean honest message,"The numerator is a clean-pair window event, not a per-message decision; messages provide an exposure denominator."
full,validation,threshold_selection,validation_constoffset,track_false_positive_pair_rate,1,12221,12221,track-alerted clean pairs / clean pair,20,1,1,ratio of pooled event counts/opportunities,percentile cluster bootstrap (2000 resamples of RNG seeds),clean honest eligible pair,Numerator is pair-level because the pair schema exposes whether any track alerted.
full,validation,threshold_selection,validation_constoffset,track_false_positive_pairs_per_clean_evaluation_window_track,0.996575063198,12221,12263,track-alerted clean pairs / clean evaluation-window track,20,0.995827529713,0.99732693948,ratio of pooled event counts/opportunities,percentile cluster bootstrap (2000 resamples of RNG seeds),clean evaluation-window content-associated track,Conservative pair-event numerator; individual alerted-track count is not in the schema. Track count requires at least one window message.
full,validation,threshold_selection,validation_constoffset,malicious_delay_censoring_rate,0,0,5446,proportion,20,0,0,ratio of pooled event counts/opportunities,percentile cluster bootstrap (2000 resamples of RNG seeds),malicious eligible pair,Censoring is reported separately; delay quartiles condition on detection.
full,validation,threshold_selection,validation_constoffset,postwarmup_track_merges_per_evaluation_window_track,0,0,17748,post-warm-up merges / evaluation-window track,20,0,0,ratio of pooled event counts/opportunities,percentile cluster bootstrap (2000 resamples of RNG seeds),evaluation-window content-associated track,Merge counts span all post-warm-up tracked messages; the pair schema exposes only evaluation-window track count as a normalization base.
full,validation,threshold_selection,validation_constoffset,postwarmup_track_fragments_per_evaluation_window_track,0.00456389452333,81,17748,post-warm-up fragments / evaluation-window track,20,0.00357577969628,0.00574332715286,ratio of pooled event counts/opportunities,percentile cluster bootstrap (2000 resamples of RNG seeds),evaluation-window content-associated track,"Fragment counts span all post-warm-up tracked messages; this is a descriptive normalization, not a window-matched event rate."
full,validation,threshold_selection,validation_constoffset,postwarmup_track_id_switches_per_evaluation_window_track,0,0,17748,post-warm-up ID switches / evaluation-window track,20,0,0,ratio of pooled event counts/opportunities,percentile cluster bootstrap (2000 resamples of RNG seeds),evaluation-window content-associated track,"ID-switch counts span all post-warm-up tracked messages; this is a descriptive normalization, not a window-matched event rate."
full,validation,threshold_selection,validation_constoffset,window_message_weighted_postwarmup_track_purity,1,1356263,1356263,proportion,20,1,1,ratio of pooled event counts/opportunities,percentile cluster bootstrap (2000 resamples of RNG seeds),eligible-window message,Each pair's post-warm-up track purity is weighted by its evaluation-window message count; purity itself is not window-restricted.
full,validation,threshold_selection,validation_constoffset,stride_ambiguous_rate_among_alerts,0,0,17667,proportion,20,0,0,ratio of pooled event counts/opportunities,percentile cluster bootstrap (2000 resamples of RNG seeds),alerted eligible pair,
full,validation,threshold_selection,validation_constoffset,stride_unassigned_rate_among_alerts,0.9182656931,16223,17667,proportion,20,0.913353722564,0.922736541945,ratio of pooled event counts/opportunities,percentile cluster bootstrap (2000 resamples of RNG seeds),alerted eligible pair,
full,validation,threshold_selection,validation_constoffset,pair_exposure_q1_pooled_p2,7.19203526647,,17667,s,0,nan,nan,P-squared online quantile over pooled pair observations,not computed for pooled descriptive quantile,eligible pair,Constant-memory approximation; use seed rows below for uncertainty.
full,validation,threshold_selection,validation_constoffset,pair_exposure_median_pooled_p2,8.81049030805,,17667,s,0,nan,nan,P-squared online quantile over pooled pair observations,not computed for pooled descriptive quantile,eligible pair,Constant-memory approximation; use seed rows below for uncertainty.
full,validation,threshold_selection,validation_constoffset,pair_exposure_q3_pooled_p2,11.554183436,,17667,s,0,nan,nan,P-squared online quantile over pooled pair observations,not computed for pooled descriptive quantile,eligible pair,Constant-memory approximation; use seed rows below for uncertainty.
full,validation,threshold_selection,validation_constoffset,seed_mean_of_within_seed_pair_exposure_q1,7.17864548286,,20,s,20,7.11801200787,7.23516035619,mean of per-seed P-squared q1 estimates,percentile cluster bootstrap (2000 resamples of RNG seeds),independent RNG seed,Within-seed observations are eligible pairs; seeds are the inferential unit.
full,validation,threshold_selection,validation_constoffset,seed_mean_of_within_seed_pair_exposure_median,8.80382362458,,20,s,20,8.71165311346,8.88624616625,mean of per-seed P-squared median estimates,percentile cluster bootstrap (2000 resamples of RNG seeds),independent RNG seed,Within-seed observations are eligible pairs; seeds are the inferential unit.
full,validation,threshold_selection,validation_constoffset,seed_mean_of_within_seed_pair_exposure_q3,11.5019071461,,20,s,20,11.2049039206,11.8424902612,mean of per-seed P-squared q3 estimates,percentile cluster bootstrap (2000 resamples of RNG seeds),independent RNG seed,Within-seed observations are eligible pairs; seeds are the inferential unit.
full,validation,threshold_selection,validation_constoffset,clean_pair_exposure_q1_pooled_p2,7.18339269236,,12221,s,0,nan,nan,P-squared online quantile over pooled pair observations,not computed for pooled descriptive quantile,clean honest eligible pair,Constant-memory approximation; use seed rows below for uncertainty.
full,validation,threshold_selection,validation_constoffset,clean_pair_exposure_median_pooled_p2,8.81287558197,,12221,s,0,nan,nan,P-squared online quantile over pooled pair observations,not computed for pooled descriptive quantile,clean honest eligible pair,Constant-memory approximation; use seed rows below for uncertainty.
full,validation,threshold_selection,validation_constoffset,clean_pair_exposure_q3_pooled_p2,11.4164825798,,12221,s,0,nan,nan,P-squared online quantile over pooled pair observations,not computed for pooled descriptive quantile,clean honest eligible pair,Constant-memory approximation; use seed rows below for uncertainty.
full,validation,threshold_selection,validation_constoffset,seed_mean_of_within_seed_clean_pair_exposure_q1,7.16132411307,,20,s,20,7.08000761008,7.23490227353,mean of per-seed P-squared q1 estimates,percentile cluster bootstrap (2000 resamples of RNG seeds),independent RNG seed,Within-seed observations are clean honest eligible pairs; seeds are the inferential unit.
full,validation,threshold_selection,validation_constoffset,seed_mean_of_within_seed_clean_pair_exposure_median,8.76142165443,,20,s,20,8.68618193327,8.83322842119,mean of per-seed P-squared median estimates,percentile cluster bootstrap (2000 resamples of RNG seeds),independent RNG seed,Within-seed observations are clean honest eligible pairs; seeds are the inferential unit.
full,validation,threshold_selection,validation_constoffset,seed_mean_of_within_seed_clean_pair_exposure_q3,11.5187755395,,20,s,20,11.1082761229,11.9727370473,mean of per-seed P-squared q3 estimates,percentile cluster bootstrap (2000 resamples of RNG seeds),independent RNG seed,Within-seed observations are clean honest eligible pairs; seeds are the inferential unit.
full,validation,threshold_selection,validation_constoffset,malicious_pair_exposure_q1_pooled_p2,7.19072345546,,5446,s,0,nan,nan,P-squared online quantile over pooled pair observations,not computed for pooled descriptive quantile,malicious eligible pair,Constant-memory approximation; use seed rows below for uncertainty.
full,validation,threshold_selection,validation_constoffset,malicious_pair_exposure_median_pooled_p2,8.79018380648,,5446,s,0,nan,nan,P-squared online quantile over pooled pair observations,not computed for pooled descriptive quantile,malicious eligible pair,Constant-memory approximation; use seed rows below for uncertainty.
full,validation,threshold_selection,validation_constoffset,malicious_pair_exposure_q3_pooled_p2,11.7361943177,,5446,s,0,nan,nan,P-squared online quantile over pooled pair observations,not computed for pooled descriptive quantile,malicious eligible pair,Constant-memory approximation; use seed rows below for uncertainty.
full,validation,threshold_selection,validation_constoffset,seed_mean_of_within_seed_malicious_pair_exposure_q1,7.18618727023,,20,s,20,7.08601285201,7.28215091099,mean of per-seed P-squared q1 estimates,percentile cluster bootstrap (2000 resamples of RNG seeds),independent RNG seed,Within-seed observations are malicious eligible pairs; seeds are the inferential unit.
full,validation,threshold_selection,validation_constoffset,seed_mean_of_within_seed_malicious_pair_exposure_median,8.826037345,,20,s,20,8.65761752301,8.99602678773,mean of per-seed P-squared median estimates,percentile cluster bootstrap (2000 resamples of RNG seeds),independent RNG seed,Within-seed observations are malicious eligible pairs; seeds are the inferential unit.
full,validation,threshold_selection,validation_constoffset,seed_mean_of_within_seed_malicious_pair_exposure_q3,13.5024981494,,20,s,20,12.5305476244,14.5893752191,mean of per-seed P-squared q3 estimates,percentile cluster bootstrap (2000 resamples of RNG seeds),independent RNG seed,Within-seed observations are malicious eligible pairs; seeds are the inferential unit.
full,validation,threshold_selection,validation_constoffset,detected_delay_q1_pooled_p2,0,,5446,s,0,nan,nan,P-squared online quantile over pooled pair observations,not computed for pooled descriptive quantile,detected malicious pair,Constant-memory approximation; use seed rows below for uncertainty.
full,validation,threshold_selection,validation_constoffset,detected_delay_median_pooled_p2,0,,5446,s,0,nan,nan,P-squared online quantile over pooled pair observations,not computed for pooled descriptive quantile,detected malicious pair,Constant-memory approximation; use seed rows below for uncertainty.
full,validation,threshold_selection,validation_constoffset,detected_delay_q3_pooled_p2,0,,5446,s,0,nan,nan,P-squared online quantile over pooled pair observations,not computed for pooled descriptive quantile,detected malicious pair,Constant-memory approximation; use seed rows below for uncertainty.
full,validation,threshold_selection,validation_constoffset,seed_mean_of_within_seed_detected_delay_q1,0,,20,s,20,0,0,mean of per-seed P-squared q1 estimates,percentile cluster bootstrap (2000 resamples of RNG seeds),independent RNG seed,Within-seed observations are detected malicious pairs; seeds are the inferential unit.
full,validation,threshold_selection,validation_constoffset,seed_mean_of_within_seed_detected_delay_median,0,,20,s,20,0,0,mean of per-seed P-squared median estimates,percentile cluster bootstrap (2000 resamples of RNG seeds),independent RNG seed,Within-seed observations are detected malicious pairs; seeds are the inferential unit.
full,validation,threshold_selection,validation_constoffset,seed_mean_of_within_seed_detected_delay_q3,0,,20,s,20,0,0,mean of per-seed P-squared q3 estimates,percentile cluster bootstrap (2000 resamples of RNG seeds),independent RNG seed,Within-seed observations are detected malicious pairs; seeds are the inferential unit.
full,validation,threshold_selection,validation_constoffset,postwarmup_track_purity_q1_pooled_p2,1,,17667,proportion,0,nan,nan,P-squared online quantile over pooled pair observations,not computed for pooled descriptive quantile,eligible pair,Constant-memory approximation; use seed rows below for uncertainty.
full,validation,threshold_selection,validation_constoffset,postwarmup_track_purity_median_pooled_p2,1,,17667,proportion,0,nan,nan,P-squared online quantile over pooled pair observations,not computed for pooled descriptive quantile,eligible pair,Constant-memory approximation; use seed rows below for uncertainty.
full,validation,threshold_selection,validation_constoffset,postwarmup_track_purity_q3_pooled_p2,1,,17667,proportion,0,nan,nan,P-squared online quantile over pooled pair observations,not computed for pooled descriptive quantile,eligible pair,Constant-memory approximation; use seed rows below for uncertainty.
full,validation,threshold_selection,validation_constoffset,seed_mean_of_within_seed_postwarmup_track_purity_q1,1,,20,proportion,20,1,1,mean of per-seed P-squared q1 estimates,percentile cluster bootstrap (2000 resamples of RNG seeds),independent RNG seed,Within-seed observations are eligible pairs; seeds are the inferential unit.
full,validation,threshold_selection,validation_constoffset,seed_mean_of_within_seed_postwarmup_track_purity_median,1,,20,proportion,20,1,1,mean of per-seed P-squared median estimates,percentile cluster bootstrap (2000 resamples of RNG seeds),independent RNG seed,Within-seed observations are eligible pairs; seeds are the inferential unit.
full,validation,threshold_selection,validation_constoffset,seed_mean_of_within_seed_postwarmup_track_purity_q3,1,,20,proportion,20,1,1,mean of per-seed P-squared q3 estimates,percentile cluster bootstrap (2000 resamples of RNG seeds),independent RNG seed,Within-seed observations are eligible pairs; seeds are the inferential unit.
full,validation,threshold_selection,validation_dos,pair_prevalence,0.320706080134,5723,17845,proportion,20,0.315592063748,0.325401656829,ratio of pooled event counts/opportunities,percentile cluster bootstrap (2000 resamples of RNG seeds),eligible pair,
full,validation,threshold_selection,validation_dos,stream_false_positive_rate_per_negative_pair,1,12122,12122,false positives / negative pair,20,1,1,ratio of pooled event counts/opportunities,percentile cluster bootstrap (2000 resamples of RNG seeds),negative eligible pair,
full,validation,threshold_selection,validation_dos,stream_false_positives_per_run,606.1,12122,20,false positives / observed pair run,20,592.69875,618.9,ratio of pooled event counts/runs,percentile cluster bootstrap (2000 resamples of RNG seeds),independent RNG seed,Only runs with complete observed pair blocks contribute.
full,validation,threshold_selection,validation_dos,clean_false_positives_per_run,606.1,12122,20,false positives / observed pair run,20,593.29625,619.30125,ratio of pooled event counts/runs,percentile cluster bootstrap (2000 resamples of RNG seeds),independent RNG seed,Only runs with complete observed pair blocks contribute.
full,validation,threshold_selection,validation_dos,stream_false_positives_per_receiver_run,17.3171428571,12122,700,false-positive pair events / honest receiver-run,20,16.9371428571,17.6942857143,ratio of pooled event counts/opportunities,percentile cluster bootstrap (2000 resamples of RNG seeds),honest receiver-run,Each honest receiver contributes one exposure unit in each complete observed run.
full,validation,threshold_selection,validation_dos,clean_false_positives_per_receiver_run,17.3171428571,12122,700,clean-pair false-positive events / honest receiver-run,20,16.9571071429,17.7000714286,ratio of pooled event counts/opportunities,percentile cluster bootstrap (2000 resamples of RNG seeds),honest receiver-run,Each honest receiver contributes one exposure unit in each complete observed run.
full,validation,threshold_selection,validation_dos,stream_false_positives_per_receiver_minute,20.7805714286,12122,583.333333333,false positives / receiver-minute,20,20.3297142857,21.2332714286,ratio of pooled event counts/opportunities,percentile cluster bootstrap (2000 resamples of RNG seeds),receiver-minute,Receiver-minutes use honest receivers times the common evaluation-window duration.
full,validation,threshold_selection,validation_dos,stream_false_positives_per_million_negative_messages,13761.5668342,12122,880859,false-positive pair events / million negative messages,20,13285.4128717,14205.4755046,ratio of pooled event counts/opportunities,percentile cluster bootstrap (2000 resamples of RNG seeds),negative message,"The numerator is a receiver--claimed-identity window event, not a per-message decision; messages provide an exposure denominator."
full,validation,threshold_selection,validation_dos,clean_false_positive_rate_per_clean_pair,1,12122,12122,false positives / clean honest pair,20,1,1,ratio of pooled event counts/opportunities,percentile cluster bootstrap (2000 resamples of RNG seeds),clean honest eligible pair,
full,validation,threshold_selection,validation_dos,clean_false_positives_per_receiver_minute,20.7805714286,12122,583.333333333,false positives / receiver-minute,20,20.3502857143,21.228,ratio of pooled event counts/opportunities,percentile cluster bootstrap (2000 resamples of RNG seeds),receiver-minute,
full,validation,threshold_selection,validation_dos,clean_false_positives_per_million_clean_messages,13761.5668342,12122,880859,false-positive pair events / million clean messages,20,13293.395555,14188.6247672,ratio of pooled event counts/opportunities,percentile cluster bootstrap (2000 resamples of RNG seeds),clean honest message,"The numerator is a clean-pair window event, not a per-message decision; messages provide an exposure denominator."
full,validation,threshold_selection,validation_dos,track_false_positive_pair_rate,1,12122,12122,track-alerted clean pairs / clean pair,20,1,1,ratio of pooled event counts/opportunities,percentile cluster bootstrap (2000 resamples of RNG seeds),clean honest eligible pair,Numerator is pair-level because the pair schema exposes whether any track alerted.
full,validation,threshold_selection,validation_dos,track_false_positive_pairs_per_clean_evaluation_window_track,0.995728601939,12122,12174,track-alerted clean pairs / clean evaluation-window track,20,0.994278889845,0.996964363855,ratio of pooled event counts/opportunities,percentile cluster bootstrap (2000 resamples of RNG seeds),clean evaluation-window content-associated track,Conservative pair-event numerator; individual alerted-track count is not in the schema. Track count requires at least one window message.
full,validation,threshold_selection,validation_dos,malicious_delay_censoring_rate,0,0,5723,proportion,20,0,0,ratio of pooled event counts/opportunities,percentile cluster bootstrap (2000 resamples of RNG seeds),malicious eligible pair,Censoring is reported separately; delay quartiles condition on detection.
full,validation,threshold_selection,validation_dos,postwarmup_track_merges_per_evaluation_window_track,0,0,22971,post-warm-up merges / evaluation-window track,20,0,0,ratio of pooled event counts/opportunities,percentile cluster bootstrap (2000 resamples of RNG seeds),evaluation-window content-associated track,Merge counts span all post-warm-up tracked messages; the pair schema exposes only evaluation-window track count as a normalization base.
full,validation,threshold_selection,validation_dos,postwarmup_track_fragments_per_evaluation_window_track,0.223150929433,5126,22971,post-warm-up fragments / evaluation-window track,20,0.220567641446,0.225683681502,ratio of pooled event counts/opportunities,percentile cluster bootstrap (2000 resamples of RNG seeds),evaluation-window content-associated track,"Fragment counts span all post-warm-up tracked messages; this is a descriptive normalization, not a window-matched event rate."
full,validation,threshold_selection,validation_dos,postwarmup_track_id_switches_per_evaluation_window_track,0,0,22971,post-warm-up ID switches / evaluation-window track,20,0,0,ratio of pooled event counts/opportunities,percentile cluster bootstrap (2000 resamples of RNG seeds),evaluation-window content-associated track,"ID-switch counts span all post-warm-up tracked messages; this is a descriptive normalization, not a window-matched event rate."
full,validation,threshold_selection,validation_dos,window_message_weighted_postwarmup_track_purity,1,4864365,4864365,proportion,20,1,1,ratio of pooled event counts/opportunities,percentile cluster bootstrap (2000 resamples of RNG seeds),eligible-window message,Each pair's post-warm-up track purity is weighted by its evaluation-window message count; purity itself is not window-restricted.
full,validation,threshold_selection,validation_dos,stride_ambiguous_rate_among_alerts,0,0,17845,proportion,20,0,0,ratio of pooled event counts/opportunities,percentile cluster bootstrap (2000 resamples of RNG seeds),alerted eligible pair,
full,validation,threshold_selection,validation_dos,stride_unassigned_rate_among_alerts,0.723844214066,12917,17845,proportion,20,0.718938170046,0.728245146458,ratio of pooled event counts/opportunities,percentile cluster bootstrap (2000 resamples of RNG seeds),alerted eligible pair,
full,validation,threshold_selection,validation_dos,pair_exposure_q1_pooled_p2,7.13322063926,,17845,s,0,nan,nan,P-squared online quantile over pooled pair observations,not computed for pooled descriptive quantile,eligible pair,Constant-memory approximation; use seed rows below for uncertainty.
full,validation,threshold_selection,validation_dos,pair_exposure_median_pooled_p2,9.2934416552,,17845,s,0,nan,nan,P-squared online quantile over pooled pair observations,not computed for pooled descriptive quantile,eligible pair,Constant-memory approximation; use seed rows below for uncertainty.
full,validation,threshold_selection,validation_dos,pair_exposure_q3_pooled_p2,12.7835765791,,17845,s,0,nan,nan,P-squared online quantile over pooled pair observations,not computed for pooled descriptive quantile,eligible pair,Constant-memory approximation; use seed rows below for uncertainty.
full,validation,threshold_selection,validation_dos,seed_mean_of_within_seed_pair_exposure_q1,7.13203855198,,20,s,20,7.0608473954,7.20665674744,mean of per-seed P-squared q1 estimates,percentile cluster bootstrap (2000 resamples of RNG seeds),independent RNG seed,Within-seed observations are eligible pairs; seeds are the inferential unit.
full,validation,threshold_selection,validation_dos,seed_mean_of_within_seed_pair_exposure_median,9.25608932043,,20,s,20,9.19475417047,9.32259140425,mean of per-seed P-squared median estimates,percentile cluster bootstrap (2000 resamples of RNG seeds),independent RNG seed,Within-seed observations are eligible pairs; seeds are the inferential unit.
full,validation,threshold_selection,validation_dos,seed_mean_of_within_seed_pair_exposure_q3,12.7002021401,,20,s,20,12.3469717974,13.0694614228,mean of per-seed P-squared q3 estimates,percentile cluster bootstrap (2000 resamples of RNG seeds),independent RNG seed,Within-seed observations are eligible pairs; seeds are the inferential unit.
full,validation,threshold_selection,validation_dos,clean_pair_exposure_q1_pooled_p2,6.782153841,,12122,s,0,nan,nan,P-squared online quantile over pooled pair observations,not computed for pooled descriptive quantile,clean honest eligible pair,Constant-memory approximation; use seed rows below for uncertainty.
full,validation,threshold_selection,validation_dos,clean_pair_exposure_median_pooled_p2,8.48930400434,,12122,s,0,nan,nan,P-squared online quantile over pooled pair observations,not computed for pooled descriptive quantile,clean honest eligible pair,Constant-memory approximation; use seed rows below for uncertainty.
full,validation,threshold_selection,validation_dos,clean_pair_exposure_q3_pooled_p2,11.2264288238,,12122,s,0,nan,nan,P-squared online quantile over pooled pair observations,not computed for pooled descriptive quantile,clean honest eligible pair,Constant-memory approximation; use seed rows below for uncertainty.
full,validation,threshold_selection,validation_dos,seed_mean_of_within_seed_clean_pair_exposure_q1,6.76536600719,,20,s,20,6.68052504112,6.8515665128,mean of per-seed P-squared q1 estimates,percentile cluster bootstrap (2000 resamples of RNG seeds),independent RNG seed,Within-seed observations are clean honest eligible pairs; seeds are the inferential unit.
full,validation,threshold_selection,validation_dos,seed_mean_of_within_seed_clean_pair_exposure_median,8.41536456521,,20,s,20,8.30390375796,8.51734045035,mean of per-seed P-squared median estimates,percentile cluster bootstrap (2000 resamples of RNG seeds),independent RNG seed,Within-seed observations are clean honest eligible pairs; seeds are the inferential unit.
full,validation,threshold_selection,validation_dos,seed_mean_of_within_seed_clean_pair_exposure_q3,11.3410144612,,20,s,20,10.9656347113,11.7319294111,mean of per-seed P-squared q3 estimates,percentile cluster bootstrap (2000 resamples of RNG seeds),independent RNG seed,Within-seed observations are clean honest eligible pairs; seeds are the inferential unit.
full,validation,threshold_selection,validation_dos,malicious_pair_exposure_q1_pooled_p2,9.15156459708,,5723,s,0,nan,nan,P-squared online quantile over pooled pair observations,not computed for pooled descriptive quantile,malicious eligible pair,Constant-memory approximation; use seed rows below for uncertainty.
full,validation,threshold_selection,validation_dos,malicious_pair_exposure_median_pooled_p2,11.0494193599,,5723,s,0,nan,nan,P-squared online quantile over pooled pair observations,not computed for pooled descriptive quantile,malicious eligible pair,Constant-memory approximation; use seed rows below for uncertainty.
full,validation,threshold_selection,validation_dos,malicious_pair_exposure_q3_pooled_p2,14.5440158418,,5723,s,0,nan,nan,P-squared online quantile over pooled pair observations,not computed for pooled descriptive quantile,malicious eligible pair,Constant-memory approximation; use seed rows below for uncertainty.
full,validation,threshold_selection,validation_dos,seed_mean_of_within_seed_malicious_pair_exposure_q1,9.16674776646,,20,s,20,8.97230223599,9.36058614894,mean of per-seed P-squared q1 estimates,percentile cluster bootstrap (2000 resamples of RNG seeds),independent RNG seed,Within-seed observations are malicious eligible pairs; seeds are the inferential unit.
full,validation,threshold_selection,validation_dos,seed_mean_of_within_seed_malicious_pair_exposure_median,11.0797382423,,20,s,20,10.8738797535,11.2899156426,mean of per-seed P-squared median estimates,percentile cluster bootstrap (2000 resamples of RNG seeds),independent RNG seed,Within-seed observations are malicious eligible pairs; seeds are the inferential unit.
full,validation,threshold_selection,validation_dos,seed_mean_of_within_seed_malicious_pair_exposure_q3,16.7806984541,,20,s,20,15.4469298805,18.2782053792,mean of per-seed P-squared q3 estimates,percentile cluster bootstrap (2000 resamples of RNG seeds),independent RNG seed,Within-seed observations are malicious eligible pairs; seeds are the inferential unit.
full,validation,threshold_selection,validation_dos,detected_delay_q1_pooled_p2,0,,5723,s,0,nan,nan,P-squared online quantile over pooled pair observations,not computed for pooled descriptive quantile,detected malicious pair,Constant-memory approximation; use seed rows below for uncertainty.
full,validation,threshold_selection,validation_dos,detected_delay_median_pooled_p2,0,,5723,s,0,nan,nan,P-squared online quantile over pooled pair observations,not computed for pooled descriptive quantile,detected malicious pair,Constant-memory approximation; use seed rows below for uncertainty.
full,validation,threshold_selection,validation_dos,detected_delay_q3_pooled_p2,0,,5723,s,0,nan,nan,P-squared online quantile over pooled pair observations,not computed for pooled descriptive quantile,detected malicious pair,Constant-memory approximation; use seed rows below for uncertainty.
full,validation,threshold_selection,validation_dos,seed_mean_of_within_seed_detected_delay_q1,0,,20,s,20,0,0,mean of per-seed P-squared q1 estimates,percentile cluster bootstrap (2000 resamples of RNG seeds),independent RNG seed,Within-seed observations are detected malicious pairs; seeds are the inferential unit.
full,validation,threshold_selection,validation_dos,seed_mean_of_within_seed_detected_delay_median,0,,20,s,20,0,0,mean of per-seed P-squared median estimates,percentile cluster bootstrap (2000 resamples of RNG seeds),independent RNG seed,Within-seed observations are detected malicious pairs; seeds are the inferential unit.
full,validation,threshold_selection,validation_dos,seed_mean_of_within_seed_detected_delay_q3,0,,20,s,20,0,0,mean of per-seed P-squared q3 estimates,percentile cluster bootstrap (2000 resamples of RNG seeds),independent RNG seed,Within-seed observations are detected malicious pairs; seeds are the inferential unit.
full,validation,threshold_selection,validation_dos,postwarmup_track_purity_q1_pooled_p2,1,,17845,proportion,0,nan,nan,P-squared online quantile over pooled pair observations,not computed for pooled descriptive quantile,eligible pair,Constant-memory approximation; use seed rows below for uncertainty.
full,validation,threshold_selection,validation_dos,postwarmup_track_purity_median_pooled_p2,1,,17845,proportion,0,nan,nan,P-squared online quantile over pooled pair observations,not computed for pooled descriptive quantile,eligible pair,Constant-memory approximation; use seed rows below for uncertainty.
full,validation,threshold_selection,validation_dos,postwarmup_track_purity_q3_pooled_p2,1,,17845,proportion,0,nan,nan,P-squared online quantile over pooled pair observations,not computed for pooled descriptive quantile,eligible pair,Constant-memory approximation; use seed rows below for uncertainty.
full,validation,threshold_selection,validation_dos,seed_mean_of_within_seed_postwarmup_track_purity_q1,1,,20,proportion,20,1,1,mean of per-seed P-squared q1 estimates,percentile cluster bootstrap (2000 resamples of RNG seeds),independent RNG seed,Within-seed observations are eligible pairs; seeds are the inferential unit.
full,validation,threshold_selection,validation_dos,seed_mean_of_within_seed_postwarmup_track_purity_median,1,,20,proportion,20,1,1,mean of per-seed P-squared median estimates,percentile cluster bootstrap (2000 resamples of RNG seeds),independent RNG seed,Within-seed observations are eligible pairs; seeds are the inferential unit.
full,validation,threshold_selection,validation_dos,seed_mean_of_within_seed_postwarmup_track_purity_q3,1,,20,proportion,20,1,1,mean of per-seed P-squared q3 estimates,percentile cluster bootstrap (2000 resamples of RNG seeds),independent RNG seed,Within-seed observations are eligible pairs; seeds are the inferential unit.
full,validation,threshold_selection,validation_falsify,pair_prevalence,0.308258334748,5446,17667,proportion,20,0.303225207649,0.312936407213,ratio of pooled event counts/opportunities,percentile cluster bootstrap (2000 resamples of RNG seeds),eligible pair,
full,validation,threshold_selection,validation_falsify,stream_false_positive_rate_per_negative_pair,1,12221,12221,false positives / negative pair,20,1,1,ratio of pooled event counts/opportunities,percentile cluster bootstrap (2000 resamples of RNG seeds),negative eligible pair,
full,validation,threshold_selection,validation_falsify,stream_false_positives_per_run,611.05,12221,20,false positives / observed pair run,20,598.19875,624.4,ratio of pooled event counts/runs,percentile cluster bootstrap (2000 resamples of RNG seeds),independent RNG seed,Only runs with complete observed pair blocks contribute.
full,validation,threshold_selection,validation_falsify,clean_false_positives_per_run,611.05,12221,20,false positives / observed pair run,20,599.1,624.60125,ratio of pooled event counts/runs,percentile cluster bootstrap (2000 resamples of RNG seeds),independent RNG seed,Only runs with complete observed pair blocks contribute.
full,validation,threshold_selection,validation_falsify,stream_false_positives_per_receiver_run,17.4585714286,12221,700,false-positive pair events / honest receiver-run,20,17.0713928571,17.8486428571,ratio of pooled event counts/opportunities,percentile cluster bootstrap (2000 resamples of RNG seeds),honest receiver-run,Each honest receiver contributes one exposure unit in each complete observed run.
full,validation,threshold_selection,validation_falsify,clean_false_positives_per_receiver_run,17.4585714286,12221,700,clean-pair false-positive events / honest receiver-run,20,17.0728571429,17.8314285714,ratio of pooled event counts/opportunities,percentile cluster bootstrap (2000 resamples of RNG seeds),honest receiver-run,Each honest receiver contributes one exposure unit in each complete observed run.
full,validation,threshold_selection,validation_falsify,stream_false_positives_per_receiver_minute,20.9502857143,12221,583.333333333,false positives / receiver-minute,20,20.5096714286,21.4235142857,ratio of pooled event counts/opportunities,percentile cluster bootstrap (2000 resamples of RNG seeds),receiver-minute,Receiver-minutes use honest receivers times the common evaluation-window duration.
full,validation,threshold_selection,validation_falsify,stream_false_positives_per_million_negative_messages,13078.5752583,12221,934429,false-positive pair events / million negative messages,20,12653.0170332,13470.9627333,ratio of pooled event counts/opportunities,percentile cluster bootstrap (2000 resamples of RNG seeds),negative message,"The numerator is a receiver--claimed-identity window event, not a per-message decision; messages provide an exposure denominator."
full,validation,threshold_selection,validation_falsify,clean_false_positive_rate_per_clean_pair,1,12221,12221,false positives / clean honest pair,20,1,1,ratio of pooled event counts/opportunities,percentile cluster bootstrap (2000 resamples of RNG seeds),clean honest eligible pair,
full,validation,threshold_selection,validation_falsify,clean_false_positives_per_receiver_minute,20.9502857143,12221,583.333333333,false positives / receiver-minute,20,20.4908571429,21.3858428571,ratio of pooled event counts/opportunities,percentile cluster bootstrap (2000 resamples of RNG seeds),receiver-minute,
full,validation,threshold_selection,validation_falsify,clean_false_positives_per_million_clean_messages,13078.5752583,12221,934429,false-positive pair events / million clean messages,20,12673.1664458,13464.8514438,ratio of pooled event counts/opportunities,percentile cluster bootstrap (2000 resamples of RNG seeds),clean honest message,"The numerator is a clean-pair window event, not a per-message decision; messages provide an exposure denominator."
full,validation,threshold_selection,validation_falsify,track_false_positive_pair_rate,1,12221,12221,track-alerted clean pairs / clean pair,20,1,1,ratio of pooled event counts/opportunities,percentile cluster bootstrap (2000 resamples of RNG seeds),clean honest eligible pair,Numerator is pair-level because the pair schema exposes whether any track alerted.
full,validation,threshold_selection,validation_falsify,track_false_positive_pairs_per_clean_evaluation_window_track,0.996575063198,12221,12263,track-alerted clean pairs / clean evaluation-window track,20,0.995835254288,0.997360868246,ratio of pooled event counts/opportunities,percentile cluster bootstrap (2000 resamples of RNG seeds),clean evaluation-window content-associated track,Conservative pair-event numerator; individual alerted-track count is not in the schema. Track count requires at least one window message.
full,validation,threshold_selection,validation_falsify,malicious_delay_censoring_rate,0,0,5446,proportion,20,0,0,ratio of pooled event counts/opportunities,percentile cluster bootstrap (2000 resamples of RNG seeds),malicious eligible pair,Censoring is reported separately; delay quartiles condition on detection.
full,validation,threshold_selection,validation_falsify,postwarmup_track_merges_per_evaluation_window_track,0,0,32943,post-warm-up merges / evaluation-window track,20,0,0,ratio of pooled event counts/opportunities,percentile cluster bootstrap (2000 resamples of RNG seeds),evaluation-window content-associated track,Merge counts span all post-warm-up tracked messages; the pair schema exposes only evaluation-window track count as a normalization base.
full,validation,threshold_selection,validation_falsify,postwarmup_track_fragments_per_evaluation_window_track,0.463710044623,15276,32943,post-warm-up fragments / evaluation-window track,20,0.459603440045,0.467389034339,ratio of pooled event counts/opportunities,percentile cluster bootstrap (2000 resamples of RNG seeds),evaluation-window content-associated track,"Fragment counts span all post-warm-up tracked messages; this is a descriptive normalization, not a window-matched event rate."
full,validation,threshold_selection,validation_falsify,postwarmup_track_id_switches_per_evaluation_window_track,0,0,32943,post-warm-up ID switches / evaluation-window track,20,0,0,ratio of pooled event counts/opportunities,percentile cluster bootstrap (2000 resamples of RNG seeds),evaluation-window content-associated track,"ID-switch counts span all post-warm-up tracked messages; this is a descriptive normalization, not a window-matched event rate."
full,validation,threshold_selection,validation_falsify,window_message_weighted_postwarmup_track_purity,1,1356263,1356263,proportion,20,1,1,ratio of pooled event counts/opportunities,percentile cluster bootstrap (2000 resamples of RNG seeds),eligible-window message,Each pair's post-warm-up track purity is weighted by its evaluation-window message count; purity itself is not window-restricted.
full,validation,threshold_selection,validation_falsify,stride_ambiguous_rate_among_alerts,0,0,17667,proportion,20,0,0,ratio of pooled event counts/opportunities,percentile cluster bootstrap (2000 resamples of RNG seeds),alerted eligible pair,
full,validation,threshold_selection,validation_falsify,stride_unassigned_rate_among_alerts,0.697967962869,12331,17667,proportion,20,0.693458778485,0.702612581975,ratio of pooled event counts/opportunities,percentile cluster bootstrap (2000 resamples of RNG seeds),alerted eligible pair,
full,validation,threshold_selection,validation_falsify,pair_exposure_q1_pooled_p2,7.19203526647,,17667,s,0,nan,nan,P-squared online quantile over pooled pair observations,not computed for pooled descriptive quantile,eligible pair,Constant-memory approximation; use seed rows below for uncertainty.
full,validation,threshold_selection,validation_falsify,pair_exposure_median_pooled_p2,8.81049030805,,17667,s,0,nan,nan,P-squared online quantile over pooled pair observations,not computed for pooled descriptive quantile,eligible pair,Constant-memory approximation; use seed rows below for uncertainty.
full,validation,threshold_selection,validation_falsify,pair_exposure_q3_pooled_p2,11.554183436,,17667,s,0,nan,nan,P-squared online quantile over pooled pair observations,not computed for pooled descriptive quantile,eligible pair,Constant-memory approximation; use seed rows below for uncertainty.
full,validation,threshold_selection,validation_falsify,seed_mean_of_within_seed_pair_exposure_q1,7.17864548286,,20,s,20,7.12091852486,7.23758192647,mean of per-seed P-squared q1 estimates,percentile cluster bootstrap (2000 resamples of RNG seeds),independent RNG seed,Within-seed observations are eligible pairs; seeds are the inferential unit.
full,validation,threshold_selection,validation_falsify,seed_mean_of_within_seed_pair_exposure_median,8.80382362458,,20,s,20,8.72303981062,8.8805387358,mean of per-seed P-squared median estimates,percentile cluster bootstrap (2000 resamples of RNG seeds),independent RNG seed,Within-seed observations are eligible pairs; seeds are the inferential unit.
full,validation,threshold_selection,validation_falsify,seed_mean_of_within_seed_pair_exposure_q3,11.5019071461,,20,s,20,11.1935384659,11.8520830879,mean of per-seed P-squared q3 estimates,percentile cluster bootstrap (2000 resamples of RNG seeds),independent RNG seed,Within-seed observations are eligible pairs; seeds are the inferential unit.
full,validation,threshold_selection,validation_falsify,clean_pair_exposure_q1_pooled_p2,7.18339269236,,12221,s,0,nan,nan,P-squared online quantile over pooled pair observations,not computed for pooled descriptive quantile,clean honest eligible pair,Constant-memory approximation; use seed rows below for uncertainty.
full,validation,threshold_selection,validation_falsify,clean_pair_exposure_median_pooled_p2,8.81287558197,,12221,s,0,nan,nan,P-squared online quantile over pooled pair observations,not computed for pooled descriptive quantile,clean honest eligible pair,Constant-memory approximation; use seed rows below for uncertainty.
full,validation,threshold_selection,validation_falsify,clean_pair_exposure_q3_pooled_p2,11.4164825798,,12221,s,0,nan,nan,P-squared online quantile over pooled pair observations,not computed for pooled descriptive quantile,clean honest eligible pair,Constant-memory approximation; use seed rows below for uncertainty.
full,validation,threshold_selection,validation_falsify,seed_mean_of_within_seed_clean_pair_exposure_q1,7.16132411307,,20,s,20,7.08773329458,7.23222854779,mean of per-seed P-squared q1 estimates,percentile cluster bootstrap (2000 resamples of RNG seeds),independent RNG seed,Within-seed observations are clean honest eligible pairs; seeds are the inferential unit.
full,validation,threshold_selection,validation_falsify,seed_mean_of_within_seed_clean_pair_exposure_median,8.76142165443,,20,s,20,8.68731876798,8.83056186528,mean of per-seed P-squared median estimates,percentile cluster bootstrap (2000 resamples of RNG seeds),independent RNG seed,Within-seed observations are clean honest eligible pairs; seeds are the inferential unit.
full,validation,threshold_selection,validation_falsify,seed_mean_of_within_seed_clean_pair_exposure_q3,11.5187755395,,20,s,20,11.1036605494,12.001473661,mean of per-seed P-squared q3 estimates,percentile cluster bootstrap (2000 resamples of RNG seeds),independent RNG seed,Within-seed observations are clean honest eligible pairs; seeds are the inferential unit.
full,validation,threshold_selection,validation_falsify,malicious_pair_exposure_q1_pooled_p2,7.19072345546,,5446,s,0,nan,nan,P-squared online quantile over pooled pair observations,not computed for pooled descriptive quantile,malicious eligible pair,Constant-memory approximation; use seed rows below for uncertainty.
full,validation,threshold_selection,validation_falsify,malicious_pair_exposure_median_pooled_p2,8.79018380648,,5446,s,0,nan,nan,P-squared online quantile over pooled pair observations,not computed for pooled descriptive quantile,malicious eligible pair,Constant-memory approximation; use seed rows below for uncertainty.
full,validation,threshold_selection,validation_falsify,malicious_pair_exposure_q3_pooled_p2,11.7361943177,,5446,s,0,nan,nan,P-squared online quantile over pooled pair observations,not computed for pooled descriptive quantile,malicious eligible pair,Constant-memory approximation; use seed rows below for uncertainty.
full,validation,threshold_selection,validation_falsify,seed_mean_of_within_seed_malicious_pair_exposure_q1,7.18618727023,,20,s,20,7.08177258973,7.28572329615,mean of per-seed P-squared q1 estimates,percentile cluster bootstrap (2000 resamples of RNG seeds),independent RNG seed,Within-seed observations are malicious eligible pairs; seeds are the inferential unit.
full,validation,threshold_selection,validation_falsify,seed_mean_of_within_seed_malicious_pair_exposure_median,8.826037345,,20,s,20,8.65415379816,8.99074037945,mean of per-seed P-squared median estimates,percentile cluster bootstrap (2000 resamples of RNG seeds),independent RNG seed,Within-seed observations are malicious eligible pairs; seeds are the inferential unit.
full,validation,threshold_selection,validation_falsify,seed_mean_of_within_seed_malicious_pair_exposure_q3,13.5024981494,,20,s,20,12.5419071821,14.572952815,mean of per-seed P-squared q3 estimates,percentile cluster bootstrap (2000 resamples of RNG seeds),independent RNG seed,Within-seed observations are malicious eligible pairs; seeds are the inferential unit.
full,validation,threshold_selection,validation_falsify,detected_delay_q1_pooled_p2,0,,5446,s,0,nan,nan,P-squared online quantile over pooled pair observations,not computed for pooled descriptive quantile,detected malicious pair,Constant-memory approximation; use seed rows below for uncertainty.
full,validation,threshold_selection,validation_falsify,detected_delay_median_pooled_p2,0,,5446,s,0,nan,nan,P-squared online quantile over pooled pair observations,not computed for pooled descriptive quantile,detected malicious pair,Constant-memory approximation; use seed rows below for uncertainty.
full,validation,threshold_selection,validation_falsify,detected_delay_q3_pooled_p2,0,,5446,s,0,nan,nan,P-squared online quantile over pooled pair observations,not computed for pooled descriptive quantile,detected malicious pair,Constant-memory approximation; use seed rows below for uncertainty.
full,validation,threshold_selection,validation_falsify,seed_mean_of_within_seed_detected_delay_q1,0,,20,s,20,0,0,mean of per-seed P-squared q1 estimates,percentile cluster bootstrap (2000 resamples of RNG seeds),independent RNG seed,Within-seed observations are detected malicious pairs; seeds are the inferential unit.
full,validation,threshold_selection,validation_falsify,seed_mean_of_within_seed_detected_delay_median,0,,20,s,20,0,0,mean of per-seed P-squared median estimates,percentile cluster bootstrap (2000 resamples of RNG seeds),independent RNG seed,Within-seed observations are detected malicious pairs; seeds are the inferential unit.
full,validation,threshold_selection,validation_falsify,seed_mean_of_within_seed_detected_delay_q3,0,,20,s,20,0,0,mean of per-seed P-squared q3 estimates,percentile cluster bootstrap (2000 resamples of RNG seeds),independent RNG seed,Within-seed observations are detected malicious pairs; seeds are the inferential unit.
full,validation,threshold_selection,validation_falsify,postwarmup_track_purity_q1_pooled_p2,1,,17667,proportion,0,nan,nan,P-squared online quantile over pooled pair observations,not computed for pooled descriptive quantile,eligible pair,Constant-memory approximation; use seed rows below for uncertainty.
full,validation,threshold_selection,validation_falsify,postwarmup_track_purity_median_pooled_p2,1,,17667,proportion,0,nan,nan,P-squared online quantile over pooled pair observations,not computed for pooled descriptive quantile,eligible pair,Constant-memory approximation; use seed rows below for uncertainty.
full,validation,threshold_selection,validation_falsify,postwarmup_track_purity_q3_pooled_p2,1,,17667,proportion,0,nan,nan,P-squared online quantile over pooled pair observations,not computed for pooled descriptive quantile,eligible pair,Constant-memory approximation; use seed rows below for uncertainty.
full,validation,threshold_selection,validation_falsify,seed_mean_of_within_seed_postwarmup_track_purity_q1,1,,20,proportion,20,1,1,mean of per-seed P-squared q1 estimates,percentile cluster bootstrap (2000 resamples of RNG seeds),independent RNG seed,Within-seed observations are eligible pairs; seeds are the inferential unit.
full,validation,threshold_selection,validation_falsify,seed_mean_of_within_seed_postwarmup_track_purity_median,1,,20,proportion,20,1,1,mean of per-seed P-squared median estimates,percentile cluster bootstrap (2000 resamples of RNG seeds),independent RNG seed,Within-seed observations are eligible pairs; seeds are the inferential unit.
full,validation,threshold_selection,validation_falsify,seed_mean_of_within_seed_postwarmup_track_purity_q3,1,,20,proportion,20,1,1,mean of per-seed P-squared q3 estimates,percentile cluster bootstrap (2000 resamples of RNG seeds),independent RNG seed,Within-seed observations are eligible pairs; seeds are the inferential unit.
full,validation,threshold_selection,validation_none,pair_prevalence,0,0,741425,proportion,299,0,0,ratio of pooled event counts/opportunities,percentile cluster bootstrap (2000 resamples of RNG seeds),eligible pair,
full,validation,threshold_selection,validation_none,stream_false_positive_rate_per_negative_pair,1,741425,741425,false positives / negative pair,299,1,1,ratio of pooled event counts/opportunities,percentile cluster bootstrap (2000 resamples of RNG seeds),negative eligible pair,
full,validation,threshold_selection,validation_none,stream_false_positives_per_run,2479.68227425,741425,299,false positives / observed pair run,299,2466.97508361,2492.27658863,ratio of pooled event counts/runs,percentile cluster bootstrap (2000 resamples of RNG seeds),independent RNG seed,Only runs with complete observed pair blocks contribute.
full,validation,threshold_selection,validation_none,clean_false_positives_per_run,2479.68227425,741425,299,false positives / observed pair run,299,2466.92884615,2493.20175585,ratio of pooled event counts/runs,percentile cluster bootstrap (2000 resamples of RNG seeds),independent RNG seed,Only runs with complete observed pair blocks contribute.
full,validation,threshold_selection,validation_none,stream_false_positives_per_receiver_run,35.4240324892,741425,20930,false-positive pair events / honest receiver-run,299,35.2434304826,35.6108026756,ratio of pooled event counts/opportunities,percentile cluster bootstrap (2000 resamples of RNG seeds),honest receiver-run,Each honest receiver contributes one exposure unit in each complete observed run.
full,validation,threshold_selection,validation_none,clean_false_positives_per_receiver_run,35.4240324892,741425,20930,clean-pair false-positive events / honest receiver-run,299,35.2349247492,35.6053666985,ratio of pooled event counts/opportunities,percentile cluster bootstrap (2000 resamples of RNG seeds),honest receiver-run,Each honest receiver contributes one exposure unit in each complete observed run.
full,validation,threshold_selection,validation_none,stream_false_positives_per_receiver_minute,42.5088389871,741425,17441.6666667,false positives / receiver-minute,299,42.2835738175,42.7302756808,ratio of pooled event counts/opportunities,percentile cluster bootstrap (2000 resamples of RNG seeds),receiver-minute,Receiver-minutes use honest receivers times the common evaluation-window duration.
full,validation,threshold_selection,validation_none,stream_false_positives_per_million_negative_messages,12941.7158566,741425,57289544,false-positive pair events / million negative messages,299,12894.5278203,12988.2938966,ratio of pooled event counts/opportunities,percentile cluster bootstrap (2000 resamples of RNG seeds),negative message,"The numerator is a receiver--claimed-identity window event, not a per-message decision; messages provide an exposure denominator."
full,validation,threshold_selection,validation_none,clean_false_positive_rate_per_clean_pair,1,741425,741425,false positives / clean honest pair,299,1,1,ratio of pooled event counts/opportunities,percentile cluster bootstrap (2000 resamples of RNG seeds),clean honest eligible pair,
full,validation,threshold_selection,validation_none,clean_false_positives_per_receiver_minute,42.5088389871,741425,17441.6666667,false positives / receiver-minute,299,42.2996703297,42.7255456283,ratio of pooled event counts/opportunities,percentile cluster bootstrap (2000 resamples of RNG seeds),receiver-minute,
full,validation,threshold_selection,validation_none,clean_false_positives_per_million_clean_messages,12941.7158566,741425,57289544,false-positive pair events / million clean messages,299,12892.0494434,12991.879473,ratio of pooled event counts/opportunities,percentile cluster bootstrap (2000 resamples of RNG seeds),clean honest message,"The numerator is a clean-pair window event, not a per-message decision; messages provide an exposure denominator."
full,validation,threshold_selection,validation_none,track_false_positive_pair_rate,1,741425,741425,track-alerted clean pairs / clean pair,299,1,1,ratio of pooled event counts/opportunities,percentile cluster bootstrap (2000 resamples of RNG seeds),clean honest eligible pair,Numerator is pair-level because the pair schema exposes whether any track alerted.
full,validation,threshold_selection,validation_none,track_false_positive_pairs_per_clean_evaluation_window_track,0.995752013194,741425,744588,track-alerted clean pairs / clean evaluation-window track,299,0.995595600102,0.995910523968,ratio of pooled event counts/opportunities,percentile cluster bootstrap (2000 resamples of RNG seeds),clean evaluation-window content-associated track,Conservative pair-event numerator; individual alerted-track count is not in the schema. Track count requires at least one window message.
full,validation,threshold_selection,validation_none,malicious_delay_censoring_rate,nan,0,0,proportion,0,nan,nan,ratio of pooled event counts/opportunities,percentile cluster bootstrap (2000 resamples of RNG seeds),malicious eligible pair,Censoring is reported separately; delay quartiles condition on detection.
full,validation,threshold_selection,validation_none,postwarmup_track_merges_per_evaluation_window_track,0,0,744588,post-warm-up merges / evaluation-window track,299,0,0,ratio of pooled event counts/opportunities,percentile cluster bootstrap (2000 resamples of RNG seeds),evaluation-window content-associated track,Merge counts span all post-warm-up tracked messages; the pair schema exposes only evaluation-window track count as a normalization base.
full,validation,threshold_selection,validation_none,postwarmup_track_fragments_per_evaluation_window_track,0.00424798680613,3163,744588,post-warm-up fragments / evaluation-window track,299,0.00407399961865,0.00441420912947,ratio of pooled event counts/opportunities,percentile cluster bootstrap (2000 resamples of RNG seeds),evaluation-window content-associated track,"Fragment counts span all post-warm-up tracked messages; this is a descriptive normalization, not a window-matched event rate."
full,validation,threshold_selection,validation_none,postwarmup_track_id_switches_per_evaluation_window_track,0,0,744588,post-warm-up ID switches / evaluation-window track,299,0,0,ratio of pooled event counts/opportunities,percentile cluster bootstrap (2000 resamples of RNG seeds),evaluation-window content-associated track,"ID-switch counts span all post-warm-up tracked messages; this is a descriptive normalization, not a window-matched event rate."
full,validation,threshold_selection,validation_none,window_message_weighted_postwarmup_track_purity,1,57289544,57289544,proportion,299,1,1,ratio of pooled event counts/opportunities,percentile cluster bootstrap (2000 resamples of RNG seeds),eligible-window message,Each pair's post-warm-up track purity is weighted by its evaluation-window message count; purity itself is not window-restricted.
full,validation,threshold_selection,validation_none,stride_ambiguous_rate_among_alerts,0,0,741425,proportion,299,0,0,ratio of pooled event counts/opportunities,percentile cluster bootstrap (2000 resamples of RNG seeds),alerted eligible pair,
full,validation,threshold_selection,validation_none,stride_unassigned_rate_among_alerts,0.999990558721,741418,741425,proportion,299,0.999975692602,1,ratio of pooled event counts/opportunities,percentile cluster bootstrap (2000 resamples of RNG seeds),alerted eligible pair,
full,validation,threshold_selection,validation_none,pair_exposure_q1_pooled_p2,7.19830826306,,741425,s,0,nan,nan,P-squared online quantile over pooled pair observations,not computed for pooled descriptive quantile,eligible pair,Constant-memory approximation; use seed rows below for uncertainty.
full,validation,threshold_selection,validation_none,pair_exposure_median_pooled_p2,8.80246851653,,741425,s,0,nan,nan,P-squared online quantile over pooled pair observations,not computed for pooled descriptive quantile,eligible pair,Constant-memory approximation; use seed rows below for uncertainty.
full,validation,threshold_selection,validation_none,pair_exposure_q3_pooled_p2,11.4935120681,,741425,s,0,nan,nan,P-squared online quantile over pooled pair observations,not computed for pooled descriptive quantile,eligible pair,Constant-memory approximation; use seed rows below for uncertainty.
full,validation,threshold_selection,validation_none,seed_mean_of_within_seed_pair_exposure_q1,7.17635977298,,299,s,299,7.15895005585,7.19475610391,mean of per-seed P-squared q1 estimates,percentile cluster bootstrap (2000 resamples of RNG seeds),independent RNG seed,Within-seed observations are eligible pairs; seeds are the inferential unit.
full,validation,threshold_selection,validation_none,seed_mean_of_within_seed_pair_exposure_median,8.84217758293,,299,s,299,8.82114503686,8.86341359687,mean of per-seed P-squared median estimates,percentile cluster bootstrap (2000 resamples of RNG seeds),independent RNG seed,Within-seed observations are eligible pairs; seeds are the inferential unit.
full,validation,threshold_selection,validation_none,seed_mean_of_within_seed_pair_exposure_q3,11.7373691598,,299,s,299,11.6402585732,11.8493583281,mean of per-seed P-squared q3 estimates,percentile cluster bootstrap (2000 resamples of RNG seeds),independent RNG seed,Within-seed observations are eligible pairs; seeds are the inferential unit.
full,validation,threshold_selection,validation_none,clean_pair_exposure_q1_pooled_p2,7.19830826306,,741425,s,0,nan,nan,P-squared online quantile over pooled pair observations,not computed for pooled descriptive quantile,clean honest eligible pair,Constant-memory approximation; use seed rows below for uncertainty.
full,validation,threshold_selection,validation_none,clean_pair_exposure_median_pooled_p2,8.80246851653,,741425,s,0,nan,nan,P-squared online quantile over pooled pair observations,not computed for pooled descriptive quantile,clean honest eligible pair,Constant-memory approximation; use seed rows below for uncertainty.
full,validation,threshold_selection,validation_none,clean_pair_exposure_q3_pooled_p2,11.4935120681,,741425,s,0,nan,nan,P-squared online quantile over pooled pair observations,not computed for pooled descriptive quantile,clean honest eligible pair,Constant-memory approximation; use seed rows below for uncertainty.
full,validation,threshold_selection,validation_none,seed_mean_of_within_seed_clean_pair_exposure_q1,7.17635977298,,299,s,299,7.15780934323,7.19476479695,mean of per-seed P-squared q1 estimates,percentile cluster bootstrap (2000 resamples of RNG seeds),independent RNG seed,Within-seed observations are clean honest eligible pairs; seeds are the inferential unit.
full,validation,threshold_selection,validation_none,seed_mean_of_within_seed_clean_pair_exposure_median,8.84217758293,,299,s,299,8.82086552632,8.8637116224,mean of per-seed P-squared median estimates,percentile cluster bootstrap (2000 resamples of RNG seeds),independent RNG seed,Within-seed observations are clean honest eligible pairs; seeds are the inferential unit.
full,validation,threshold_selection,validation_none,seed_mean_of_within_seed_clean_pair_exposure_q3,11.7373691598,,299,s,299,11.6432459759,11.8405836297,mean of per-seed P-squared q3 estimates,percentile cluster bootstrap (2000 resamples of RNG seeds),independent RNG seed,Within-seed observations are clean honest eligible pairs; seeds are the inferential unit.
full,validation,threshold_selection,validation_none,malicious_pair_exposure_q1_pooled_p2,nan,,0,s,0,nan,nan,P-squared online quantile over pooled pair observations,not computed for pooled descriptive quantile,malicious eligible pair,Constant-memory approximation; use seed rows below for uncertainty.
full,validation,threshold_selection,validation_none,malicious_pair_exposure_median_pooled_p2,nan,,0,s,0,nan,nan,P-squared online quantile over pooled pair observations,not computed for pooled descriptive quantile,malicious eligible pair,Constant-memory approximation; use seed rows below for uncertainty.
full,validation,threshold_selection,validation_none,malicious_pair_exposure_q3_pooled_p2,nan,,0,s,0,nan,nan,P-squared online quantile over pooled pair observations,not computed for pooled descriptive quantile,malicious eligible pair,Constant-memory approximation; use seed rows below for uncertainty.
full,validation,threshold_selection,validation_none,seed_mean_of_within_seed_malicious_pair_exposure_q1,nan,,0,s,0,nan,nan,mean of per-seed P-squared q1 estimates,percentile cluster bootstrap (2000 resamples of RNG seeds),independent RNG seed,Within-seed observations are malicious eligible pairs; seeds are the inferential unit.
full,validation,threshold_selection,validation_none,seed_mean_of_within_seed_malicious_pair_exposure_median,nan,,0,s,0,nan,nan,mean of per-seed P-squared median estimates,percentile cluster bootstrap (2000 resamples of RNG seeds),independent RNG seed,Within-seed observations are malicious eligible pairs; seeds are the inferential unit.
full,validation,threshold_selection,validation_none,seed_mean_of_within_seed_malicious_pair_exposure_q3,nan,,0,s,0,nan,nan,mean of per-seed P-squared q3 estimates,percentile cluster bootstrap (2000 resamples of RNG seeds),independent RNG seed,Within-seed observations are malicious eligible pairs; seeds are the inferential unit.
full,validation,threshold_selection,validation_none,detected_delay_q1_pooled_p2,nan,,0,s,0,nan,nan,P-squared online quantile over pooled pair observations,not computed for pooled descriptive quantile,detected malicious pair,Constant-memory approximation; use seed rows below for uncertainty.
full,validation,threshold_selection,validation_none,detected_delay_median_pooled_p2,nan,,0,s,0,nan,nan,P-squared online quantile over pooled pair observations,not computed for pooled descriptive quantile,detected malicious pair,Constant-memory approximation; use seed rows below for uncertainty.
full,validation,threshold_selection,validation_none,detected_delay_q3_pooled_p2,nan,,0,s,0,nan,nan,P-squared online quantile over pooled pair observations,not computed for pooled descriptive quantile,detected malicious pair,Constant-memory approximation; use seed rows below for uncertainty.
full,validation,threshold_selection,validation_none,seed_mean_of_within_seed_detected_delay_q1,nan,,0,s,0,nan,nan,mean of per-seed P-squared q1 estimates,percentile cluster bootstrap (2000 resamples of RNG seeds),independent RNG seed,Within-seed observations are detected malicious pairs; seeds are the inferential unit.
full,validation,threshold_selection,validation_none,seed_mean_of_within_seed_detected_delay_median,nan,,0,s,0,nan,nan,mean of per-seed P-squared median estimates,percentile cluster bootstrap (2000 resamples of RNG seeds),independent RNG seed,Within-seed observations are detected malicious pairs; seeds are the inferential unit.
full,validation,threshold_selection,validation_none,seed_mean_of_within_seed_detected_delay_q3,nan,,0,s,0,nan,nan,mean of per-seed P-squared q3 estimates,percentile cluster bootstrap (2000 resamples of RNG seeds),independent RNG seed,Within-seed observations are detected malicious pairs; seeds are the inferential unit.
full,validation,threshold_selection,validation_none,postwarmup_track_purity_q1_pooled_p2,1,,741425,proportion,0,nan,nan,P-squared online quantile over pooled pair observations,not computed for pooled descriptive quantile,eligible pair,Constant-memory approximation; use seed rows below for uncertainty.
full,validation,threshold_selection,validation_none,postwarmup_track_purity_median_pooled_p2,1,,741425,proportion,0,nan,nan,P-squared online quantile over pooled pair observations,not computed for pooled descriptive quantile,eligible pair,Constant-memory approximation; use seed rows below for uncertainty.
full,validation,threshold_selection,validation_none,postwarmup_track_purity_q3_pooled_p2,1,,741425,proportion,0,nan,nan,P-squared online quantile over pooled pair observations,not computed for pooled descriptive quantile,eligible pair,Constant-memory approximation; use seed rows below for uncertainty.
full,validation,threshold_selection,validation_none,seed_mean_of_within_seed_postwarmup_track_purity_q1,1,,299,proportion,299,1,1,mean of per-seed P-squared q1 estimates,percentile cluster bootstrap (2000 resamples of RNG seeds),independent RNG seed,Within-seed observations are eligible pairs; seeds are the inferential unit.
full,validation,threshold_selection,validation_none,seed_mean_of_within_seed_postwarmup_track_purity_median,1,,299,proportion,299,1,1,mean of per-seed P-squared median estimates,percentile cluster bootstrap (2000 resamples of RNG seeds),independent RNG seed,Within-seed observations are eligible pairs; seeds are the inferential unit.
full,validation,threshold_selection,validation_none,seed_mean_of_within_seed_postwarmup_track_purity_q3,1,,299,proportion,299,1,1,mean of per-seed P-squared q3 estimates,percentile cluster bootstrap (2000 resamples of RNG seeds),independent RNG seed,Within-seed observations are eligible pairs; seeds are the inferential unit.
full,validation,threshold_selection,validation_replay,pair_prevalence,0.865727523752,18498,21367,proportion,20,0.851282895314,0.881660166025,ratio of pooled event counts/opportunities,percentile cluster bootstrap (2000 resamples of RNG seeds),eligible pair,
full,validation,threshold_selection,validation_replay,stream_false_positive_rate_per_negative_pair,1,2869,2869,false positives / negative pair,20,1,1,ratio of pooled event counts/opportunities,percentile cluster bootstrap (2000 resamples of RNG seeds),negative eligible pair,
full,validation,threshold_selection,validation_replay,stream_false_positives_per_run,143.45,2869,20,false positives / observed pair run,20,127.55,158.6525,ratio of pooled event counts/runs,percentile cluster bootstrap (2000 resamples of RNG seeds),independent RNG seed,Only runs with complete observed pair blocks contribute.
full,validation,threshold_selection,validation_replay,clean_false_positives_per_run,142.05,2841,20,false positives / observed pair run,20,125.6975,157.95125,ratio of pooled event counts/runs,percentile cluster bootstrap (2000 resamples of RNG seeds),independent RNG seed,Only runs with complete observed pair blocks contribute.
full,validation,threshold_selection,validation_replay,stream_false_positives_per_receiver_run,4.09857142857,2869,700,false-positive pair events / honest receiver-run,20,3.62714285714,4.52860714286,ratio of pooled event counts/opportunities,percentile cluster bootstrap (2000 resamples of RNG seeds),honest receiver-run,Each honest receiver contributes one exposure unit in each complete observed run.
full,validation,threshold_selection,validation_replay,clean_false_positives_per_receiver_run,4.05857142857,2841,700,clean-pair false-positive events / honest receiver-run,20,3.61710714286,4.51003571429,ratio of pooled event counts/opportunities,percentile cluster bootstrap (2000 resamples of RNG seeds),honest receiver-run,Each honest receiver contributes one exposure unit in each complete observed run.
full,validation,threshold_selection,validation_replay,stream_false_positives_per_receiver_minute,4.91828571429,2869,583.333333333,false positives / receiver-minute,20,4.35072857143,5.4567,ratio of pooled event counts/opportunities,percentile cluster bootstrap (2000 resamples of RNG seeds),receiver-minute,Receiver-minutes use honest receivers times the common evaluation-window duration.
full,validation,threshold_selection,validation_replay,stream_false_positives_per_million_negative_messages,14838.6829828,2869,193346,false-positive pair events / million negative messages,20,13351.938612,16655.7547795,ratio of pooled event counts/opportunities,percentile cluster bootstrap (2000 resamples of RNG seeds),negative message,"The numerator is a receiver--claimed-identity window event, not a per-message decision; messages provide an exposure denominator."
full,validation,threshold_selection,validation_replay,clean_false_positive_rate_per_clean_pair,1,2841,2841,false positives / clean honest pair,20,1,1,ratio of pooled event counts/opportunities,percentile cluster bootstrap (2000 resamples of RNG seeds),clean honest eligible pair,
full,validation,threshold_selection,validation_replay,clean_false_positives_per_receiver_minute,4.87028571429,2841,583.333333333,false positives / receiver-minute,20,4.34057142857,5.38457142857,ratio of pooled event counts/opportunities,percentile cluster bootstrap (2000 resamples of RNG seeds),receiver-minute,
full,validation,threshold_selection,validation_replay,clean_false_positives_per_million_clean_messages,14706.2629735,2841,193183,false-positive pair events / million clean messages,20,13224.6616221,16448.2355551,ratio of pooled event counts/opportunities,percentile cluster bootstrap (2000 resamples of RNG seeds),clean honest message,"The numerator is a clean-pair window event, not a per-message decision; messages provide an exposure denominator."
full,validation,threshold_selection,validation_replay,track_false_positive_pair_rate,1,2841,2841,track-alerted clean pairs / clean pair,20,1,1,ratio of pooled event counts/opportunities,percentile cluster bootstrap (2000 resamples of RNG seeds),clean honest eligible pair,Numerator is pair-level because the pair schema exposes whether any track alerted.
full,validation,threshold_selection,validation_replay,track_false_positive_pairs_per_clean_evaluation_window_track,0.995793901157,2841,2853,track-alerted clean pairs / clean evaluation-window track,20,0.993181449359,0.998095999668,ratio of pooled event counts/opportunities,percentile cluster bootstrap (2000 resamples of RNG seeds),clean evaluation-window content-associated track,Conservative pair-event numerator; individual alerted-track count is not in the schema. Track count requires at least one window message.
full,validation,threshold_selection,validation_replay,malicious_delay_censoring_rate,0,0,18498,proportion,20,0,0,ratio of pooled event counts/opportunities,percentile cluster bootstrap (2000 resamples of RNG seeds),malicious eligible pair,Censoring is reported separately; delay quartiles condition on detection.
full,validation,threshold_selection,validation_replay,postwarmup_track_merges_per_evaluation_window_track,0.529561554662,27659,52230,post-warm-up merges / evaluation-window track,20,0.518198493292,0.540776892529,ratio of pooled event counts/opportunities,percentile cluster bootstrap (2000 resamples of RNG seeds),evaluation-window content-associated track,Merge counts span all post-warm-up tracked messages; the pair schema exposes only evaluation-window track count as a normalization base.
full,validation,threshold_selection,validation_replay,postwarmup_track_fragments_per_evaluation_window_track,0.125177101283,6538,52230,post-warm-up fragments / evaluation-window track,20,0.116329689236,0.13397602339,ratio of pooled event counts/opportunities,percentile cluster bootstrap (2000 resamples of RNG seeds),evaluation-window content-associated track,"Fragment counts span all post-warm-up tracked messages; this is a descriptive normalization, not a window-matched event rate."
full,validation,threshold_selection,validation_replay,postwarmup_track_id_switches_per_evaluation_window_track,1.21870572468,63653,52230,post-warm-up ID switches / evaluation-window track,20,1.11069625764,1.3254662855,ratio of pooled event counts/opportunities,percentile cluster bootstrap (2000 resamples of RNG seeds),evaluation-window content-associated track,"ID-switch counts span all post-warm-up tracked messages; this is a descriptive normalization, not a window-matched event rate."
full,validation,threshold_selection,validation_replay,window_message_weighted_postwarmup_track_purity,0.909963568268,1234149.91899,1356263,proportion,20,0.905857423153,0.913862331056,ratio of pooled event counts/opportunities,percentile cluster bootstrap (2000 resamples of RNG seeds),eligible-window message,Each pair's post-warm-up track purity is weighted by its evaluation-window message count; purity itself is not window-restricted.
full,validation,threshold_selection,validation_replay,stride_ambiguous_rate_among_alerts,0.00804979641503,172,21367,proportion,20,0.00600332421346,0.0100819130838,ratio of pooled event counts/opportunities,percentile cluster bootstrap (2000 resamples of RNG seeds),alerted eligible pair,
full,validation,threshold_selection,validation_replay,stride_unassigned_rate_among_alerts,0.134412879674,2872,21367,proportion,20,0.119077006849,0.148997677006,ratio of pooled event counts/opportunities,percentile cluster bootstrap (2000 resamples of RNG seeds),alerted eligible pair,
full,validation,threshold_selection,validation_replay,pair_exposure_q1_pooled_p2,7.91021102548,,21367,s,0,nan,nan,P-squared online quantile over pooled pair observations,not computed for pooled descriptive quantile,eligible pair,Constant-memory approximation; use seed rows below for uncertainty.
full,validation,threshold_selection,validation_replay,pair_exposure_median_pooled_p2,17.5130243257,,21367,s,0,nan,nan,P-squared online quantile over pooled pair observations,not computed for pooled descriptive quantile,eligible pair,Constant-memory approximation; use seed rows below for uncertainty.
full,validation,threshold_selection,validation_replay,pair_exposure_q3_pooled_p2,31.0243729213,,21367,s,0,nan,nan,P-squared online quantile over pooled pair observations,not computed for pooled descriptive quantile,eligible pair,Constant-memory approximation; use seed rows below for uncertainty.
full,validation,threshold_selection,validation_replay,seed_mean_of_within_seed_pair_exposure_q1,7.95256447357,,20,s,20,7.62268199736,8.28043383886,mean of per-seed P-squared q1 estimates,percentile cluster bootstrap (2000 resamples of RNG seeds),independent RNG seed,Within-seed observations are eligible pairs; seeds are the inferential unit.
full,validation,threshold_selection,validation_replay,seed_mean_of_within_seed_pair_exposure_median,17.1368654978,,20,s,20,16.176867175,18.1802973338,mean of per-seed P-squared median estimates,percentile cluster bootstrap (2000 resamples of RNG seeds),independent RNG seed,Within-seed observations are eligible pairs; seeds are the inferential unit.
full,validation,threshold_selection,validation_replay,seed_mean_of_within_seed_pair_exposure_q3,31.2434108472,,20,s,20,30.3249880815,32.3836509981,mean of per-seed P-squared q3 estimates,percentile cluster bootstrap (2000 resamples of RNG seeds),independent RNG seed,Within-seed observations are eligible pairs; seeds are the inferential unit.
full,validation,threshold_selection,validation_replay,clean_pair_exposure_q1_pooled_p2,6.05063432408,,2841,s,0,nan,nan,P-squared online quantile over pooled pair observations,not computed for pooled descriptive quantile,clean honest eligible pair,Constant-memory approximation; use seed rows below for uncertainty.
full,validation,threshold_selection,validation_replay,clean_pair_exposure_median_pooled_p2,8.38336982679,,2841,s,0,nan,nan,P-squared online quantile over pooled pair observations,not computed for pooled descriptive quantile,clean honest eligible pair,Constant-memory approximation; use seed rows below for uncertainty.
full,validation,threshold_selection,validation_replay,clean_pair_exposure_q3_pooled_p2,10.9548955264,,2841,s,0,nan,nan,P-squared online quantile over pooled pair observations,not computed for pooled descriptive quantile,clean honest eligible pair,Constant-memory approximation; use seed rows below for uncertainty.
full,validation,threshold_selection,validation_replay,seed_mean_of_within_seed_clean_pair_exposure_q1,5.77374487237,,20,s,20,5.35859871191,6.17184483099,mean of per-seed P-squared q1 estimates,percentile cluster bootstrap (2000 resamples of RNG seeds),independent RNG seed,Within-seed observations are clean honest eligible pairs; seeds are the inferential unit.
full,validation,threshold_selection,validation_replay,seed_mean_of_within_seed_clean_pair_exposure_median,8.12504387889,,20,s,20,7.84337635079,8.42034202729,mean of per-seed P-squared median estimates,percentile cluster bootstrap (2000 resamples of RNG seeds),independent RNG seed,Within-seed observations are clean honest eligible pairs; seeds are the inferential unit.
full,validation,threshold_selection,validation_replay,seed_mean_of_within_seed_clean_pair_exposure_q3,14.372119986,,20,s,20,11.8164437112,17.5156375773,mean of per-seed P-squared q3 estimates,percentile cluster bootstrap (2000 resamples of RNG seeds),independent RNG seed,Within-seed observations are clean honest eligible pairs; seeds are the inferential unit.
full,validation,threshold_selection,validation_replay,malicious_pair_exposure_q1_pooled_p2,8.91475776983,,18498,s,0,nan,nan,P-squared online quantile over pooled pair observations,not computed for pooled descriptive quantile,malicious eligible pair,Constant-memory approximation; use seed rows below for uncertainty.
full,validation,threshold_selection,validation_replay,malicious_pair_exposure_median_pooled_p2,19.6970127263,,18498,s,0,nan,nan,P-squared online quantile over pooled pair observations,not computed for pooled descriptive quantile,malicious eligible pair,Constant-memory approximation; use seed rows below for uncertainty.
full,validation,threshold_selection,validation_replay,malicious_pair_exposure_q3_pooled_p2,31.9157139109,,18498,s,0,nan,nan,P-squared online quantile over pooled pair observations,not computed for pooled descriptive quantile,malicious eligible pair,Constant-memory approximation; use seed rows below for uncertainty.
full,validation,threshold_selection,validation_replay,seed_mean_of_within_seed_malicious_pair_exposure_q1,8.95328447595,,20,s,20,8.5448981111,9.38480592776,mean of per-seed P-squared q1 estimates,percentile cluster bootstrap (2000 resamples of RNG seeds),independent RNG seed,Within-seed observations are malicious eligible pairs; seeds are the inferential unit.
full,validation,threshold_selection,validation_replay,seed_mean_of_within_seed_malicious_pair_exposure_median,19.5586926627,,20,s,20,18.647292993,20.4305538409,mean of per-seed P-squared median estimates,percentile cluster bootstrap (2000 resamples of RNG seeds),independent RNG seed,Within-seed observations are malicious eligible pairs; seeds are the inferential unit.
full,validation,threshold_selection,validation_replay,seed_mean_of_within_seed_malicious_pair_exposure_q3,32.2104809778,,20,s,20,31.2095186667,33.4014253851,mean of per-seed P-squared q3 estimates,percentile cluster bootstrap (2000 resamples of RNG seeds),independent RNG seed,Within-seed observations are malicious eligible pairs; seeds are the inferential unit.
full,validation,threshold_selection,validation_replay,detected_delay_q1_pooled_p2,0,,18498,s,0,nan,nan,P-squared online quantile over pooled pair observations,not computed for pooled descriptive quantile,detected malicious pair,Constant-memory approximation; use seed rows below for uncertainty.
full,validation,threshold_selection,validation_replay,detected_delay_median_pooled_p2,0,,18498,s,0,nan,nan,P-squared online quantile over pooled pair observations,not computed for pooled descriptive quantile,detected malicious pair,Constant-memory approximation; use seed rows below for uncertainty.
full,validation,threshold_selection,validation_replay,detected_delay_q3_pooled_p2,0,,18498,s,0,nan,nan,P-squared online quantile over pooled pair observations,not computed for pooled descriptive quantile,detected malicious pair,Constant-memory approximation; use seed rows below for uncertainty.
full,validation,threshold_selection,validation_replay,seed_mean_of_within_seed_detected_delay_q1,0,,20,s,20,0,0,mean of per-seed P-squared q1 estimates,percentile cluster bootstrap (2000 resamples of RNG seeds),independent RNG seed,Within-seed observations are detected malicious pairs; seeds are the inferential unit.
full,validation,threshold_selection,validation_replay,seed_mean_of_within_seed_detected_delay_median,0,,20,s,20,0,0,mean of per-seed P-squared median estimates,percentile cluster bootstrap (2000 resamples of RNG seeds),independent RNG seed,Within-seed observations are detected malicious pairs; seeds are the inferential unit.
full,validation,threshold_selection,validation_replay,seed_mean_of_within_seed_detected_delay_q3,0,,20,s,20,0,0,mean of per-seed P-squared q3 estimates,percentile cluster bootstrap (2000 resamples of RNG seeds),independent RNG seed,Within-seed observations are detected malicious pairs; seeds are the inferential unit.
full,validation,threshold_selection,validation_replay,postwarmup_track_purity_q1_pooled_p2,0.821765895357,,21367,proportion,0,nan,nan,P-squared online quantile over pooled pair observations,not computed for pooled descriptive quantile,eligible pair,Constant-memory approximation; use seed rows below for uncertainty.
full,validation,threshold_selection,validation_replay,postwarmup_track_purity_median_pooled_p2,0.961288666673,,21367,proportion,0,nan,nan,P-squared online quantile over pooled pair observations,not computed for pooled descriptive quantile,eligible pair,Constant-memory approximation; use seed rows below for uncertainty.
full,validation,threshold_selection,validation_replay,postwarmup_track_purity_q3_pooled_p2,0.999999625303,,21367,proportion,0,nan,nan,P-squared online quantile over pooled pair observations,not computed for pooled descriptive quantile,eligible pair,Constant-memory approximation; use seed rows below for uncertainty.
full,validation,threshold_selection,validation_replay,seed_mean_of_within_seed_postwarmup_track_purity_q1,0.820756727526,,20,proportion,20,0.804421398107,0.835400617255,mean of per-seed P-squared q1 estimates,percentile cluster bootstrap (2000 resamples of RNG seeds),independent RNG seed,Within-seed observations are eligible pairs; seeds are the inferential unit.
full,validation,threshold_selection,validation_replay,seed_mean_of_within_seed_postwarmup_track_purity_median,0.960369267441,,20,proportion,20,0.952817831514,0.968009417265,mean of per-seed P-squared median estimates,percentile cluster bootstrap (2000 resamples of RNG seeds),independent RNG seed,Within-seed observations are eligible pairs; seeds are the inferential unit.
full,validation,threshold_selection,validation_replay,seed_mean_of_within_seed_postwarmup_track_purity_q3,0.999909316576,,20,proportion,20,0.999835314965,0.999967852446,mean of per-seed P-squared q3 estimates,percentile cluster bootstrap (2000 resamples of RNG seeds),independent RNG seed,Within-seed observations are eligible pairs; seeds are the inferential unit.
full,validation,threshold_selection,validation_revheading,pair_prevalence,0.308258334748,5446,17667,proportion,20,0.303710240826,0.312970434344,ratio of pooled event counts/opportunities,percentile cluster bootstrap (2000 resamples of RNG seeds),eligible pair,
full,validation,threshold_selection,validation_revheading,stream_false_positive_rate_per_negative_pair,1,12221,12221,false positives / negative pair,20,1,1,ratio of pooled event counts/opportunities,percentile cluster bootstrap (2000 resamples of RNG seeds),negative eligible pair,
full,validation,threshold_selection,validation_revheading,stream_false_positives_per_run,611.05,12221,20,false positives / observed pair run,20,598.44875,623.95,ratio of pooled event counts/runs,percentile cluster bootstrap (2000 resamples of RNG seeds),independent RNG seed,Only runs with complete observed pair blocks contribute.
full,validation,threshold_selection,validation_revheading,clean_false_positives_per_run,611.05,12221,20,false positives / observed pair run,20,597.95,624.65125,ratio of pooled event counts/runs,percentile cluster bootstrap (2000 resamples of RNG seeds),independent RNG seed,Only runs with complete observed pair blocks contribute.
full,validation,threshold_selection,validation_revheading,stream_false_positives_per_receiver_run,17.4585714286,12221,700,false-positive pair events / honest receiver-run,20,17.0956428571,17.8315,ratio of pooled event counts/opportunities,percentile cluster bootstrap (2000 resamples of RNG seeds),honest receiver-run,Each honest receiver contributes one exposure unit in each complete observed run.
full,validation,threshold_selection,validation_revheading,clean_false_positives_per_receiver_run,17.4585714286,12221,700,clean-pair false-positive events / honest receiver-run,20,17.0842857143,17.8271785714,ratio of pooled event counts/opportunities,percentile cluster bootstrap (2000 resamples of RNG seeds),honest receiver-run,Each honest receiver contributes one exposure unit in each complete observed run.
full,validation,threshold_selection,validation_revheading,stream_false_positives_per_receiver_minute,20.9502857143,12221,583.333333333,false positives / receiver-minute,20,20.5131428571,21.4148571429,ratio of pooled event counts/opportunities,percentile cluster bootstrap (2000 resamples of RNG seeds),receiver-minute,Receiver-minutes use honest receivers times the common evaluation-window duration.
full,validation,threshold_selection,validation_revheading,stream_false_positives_per_million_negative_messages,13078.5752583,12221,934429,false-positive pair events / million negative messages,20,12678.7174151,13460.7762681,ratio of pooled event counts/opportunities,percentile cluster bootstrap (2000 resamples of RNG seeds),negative message,"The numerator is a receiver--claimed-identity window event, not a per-message decision; messages provide an exposure denominator."
full,validation,threshold_selection,validation_revheading,clean_false_positive_rate_per_clean_pair,1,12221,12221,false positives / clean honest pair,20,1,1,ratio of pooled event counts/opportunities,percentile cluster bootstrap (2000 resamples of RNG seeds),clean honest eligible pair,
full,validation,threshold_selection,validation_revheading,clean_false_positives_per_receiver_minute,20.9502857143,12221,583.333333333,false positives / receiver-minute,20,20.5147285714,21.4235571429,ratio of pooled event counts/opportunities,percentile cluster bootstrap (2000 resamples of RNG seeds),receiver-minute,
full,validation,threshold_selection,validation_revheading,clean_false_positives_per_million_clean_messages,13078.5752583,12221,934429,false-positive pair events / million clean messages,20,12649.3816211,13467.8067506,ratio of pooled event counts/opportunities,percentile cluster bootstrap (2000 resamples of RNG seeds),clean honest message,"The numerator is a clean-pair window event, not a per-message decision; messages provide an exposure denominator."
full,validation,threshold_selection,validation_revheading,track_false_positive_pair_rate,1,12221,12221,track-alerted clean pairs / clean pair,20,1,1,ratio of pooled event counts/opportunities,percentile cluster bootstrap (2000 resamples of RNG seeds),clean honest eligible pair,Numerator is pair-level because the pair schema exposes whether any track alerted.
full,validation,threshold_selection,validation_revheading,track_false_positive_pairs_per_clean_evaluation_window_track,0.996575063198,12221,12263,track-alerted clean pairs / clean evaluation-window track,20,0.995828472611,0.997317569259,ratio of pooled event counts/opportunities,percentile cluster bootstrap (2000 resamples of RNG seeds),clean evaluation-window content-associated track,Conservative pair-event numerator; individual alerted-track count is not in the schema. Track count requires at least one window message.
full,validation,threshold_selection,validation_revheading,malicious_delay_censoring_rate,0,0,5446,proportion,20,0,0,ratio of pooled event counts/opportunities,percentile cluster bootstrap (2000 resamples of RNG seeds),malicious eligible pair,Censoring is reported separately; delay quartiles condition on detection.
full,validation,threshold_selection,validation_revheading,postwarmup_track_merges_per_evaluation_window_track,0,0,19265,post-warm-up merges / evaluation-window track,20,0,0,ratio of pooled event counts/opportunities,percentile cluster bootstrap (2000 resamples of RNG seeds),evaluation-window content-associated track,Merge counts span all post-warm-up tracked messages; the pair schema exposes only evaluation-window track count as a normalization base.
full,validation,threshold_selection,validation_revheading,postwarmup_track_fragments_per_evaluation_window_track,0.0829483519336,1598,19265,post-warm-up fragments / evaluation-window track,20,0.0721997405149,0.0941558586774,ratio of pooled event counts/opportunities,percentile cluster bootstrap (2000 resamples of RNG seeds),evaluation-window content-associated track,"Fragment counts span all post-warm-up tracked messages; this is a descriptive normalization, not a window-matched event rate."
full,validation,threshold_selection,validation_revheading,postwarmup_track_id_switches_per_evaluation_window_track,0,0,19265,post-warm-up ID switches / evaluation-window track,20,0,0,ratio of pooled event counts/opportunities,percentile cluster bootstrap (2000 resamples of RNG seeds),evaluation-window content-associated track,"ID-switch counts span all post-warm-up tracked messages; this is a descriptive normalization, not a window-matched event rate."
full,validation,threshold_selection,validation_revheading,window_message_weighted_postwarmup_track_purity,1,1356263,1356263,proportion,20,1,1,ratio of pooled event counts/opportunities,percentile cluster bootstrap (2000 resamples of RNG seeds),eligible-window message,Each pair's post-warm-up track purity is weighted by its evaluation-window message count; purity itself is not window-restricted.
full,validation,threshold_selection,validation_revheading,stride_ambiguous_rate_among_alerts,0,0,17667,proportion,20,0,0,ratio of pooled event counts/opportunities,percentile cluster bootstrap (2000 resamples of RNG seeds),alerted eligible pair,
full,validation,threshold_selection,validation_revheading,stride_unassigned_rate_among_alerts,0.697458538518,12322,17667,proportion,20,0.692772673747,0.702286461087,ratio of pooled event counts/opportunities,percentile cluster bootstrap (2000 resamples of RNG seeds),alerted eligible pair,
full,validation,threshold_selection,validation_revheading,pair_exposure_q1_pooled_p2,7.19203526647,,17667,s,0,nan,nan,P-squared online quantile over pooled pair observations,not computed for pooled descriptive quantile,eligible pair,Constant-memory approximation; use seed rows below for uncertainty.
full,validation,threshold_selection,validation_revheading,pair_exposure_median_pooled_p2,8.81049030805,,17667,s,0,nan,nan,P-squared online quantile over pooled pair observations,not computed for pooled descriptive quantile,eligible pair,Constant-memory approximation; use seed rows below for uncertainty.
full,validation,threshold_selection,validation_revheading,pair_exposure_q3_pooled_p2,11.554183436,,17667,s,0,nan,nan,P-squared online quantile over pooled pair observations,not computed for pooled descriptive quantile,eligible pair,Constant-memory approximation; use seed rows below for uncertainty.
full,validation,threshold_selection,validation_revheading,seed_mean_of_within_seed_pair_exposure_q1,7.17864548286,,20,s,20,7.11627207015,7.23548128832,mean of per-seed P-squared q1 estimates,percentile cluster bootstrap (2000 resamples of RNG seeds),independent RNG seed,Within-seed observations are eligible pairs; seeds are the inferential unit.
full,validation,threshold_selection,validation_revheading,seed_mean_of_within_seed_pair_exposure_median,8.80382362458,,20,s,20,8.71729379637,8.88921112024,mean of per-seed P-squared median estimates,percentile cluster bootstrap (2000 resamples of RNG seeds),independent RNG seed,Within-seed observations are eligible pairs; seeds are the inferential unit.
full,validation,threshold_selection,validation_revheading,seed_mean_of_within_seed_pair_exposure_q3,11.5019071461,,20,s,20,11.1913548339,11.8417177239,mean of per-seed P-squared q3 estimates,percentile cluster bootstrap (2000 resamples of RNG seeds),independent RNG seed,Within-seed observations are eligible pairs; seeds are the inferential unit.
full,validation,threshold_selection,validation_revheading,clean_pair_exposure_q1_pooled_p2,7.18339269236,,12221,s,0,nan,nan,P-squared online quantile over pooled pair observations,not computed for pooled descriptive quantile,clean honest eligible pair,Constant-memory approximation; use seed rows below for uncertainty.
full,validation,threshold_selection,validation_revheading,clean_pair_exposure_median_pooled_p2,8.81287558197,,12221,s,0,nan,nan,P-squared online quantile over pooled pair observations,not computed for pooled descriptive quantile,clean honest eligible pair,Constant-memory approximation; use seed rows below for uncertainty.
full,validation,threshold_selection,validation_revheading,clean_pair_exposure_q3_pooled_p2,11.4164825798,,12221,s,0,nan,nan,P-squared online quantile over pooled pair observations,not computed for pooled descriptive quantile,clean honest eligible pair,Constant-memory approximation; use seed rows below for uncertainty.
full,validation,threshold_selection,validation_revheading,seed_mean_of_within_seed_clean_pair_exposure_q1,7.16132411307,,20,s,20,7.08256422328,7.23376428964,mean of per-seed P-squared q1 estimates,percentile cluster bootstrap (2000 resamples of RNG seeds),independent RNG seed,Within-seed observations are clean honest eligible pairs; seeds are the inferential unit.
full,validation,threshold_selection,validation_revheading,seed_mean_of_within_seed_clean_pair_exposure_median,8.76142165443,,20,s,20,8.68634901651,8.83136325552,mean of per-seed P-squared median estimates,percentile cluster bootstrap (2000 resamples of RNG seeds),independent RNG seed,Within-seed observations are clean honest eligible pairs; seeds are the inferential unit.
full,validation,threshold_selection,validation_revheading,seed_mean_of_within_seed_clean_pair_exposure_q3,11.5187755395,,20,s,20,11.1177081434,11.989047542,mean of per-seed P-squared q3 estimates,percentile cluster bootstrap (2000 resamples of RNG seeds),independent RNG seed,Within-seed observations are clean honest eligible pairs; seeds are the inferential unit.
full,validation,threshold_selection,validation_revheading,malicious_pair_exposure_q1_pooled_p2,7.19072345546,,5446,s,0,nan,nan,P-squared online quantile over pooled pair observations,not computed for pooled descriptive quantile,malicious eligible pair,Constant-memory approximation; use seed rows below for uncertainty.
full,validation,threshold_selection,validation_revheading,malicious_pair_exposure_median_pooled_p2,8.79018380648,,5446,s,0,nan,nan,P-squared online quantile over pooled pair observations,not computed for pooled descriptive quantile,malicious eligible pair,Constant-memory approximation; use seed rows below for uncertainty.
full,validation,threshold_selection,validation_revheading,malicious_pair_exposure_q3_pooled_p2,11.7361943177,,5446,s,0,nan,nan,P-squared online quantile over pooled pair observations,not computed for pooled descriptive quantile,malicious eligible pair,Constant-memory approximation; use seed rows below for uncertainty.
full,validation,threshold_selection,validation_revheading,seed_mean_of_within_seed_malicious_pair_exposure_q1,7.18618727023,,20,s,20,7.08065534719,7.28682501169,mean of per-seed P-squared q1 estimates,percentile cluster bootstrap (2000 resamples of RNG seeds),independent RNG seed,Within-seed observations are malicious eligible pairs; seeds are the inferential unit.
full,validation,threshold_selection,validation_revheading,seed_mean_of_within_seed_malicious_pair_exposure_median,8.826037345,,20,s,20,8.66629589789,9.00323966245,mean of per-seed P-squared median estimates,percentile cluster bootstrap (2000 resamples of RNG seeds),independent RNG seed,Within-seed observations are malicious eligible pairs; seeds are the inferential unit.
full,validation,threshold_selection,validation_revheading,seed_mean_of_within_seed_malicious_pair_exposure_q3,13.5024981494,,20,s,20,12.5347453814,14.5881274236,mean of per-seed P-squared q3 estimates,percentile cluster bootstrap (2000 resamples of RNG seeds),independent RNG seed,Within-seed observations are malicious eligible pairs; seeds are the inferential unit.
full,validation,threshold_selection,validation_revheading,detected_delay_q1_pooled_p2,0,,5446,s,0,nan,nan,P-squared online quantile over pooled pair observations,not computed for pooled descriptive quantile,detected malicious pair,Constant-memory approximation; use seed rows below for uncertainty.
full,validation,threshold_selection,validation_revheading,detected_delay_median_pooled_p2,0,,5446,s,0,nan,nan,P-squared online quantile over pooled pair observations,not computed for pooled descriptive quantile,detected malicious pair,Constant-memory approximation; use seed rows below for uncertainty.
full,validation,threshold_selection,validation_revheading,detected_delay_q3_pooled_p2,0,,5446,s,0,nan,nan,P-squared online quantile over pooled pair observations,not computed for pooled descriptive quantile,detected malicious pair,Constant-memory approximation; use seed rows below for uncertainty.
full,validation,threshold_selection,validation_revheading,seed_mean_of_within_seed_detected_delay_q1,0,,20,s,20,0,0,mean of per-seed P-squared q1 estimates,percentile cluster bootstrap (2000 resamples of RNG seeds),independent RNG seed,Within-seed observations are detected malicious pairs; seeds are the inferential unit.
full,validation,threshold_selection,validation_revheading,seed_mean_of_within_seed_detected_delay_median,0,,20,s,20,0,0,mean of per-seed P-squared median estimates,percentile cluster bootstrap (2000 resamples of RNG seeds),independent RNG seed,Within-seed observations are detected malicious pairs; seeds are the inferential unit.
full,validation,threshold_selection,validation_revheading,seed_mean_of_within_seed_detected_delay_q3,0,,20,s,20,0,0,mean of per-seed P-squared q3 estimates,percentile cluster bootstrap (2000 resamples of RNG seeds),independent RNG seed,Within-seed observations are detected malicious pairs; seeds are the inferential unit.
full,validation,threshold_selection,validation_revheading,postwarmup_track_purity_q1_pooled_p2,1,,17667,proportion,0,nan,nan,P-squared online quantile over pooled pair observations,not computed for pooled descriptive quantile,eligible pair,Constant-memory approximation; use seed rows below for uncertainty.
full,validation,threshold_selection,validation_revheading,postwarmup_track_purity_median_pooled_p2,1,,17667,proportion,0,nan,nan,P-squared online quantile over pooled pair observations,not computed for pooled descriptive quantile,eligible pair,Constant-memory approximation; use seed rows below for uncertainty.
full,validation,threshold_selection,validation_revheading,postwarmup_track_purity_q3_pooled_p2,1,,17667,proportion,0,nan,nan,P-squared online quantile over pooled pair observations,not computed for pooled descriptive quantile,eligible pair,Constant-memory approximation; use seed rows below for uncertainty.
full,validation,threshold_selection,validation_revheading,seed_mean_of_within_seed_postwarmup_track_purity_q1,1,,20,proportion,20,1,1,mean of per-seed P-squared q1 estimates,percentile cluster bootstrap (2000 resamples of RNG seeds),independent RNG seed,Within-seed observations are eligible pairs; seeds are the inferential unit.
full,validation,threshold_selection,validation_revheading,seed_mean_of_within_seed_postwarmup_track_purity_median,1,,20,proportion,20,1,1,mean of per-seed P-squared median estimates,percentile cluster bootstrap (2000 resamples of RNG seeds),independent RNG seed,Within-seed observations are eligible pairs; seeds are the inferential unit.
full,validation,threshold_selection,validation_revheading,seed_mean_of_within_seed_postwarmup_track_purity_q3,1,,20,proportion,20,1,1,mean of per-seed P-squared q3 estimates,percentile cluster bootstrap (2000 resamples of RNG seeds),independent RNG seed,Within-seed observations are eligible pairs; seeds are the inferential unit.
full,validation,threshold_selection,validation_slydos,pair_prevalence,0.311157467441,5519,17737,proportion,20,0.306412367498,0.315670361711,ratio of pooled event counts/opportunities,percentile cluster bootstrap (2000 resamples of RNG seeds),eligible pair,
full,validation,threshold_selection,validation_slydos,stream_false_positive_rate_per_negative_pair,1,12218,12218,false positives / negative pair,20,1,1,ratio of pooled event counts/opportunities,percentile cluster bootstrap (2000 resamples of RNG seeds),negative eligible pair,
full,validation,threshold_selection,validation_slydos,stream_false_positives_per_run,610.9,12218,20,false positives / observed pair run,20,598.59625,623.35,ratio of pooled event counts/runs,percentile cluster bootstrap (2000 resamples of RNG seeds),independent RNG seed,Only runs with complete observed pair blocks contribute.
full,validation,threshold_selection,validation_slydos,clean_false_positives_per_run,610.9,12218,20,false positives / observed pair run,20,598,623.5,ratio of pooled event counts/runs,percentile cluster bootstrap (2000 resamples of RNG seeds),independent RNG seed,Only runs with complete observed pair blocks contribute.
full,validation,threshold_selection,validation_slydos,stream_false_positives_per_receiver_run,17.4542857143,12218,700,false-positive pair events / honest receiver-run,20,17.0871071429,17.8114642857,ratio of pooled event counts/opportunities,percentile cluster bootstrap (2000 resamples of RNG seeds),honest receiver-run,Each honest receiver contributes one exposure unit in each complete observed run.
full,validation,threshold_selection,validation_slydos,clean_false_positives_per_receiver_run,17.4542857143,12218,700,clean-pair false-positive events / honest receiver-run,20,17.0871428571,17.80575,ratio of pooled event counts/opportunities,percentile cluster bootstrap (2000 resamples of RNG seeds),honest receiver-run,Each honest receiver contributes one exposure unit in each complete observed run.
full,validation,threshold_selection,validation_slydos,stream_false_positives_per_receiver_minute,20.9451428571,12218,583.333333333,false positives / receiver-minute,20,20.4942428571,21.3942857143,ratio of pooled event counts/opportunities,percentile cluster bootstrap (2000 resamples of RNG seeds),receiver-minute,Receiver-minutes use honest receivers times the common evaluation-window duration.
full,validation,threshold_selection,validation_slydos,stream_false_positives_per_million_negative_messages,13116.7604243,12218,931480,false-positive pair events / million negative messages,20,12708.8184335,13514.3119621,ratio of pooled event counts/opportunities,percentile cluster bootstrap (2000 resamples of RNG seeds),negative message,"The numerator is a receiver--claimed-identity window event, not a per-message decision; messages provide an exposure denominator."
full,validation,threshold_selection,validation_slydos,clean_false_positive_rate_per_clean_pair,1,12218,12218,false positives / clean honest pair,20,1,1,ratio of pooled event counts/opportunities,percentile cluster bootstrap (2000 resamples of RNG seeds),clean honest eligible pair,
full,validation,threshold_selection,validation_slydos,clean_false_positives_per_receiver_minute,20.9451428571,12218,583.333333333,false positives / receiver-minute,20,20.5147714286,21.3925714286,ratio of pooled event counts/opportunities,percentile cluster bootstrap (2000 resamples of RNG seeds),receiver-minute,
full,validation,threshold_selection,validation_slydos,clean_false_positives_per_million_clean_messages,13116.7604243,12218,931480,false-positive pair events / million clean messages,20,12704.0013294,13507.5425996,ratio of pooled event counts/opportunities,percentile cluster bootstrap (2000 resamples of RNG seeds),clean honest message,"The numerator is a clean-pair window event, not a per-message decision; messages provide an exposure denominator."
full,validation,threshold_selection,validation_slydos,track_false_positive_pair_rate,1,12218,12218,track-alerted clean pairs / clean pair,20,1,1,ratio of pooled event counts/opportunities,percentile cluster bootstrap (2000 resamples of RNG seeds),clean honest eligible pair,Numerator is pair-level because the pair schema exposes whether any track alerted.
full,validation,threshold_selection,validation_slydos,track_false_positive_pairs_per_clean_evaluation_window_track,0.996167957603,12218,12265,track-alerted clean pairs / clean evaluation-window track,20,0.994974792861,0.997359756913,ratio of pooled event counts/opportunities,percentile cluster bootstrap (2000 resamples of RNG seeds),clean evaluation-window content-associated track,Conservative pair-event numerator; individual alerted-track count is not in the schema. Track count requires at least one window message.
full,validation,threshold_selection,validation_slydos,malicious_delay_censoring_rate,0,0,5519,proportion,20,0,0,ratio of pooled event counts/opportunities,percentile cluster bootstrap (2000 resamples of RNG seeds),malicious eligible pair,Censoring is reported separately; delay quartiles condition on detection.
full,validation,threshold_selection,validation_slydos,postwarmup_track_merges_per_evaluation_window_track,0,0,17897,post-warm-up merges / evaluation-window track,20,0,0,ratio of pooled event counts/opportunities,percentile cluster bootstrap (2000 resamples of RNG seeds),evaluation-window content-associated track,Merge counts span all post-warm-up tracked messages; the pair schema exposes only evaluation-window track count as a normalization base.
full,validation,threshold_selection,validation_slydos,postwarmup_track_fragments_per_evaluation_window_track,0.00894004581773,160,17897,post-warm-up fragments / evaluation-window track,20,0.00679918825124,0.0112781996556,ratio of pooled event counts/opportunities,percentile cluster bootstrap (2000 resamples of RNG seeds),evaluation-window content-associated track,"Fragment counts span all post-warm-up tracked messages; this is a descriptive normalization, not a window-matched event rate."
full,validation,threshold_selection,validation_slydos,postwarmup_track_id_switches_per_evaluation_window_track,0,0,17897,post-warm-up ID switches / evaluation-window track,20,0,0,ratio of pooled event counts/opportunities,percentile cluster bootstrap (2000 resamples of RNG seeds),evaluation-window content-associated track,"ID-switch counts span all post-warm-up tracked messages; this is a descriptive normalization, not a window-matched event rate."
full,validation,threshold_selection,validation_slydos,window_message_weighted_postwarmup_track_purity,1,1604987,1604987,proportion,20,1,1,ratio of pooled event counts/opportunities,percentile cluster bootstrap (2000 resamples of RNG seeds),eligible-window message,Each pair's post-warm-up track purity is weighted by its evaluation-window message count; purity itself is not window-restricted.
full,validation,threshold_selection,validation_slydos,stride_ambiguous_rate_among_alerts,0,0,17737,proportion,20,0,0,ratio of pooled event counts/opportunities,percentile cluster bootstrap (2000 resamples of RNG seeds),alerted eligible pair,
full,validation,threshold_selection,validation_slydos,stride_unassigned_rate_among_alerts,1,17737,17737,proportion,20,1,1,ratio of pooled event counts/opportunities,percentile cluster bootstrap (2000 resamples of RNG seeds),alerted eligible pair,
full,validation,threshold_selection,validation_slydos,pair_exposure_q1_pooled_p2,7.33547845077,,17737,s,0,nan,nan,P-squared online quantile over pooled pair observations,not computed for pooled descriptive quantile,eligible pair,Constant-memory approximation; use seed rows below for uncertainty.
full,validation,threshold_selection,validation_slydos,pair_exposure_median_pooled_p2,9.00204439067,,17737,s,0,nan,nan,P-squared online quantile over pooled pair observations,not computed for pooled descriptive quantile,eligible pair,Constant-memory approximation; use seed rows below for uncertainty.
full,validation,threshold_selection,validation_slydos,pair_exposure_q3_pooled_p2,11.6470789658,,17737,s,0,nan,nan,P-squared online quantile over pooled pair observations,not computed for pooled descriptive quantile,eligible pair,Constant-memory approximation; use seed rows below for uncertainty.
full,validation,threshold_selection,validation_slydos,seed_mean_of_within_seed_pair_exposure_q1,7.3445960686,,20,s,20,7.2732890039,7.4120427753,mean of per-seed P-squared q1 estimates,percentile cluster bootstrap (2000 resamples of RNG seeds),independent RNG seed,Within-seed observations are eligible pairs; seeds are the inferential unit.
full,validation,threshold_selection,validation_slydos,seed_mean_of_within_seed_pair_exposure_median,8.98458973862,,20,s,20,8.90261035501,9.07140582545,mean of per-seed P-squared median estimates,percentile cluster bootstrap (2000 resamples of RNG seeds),independent RNG seed,Within-seed observations are eligible pairs; seeds are the inferential unit.
full,validation,threshold_selection,validation_slydos,seed_mean_of_within_seed_pair_exposure_q3,11.6474619999,,20,s,20,11.3428044106,12.0241223251,mean of per-seed P-squared q3 estimates,percentile cluster bootstrap (2000 resamples of RNG seeds),independent RNG seed,Within-seed observations are eligible pairs; seeds are the inferential unit.
full,validation,threshold_selection,validation_slydos,clean_pair_exposure_q1_pooled_p2,7.19216128403,,12218,s,0,nan,nan,P-squared online quantile over pooled pair observations,not computed for pooled descriptive quantile,clean honest eligible pair,Constant-memory approximation; use seed rows below for uncertainty.
full,validation,threshold_selection,validation_slydos,clean_pair_exposure_median_pooled_p2,8.82672569893,,12218,s,0,nan,nan,P-squared online quantile over pooled pair observations,not computed for pooled descriptive quantile,clean honest eligible pair,Constant-memory approximation; use seed rows below for uncertainty.
full,validation,threshold_selection,validation_slydos,clean_pair_exposure_q3_pooled_p2,11.4434703855,,12218,s,0,nan,nan,P-squared online quantile over pooled pair observations,not computed for pooled descriptive quantile,clean honest eligible pair,Constant-memory approximation; use seed rows below for uncertainty.
full,validation,threshold_selection,validation_slydos,seed_mean_of_within_seed_clean_pair_exposure_q1,7.16364215943,,20,s,20,7.07827891326,7.25264938278,mean of per-seed P-squared q1 estimates,percentile cluster bootstrap (2000 resamples of RNG seeds),independent RNG seed,Within-seed observations are clean honest eligible pairs; seeds are the inferential unit.
full,validation,threshold_selection,validation_slydos,seed_mean_of_within_seed_clean_pair_exposure_median,8.78003486671,,20,s,20,8.68159864092,8.88125491219,mean of per-seed P-squared median estimates,percentile cluster bootstrap (2000 resamples of RNG seeds),independent RNG seed,Within-seed observations are clean honest eligible pairs; seeds are the inferential unit.
full,validation,threshold_selection,validation_slydos,seed_mean_of_within_seed_clean_pair_exposure_q3,11.548187878,,20,s,20,11.1792671176,11.9736195118,mean of per-seed P-squared q3 estimates,percentile cluster bootstrap (2000 resamples of RNG seeds),independent RNG seed,Within-seed observations are clean honest eligible pairs; seeds are the inferential unit.
full,validation,threshold_selection,validation_slydos,malicious_pair_exposure_q1_pooled_p2,7.77631677119,,5519,s,0,nan,nan,P-squared online quantile over pooled pair observations,not computed for pooled descriptive quantile,malicious eligible pair,Constant-memory approximation; use seed rows below for uncertainty.
full,validation,threshold_selection,validation_slydos,malicious_pair_exposure_median_pooled_p2,9.36667280361,,5519,s,0,nan,nan,P-squared online quantile over pooled pair observations,not computed for pooled descriptive quantile,malicious eligible pair,Constant-memory approximation; use seed rows below for uncertainty.
full,validation,threshold_selection,validation_slydos,malicious_pair_exposure_q3_pooled_p2,12.0373849298,,5519,s,0,nan,nan,P-squared online quantile over pooled pair observations,not computed for pooled descriptive quantile,malicious eligible pair,Constant-memory approximation; use seed rows below for uncertainty.
full,validation,threshold_selection,validation_slydos,seed_mean_of_within_seed_malicious_pair_exposure_q1,7.80986459394,,20,s,20,7.67628448906,7.94261999296,mean of per-seed P-squared q1 estimates,percentile cluster bootstrap (2000 resamples of RNG seeds),independent RNG seed,Within-seed observations are malicious eligible pairs; seeds are the inferential unit.
full,validation,threshold_selection,validation_slydos,seed_mean_of_within_seed_malicious_pair_exposure_median,9.33768596933,,20,s,20,9.17862945321,9.49392445785,mean of per-seed P-squared median estimates,percentile cluster bootstrap (2000 resamples of RNG seeds),independent RNG seed,Within-seed observations are malicious eligible pairs; seeds are the inferential unit.
full,validation,threshold_selection,validation_slydos,seed_mean_of_within_seed_malicious_pair_exposure_q3,13.5922894054,,20,s,20,12.8154118059,14.426828647,mean of per-seed P-squared q3 estimates,percentile cluster bootstrap (2000 resamples of RNG seeds),independent RNG seed,Within-seed observations are malicious eligible pairs; seeds are the inferential unit.
full,validation,threshold_selection,validation_slydos,detected_delay_q1_pooled_p2,0,,5519,s,0,nan,nan,P-squared online quantile over pooled pair observations,not computed for pooled descriptive quantile,detected malicious pair,Constant-memory approximation; use seed rows below for uncertainty.
full,validation,threshold_selection,validation_slydos,detected_delay_median_pooled_p2,0,,5519,s,0,nan,nan,P-squared online quantile over pooled pair observations,not computed for pooled descriptive quantile,detected malicious pair,Constant-memory approximation; use seed rows below for uncertainty.
full,validation,threshold_selection,validation_slydos,detected_delay_q3_pooled_p2,0,,5519,s,0,nan,nan,P-squared online quantile over pooled pair observations,not computed for pooled descriptive quantile,detected malicious pair,Constant-memory approximation; use seed rows below for uncertainty.
full,validation,threshold_selection,validation_slydos,seed_mean_of_within_seed_detected_delay_q1,0,,20,s,20,0,0,mean of per-seed P-squared q1 estimates,percentile cluster bootstrap (2000 resamples of RNG seeds),independent RNG seed,Within-seed observations are detected malicious pairs; seeds are the inferential unit.
full,validation,threshold_selection,validation_slydos,seed_mean_of_within_seed_detected_delay_median,0,,20,s,20,0,0,mean of per-seed P-squared median estimates,percentile cluster bootstrap (2000 resamples of RNG seeds),independent RNG seed,Within-seed observations are detected malicious pairs; seeds are the inferential unit.
full,validation,threshold_selection,validation_slydos,seed_mean_of_within_seed_detected_delay_q3,0,,20,s,20,0,0,mean of per-seed P-squared q3 estimates,percentile cluster bootstrap (2000 resamples of RNG seeds),independent RNG seed,Within-seed observations are detected malicious pairs; seeds are the inferential unit.
full,validation,threshold_selection,validation_slydos,postwarmup_track_purity_q1_pooled_p2,1,,17737,proportion,0,nan,nan,P-squared online quantile over pooled pair observations,not computed for pooled descriptive quantile,eligible pair,Constant-memory approximation; use seed rows below for uncertainty.
full,validation,threshold_selection,validation_slydos,postwarmup_track_purity_median_pooled_p2,1,,17737,proportion,0,nan,nan,P-squared online quantile over pooled pair observations,not computed for pooled descriptive quantile,eligible pair,Constant-memory approximation; use seed rows below for uncertainty.
full,validation,threshold_selection,validation_slydos,postwarmup_track_purity_q3_pooled_p2,1,,17737,proportion,0,nan,nan,P-squared online quantile over pooled pair observations,not computed for pooled descriptive quantile,eligible pair,Constant-memory approximation; use seed rows below for uncertainty.
full,validation,threshold_selection,validation_slydos,seed_mean_of_within_seed_postwarmup_track_purity_q1,1,,20,proportion,20,1,1,mean of per-seed P-squared q1 estimates,percentile cluster bootstrap (2000 resamples of RNG seeds),independent RNG seed,Within-seed observations are eligible pairs; seeds are the inferential unit.
full,validation,threshold_selection,validation_slydos,seed_mean_of_within_seed_postwarmup_track_purity_median,1,,20,proportion,20,1,1,mean of per-seed P-squared median estimates,percentile cluster bootstrap (2000 resamples of RNG seeds),independent RNG seed,Within-seed observations are eligible pairs; seeds are the inferential unit.
full,validation,threshold_selection,validation_slydos,seed_mean_of_within_seed_postwarmup_track_purity_q3,1,,20,proportion,20,1,1,mean of per-seed P-squared q3 estimates,percentile cluster bootstrap (2000 resamples of RNG seeds),independent RNG seed,Within-seed observations are eligible pairs; seeds are the inferential unit.
full,validation,threshold_selection,validation_spoof,pair_prevalence,0.339319989032,4950,14588,proportion,20,0.330529155441,0.34798518397,ratio of pooled event counts/opportunities,percentile cluster bootstrap (2000 resamples of RNG seeds),eligible pair,
full,validation,threshold_selection,validation_spoof,stream_false_positive_rate_per_negative_pair,1,9638,9638,false positives / negative pair,20,1,1,ratio of pooled event counts/opportunities,percentile cluster bootstrap (2000 resamples of RNG seeds),negative eligible pair,
full,validation,threshold_selection,validation_spoof,stream_false_positives_per_run,481.9,9638,20,false positives / observed pair run,20,472.04625,492.05375,ratio of pooled event counts/runs,percentile cluster bootstrap (2000 resamples of RNG seeds),independent RNG seed,Only runs with complete observed pair blocks contribute.
full,validation,threshold_selection,validation_spoof,clean_false_positives_per_run,481.35,9627,20,false positives / observed pair run,20,470.6,492.10125,ratio of pooled event counts/runs,percentile cluster bootstrap (2000 resamples of RNG seeds),independent RNG seed,Only runs with complete observed pair blocks contribute.
full,validation,threshold_selection,validation_spoof,stream_false_positives_per_receiver_run,13.7685714286,9638,700,false-positive pair events / honest receiver-run,20,13.4813928571,14.0686071429,ratio of pooled event counts/opportunities,percentile cluster bootstrap (2000 resamples of RNG seeds),honest receiver-run,Each honest receiver contributes one exposure unit in each complete observed run.
full,validation,threshold_selection,validation_spoof,clean_false_positives_per_receiver_run,13.7528571429,9627,700,clean-pair false-positive events / honest receiver-run,20,13.4585357143,14.0614285714,ratio of pooled event counts/opportunities,percentile cluster bootstrap (2000 resamples of RNG seeds),honest receiver-run,Each honest receiver contributes one exposure unit in each complete observed run.
full,validation,threshold_selection,validation_spoof,stream_false_positives_per_receiver_minute,16.5222857143,9638,583.333333333,false positives / receiver-minute,20,16.1657142857,16.8771428571,ratio of pooled event counts/opportunities,percentile cluster bootstrap (2000 resamples of RNG seeds),receiver-minute,Receiver-minutes use honest receivers times the common evaluation-window duration.
full,validation,threshold_selection,validation_spoof,stream_false_positives_per_million_negative_messages,13137.1798,9638,733643,false-positive pair events / million negative messages,20,12739.2570774,13527.9535519,ratio of pooled event counts/opportunities,percentile cluster bootstrap (2000 resamples of RNG seeds),negative message,"The numerator is a receiver--claimed-identity window event, not a per-message decision; messages provide an exposure denominator."
full,validation,threshold_selection,validation_spoof,clean_false_positive_rate_per_clean_pair,1,9627,9627,false positives / clean honest pair,20,1,1,ratio of pooled event counts/opportunities,percentile cluster bootstrap (2000 resamples of RNG seeds),clean honest eligible pair,
full,validation,threshold_selection,validation_spoof,clean_false_positives_per_receiver_minute,16.5034285714,9627,583.333333333,false positives / receiver-minute,20,16.1382428571,16.8687,ratio of pooled event counts/opportunities,percentile cluster bootstrap (2000 resamples of RNG seeds),receiver-minute,
full,validation,threshold_selection,validation_spoof,clean_false_positives_per_million_clean_messages,13122.3828841,9627,733632,false-positive pair events / million clean messages,20,12687.4841001,13505.0770769,ratio of pooled event counts/opportunities,percentile cluster bootstrap (2000 resamples of RNG seeds),clean honest message,"The numerator is a clean-pair window event, not a per-message decision; messages provide an exposure denominator."
full,validation,threshold_selection,validation_spoof,track_false_positive_pair_rate,1,9627,9627,track-alerted clean pairs / clean pair,20,1,1,ratio of pooled event counts/opportunities,percentile cluster bootstrap (2000 resamples of RNG seeds),clean honest eligible pair,Numerator is pair-level because the pair schema exposes whether any track alerted.
full,validation,threshold_selection,validation_spoof,track_false_positive_pairs_per_clean_evaluation_window_track,0.996893445169,9627,9657,track-alerted clean pairs / clean evaluation-window track,20,0.995800667394,0.997947043998,ratio of pooled event counts/opportunities,percentile cluster bootstrap (2000 resamples of RNG seeds),clean evaluation-window content-associated track,Conservative pair-event numerator; individual alerted-track count is not in the schema. Track count requires at least one window message.
full,validation,threshold_selection,validation_spoof,malicious_delay_censoring_rate,0,0,4950,proportion,20,0,0,ratio of pooled event counts/opportunities,percentile cluster bootstrap (2000 resamples of RNG seeds),malicious eligible pair,Censoring is reported separately; delay quartiles condition on detection.
full,validation,threshold_selection,validation_spoof,postwarmup_track_merges_per_evaluation_window_track,0.0322818982666,568,17595,post-warm-up merges / evaluation-window track,20,0.0271533163952,0.0375922878437,ratio of pooled event counts/opportunities,percentile cluster bootstrap (2000 resamples of RNG seeds),evaluation-window content-associated track,Merge counts span all post-warm-up tracked messages; the pair schema exposes only evaluation-window track count as a normalization base.
full,validation,threshold_selection,validation_spoof,postwarmup_track_fragments_per_evaluation_window_track,0.00335322534811,59,17595,post-warm-up fragments / evaluation-window track,20,0.00264695912173,0.00420903572566,ratio of pooled event counts/opportunities,percentile cluster bootstrap (2000 resamples of RNG seeds),evaluation-window content-associated track,"Fragment counts span all post-warm-up tracked messages; this is a descriptive normalization, not a window-matched event rate."
full,validation,threshold_selection,validation_spoof,postwarmup_track_id_switches_per_evaluation_window_track,0.0720659278204,1268,17595,post-warm-up ID switches / evaluation-window track,20,0.0455797818421,0.110617032355,ratio of pooled event counts/opportunities,percentile cluster bootstrap (2000 resamples of RNG seeds),evaluation-window content-associated track,"ID-switch counts span all post-warm-up tracked messages; this is a descriptive normalization, not a window-matched event rate."
full,validation,threshold_selection,validation_spoof,window_message_weighted_postwarmup_track_purity,0.993238774485,1347093,1356263,proportion,20,0.991882635942,0.994538048528,ratio of pooled event counts/opportunities,percentile cluster bootstrap (2000 resamples of RNG seeds),eligible-window message,Each pair's post-warm-up track purity is weighted by its evaluation-window message count; purity itself is not window-restricted.
full,validation,threshold_selection,validation_spoof,stride_ambiguous_rate_among_alerts,0.0133671510831,195,14588,proportion,20,0.00909460124713,0.019253010709,ratio of pooled event counts/opportunities,percentile cluster bootstrap (2000 resamples of RNG seeds),alerted eligible pair,
full,validation,threshold_selection,validation_spoof,stride_unassigned_rate_among_alerts,0.802371812449,11705,14588,proportion,20,0.789692542466,0.814364511576,ratio of pooled event counts/opportunities,percentile cluster bootstrap (2000 resamples of RNG seeds),alerted eligible pair,
full,validation,threshold_selection,validation_spoof,pair_exposure_q1_pooled_p2,7.56530876145,,14588,s,0,nan,nan,P-squared online quantile over pooled pair observations,not computed for pooled descriptive quantile,eligible pair,Constant-memory approximation; use seed rows below for uncertainty.
full,validation,threshold_selection,validation_spoof,pair_exposure_median_pooled_p2,9.5365153517,,14588,s,0,nan,nan,P-squared online quantile over pooled pair observations,not computed for pooled descriptive quantile,eligible pair,Constant-memory approximation; use seed rows below for uncertainty.
full,validation,threshold_selection,validation_spoof,pair_exposure_q3_pooled_p2,27.5248252101,,14588,s,0,nan,nan,P-squared online quantile over pooled pair observations,not computed for pooled descriptive quantile,eligible pair,Constant-memory approximation; use seed rows below for uncertainty.
full,validation,threshold_selection,validation_spoof,seed_mean_of_within_seed_pair_exposure_q1,7.55197589512,,20,s,20,7.46951139658,7.62604765508,mean of per-seed P-squared q1 estimates,percentile cluster bootstrap (2000 resamples of RNG seeds),independent RNG seed,Within-seed observations are eligible pairs; seeds are the inferential unit.
full,validation,threshold_selection,validation_spoof,seed_mean_of_within_seed_pair_exposure_median,9.56938084016,,20,s,20,9.4106440295,9.72306440226,mean of per-seed P-squared median estimates,percentile cluster bootstrap (2000 resamples of RNG seeds),independent RNG seed,Within-seed observations are eligible pairs; seeds are the inferential unit.
full,validation,threshold_selection,validation_spoof,seed_mean_of_within_seed_pair_exposure_q3,26.5859829999,,20,s,20,25.1689229889,27.9582885121,mean of per-seed P-squared q3 estimates,percentile cluster bootstrap (2000 resamples of RNG seeds),independent RNG seed,Within-seed observations are eligible pairs; seeds are the inferential unit.
full,validation,threshold_selection,validation_spoof,clean_pair_exposure_q1_pooled_p2,7.15077598916,,9627,s,0,nan,nan,P-squared online quantile over pooled pair observations,not computed for pooled descriptive quantile,clean honest eligible pair,Constant-memory approximation; use seed rows below for uncertainty.
full,validation,threshold_selection,validation_spoof,clean_pair_exposure_median_pooled_p2,8.8090777834,,9627,s,0,nan,nan,P-squared online quantile over pooled pair observations,not computed for pooled descriptive quantile,clean honest eligible pair,Constant-memory approximation; use seed rows below for uncertainty.
full,validation,threshold_selection,validation_spoof,clean_pair_exposure_q3_pooled_p2,11.3232525934,,9627,s,0,nan,nan,P-squared online quantile over pooled pair observations,not computed for pooled descriptive quantile,clean honest eligible pair,Constant-memory approximation; use seed rows below for uncertainty.
full,validation,threshold_selection,validation_spoof,seed_mean_of_within_seed_clean_pair_exposure_q1,7.12851019545,,20,s,20,7.03043334475,7.21834487826,mean of per-seed P-squared q1 estimates,percentile cluster bootstrap (2000 resamples of RNG seeds),independent RNG seed,Within-seed observations are clean honest eligible pairs; seeds are the inferential unit.
full,validation,threshold_selection,validation_spoof,seed_mean_of_within_seed_clean_pair_exposure_median,8.74548470099,,20,s,20,8.66651244017,8.82562015627,mean of per-seed P-squared median estimates,percentile cluster bootstrap (2000 resamples of RNG seeds),independent RNG seed,Within-seed observations are clean honest eligible pairs; seeds are the inferential unit.
full,validation,threshold_selection,validation_spoof,seed_mean_of_within_seed_clean_pair_exposure_q3,11.9549368103,,20,s,20,11.2916006498,12.7443660606,mean of per-seed P-squared q3 estimates,percentile cluster bootstrap (2000 resamples of RNG seeds),independent RNG seed,Within-seed observations are clean honest eligible pairs; seeds are the inferential unit.
full,validation,threshold_selection,validation_spoof,malicious_pair_exposure_q1_pooled_p2,8.9344373421,,4950,s,0,nan,nan,P-squared online quantile over pooled pair observations,not computed for pooled descriptive quantile,malicious eligible pair,Constant-memory approximation; use seed rows below for uncertainty.
full,validation,threshold_selection,validation_spoof,malicious_pair_exposure_median_pooled_p2,20.2530179255,,4950,s,0,nan,nan,P-squared online quantile over pooled pair observations,not computed for pooled descriptive quantile,malicious eligible pair,Constant-memory approximation; use seed rows below for uncertainty.
full,validation,threshold_selection,validation_spoof,malicious_pair_exposure_q3_pooled_p2,43.3808346372,,4950,s,0,nan,nan,P-squared online quantile over pooled pair observations,not computed for pooled descriptive quantile,malicious eligible pair,Constant-memory approximation; use seed rows below for uncertainty.
full,validation,threshold_selection,validation_spoof,seed_mean_of_within_seed_malicious_pair_exposure_q1,9.25606215219,,20,s,20,8.93723252053,9.57878633949,mean of per-seed P-squared q1 estimates,percentile cluster bootstrap (2000 resamples of RNG seeds),independent RNG seed,Within-seed observations are malicious eligible pairs; seeds are the inferential unit.
full,validation,threshold_selection,validation_spoof,seed_mean_of_within_seed_malicious_pair_exposure_median,19.9664159306,,20,s,20,18.2747836938,21.6707782155,mean of per-seed P-squared median estimates,percentile cluster bootstrap (2000 resamples of RNG seeds),independent RNG seed,Within-seed observations are malicious eligible pairs; seeds are the inferential unit.
full,validation,threshold_selection,validation_spoof,seed_mean_of_within_seed_malicious_pair_exposure_q3,41.5959782688,,20,s,20,40.3150884262,42.8437511623,mean of per-seed P-squared q3 estimates,percentile cluster bootstrap (2000 resamples of RNG seeds),independent RNG seed,Within-seed observations are malicious eligible pairs; seeds are the inferential unit.
full,validation,threshold_selection,validation_spoof,detected_delay_q1_pooled_p2,0,,4950,s,0,nan,nan,P-squared online quantile over pooled pair observations,not computed for pooled descriptive quantile,detected malicious pair,Constant-memory approximation; use seed rows below for uncertainty.
full,validation,threshold_selection,validation_spoof,detected_delay_median_pooled_p2,0,,4950,s,0,nan,nan,P-squared online quantile over pooled pair observations,not computed for pooled descriptive quantile,detected malicious pair,Constant-memory approximation; use seed rows below for uncertainty.
full,validation,threshold_selection,validation_spoof,detected_delay_q3_pooled_p2,0,,4950,s,0,nan,nan,P-squared online quantile over pooled pair observations,not computed for pooled descriptive quantile,detected malicious pair,Constant-memory approximation; use seed rows below for uncertainty.
full,validation,threshold_selection,validation_spoof,seed_mean_of_within_seed_detected_delay_q1,0,,20,s,20,0,0,mean of per-seed P-squared q1 estimates,percentile cluster bootstrap (2000 resamples of RNG seeds),independent RNG seed,Within-seed observations are detected malicious pairs; seeds are the inferential unit.
full,validation,threshold_selection,validation_spoof,seed_mean_of_within_seed_detected_delay_median,0,,20,s,20,0,0,mean of per-seed P-squared median estimates,percentile cluster bootstrap (2000 resamples of RNG seeds),independent RNG seed,Within-seed observations are detected malicious pairs; seeds are the inferential unit.
full,validation,threshold_selection,validation_spoof,seed_mean_of_within_seed_detected_delay_q3,0,,20,s,20,0,0,mean of per-seed P-squared q3 estimates,percentile cluster bootstrap (2000 resamples of RNG seeds),independent RNG seed,Within-seed observations are detected malicious pairs; seeds are the inferential unit.
full,validation,threshold_selection,validation_spoof,postwarmup_track_purity_q1_pooled_p2,0.999999999131,,14588,proportion,0,nan,nan,P-squared online quantile over pooled pair observations,not computed for pooled descriptive quantile,eligible pair,Constant-memory approximation; use seed rows below for uncertainty.
full,validation,threshold_selection,validation_spoof,postwarmup_track_purity_median_pooled_p2,1,,14588,proportion,0,nan,nan,P-squared online quantile over pooled pair observations,not computed for pooled descriptive quantile,eligible pair,Constant-memory approximation; use seed rows below for uncertainty.
full,validation,threshold_selection,validation_spoof,postwarmup_track_purity_q3_pooled_p2,1,,14588,proportion,0,nan,nan,P-squared online quantile over pooled pair observations,not computed for pooled descriptive quantile,eligible pair,Constant-memory approximation; use seed rows below for uncertainty.
full,validation,threshold_selection,validation_spoof,seed_mean_of_within_seed_postwarmup_track_purity_q1,0.999998642934,,20,proportion,20,0.999996997206,0.999999766902,mean of per-seed P-squared q1 estimates,percentile cluster bootstrap (2000 resamples of RNG seeds),independent RNG seed,Within-seed observations are eligible pairs; seeds are the inferential unit.
full,validation,threshold_selection,validation_spoof,seed_mean_of_within_seed_postwarmup_track_purity_median,0.999999954849,,20,proportion,20,0.999999866966,0.999999999871,mean of per-seed P-squared median estimates,percentile cluster bootstrap (2000 resamples of RNG seeds),independent RNG seed,Within-seed observations are eligible pairs; seeds are the inferential unit.
full,validation,threshold_selection,validation_spoof,seed_mean_of_within_seed_postwarmup_track_purity_q3,1,,20,proportion,20,1,1,mean of per-seed P-squared q3 estimates,percentile cluster bootstrap (2000 resamples of RNG seeds),independent RNG seed,Within-seed observations are eligible pairs; seeds are the inferential unit.
