stage,family,arm,metric,metric_n,mean,ci95_low,ci95_high,sd,event_count,trial_count,zero_event_upper95,zero_event_seed_events,zero_event_seed_trials,zero_event_bound_unit,ci_unit,ci_method
test,benign,benign,stream_tpr,0,nan,nan,nan,nan,,,nan,,,,independent RNG seeds,percentile bootstrap resampling RNG seeds
test,benign,benign,stream_fpr,50,0.0,0.0,0.0,0.0,0,123484,0.058155079116972264,0,50,RNG seed with any event,independent RNG seeds,percentile bootstrap resampling RNG seeds
test,benign,benign,stream_precision,0,nan,nan,nan,nan,,,nan,,,,independent RNG seeds,percentile bootstrap resampling RNG seeds
test,benign,benign,stream_f1,0,nan,nan,nan,nan,,,nan,,,,independent RNG seeds,percentile bootstrap resampling RNG seeds
test,benign,benign,owner_tpr,0,nan,nan,nan,nan,,,nan,,,,independent RNG seeds,percentile bootstrap resampling RNG seeds
test,benign,benign,owner_fpr,50,0.0,0.0,0.0,0.0,0,123484,0.058155079116972264,0,50,RNG seed with any event,independent RNG seeds,percentile bootstrap resampling RNG seeds
test,benign,benign,owner_f1,0,nan,nan,nan,nan,,,nan,,,,independent RNG seeds,percentile bootstrap resampling RNG seeds
test,benign,benign,contested_tpr,0,nan,nan,nan,nan,,,nan,,,,independent RNG seeds,percentile bootstrap resampling RNG seeds
test,benign,benign,contested_fpr,50,0.0,0.0,0.0,0.0,0,123484,0.058155079116972264,0,50,RNG seed with any event,independent RNG seeds,percentile bootstrap resampling RNG seeds
test,benign,benign,contested_f1,0,nan,nan,nan,nan,,,nan,,,,independent RNG seeds,percentile bootstrap resampling RNG seeds
test,benign,benign,clean_fpr,50,0.0,0.0,0.0,0.0,0,123484,0.058155079116972264,0,50,RNG seed with any event,independent RNG seeds,percentile bootstrap resampling RNG seeds
test,benign,benign,victim_pair_post_onset_alert_rate,0,nan,nan,nan,nan,,,nan,,,,independent RNG seeds,percentile bootstrap resampling RNG seeds
test,benign,benign,victim_id_post_onset_alert_rate,0,nan,nan,nan,nan,,,nan,,,,independent RNG seeds,percentile bootstrap resampling RNG seeds
test,benign,benign,victim_pair_track_alert_rate,0,nan,nan,nan,nan,,,nan,,,,independent RNG seeds,percentile bootstrap resampling RNG seeds
test,benign,benign,victim_id_track_alert_rate,0,nan,nan,nan,nan,,,nan,,,,independent RNG seeds,percentile bootstrap resampling RNG seeds
test,benign,benign,track_stream_tpr,0,nan,nan,nan,nan,,,nan,,,,independent RNG seeds,percentile bootstrap resampling RNG seeds
test,benign,benign,track_stream_fpr,50,0.0,0.0,0.0,0.0,,,nan,,,,independent RNG seeds,percentile bootstrap resampling RNG seeds
test,benign,benign,victim_pair_contested_rate,0,nan,nan,nan,nan,,,nan,,,,independent RNG seeds,percentile bootstrap resampling RNG seeds
test,benign,benign,victim_id_contested_rate,0,nan,nan,nan,nan,,,nan,,,,independent RNG seeds,percentile bootstrap resampling RNG seeds
test,benign,benign,malicious_opportunity_reception_rate,0,nan,nan,nan,nan,,,nan,,,,independent RNG seeds,percentile bootstrap resampling RNG seeds
test,benign,benign,stream_peak_auc,0,nan,nan,nan,nan,,,nan,,,,independent RNG seeds,percentile bootstrap resampling RNG seeds
test,benign,benign,owner_peak_auc,0,nan,nan,nan,nan,,,nan,,,,independent RNG seeds,percentile bootstrap resampling RNG seeds
test,benign,benign,stream_peak_pr_auc,0,nan,nan,nan,nan,,,nan,,,,independent RNG seeds,percentile bootstrap resampling RNG seeds
test,benign,benign,owner_peak_pr_auc,0,nan,nan,nan,nan,,,nan,,,,independent RNG seeds,percentile bootstrap resampling RNG seeds
test,benign,benign,max_clean_score,50,0.05893377483443711,0.05000000000000002,0.07680132450331129,0.0631713276702419,,,nan,,,,independent RNG seeds,percentile bootstrap resampling RNG seeds
test,benign,benign,clean_margin,50,0.4390662251655629,0.42119867549668866,0.44799999999999995,0.0631713276702419,,,nan,,,,independent RNG seeds,percentile bootstrap resampling RNG seeds
test,benign,benign,peak_identity_keys_per_receiver,50,48.02,47.35414261176084,48.685857388239164,2.3429442492517913,,,nan,,,,independent RNG seeds,Student-t over RNG seeds
test,benign,benign,peak_live_tracks_per_receiver,50,48.04,47.38043533717953,48.69956466282047,2.3208021132745444,,,nan,,,,independent RNG seeds,Student-t over RNG seeds
test,benign,benign,estimated_state_payload_bytes_per_receiver,50,81656.96,79180.76192004424,84133.15807995577,8712.967902605675,,,nan,,,,independent RNG seeds,Student-t over RNG seeds
test,benign,benign,ttd_detected_frac,0,nan,nan,nan,nan,,,nan,,,,independent RNG seeds,percentile bootstrap resampling RNG seeds
test,benign,benign,latency_ms,50,1.1969655663130148,1.1902649886100356,1.203666144015994,0.02357724082235613,,,nan,,,,independent RNG seeds,Student-t over RNG seeds
test,benign,benign,pdr,50,0.4672517668665407,0.46444658785516807,0.47006485045532975,0.010320177804285381,,,nan,,,,independent RNG seeds,percentile bootstrap resampling RNG seeds
test,benign_stress,clock_offset_sigma_0p10,stream_tpr,0,nan,nan,nan,nan,,,nan,,,,independent RNG seeds,percentile bootstrap resampling RNG seeds
test,benign_stress,clock_offset_sigma_0p10,stream_fpr,30,0.0,0.0,0.0,0.0,0,62401,0.09503385285530419,0,30,RNG seed with any event,independent RNG seeds,percentile bootstrap resampling RNG seeds
test,benign_stress,clock_offset_sigma_0p10,stream_precision,0,nan,nan,nan,nan,,,nan,,,,independent RNG seeds,percentile bootstrap resampling RNG seeds
test,benign_stress,clock_offset_sigma_0p10,stream_f1,0,nan,nan,nan,nan,,,nan,,,,independent RNG seeds,percentile bootstrap resampling RNG seeds
test,benign_stress,clock_offset_sigma_0p10,owner_tpr,0,nan,nan,nan,nan,,,nan,,,,independent RNG seeds,percentile bootstrap resampling RNG seeds
test,benign_stress,clock_offset_sigma_0p10,owner_fpr,30,0.0,0.0,0.0,0.0,0,62401,0.09503385285530419,0,30,RNG seed with any event,independent RNG seeds,percentile bootstrap resampling RNG seeds
test,benign_stress,clock_offset_sigma_0p10,owner_f1,0,nan,nan,nan,nan,,,nan,,,,independent RNG seeds,percentile bootstrap resampling RNG seeds
test,benign_stress,clock_offset_sigma_0p10,contested_tpr,0,nan,nan,nan,nan,,,nan,,,,independent RNG seeds,percentile bootstrap resampling RNG seeds
test,benign_stress,clock_offset_sigma_0p10,contested_fpr,30,0.0,0.0,0.0,0.0,0,62401,0.09503385285530419,0,30,RNG seed with any event,independent RNG seeds,percentile bootstrap resampling RNG seeds
test,benign_stress,clock_offset_sigma_0p10,contested_f1,0,nan,nan,nan,nan,,,nan,,,,independent RNG seeds,percentile bootstrap resampling RNG seeds
test,benign_stress,clock_offset_sigma_0p10,clean_fpr,30,0.0,0.0,0.0,0.0,0,62401,0.09503385285530419,0,30,RNG seed with any event,independent RNG seeds,percentile bootstrap resampling RNG seeds
test,benign_stress,clock_offset_sigma_0p10,victim_pair_post_onset_alert_rate,0,nan,nan,nan,nan,,,nan,,,,independent RNG seeds,percentile bootstrap resampling RNG seeds
test,benign_stress,clock_offset_sigma_0p10,victim_id_post_onset_alert_rate,0,nan,nan,nan,nan,,,nan,,,,independent RNG seeds,percentile bootstrap resampling RNG seeds
test,benign_stress,clock_offset_sigma_0p10,victim_pair_track_alert_rate,0,nan,nan,nan,nan,,,nan,,,,independent RNG seeds,percentile bootstrap resampling RNG seeds
test,benign_stress,clock_offset_sigma_0p10,victim_id_track_alert_rate,0,nan,nan,nan,nan,,,nan,,,,independent RNG seeds,percentile bootstrap resampling RNG seeds
test,benign_stress,clock_offset_sigma_0p10,track_stream_tpr,0,nan,nan,nan,nan,,,nan,,,,independent RNG seeds,percentile bootstrap resampling RNG seeds
test,benign_stress,clock_offset_sigma_0p10,track_stream_fpr,30,0.0,0.0,0.0,0.0,,,nan,,,,independent RNG seeds,percentile bootstrap resampling RNG seeds
test,benign_stress,clock_offset_sigma_0p10,victim_pair_contested_rate,0,nan,nan,nan,nan,,,nan,,,,independent RNG seeds,percentile bootstrap resampling RNG seeds
test,benign_stress,clock_offset_sigma_0p10,victim_id_contested_rate,0,nan,nan,nan,nan,,,nan,,,,independent RNG seeds,percentile bootstrap resampling RNG seeds
test,benign_stress,clock_offset_sigma_0p10,malicious_opportunity_reception_rate,0,nan,nan,nan,nan,,,nan,,,,independent RNG seeds,percentile bootstrap resampling RNG seeds
test,benign_stress,clock_offset_sigma_0p10,stream_peak_auc,0,nan,nan,nan,nan,,,nan,,,,independent RNG seeds,percentile bootstrap resampling RNG seeds
test,benign_stress,clock_offset_sigma_0p10,owner_peak_auc,0,nan,nan,nan,nan,,,nan,,,,independent RNG seeds,percentile bootstrap resampling RNG seeds
test,benign_stress,clock_offset_sigma_0p10,stream_peak_pr_auc,0,nan,nan,nan,nan,,,nan,,,,independent RNG seeds,percentile bootstrap resampling RNG seeds
test,benign_stress,clock_offset_sigma_0p10,owner_peak_pr_auc,0,nan,nan,nan,nan,,,nan,,,,independent RNG seeds,percentile bootstrap resampling RNG seeds
test,benign_stress,clock_offset_sigma_0p10,max_clean_score,30,0.05000000000000003,0.05000000000000003,0.05000000000000003,7.057516067604627e-18,,,nan,,,,independent RNG seeds,percentile bootstrap resampling RNG seeds
test,benign_stress,clock_offset_sigma_0p10,clean_margin,30,0.44800000000000006,0.44800000000000006,0.44800000000000006,1.1292025708167404e-16,,,nan,,,,independent RNG seeds,percentile bootstrap resampling RNG seeds
test,benign_stress,clock_offset_sigma_0p10,peak_identity_keys_per_receiver,30,41.6,40.47507026994422,42.724929730055784,3.0126171460983087,,,nan,,,,independent RNG seeds,Student-t over RNG seeds
test,benign_stress,clock_offset_sigma_0p10,peak_live_tracks_per_receiver,30,41.6,40.47507026994422,42.724929730055784,3.0126171460983087,,,nan,,,,independent RNG seeds,Student-t over RNG seeds
test,benign_stress,clock_offset_sigma_0p10,estimated_state_payload_bytes_per_receiver,30,73572.13333333333,70117.14370869852,77027.12295796814,9252.632146410102,,,nan,,,,independent RNG seeds,Student-t over RNG seeds
test,benign_stress,clock_offset_sigma_0p10,ttd_detected_frac,0,nan,nan,nan,nan,,,nan,,,,independent RNG seeds,percentile bootstrap resampling RNG seeds
test,benign_stress,clock_offset_sigma_0p10,latency_ms,30,1.1963017062116792,1.1859866759762099,1.2066167364471485,0.02762415830929854,,,nan,,,,independent RNG seeds,Student-t over RNG seeds
test,benign_stress,clock_offset_sigma_0p10,pdr,30,0.4675354815700215,0.4637460633749647,0.47131209227773463,0.010726322379922631,,,nan,,,,independent RNG seeds,percentile bootstrap resampling RNG seeds
test,benign_stress,gnss_sigma_4_assumed_2,stream_tpr,0,nan,nan,nan,nan,,,nan,,,,independent RNG seeds,percentile bootstrap resampling RNG seeds
test,benign_stress,gnss_sigma_4_assumed_2,stream_fpr,30,0.018064813148556923,0.016345356564367617,0.0199350950756656,0.005088262139531216,1335,74078,nan,30,30,RNG seed with any event,independent RNG seeds,percentile bootstrap resampling RNG seeds
test,benign_stress,gnss_sigma_4_assumed_2,stream_precision,30,0.0,0.0,0.0,0.0,,,nan,,,,independent RNG seeds,percentile bootstrap resampling RNG seeds
test,benign_stress,gnss_sigma_4_assumed_2,stream_f1,30,0.0,0.0,0.0,0.0,,,nan,,,,independent RNG seeds,percentile bootstrap resampling RNG seeds
test,benign_stress,gnss_sigma_4_assumed_2,owner_tpr,0,nan,nan,nan,nan,,,nan,,,,independent RNG seeds,percentile bootstrap resampling RNG seeds
test,benign_stress,gnss_sigma_4_assumed_2,owner_fpr,30,0.018064813148556923,0.0162991869580847,0.019855553650145776,0.005088262139531216,1335,74078,nan,30,30,RNG seed with any event,independent RNG seeds,percentile bootstrap resampling RNG seeds
test,benign_stress,gnss_sigma_4_assumed_2,owner_f1,30,0.0,0.0,0.0,0.0,,,nan,,,,independent RNG seeds,percentile bootstrap resampling RNG seeds
test,benign_stress,gnss_sigma_4_assumed_2,contested_tpr,0,nan,nan,nan,nan,,,nan,,,,independent RNG seeds,percentile bootstrap resampling RNG seeds
test,benign_stress,gnss_sigma_4_assumed_2,contested_fpr,30,0.0,0.0,0.0,0.0,0,74078,0.09503385285530419,0,30,RNG seed with any event,independent RNG seeds,percentile bootstrap resampling RNG seeds
test,benign_stress,gnss_sigma_4_assumed_2,contested_f1,0,nan,nan,nan,nan,,,nan,,,,independent RNG seeds,percentile bootstrap resampling RNG seeds
test,benign_stress,gnss_sigma_4_assumed_2,clean_fpr,30,0.018064813148556923,0.01629160564212664,0.01990785248311037,0.005088262139531216,1335,74078,nan,30,30,RNG seed with any event,independent RNG seeds,percentile bootstrap resampling RNG seeds
test,benign_stress,gnss_sigma_4_assumed_2,victim_pair_post_onset_alert_rate,0,nan,nan,nan,nan,,,nan,,,,independent RNG seeds,percentile bootstrap resampling RNG seeds
test,benign_stress,gnss_sigma_4_assumed_2,victim_id_post_onset_alert_rate,0,nan,nan,nan,nan,,,nan,,,,independent RNG seeds,percentile bootstrap resampling RNG seeds
test,benign_stress,gnss_sigma_4_assumed_2,victim_pair_track_alert_rate,0,nan,nan,nan,nan,,,nan,,,,independent RNG seeds,percentile bootstrap resampling RNG seeds
test,benign_stress,gnss_sigma_4_assumed_2,victim_id_track_alert_rate,0,nan,nan,nan,nan,,,nan,,,,independent RNG seeds,percentile bootstrap resampling RNG seeds
test,benign_stress,gnss_sigma_4_assumed_2,track_stream_tpr,0,nan,nan,nan,nan,,,nan,,,,independent RNG seeds,percentile bootstrap resampling RNG seeds
test,benign_stress,gnss_sigma_4_assumed_2,track_stream_fpr,30,0.0034737803304720565,0.00291454799398306,0.004061450798115542,0.0016693611509733047,,,nan,,,,independent RNG seeds,percentile bootstrap resampling RNG seeds
test,benign_stress,gnss_sigma_4_assumed_2,victim_pair_contested_rate,0,nan,nan,nan,nan,,,nan,,,,independent RNG seeds,percentile bootstrap resampling RNG seeds
test,benign_stress,gnss_sigma_4_assumed_2,victim_id_contested_rate,0,nan,nan,nan,nan,,,nan,,,,independent RNG seeds,percentile bootstrap resampling RNG seeds
test,benign_stress,gnss_sigma_4_assumed_2,malicious_opportunity_reception_rate,0,nan,nan,nan,nan,,,nan,,,,independent RNG seeds,percentile bootstrap resampling RNG seeds
test,benign_stress,gnss_sigma_4_assumed_2,stream_peak_auc,0,nan,nan,nan,nan,,,nan,,,,independent RNG seeds,percentile bootstrap resampling RNG seeds
test,benign_stress,gnss_sigma_4_assumed_2,owner_peak_auc,0,nan,nan,nan,nan,,,nan,,,,independent RNG seeds,percentile bootstrap resampling RNG seeds
test,benign_stress,gnss_sigma_4_assumed_2,stream_peak_pr_auc,0,nan,nan,nan,nan,,,nan,,,,independent RNG seeds,percentile bootstrap resampling RNG seeds
test,benign_stress,gnss_sigma_4_assumed_2,owner_peak_pr_auc,0,nan,nan,nan,nan,,,nan,,,,independent RNG seeds,percentile bootstrap resampling RNG seeds
test,benign_stress,gnss_sigma_4_assumed_2,max_clean_score,30,0.9755254462942134,0.9652123508212219,0.9848549834106952,0.027624189394240686,,,nan,,,,independent RNG seeds,percentile bootstrap resampling RNG seeds
test,benign_stress,gnss_sigma_4_assumed_2,clean_margin,30,-0.4775254462942134,0.0,-0.46691716977708264,0.02762418939424069,,,nan,,,,independent RNG seeds,percentile bootstrap resampling RNG seeds
test,benign_stress,gnss_sigma_4_assumed_2,peak_identity_keys_per_receiver,30,48.3,47.35356916869215,49.24643083130785,2.5345883158877074,,,nan,,,,independent RNG seeds,Student-t over RNG seeds
test,benign_stress,gnss_sigma_4_assumed_2,peak_live_tracks_per_receiver,30,85.1,83.18504168189634,87.01495831810365,5.128352561983234,,,nan,,,,independent RNG seeds,Student-t over RNG seeds
test,benign_stress,gnss_sigma_4_assumed_2,estimated_state_payload_bytes_per_receiver,30,87274.93333333333,83822.82899142028,90727.03767524639,9244.905217370317,,,nan,,,,independent RNG seeds,Student-t over RNG seeds
test,benign_stress,gnss_sigma_4_assumed_2,ttd_detected_frac,0,nan,nan,nan,nan,,,nan,,,,independent RNG seeds,percentile bootstrap resampling RNG seeds
test,benign_stress,gnss_sigma_4_assumed_2,latency_ms,30,1.1963017062116792,1.1859866759762099,1.2066167364471485,0.02762415830929854,,,nan,,,,independent RNG seeds,Student-t over RNG seeds
test,benign_stress,gnss_sigma_4_assumed_2,pdr,30,0.4675354815700215,0.46386040858711736,0.47125694515889505,0.010726322379922631,,,nan,,,,independent RNG seeds,percentile bootstrap resampling RNG seeds
test,benign_stress,gnss_sigma_8_assumed_2,stream_tpr,0,nan,nan,nan,nan,,,nan,,,,independent RNG seeds,percentile bootstrap resampling RNG seeds
test,benign_stress,gnss_sigma_8_assumed_2,stream_fpr,30,0.6868344823099499,0.6815543438404965,0.6921305491504501,0.015149594047331379,50886,74078,nan,30,30,RNG seed with any event,independent RNG seeds,percentile bootstrap resampling RNG seeds
test,benign_stress,gnss_sigma_8_assumed_2,stream_precision,30,0.0,0.0,0.0,0.0,,,nan,,,,independent RNG seeds,percentile bootstrap resampling RNG seeds
test,benign_stress,gnss_sigma_8_assumed_2,stream_f1,30,0.0,0.0,0.0,0.0,,,nan,,,,independent RNG seeds,percentile bootstrap resampling RNG seeds
test,benign_stress,gnss_sigma_8_assumed_2,owner_tpr,0,nan,nan,nan,nan,,,nan,,,,independent RNG seeds,percentile bootstrap resampling RNG seeds
test,benign_stress,gnss_sigma_8_assumed_2,owner_fpr,30,0.6868344823099499,0.6814407027069671,0.6921373638390264,0.015149594047331379,50886,74078,nan,30,30,RNG seed with any event,independent RNG seeds,percentile bootstrap resampling RNG seeds
test,benign_stress,gnss_sigma_8_assumed_2,owner_f1,30,0.0,0.0,0.0,0.0,,,nan,,,,independent RNG seeds,percentile bootstrap resampling RNG seeds
test,benign_stress,gnss_sigma_8_assumed_2,contested_tpr,0,nan,nan,nan,nan,,,nan,,,,independent RNG seeds,percentile bootstrap resampling RNG seeds
test,benign_stress,gnss_sigma_8_assumed_2,contested_fpr,30,0.0,0.0,0.0,0.0,0,74078,0.09503385285530419,0,30,RNG seed with any event,independent RNG seeds,percentile bootstrap resampling RNG seeds
test,benign_stress,gnss_sigma_8_assumed_2,contested_f1,0,nan,nan,nan,nan,,,nan,,,,independent RNG seeds,percentile bootstrap resampling RNG seeds
test,benign_stress,gnss_sigma_8_assumed_2,clean_fpr,30,0.6868344823099499,0.6816215806305258,0.6921477454585228,0.015149594047331379,50886,74078,nan,30,30,RNG seed with any event,independent RNG seeds,percentile bootstrap resampling RNG seeds
test,benign_stress,gnss_sigma_8_assumed_2,victim_pair_post_onset_alert_rate,0,nan,nan,nan,nan,,,nan,,,,independent RNG seeds,percentile bootstrap resampling RNG seeds
test,benign_stress,gnss_sigma_8_assumed_2,victim_id_post_onset_alert_rate,0,nan,nan,nan,nan,,,nan,,,,independent RNG seeds,percentile bootstrap resampling RNG seeds
test,benign_stress,gnss_sigma_8_assumed_2,victim_pair_track_alert_rate,0,nan,nan,nan,nan,,,nan,,,,independent RNG seeds,percentile bootstrap resampling RNG seeds
test,benign_stress,gnss_sigma_8_assumed_2,victim_id_track_alert_rate,0,nan,nan,nan,nan,,,nan,,,,independent RNG seeds,percentile bootstrap resampling RNG seeds
test,benign_stress,gnss_sigma_8_assumed_2,track_stream_tpr,0,nan,nan,nan,nan,,,nan,,,,independent RNG seeds,percentile bootstrap resampling RNG seeds
test,benign_stress,gnss_sigma_8_assumed_2,track_stream_fpr,30,0.40866326845290357,0.4036769551762566,0.4140871159944044,0.01520746438022817,,,nan,,,,independent RNG seeds,percentile bootstrap resampling RNG seeds
test,benign_stress,gnss_sigma_8_assumed_2,victim_pair_contested_rate,0,nan,nan,nan,nan,,,nan,,,,independent RNG seeds,percentile bootstrap resampling RNG seeds
test,benign_stress,gnss_sigma_8_assumed_2,victim_id_contested_rate,0,nan,nan,nan,nan,,,nan,,,,independent RNG seeds,percentile bootstrap resampling RNG seeds
test,benign_stress,gnss_sigma_8_assumed_2,malicious_opportunity_reception_rate,0,nan,nan,nan,nan,,,nan,,,,independent RNG seeds,percentile bootstrap resampling RNG seeds
test,benign_stress,gnss_sigma_8_assumed_2,stream_peak_auc,0,nan,nan,nan,nan,,,nan,,,,independent RNG seeds,percentile bootstrap resampling RNG seeds
test,benign_stress,gnss_sigma_8_assumed_2,owner_peak_auc,0,nan,nan,nan,nan,,,nan,,,,independent RNG seeds,percentile bootstrap resampling RNG seeds
test,benign_stress,gnss_sigma_8_assumed_2,stream_peak_pr_auc,0,nan,nan,nan,nan,,,nan,,,,independent RNG seeds,percentile bootstrap resampling RNG seeds
test,benign_stress,gnss_sigma_8_assumed_2,owner_peak_pr_auc,0,nan,nan,nan,nan,,,nan,,,,independent RNG seeds,percentile bootstrap resampling RNG seeds
test,benign_stress,gnss_sigma_8_assumed_2,max_clean_score,30,0.9996646498695336,0.9996646498695336,0.9996646498695336,0.0,,,nan,,,,independent RNG seeds,percentile bootstrap resampling RNG seeds
test,benign_stress,gnss_sigma_8_assumed_2,clean_margin,30,-0.5016646498695337,0.0,-0.5016646498695337,1.1292025708167404e-16,,,nan,,,,independent RNG seeds,percentile bootstrap resampling RNG seeds
test,benign_stress,gnss_sigma_8_assumed_2,peak_identity_keys_per_receiver,30,48.3,47.35356916869215,49.24643083130785,2.5345883158877074,,,nan,,,,independent RNG seeds,Student-t over RNG seeds
test,benign_stress,gnss_sigma_8_assumed_2,peak_live_tracks_per_receiver,30,142.1,139.16086025210694,145.03913974789305,7.871160804722077,,,nan,,,,independent RNG seeds,Student-t over RNG seeds
test,benign_stress,gnss_sigma_8_assumed_2,estimated_state_payload_bytes_per_receiver,30,93169.06666666667,89668.26707421358,96669.86625911975,9375.313493363867,,,nan,,,,independent RNG seeds,Student-t over RNG seeds
test,benign_stress,gnss_sigma_8_assumed_2,ttd_detected_frac,0,nan,nan,nan,nan,,,nan,,,,independent RNG seeds,percentile bootstrap resampling RNG seeds
test,benign_stress,gnss_sigma_8_assumed_2,latency_ms,30,1.1963017062116792,1.1859866759762099,1.2066167364471485,0.02762415830929854,,,nan,,,,independent RNG seeds,Student-t over RNG seeds
test,benign_stress,gnss_sigma_8_assumed_2,pdr,30,0.4675354815700215,0.46387324414853437,0.47137563580280645,0.010726322379922631,,,nan,,,,independent RNG seeds,percentile bootstrap resampling RNG seeds
test,mixedhard_prevalence,mixedhard_frac_0p1,stream_tpr,30,0.7575675276173927,0.7387501681675461,0.7753885789257896,0.05149723268400059,,,nan,,,,independent RNG seeds,percentile bootstrap resampling RNG seeds
test,mixedhard_prevalence,mixedhard_frac_0p1,stream_fpr,30,0.0,0.0,0.0,0.0,0,54450,0.09503385285530419,0,30,RNG seed with any event,independent RNG seeds,percentile bootstrap resampling RNG seeds
test,mixedhard_prevalence,mixedhard_frac_0p1,stream_precision,30,1.0,1.0,1.0,0.0,,,nan,,,,independent RNG seeds,percentile bootstrap resampling RNG seeds
test,mixedhard_prevalence,mixedhard_frac_0p1,stream_f1,30,0.8611040514422543,0.8488369355995748,0.8724596668203438,0.033901292137377276,,,nan,,,,independent RNG seeds,percentile bootstrap resampling RNG seeds
test,mixedhard_prevalence,mixedhard_frac_0p1,owner_tpr,30,0.6494490909238404,0.6200631436824595,0.679313499633029,0.08383843687211127,,,nan,,,,independent RNG seeds,percentile bootstrap resampling RNG seeds
test,mixedhard_prevalence,mixedhard_frac_0p1,owner_fpr,30,0.104364307675273,0.09176620026065634,0.11770545014236578,0.03685966223782684,6551,62262,nan,30,30,RNG seed with any event,independent RNG seeds,percentile bootstrap resampling RNG seeds
test,mixedhard_prevalence,mixedhard_frac_0p1,owner_f1,30,0.4616400179759695,0.4324895417350447,0.48941176947125614,0.08161020039198152,,,nan,,,,independent RNG seeds,percentile bootstrap resampling RNG seeds
test,mixedhard_prevalence,mixedhard_frac_0p1,contested_tpr,30,0.4253329385924569,0.3939213669786215,0.4561350568180837,0.08938138799742831,,,nan,,,,independent RNG seeds,percentile bootstrap resampling RNG seeds
test,mixedhard_prevalence,mixedhard_frac_0p1,contested_fpr,30,0.0,0.0,0.0,0.0,0,54450,0.09503385285530419,0,30,RNG seed with any event,independent RNG seeds,percentile bootstrap resampling RNG seeds
test,mixedhard_prevalence,mixedhard_frac_0p1,contested_f1,30,0.5914818668628331,0.5599950132783738,0.6211699956802846,0.08841846750896051,,,nan,,,,independent RNG seeds,percentile bootstrap resampling RNG seeds
test,mixedhard_prevalence,mixedhard_frac_0p1,clean_fpr,30,0.0,0.0,0.0,0.0,0,54447,0.09503385285530419,0,30,RNG seed with any event,independent RNG seeds,percentile bootstrap resampling RNG seeds
test,mixedhard_prevalence,mixedhard_frac_0p1,victim_pair_post_onset_alert_rate,30,0.8340986261095831,0.8166867002457967,0.8512861163858039,0.05087207860463303,,,nan,,,,independent RNG seeds,percentile bootstrap resampling RNG seeds
test,mixedhard_prevalence,mixedhard_frac_0p1,victim_id_post_onset_alert_rate,30,0.9853549121443858,0.9736424995569734,0.9952153110047847,0.030483580613908556,,,nan,,,,independent RNG seeds,percentile bootstrap resampling RNG seeds
test,mixedhard_prevalence,mixedhard_frac_0p1,victim_pair_track_alert_rate,30,0.2649345207585443,0.23003563370935215,0.30089859892816323,0.09884413892681018,,,nan,,,,independent RNG seeds,percentile bootstrap resampling RNG seeds
test,mixedhard_prevalence,mixedhard_frac_0p1,victim_id_track_alert_rate,30,0.5130064472564473,0.4473809521010179,0.5765558443627522,0.18288233899060183,,,nan,,,,independent RNG seeds,percentile bootstrap resampling RNG seeds
test,mixedhard_prevalence,mixedhard_frac_0p1,track_stream_tpr,30,0.6290021343004886,0.614236553897975,0.6426551460208347,0.04056667060275545,,,nan,,,,independent RNG seeds,percentile bootstrap resampling RNG seeds
test,mixedhard_prevalence,mixedhard_frac_0p1,track_stream_fpr,30,0.0,0.0,0.0,0.0,,,nan,,,,independent RNG seeds,percentile bootstrap resampling RNG seeds
test,mixedhard_prevalence,mixedhard_frac_0p1,victim_pair_contested_rate,30,0.6689770853044136,0.6295534130008902,0.709822723190811,0.11244830789394479,,,nan,,,,independent RNG seeds,percentile bootstrap resampling RNG seeds
test,mixedhard_prevalence,mixedhard_frac_0p1,victim_id_contested_rate,30,0.9614050535234746,0.942879343280988,0.9785725421630026,0.05140587737531614,,,nan,,,,independent RNG seeds,percentile bootstrap resampling RNG seeds
test,mixedhard_prevalence,mixedhard_frac_0p1,malicious_opportunity_reception_rate,30,0.8570322373903491,0.8388816266207555,0.8742843933377454,0.051371928380206704,,,nan,,,,independent RNG seeds,percentile bootstrap resampling RNG seeds
test,mixedhard_prevalence,mixedhard_frac_0p1,stream_peak_auc,30,0.910658131575883,0.9006071856576214,0.9202590002320279,0.02816278167539603,,,nan,,,,independent RNG seeds,percentile bootstrap resampling RNG seeds
test,mixedhard_prevalence,mixedhard_frac_0p1,owner_peak_auc,30,0.7853827214790402,0.768599472310994,0.8027884880375257,0.048332623549121836,,,nan,,,,independent RNG seeds,percentile bootstrap resampling RNG seeds
test,mixedhard_prevalence,mixedhard_frac_0p1,stream_peak_pr_auc,30,0.8555903960134085,0.8366675398895355,0.872652395561662,0.05070292191284142,,,nan,,,,independent RNG seeds,percentile bootstrap resampling RNG seeds
test,mixedhard_prevalence,mixedhard_frac_0p1,owner_peak_pr_auc,30,0.30559528921350254,0.2816043258472679,0.3310416071732165,0.0716621564487855,,,nan,,,,independent RNG seeds,percentile bootstrap resampling RNG seeds
test,mixedhard_prevalence,mixedhard_frac_0p1,max_clean_score,30,0.06488962472406185,0.05000000000000003,0.09466887417218543,0.08155383334155288,,,nan,,,,independent RNG seeds,percentile bootstrap resampling RNG seeds
test,mixedhard_prevalence,mixedhard_frac_0p1,clean_margin,30,0.43311037527593826,0.40333112582781455,0.44800000000000006,0.08155383334155289,,,nan,,,,independent RNG seeds,percentile bootstrap resampling RNG seeds
test,mixedhard_prevalence,mixedhard_frac_0p1,peak_identity_keys_per_receiver,30,48.833333333333336,47.71061403368519,49.95605263298148,3.006697504747937,,,nan,,,,independent RNG seeds,Student-t over RNG seeds
test,mixedhard_prevalence,mixedhard_frac_0p1,peak_live_tracks_per_receiver,30,64.43333333333334,61.411386229706295,67.45528043696038,8.09292297620894,,,nan,,,,independent RNG seeds,Student-t over RNG seeds
test,mixedhard_prevalence,mixedhard_frac_0p1,estimated_state_payload_bytes_per_receiver,30,87842.66666666667,84398.27936097485,91287.0539723585,9224.238614811984,,,nan,,,,independent RNG seeds,Student-t over RNG seeds
test,mixedhard_prevalence,mixedhard_frac_0p1,ttd_detected_frac,30,0.7575675276173927,0.7384020700009896,0.7750964314193891,0.05149723268400059,,,nan,,,,independent RNG seeds,percentile bootstrap resampling RNG seeds
test,mixedhard_prevalence,mixedhard_frac_0p1,latency_ms,30,1.203890676654005,1.1924486347723378,1.2153327185356722,0.030642350929223044,,,nan,,,,independent RNG seeds,Student-t over RNG seeds
test,mixedhard_prevalence,mixedhard_frac_0p1,pdr,30,0.46591146677962786,0.4614592841503147,0.47063986363317367,0.012934258499053988,,,nan,,,,independent RNG seeds,percentile bootstrap resampling RNG seeds
test,mixedhard_prevalence,mixedhard_frac_0p2,stream_tpr,30,0.7641444113358512,0.7499186444880601,0.7789740597570107,0.04103858673459692,,,nan,,,,independent RNG seeds,percentile bootstrap resampling RNG seeds
test,mixedhard_prevalence,mixedhard_frac_0p2,stream_fpr,30,0.0,0.0,0.0,0.0,0,39433,0.09503385285530419,0,30,RNG seed with any event,independent RNG seeds,percentile bootstrap resampling RNG seeds
test,mixedhard_prevalence,mixedhard_frac_0p2,stream_precision,30,1.0,1.0,1.0,0.0,,,nan,,,,independent RNG seeds,percentile bootstrap resampling RNG seeds
test,mixedhard_prevalence,mixedhard_frac_0p2,stream_f1,30,0.8657126162378174,0.85631795360344,0.8750319754202752,0.026393356661330095,,,nan,,,,independent RNG seeds,percentile bootstrap resampling RNG seeds
test,mixedhard_prevalence,mixedhard_frac_0p2,owner_tpr,30,0.6762119561017809,0.655018694222044,0.6981811037568464,0.06164339514523834,,,nan,,,,independent RNG seeds,percentile bootstrap resampling RNG seeds
test,mixedhard_prevalence,mixedhard_frac_0p2,owner_fpr,30,0.1875826604122567,0.16867869446447448,0.20770522653088672,0.05589510039143716,9588,50787,nan,30,30,RNG seed with any event,independent RNG seeds,percentile bootstrap resampling RNG seeds
test,mixedhard_prevalence,mixedhard_frac_0p2,owner_f1,30,0.5165019354875577,0.4904098486223067,0.5420867281507558,0.07414869420350256,,,nan,,,,independent RNG seeds,percentile bootstrap resampling RNG seeds
test,mixedhard_prevalence,mixedhard_frac_0p2,contested_tpr,30,0.4255949990004153,0.40541334237222415,0.44612681140986715,0.05854623687169267,,,nan,,,,independent RNG seeds,percentile bootstrap resampling RNG seeds
test,mixedhard_prevalence,mixedhard_frac_0p2,contested_fpr,30,0.0,0.0,0.0,0.0,0,39433,0.09503385285530419,0,30,RNG seed with any event,independent RNG seeds,percentile bootstrap resampling RNG seeds
test,mixedhard_prevalence,mixedhard_frac_0p2,contested_f1,30,0.5948019875116615,0.5747623223214097,0.6150550859565886,0.05735276540920509,,,nan,,,,independent RNG seeds,percentile bootstrap resampling RNG seeds
test,mixedhard_prevalence,mixedhard_frac_0p2,clean_fpr,30,0.0,0.0,0.0,0.0,0,39429,0.09503385285530419,0,30,RNG seed with any event,independent RNG seeds,percentile bootstrap resampling RNG seeds
test,mixedhard_prevalence,mixedhard_frac_0p2,victim_pair_post_onset_alert_rate,30,0.8408258858713016,0.8284073448200907,0.8525532406860049,0.03454826276798724,,,nan,,,,independent RNG seeds,percentile bootstrap resampling RNG seeds
test,mixedhard_prevalence,mixedhard_frac_0p2,victim_id_post_onset_alert_rate,30,0.9820884994634994,0.9709641008297256,0.9912088637057386,0.029661646784915077,,,nan,,,,independent RNG seeds,percentile bootstrap resampling RNG seeds
test,mixedhard_prevalence,mixedhard_frac_0p2,victim_pair_track_alert_rate,30,0.2454721054675722,0.22526691837434673,0.2657787806630076,0.05653109117482665,,,nan,,,,independent RNG seeds,percentile bootstrap resampling RNG seeds
test,mixedhard_prevalence,mixedhard_frac_0p2,victim_id_track_alert_rate,30,0.5074783542030319,0.4720273231645173,0.5441218071268313,0.10237857870550955,,,nan,,,,independent RNG seeds,percentile bootstrap resampling RNG seeds
test,mixedhard_prevalence,mixedhard_frac_0p2,track_stream_tpr,30,0.6361621163204352,0.6230761222962702,0.6498291734966611,0.03795457691331866,,,nan,,,,independent RNG seeds,percentile bootstrap resampling RNG seeds
test,mixedhard_prevalence,mixedhard_frac_0p2,track_stream_fpr,30,0.0,0.0,0.0,0.0,,,nan,,,,independent RNG seeds,percentile bootstrap resampling RNG seeds
test,mixedhard_prevalence,mixedhard_frac_0p2,victim_pair_contested_rate,30,0.6643619368149208,0.6429110027405279,0.6862971053618353,0.06264667879927324,,,nan,,,,independent RNG seeds,percentile bootstrap resampling RNG seeds
test,mixedhard_prevalence,mixedhard_frac_0p2,victim_id_contested_rate,30,0.9560117818931779,0.9371854883332739,0.9734139883170995,0.050747203967773324,,,nan,,,,independent RNG seeds,percentile bootstrap resampling RNG seeds
test,mixedhard_prevalence,mixedhard_frac_0p2,malicious_opportunity_reception_rate,30,0.8671378824611126,0.8564088511024432,0.8778449808877654,0.030872384189237833,,,nan,,,,independent RNG seeds,percentile bootstrap resampling RNG seeds
test,mixedhard_prevalence,mixedhard_frac_0p2,stream_peak_auc,30,0.9136200702656101,0.9061250267280707,0.920942704174556,0.02115140057873972,,,nan,,,,independent RNG seeds,percentile bootstrap resampling RNG seeds
test,mixedhard_prevalence,mixedhard_frac_0p2,owner_peak_auc,30,0.765203681636953,0.7500423714087925,0.7808368407842787,0.043316060672395275,,,nan,,,,independent RNG seeds,percentile bootstrap resampling RNG seeds
test,mixedhard_prevalence,mixedhard_frac_0p2,stream_peak_pr_auc,30,0.8869996568733355,0.8749814370745481,0.8985890475439282,0.033625018287947665,,,nan,,,,independent RNG seeds,percentile bootstrap resampling RNG seeds
test,mixedhard_prevalence,mixedhard_frac_0p2,owner_peak_pr_auc,30,0.384136774340246,0.3602594929298962,0.40868569156653334,0.06832070199046751,,,nan,,,,independent RNG seeds,percentile bootstrap resampling RNG seeds
test,mixedhard_prevalence,mixedhard_frac_0p2,max_clean_score,30,0.05000000000000003,0.05000000000000003,0.05000000000000003,7.057516067604627e-18,,,nan,,,,independent RNG seeds,percentile bootstrap resampling RNG seeds
test,mixedhard_prevalence,mixedhard_frac_0p2,clean_margin,30,0.44800000000000006,0.44800000000000006,0.44800000000000006,1.1292025708167404e-16,,,nan,,,,independent RNG seeds,percentile bootstrap resampling RNG seeds
test,mixedhard_prevalence,mixedhard_frac_0p2,peak_identity_keys_per_receiver,30,49.7,48.5855908859819,50.814409114018105,2.984442418899071,,,nan,,,,independent RNG seeds,Student-t over RNG seeds
test,mixedhard_prevalence,mixedhard_frac_0p2,peak_live_tracks_per_receiver,30,72.33333333333333,68.90492708765258,75.76173957901408,9.18144055008323,,,nan,,,,independent RNG seeds,Student-t over RNG seeds
test,mixedhard_prevalence,mixedhard_frac_0p2,estimated_state_payload_bytes_per_receiver,30,91957.33333333333,88325.74905833491,95588.91760833174,9725.561305788147,,,nan,,,,independent RNG seeds,Student-t over RNG seeds
test,mixedhard_prevalence,mixedhard_frac_0p2,ttd_detected_frac,30,0.7641444113358512,0.7500786983434131,0.7784068545658104,0.04103858673459692,,,nan,,,,independent RNG seeds,percentile bootstrap resampling RNG seeds
test,mixedhard_prevalence,mixedhard_frac_0p2,latency_ms,30,1.2112790059906662,1.1992212310798043,1.223336780901528,0.032291314265874636,,,nan,,,,independent RNG seeds,Student-t over RNG seeds
test,mixedhard_prevalence,mixedhard_frac_0p2,pdr,30,0.46335421342907374,0.4583949949117031,0.46837303139447817,0.013952049662566128,,,nan,,,,independent RNG seeds,percentile bootstrap resampling RNG seeds
test,mixedhard_prevalence,mixedhard_frac_0p3,stream_tpr,30,0.7715225520763939,0.7559956368276972,0.7871431899088763,0.04378123610955916,,,nan,,,,independent RNG seeds,percentile bootstrap resampling RNG seeds
test,mixedhard_prevalence,mixedhard_frac_0p3,stream_fpr,30,0.0,0.0,0.0,0.0,0,27817,0.09503385285530419,0,30,RNG seed with any event,independent RNG seeds,percentile bootstrap resampling RNG seeds
test,mixedhard_prevalence,mixedhard_frac_0p3,stream_precision,30,1.0,1.0,1.0,0.0,,,nan,,,,independent RNG seeds,percentile bootstrap resampling RNG seeds
test,mixedhard_prevalence,mixedhard_frac_0p3,stream_f1,30,0.870356375829766,0.8605854655040531,0.8800885821700579,0.028111125335714526,,,nan,,,,independent RNG seeds,percentile bootstrap resampling RNG seeds
test,mixedhard_prevalence,mixedhard_frac_0p3,owner_tpr,30,0.7082961880378084,0.6885342383278419,0.7282144868931368,0.056073704473412984,,,nan,,,,independent RNG seeds,percentile bootstrap resampling RNG seeds
test,mixedhard_prevalence,mixedhard_frac_0p3,owner_fpr,30,0.2580235981119442,0.23752444113743396,0.27893238377162954,0.05866674169096694,10412,40165,nan,30,30,RNG seed with any event,independent RNG seeds,percentile bootstrap resampling RNG seeds
test,mixedhard_prevalence,mixedhard_frac_0p3,owner_f1,30,0.5727010649354735,0.553585444996145,0.5928265771817527,0.056190669178775556,,,nan,,,,independent RNG seeds,percentile bootstrap resampling RNG seeds
test,mixedhard_prevalence,mixedhard_frac_0p3,contested_tpr,30,0.44223917874810115,0.4205496525591897,0.4639505612921073,0.062150295562682485,,,nan,,,,independent RNG seeds,percentile bootstrap resampling RNG seeds
test,mixedhard_prevalence,mixedhard_frac_0p3,contested_fpr,30,0.0,0.0,0.0,0.0,0,27817,0.09503385285530419,0,30,RNG seed with any event,independent RNG seeds,percentile bootstrap resampling RNG seeds
test,mixedhard_prevalence,mixedhard_frac_0p3,contested_f1,30,0.6107586990305517,0.5894257198671361,0.631401696070526,0.060287265290971996,,,nan,,,,independent RNG seeds,percentile bootstrap resampling RNG seeds
test,mixedhard_prevalence,mixedhard_frac_0p3,clean_fpr,30,0.0,0.0,0.0,0.0,0,27807,0.09503385285530419,0,30,RNG seed with any event,independent RNG seeds,percentile bootstrap resampling RNG seeds
test,mixedhard_prevalence,mixedhard_frac_0p3,victim_pair_post_onset_alert_rate,30,0.8390992671901641,0.822426203438711,0.8549164245146252,0.04628355473446899,,,nan,,,,independent RNG seeds,percentile bootstrap resampling RNG seeds
test,mixedhard_prevalence,mixedhard_frac_0p3,victim_id_post_onset_alert_rate,30,0.9882436523140545,0.9789240377744328,0.9954630015432099,0.023554363329891147,,,nan,,,,independent RNG seeds,percentile bootstrap resampling RNG seeds
test,mixedhard_prevalence,mixedhard_frac_0p3,victim_pair_track_alert_rate,30,0.239256539536813,0.22054561051525184,0.257817989043699,0.05365676609030673,,,nan,,,,independent RNG seeds,percentile bootstrap resampling RNG seeds
test,mixedhard_prevalence,mixedhard_frac_0p3,victim_id_track_alert_rate,30,0.5363691867622952,0.49249946414475904,0.5805668218356551,0.12805362734610654,,,nan,,,,independent RNG seeds,percentile bootstrap resampling RNG seeds
test,mixedhard_prevalence,mixedhard_frac_0p3,track_stream_tpr,30,0.6536272879541801,0.6397624013325,0.6678822103214234,0.04022295616010361,,,nan,,,,independent RNG seeds,percentile bootstrap resampling RNG seeds
test,mixedhard_prevalence,mixedhard_frac_0p3,track_stream_fpr,30,0.0,0.0,0.0,0.0,,,nan,,,,independent RNG seeds,percentile bootstrap resampling RNG seeds
test,mixedhard_prevalence,mixedhard_frac_0p3,victim_pair_contested_rate,30,0.6773410144765682,0.6527005848358748,0.7029649978415011,0.07254491365002641,,,nan,,,,independent RNG seeds,percentile bootstrap resampling RNG seeds
test,mixedhard_prevalence,mixedhard_frac_0p3,victim_id_contested_rate,30,0.9558783157353083,0.9353946827800045,0.9746618949665518,0.055658564248237986,,,nan,,,,independent RNG seeds,percentile bootstrap resampling RNG seeds
test,mixedhard_prevalence,mixedhard_frac_0p3,malicious_opportunity_reception_rate,30,0.8796870761928146,0.8712882647176522,0.8877338589217467,0.02311619142105067,,,nan,,,,independent RNG seeds,percentile bootstrap resampling RNG seeds
test,mixedhard_prevalence,mixedhard_frac_0p3,stream_peak_auc,30,0.916248493816234,0.9090518924380769,0.923215743151279,0.020186851829735425,,,nan,,,,independent RNG seeds,percentile bootstrap resampling RNG seeds
test,mixedhard_prevalence,mixedhard_frac_0p3,owner_peak_auc,30,0.7502573977568263,0.7378732477444091,0.7639538059184873,0.03709002314485189,,,nan,,,,independent RNG seeds,percentile bootstrap resampling RNG seeds
test,mixedhard_prevalence,mixedhard_frac_0p3,stream_peak_pr_auc,30,0.9126668511523659,0.9033081871182738,0.921567886542923,0.025658448713379824,,,nan,,,,independent RNG seeds,percentile bootstrap resampling RNG seeds
test,mixedhard_prevalence,mixedhard_frac_0p3,owner_peak_pr_auc,30,0.46125858782155654,0.440629113773616,0.48279263017348667,0.05930973494891444,,,nan,,,,independent RNG seeds,percentile bootstrap resampling RNG seeds
test,mixedhard_prevalence,mixedhard_frac_0p3,max_clean_score,30,0.05000000000000003,0.05000000000000003,0.05000000000000003,7.057516067604627e-18,,,nan,,,,independent RNG seeds,percentile bootstrap resampling RNG seeds
test,mixedhard_prevalence,mixedhard_frac_0p3,clean_margin,30,0.44800000000000006,0.44800000000000006,0.44800000000000006,1.1292025708167404e-16,,,nan,,,,independent RNG seeds,percentile bootstrap resampling RNG seeds
test,mixedhard_prevalence,mixedhard_frac_0p3,peak_identity_keys_per_receiver,30,50.166666666666664,49.052545216337926,51.2807881169954,2.9836720413903928,,,nan,,,,independent RNG seeds,Student-t over RNG seeds
test,mixedhard_prevalence,mixedhard_frac_0p3,peak_live_tracks_per_receiver,30,79.86666666666666,76.63996953043275,83.09336380290057,8.641253634040382,,,nan,,,,independent RNG seeds,Student-t over RNG seeds
test,mixedhard_prevalence,mixedhard_frac_0p3,estimated_state_payload_bytes_per_receiver,30,97093.86666666667,93060.63835953725,101127.09497379609,10801.183778461136,,,nan,,,,independent RNG seeds,Student-t over RNG seeds
test,mixedhard_prevalence,mixedhard_frac_0p3,ttd_detected_frac,30,0.7715225520763939,0.7560177631499103,0.7868829425643181,0.04378123610955916,,,nan,,,,independent RNG seeds,percentile bootstrap resampling RNG seeds
test,mixedhard_prevalence,mixedhard_frac_0p3,latency_ms,30,1.2192740770894066,1.204709995862277,1.2338381583165363,0.03900332585204599,,,nan,,,,independent RNG seeds,Student-t over RNG seeds
test,mixedhard_prevalence,mixedhard_frac_0p3,pdr,30,0.46323735349570144,0.45747002691464617,0.4687674320179453,0.01601763891999083,,,nan,,,,independent RNG seeds,percentile bootstrap resampling RNG seeds
test,mixedhard_prevalence,mixedhard_frac_0p5,stream_tpr,30,0.7834183745276583,0.7697365564799186,0.795714697986174,0.03736711698613803,,,nan,,,,independent RNG seeds,percentile bootstrap resampling RNG seeds
test,mixedhard_prevalence,mixedhard_frac_0p5,stream_fpr,30,0.0,0.0,0.0,0.0,0,11862,0.09503385285530419,0,30,RNG seed with any event,independent RNG seeds,percentile bootstrap resampling RNG seeds
test,mixedhard_prevalence,mixedhard_frac_0p5,stream_precision,30,1.0,1.0,1.0,0.0,,,nan,,,,independent RNG seeds,percentile bootstrap resampling RNG seeds
test,mixedhard_prevalence,mixedhard_frac_0p5,stream_f1,30,0.8780698938902003,0.8691776297158961,0.8857814352302051,0.024119883022000403,,,nan,,,,independent RNG seeds,percentile bootstrap resampling RNG seeds
test,mixedhard_prevalence,mixedhard_frac_0p5,owner_tpr,30,0.752139876330679,0.7349995769615286,0.7680021028214882,0.04583651381863387,,,nan,,,,independent RNG seeds,percentile bootstrap resampling RNG seeds
test,mixedhard_prevalence,mixedhard_frac_0p5,owner_fpr,30,0.3826466904623177,0.35858370391088534,0.4069009120100522,0.0697174327582924,8411,21884,nan,30,30,RNG seed with any event,independent RNG seeds,percentile bootstrap resampling RNG seeds
test,mixedhard_prevalence,mixedhard_frac_0p5,owner_f1,30,0.6679396216343452,0.6552814324019934,0.6813011117299803,0.0367103866252932,,,nan,,,,independent RNG seeds,percentile bootstrap resampling RNG seeds
test,mixedhard_prevalence,mixedhard_frac_0p5,contested_tpr,30,0.4760097340450575,0.45932436681031646,0.49215151837283644,0.04706488746336825,,,nan,,,,independent RNG seeds,percentile bootstrap resampling RNG seeds
test,mixedhard_prevalence,mixedhard_frac_0p5,contested_fpr,30,0.0,0.0,0.0,0.0,0,11862,0.09503385285530419,0,30,RNG seed with any event,independent RNG seeds,percentile bootstrap resampling RNG seeds
test,mixedhard_prevalence,mixedhard_frac_0p5,contested_f1,30,0.6436382973863436,0.6277964502526683,0.6583411308107138,0.04407545028142039,,,nan,,,,independent RNG seeds,percentile bootstrap resampling RNG seeds
test,mixedhard_prevalence,mixedhard_frac_0p5,clean_fpr,30,0.0,0.0,0.0,0.0,0,11852,0.09503385285530419,0,30,RNG seed with any event,independent RNG seeds,percentile bootstrap resampling RNG seeds
test,mixedhard_prevalence,mixedhard_frac_0p5,victim_pair_post_onset_alert_rate,30,0.8333530999682177,0.81670662936983,0.8491484651407095,0.04583092009124299,,,nan,,,,independent RNG seeds,percentile bootstrap resampling RNG seeds
test,mixedhard_prevalence,mixedhard_frac_0p5,victim_id_post_onset_alert_rate,30,0.9770746884554354,0.9641655259491466,0.9876225259056078,0.03324550340544487,,,nan,,,,independent RNG seeds,percentile bootstrap resampling RNG seeds
test,mixedhard_prevalence,mixedhard_frac_0p5,victim_pair_track_alert_rate,30,0.24349131227120813,0.22789238101952006,0.2584499545396363,0.04234594343506008,,,nan,,,,independent RNG seeds,percentile bootstrap resampling RNG seeds
test,mixedhard_prevalence,mixedhard_frac_0p5,victim_id_track_alert_rate,30,0.5768546378878107,0.5498328462317063,0.6034081546582234,0.07678142653016908,,,nan,,,,independent RNG seeds,percentile bootstrap resampling RNG seeds
test,mixedhard_prevalence,mixedhard_frac_0p5,track_stream_tpr,30,0.6765850355621308,0.6623629219303419,0.6897016214186905,0.03863289066323602,,,nan,,,,independent RNG seeds,percentile bootstrap resampling RNG seeds
test,mixedhard_prevalence,mixedhard_frac_0p5,track_stream_fpr,30,0.0,0.0,0.0,0.0,,,nan,,,,independent RNG seeds,percentile bootstrap resampling RNG seeds
test,mixedhard_prevalence,mixedhard_frac_0p5,victim_pair_contested_rate,30,0.7107938504311636,0.6919609427995507,0.7300705210902537,0.05474066845987622,,,nan,,,,independent RNG seeds,percentile bootstrap resampling RNG seeds
test,mixedhard_prevalence,mixedhard_frac_0p5,victim_id_contested_rate,30,0.9601205996328435,0.9404664232908798,0.9771992236836126,0.052180571685130434,,,nan,,,,independent RNG seeds,percentile bootstrap resampling RNG seeds
test,mixedhard_prevalence,mixedhard_frac_0p5,malicious_opportunity_reception_rate,30,0.898387102382539,0.891785524696464,0.9049952684841772,0.01877400376966856,,,nan,,,,independent RNG seeds,percentile bootstrap resampling RNG seeds
test,mixedhard_prevalence,mixedhard_frac_0p5,stream_peak_auc,30,0.9183754594601498,0.9108511720491221,0.9252090040090619,0.020247648229547652,,,nan,,,,independent RNG seeds,percentile bootstrap resampling RNG seeds
test,mixedhard_prevalence,mixedhard_frac_0p5,owner_peak_auc,30,0.710819679273392,0.6980260650409427,0.7241932565146278,0.03633683607727706,,,nan,,,,independent RNG seeds,percentile bootstrap resampling RNG seeds
test,mixedhard_prevalence,mixedhard_frac_0p5,stream_peak_pr_auc,30,0.9490311646437306,0.9428542732558687,0.9548738325454241,0.01749597094254332,,,nan,,,,independent RNG seeds,percentile bootstrap resampling RNG seeds
test,mixedhard_prevalence,mixedhard_frac_0p5,owner_peak_pr_auc,30,0.5932546741966963,0.5784997656167775,0.6085161623751351,0.04256670375874486,,,nan,,,,independent RNG seeds,percentile bootstrap resampling RNG seeds
test,mixedhard_prevalence,mixedhard_frac_0p5,max_clean_score,30,0.05000000000000003,0.05000000000000003,0.05000000000000003,9.468651407676568e-18,,,nan,,,,independent RNG seeds,percentile bootstrap resampling RNG seeds
test,mixedhard_prevalence,mixedhard_frac_0p5,clean_margin,30,0.44800000000000006,0.44800000000000006,0.44800000000000006,1.0860322566543317e-16,,,nan,,,,independent RNG seeds,percentile bootstrap resampling RNG seeds
test,mixedhard_prevalence,mixedhard_frac_0p5,peak_identity_keys_per_receiver,30,50.9,49.67776960775143,52.12223039224857,3.273193105126594,,,nan,,,,independent RNG seeds,Student-t over RNG seeds
test,mixedhard_prevalence,mixedhard_frac_0p5,peak_live_tracks_per_receiver,30,92.4,88.15088007783308,96.64911992216693,11.379352142034,,,nan,,,,independent RNG seeds,Student-t over RNG seeds
test,mixedhard_prevalence,mixedhard_frac_0p5,estimated_state_payload_bytes_per_receiver,30,104734.26666666666,100142.1453688318,109326.38796450153,12297.926696394195,,,nan,,,,independent RNG seeds,Student-t over RNG seeds
test,mixedhard_prevalence,mixedhard_frac_0p5,ttd_detected_frac,30,0.7834183745276583,0.7699210436117631,0.7958534498657829,0.03736711698613803,,,nan,,,,independent RNG seeds,percentile bootstrap resampling RNG seeds
test,mixedhard_prevalence,mixedhard_frac_0p5,latency_ms,30,1.2395016266913286,1.2195088752267789,1.2594943781558783,0.053541571753818046,,,nan,,,,independent RNG seeds,Student-t over RNG seeds
test,mixedhard_prevalence,mixedhard_frac_0p5,pdr,30,0.45643442958702074,0.44942057369163846,0.4634578895768886,0.01977267233509221,,,nan,,,,independent RNG seeds,percentile bootstrap resampling RNG seeds
test,mobility,manoeuvre,stream_tpr,30,0.7650341307614099,0.7502254872868456,0.7806141358979976,0.04381527370415005,,,nan,,,,independent RNG seeds,percentile bootstrap resampling RNG seeds
test,mobility,manoeuvre,stream_fpr,30,0.0,0.0,0.0,0.0,0,27527,0.09503385285530419,0,30,RNG seed with any event,independent RNG seeds,percentile bootstrap resampling RNG seeds
test,mobility,manoeuvre,stream_precision,30,1.0,1.0,1.0,0.0,,,nan,,,,independent RNG seeds,percentile bootstrap resampling RNG seeds
test,mobility,manoeuvre,stream_f1,30,0.8661990191630042,0.8561567995888634,0.8762803775773349,0.02828261828921645,,,nan,,,,independent RNG seeds,percentile bootstrap resampling RNG seeds
test,mobility,manoeuvre,owner_tpr,30,0.7043784092079809,0.6857925990093064,0.7231663123835662,0.0538231094152632,,,nan,,,,independent RNG seeds,percentile bootstrap resampling RNG seeds
test,mobility,manoeuvre,owner_fpr,30,0.25362049210382726,0.2334450909749623,0.27406416523415905,0.05716975566859465,10069,39568,nan,30,30,RNG seed with any event,independent RNG seeds,percentile bootstrap resampling RNG seeds
test,mobility,manoeuvre,owner_f1,30,0.5726122559895448,0.5561969883404209,0.5892398783528338,0.04673890427379728,,,nan,,,,independent RNG seeds,percentile bootstrap resampling RNG seeds
test,mobility,manoeuvre,contested_tpr,30,0.4432481303757276,0.4192486311296361,0.46668112061310263,0.0690096860022399,,,nan,,,,independent RNG seeds,percentile bootstrap resampling RNG seeds
test,mobility,manoeuvre,contested_fpr,30,0.0,0.0,0.0,0.0,0,27527,0.09503385285530419,0,30,RNG seed with any event,independent RNG seeds,percentile bootstrap resampling RNG seeds
test,mobility,manoeuvre,contested_f1,30,0.611136263935936,0.5873006976948687,0.6340591159861286,0.06724104260025998,,,nan,,,,independent RNG seeds,percentile bootstrap resampling RNG seeds
test,mobility,manoeuvre,clean_fpr,30,0.0,0.0,0.0,0.0,0,27513,0.09503385285530419,0,30,RNG seed with any event,independent RNG seeds,percentile bootstrap resampling RNG seeds
test,mobility,manoeuvre,victim_pair_post_onset_alert_rate,30,0.8305367596059814,0.8122400896624972,0.8465039480136112,0.048052453396390374,,,nan,,,,independent RNG seeds,percentile bootstrap resampling RNG seeds
test,mobility,manoeuvre,victim_id_post_onset_alert_rate,30,0.980265714545838,0.9678205446218077,0.9911255265534856,0.03319438524272952,,,nan,,,,independent RNG seeds,percentile bootstrap resampling RNG seeds
test,mobility,manoeuvre,victim_pair_track_alert_rate,30,0.15435136296994398,0.13815842543096568,0.17087993181183336,0.04768248643153829,,,nan,,,,independent RNG seeds,percentile bootstrap resampling RNG seeds
test,mobility,manoeuvre,victim_id_track_alert_rate,30,0.4649032647520665,0.4272697197335688,0.5070353324305633,0.11379519818724035,,,nan,,,,independent RNG seeds,percentile bootstrap resampling RNG seeds
test,mobility,manoeuvre,track_stream_tpr,30,0.6543946130704001,0.6402674106027929,0.6688016092461735,0.041008778478458636,,,nan,,,,independent RNG seeds,percentile bootstrap resampling RNG seeds
test,mobility,manoeuvre,track_stream_fpr,30,0.0,0.0,0.0,0.0,,,nan,,,,independent RNG seeds,percentile bootstrap resampling RNG seeds
test,mobility,manoeuvre,victim_pair_contested_rate,30,0.6754761881610534,0.6514280841654286,0.6989987406835563,0.06748506755277343,,,nan,,,,independent RNG seeds,percentile bootstrap resampling RNG seeds
test,mobility,manoeuvre,victim_id_contested_rate,30,0.9619957009088888,0.9452902491964162,0.9777219130203594,0.046179725317948075,,,nan,,,,independent RNG seeds,percentile bootstrap resampling RNG seeds
test,mobility,manoeuvre,malicious_opportunity_reception_rate,30,0.875169427019769,0.867605091554638,0.8829187182376135,0.022124655172277706,,,nan,,,,independent RNG seeds,percentile bootstrap resampling RNG seeds
test,mobility,manoeuvre,stream_peak_auc,30,0.9135298228212532,0.9062933660333943,0.9205376961782996,0.02035071652047763,,,nan,,,,independent RNG seeds,percentile bootstrap resampling RNG seeds
test,mobility,manoeuvre,owner_peak_auc,30,0.7502511508065672,0.7382646015733979,0.7621910126124318,0.0344317729397028,,,nan,,,,independent RNG seeds,percentile bootstrap resampling RNG seeds
test,mobility,manoeuvre,stream_peak_pr_auc,30,0.9091053129518638,0.8995050148087904,0.9181130885442876,0.02679990146527562,,,nan,,,,independent RNG seeds,percentile bootstrap resampling RNG seeds
test,mobility,manoeuvre,owner_peak_pr_auc,30,0.461220599540705,0.4415003768405594,0.4810904700736837,0.05536698354984816,,,nan,,,,independent RNG seeds,percentile bootstrap resampling RNG seeds
test,mobility,manoeuvre,max_clean_score,30,0.0797792494481236,0.05000000000000003,0.12444812362030903,0.11332856611477543,,,nan,,,,independent RNG seeds,percentile bootstrap resampling RNG seeds
test,mobility,manoeuvre,clean_margin,30,0.4182207505518764,0.3735518763796909,0.44800000000000006,0.11332856611477543,,,nan,,,,independent RNG seeds,percentile bootstrap resampling RNG seeds
test,mobility,manoeuvre,peak_identity_keys_per_receiver,30,49.5,48.288040633478026,50.711959366521974,3.2456867930563926,,,nan,,,,independent RNG seeds,Student-t over RNG seeds
test,mobility,manoeuvre,peak_live_tracks_per_receiver,30,73.73333333333333,70.95639277935688,76.5102738873098,7.436783385741229,,,nan,,,,independent RNG seeds,Student-t over RNG seeds
test,mobility,manoeuvre,estimated_state_payload_bytes_per_receiver,30,96345.86666666667,92613.87204342365,100077.86128990969,9994.465157011286,,,nan,,,,independent RNG seeds,Student-t over RNG seeds
test,mobility,manoeuvre,ttd_detected_frac,30,0.7650341307614099,0.7497448550687217,0.78044310975176,0.04381527370415005,,,nan,,,,independent RNG seeds,percentile bootstrap resampling RNG seeds
test,mobility,manoeuvre,latency_ms,30,1.216489849497139,1.2079692431634887,1.2250104558307893,0.022818602842539986,,,nan,,,,independent RNG seeds,Student-t over RNG seeds
test,mobility,manoeuvre,pdr,30,0.46345871231779273,0.4579758322931578,0.4691011619824185,0.0157442522208784,,,nan,,,,independent RNG seeds,percentile bootstrap resampling RNG seeds
test,noise_misspecification,actual_2_assumed_4,stream_tpr,30,0.7711684654776702,0.7552222501803301,0.7865632151473699,0.04368317239138095,,,nan,,,,independent RNG seeds,percentile bootstrap resampling RNG seeds
test,noise_misspecification,actual_2_assumed_4,stream_fpr,30,0.0,0.0,0.0,0.0,0,27817,0.09503385285530419,0,30,RNG seed with any event,independent RNG seeds,percentile bootstrap resampling RNG seeds
test,noise_misspecification,actual_2_assumed_4,stream_precision,30,1.0,1.0,1.0,0.0,,,nan,,,,independent RNG seeds,percentile bootstrap resampling RNG seeds
test,noise_misspecification,actual_2_assumed_4,stream_f1,30,0.8701333747365528,0.860262832578052,0.8803231866220151,0.028055178672095248,,,nan,,,,independent RNG seeds,percentile bootstrap resampling RNG seeds
test,noise_misspecification,actual_2_assumed_4,owner_tpr,30,0.7076368245169224,0.6877152341553947,0.7270574824709867,0.056009318195681626,,,nan,,,,independent RNG seeds,percentile bootstrap resampling RNG seeds
test,noise_misspecification,actual_2_assumed_4,owner_fpr,30,0.2580235981119442,0.23774036617613256,0.2795040623159779,0.05866674169096694,10412,40165,nan,30,30,RNG seed with any event,independent RNG seeds,percentile bootstrap resampling RNG seeds
test,noise_misspecification,actual_2_assumed_4,owner_f1,30,0.5723205423536614,0.5535608394416631,0.5922793196609236,0.05615612139015793,,,nan,,,,independent RNG seeds,percentile bootstrap resampling RNG seeds
test,noise_misspecification,actual_2_assumed_4,contested_tpr,30,0.44223917874810115,0.4206745297527118,0.4648732087898555,0.062150295562682485,,,nan,,,,independent RNG seeds,percentile bootstrap resampling RNG seeds
test,noise_misspecification,actual_2_assumed_4,contested_fpr,30,0.0,0.0,0.0,0.0,0,27817,0.09503385285530419,0,30,RNG seed with any event,independent RNG seeds,percentile bootstrap resampling RNG seeds
test,noise_misspecification,actual_2_assumed_4,contested_f1,30,0.6107586990305517,0.5890089911059975,0.6317896671062364,0.060287265290971996,,,nan,,,,independent RNG seeds,percentile bootstrap resampling RNG seeds
test,noise_misspecification,actual_2_assumed_4,clean_fpr,30,0.0,0.0,0.0,0.0,0,27807,0.09503385285530419,0,30,RNG seed with any event,independent RNG seeds,percentile bootstrap resampling RNG seeds
test,noise_misspecification,actual_2_assumed_4,victim_pair_post_onset_alert_rate,30,0.8390992671901641,0.8226659047089895,0.8550174673838219,0.04628355473446899,,,nan,,,,independent RNG seeds,percentile bootstrap resampling RNG seeds
test,noise_misspecification,actual_2_assumed_4,victim_id_post_onset_alert_rate,30,0.9882436523140545,0.9792836364638448,0.9954556992337165,0.023554363329891147,,,nan,,,,independent RNG seeds,percentile bootstrap resampling RNG seeds
test,noise_misspecification,actual_2_assumed_4,victim_pair_track_alert_rate,30,0.2393010572981196,0.2206814894563097,0.25777523730820384,0.053876848908645865,,,nan,,,,independent RNG seeds,percentile bootstrap resampling RNG seeds
test,noise_misspecification,actual_2_assumed_4,victim_id_track_alert_rate,30,0.5363691867622952,0.4915712454564482,0.5824524118231696,0.12805362734610654,,,nan,,,,independent RNG seeds,percentile bootstrap resampling RNG seeds
test,noise_misspecification,actual_2_assumed_4,track_stream_tpr,30,0.6532907729977533,0.6392689271670269,0.6678046035663965,0.04072114269612419,,,nan,,,,independent RNG seeds,percentile bootstrap resampling RNG seeds
test,noise_misspecification,actual_2_assumed_4,track_stream_fpr,30,0.0,0.0,0.0,0.0,,,nan,,,,independent RNG seeds,percentile bootstrap resampling RNG seeds
test,noise_misspecification,actual_2_assumed_4,victim_pair_contested_rate,30,0.6773410144765682,0.6525384370567359,0.7039289197904953,0.07254491365002641,,,nan,,,,independent RNG seeds,percentile bootstrap resampling RNG seeds
test,noise_misspecification,actual_2_assumed_4,victim_id_contested_rate,30,0.9558783157353083,0.9361368317349187,0.9747373090306447,0.055658564248237986,,,nan,,,,independent RNG seeds,percentile bootstrap resampling RNG seeds
test,noise_misspecification,actual_2_assumed_4,malicious_opportunity_reception_rate,30,0.8796870761928146,0.8716649771246556,0.8874864278407784,0.02311619142105067,,,nan,,,,independent RNG seeds,percentile bootstrap resampling RNG seeds
test,noise_misspecification,actual_2_assumed_4,stream_peak_auc,30,0.9161229761585094,0.9090445290048591,0.923009605942842,0.020224147821877213,,,nan,,,,independent RNG seeds,percentile bootstrap resampling RNG seeds
test,noise_misspecification,actual_2_assumed_4,owner_peak_auc,30,0.7490982297162142,0.7366771601924187,0.7628271449325071,0.0371558429112908,,,nan,,,,independent RNG seeds,percentile bootstrap resampling RNG seeds
test,noise_misspecification,actual_2_assumed_4,stream_peak_pr_auc,30,0.9125296911731401,0.9033818489207531,0.9212883169828192,0.02573056404743736,,,nan,,,,independent RNG seeds,percentile bootstrap resampling RNG seeds
test,noise_misspecification,actual_2_assumed_4,owner_peak_pr_auc,30,0.45852514050486054,0.4387169544394278,0.4788789536636991,0.05924048744368203,,,nan,,,,independent RNG seeds,percentile bootstrap resampling RNG seeds
test,noise_misspecification,actual_2_assumed_4,max_clean_score,30,0.05000000000000003,0.05000000000000003,0.05000000000000003,7.057516067604627e-18,,,nan,,,,independent RNG seeds,percentile bootstrap resampling RNG seeds
test,noise_misspecification,actual_2_assumed_4,clean_margin,30,0.44800000000000006,0.44800000000000006,0.44800000000000006,1.1292025708167404e-16,,,nan,,,,independent RNG seeds,percentile bootstrap resampling RNG seeds
test,noise_misspecification,actual_2_assumed_4,peak_identity_keys_per_receiver,30,50.166666666666664,49.052545216337926,51.2807881169954,2.9836720413903928,,,nan,,,,independent RNG seeds,Student-t over RNG seeds
test,noise_misspecification,actual_2_assumed_4,peak_live_tracks_per_receiver,30,78.46666666666667,75.37542912622293,81.55790420711041,8.278486174013539,,,nan,,,,independent RNG seeds,Student-t over RNG seeds
test,noise_misspecification,actual_2_assumed_4,estimated_state_payload_bytes_per_receiver,30,95097.73333333334,91595.15255658966,98600.31411007702,9380.083592500594,,,nan,,,,independent RNG seeds,Student-t over RNG seeds
test,noise_misspecification,actual_2_assumed_4,ttd_detected_frac,30,0.7711684654776702,0.7552942072974729,0.7861905857907733,0.04368317239138095,,,nan,,,,independent RNG seeds,percentile bootstrap resampling RNG seeds
test,noise_misspecification,actual_2_assumed_4,latency_ms,30,1.2192740770894066,1.204709995862277,1.2338381583165363,0.03900332585204599,,,nan,,,,independent RNG seeds,Student-t over RNG seeds
test,noise_misspecification,actual_2_assumed_4,pdr,30,0.46323735349570144,0.4573832210322565,0.46877515578571954,0.01601763891999083,,,nan,,,,independent RNG seeds,percentile bootstrap resampling RNG seeds
test,noise_misspecification,actual_4_assumed_2,stream_tpr,30,0.7748118566131321,0.7595507149053059,0.7899746015100673,0.04335527184870177,,,nan,,,,independent RNG seeds,percentile bootstrap resampling RNG seeds
test,noise_misspecification,actual_4_assumed_2,stream_fpr,30,0.015821016825560634,0.013980732263900893,0.017774784829434127,0.00538618048220483,440,27817,nan,30,30,RNG seed with any event,independent RNG seeds,percentile bootstrap resampling RNG seeds
test,noise_misspecification,actual_4_assumed_2,stream_precision,30,0.9781309603554547,0.9750685234599102,0.9810616631261085,0.008510336922046984,,,nan,,,,independent RNG seeds,percentile bootstrap resampling RNG seeds
test,noise_misspecification,actual_4_assumed_2,stream_f1,30,0.8640060043830817,0.8543744356667485,0.8735088390412363,0.027224438229933666,,,nan,,,,independent RNG seeds,percentile bootstrap resampling RNG seeds
test,noise_misspecification,actual_4_assumed_2,owner_tpr,30,0.7118312356267714,0.6924232838384371,0.7310044644754923,0.05550557168111108,,,nan,,,,independent RNG seeds,percentile bootstrap resampling RNG seeds
test,noise_misspecification,actual_4_assumed_2,owner_fpr,30,0.2699229797220861,0.24947388691606046,0.2900298181865587,0.05799974721478868,10889,40165,nan,30,30,RNG seed with any event,independent RNG seeds,percentile bootstrap resampling RNG seeds
test,noise_misspecification,actual_4_assumed_2,owner_f1,30,0.5665198050271969,0.5476813610981606,0.5859833469818273,0.05431855850024178,,,nan,,,,independent RNG seeds,percentile bootstrap resampling RNG seeds
test,noise_misspecification,actual_4_assumed_2,contested_tpr,30,0.44223917874810115,0.4199787562792777,0.462981225050245,0.062150295562682485,,,nan,,,,independent RNG seeds,percentile bootstrap resampling RNG seeds
test,noise_misspecification,actual_4_assumed_2,contested_fpr,30,0.0,0.0,0.0,0.0,0,27817,0.09503385285530419,0,30,RNG seed with any event,independent RNG seeds,percentile bootstrap resampling RNG seeds
test,noise_misspecification,actual_4_assumed_2,contested_f1,30,0.6107586990305517,0.5887719179534421,0.6312627645122356,0.060287265290971996,,,nan,,,,independent RNG seeds,percentile bootstrap resampling RNG seeds
test,noise_misspecification,actual_4_assumed_2,clean_fpr,30,0.015827709991500113,0.013950322997249728,0.017755078276940086,0.005390557514070564,440,27807,nan,30,30,RNG seed with any event,independent RNG seeds,percentile bootstrap resampling RNG seeds
test,noise_misspecification,actual_4_assumed_2,victim_pair_post_onset_alert_rate,30,0.842223537285755,0.825762688190335,0.857689020574799,0.04595532204273842,,,nan,,,,independent RNG seeds,percentile bootstrap resampling RNG seeds
test,noise_misspecification,actual_4_assumed_2,victim_id_post_onset_alert_rate,30,0.9882436523140545,0.9793951375585356,0.9954555129842485,0.023554363329891147,,,nan,,,,independent RNG seeds,percentile bootstrap resampling RNG seeds
test,noise_misspecification,actual_4_assumed_2,victim_pair_track_alert_rate,30,0.26939629737579307,0.25054265622673605,0.28922613263109037,0.054589131874265485,,,nan,,,,independent RNG seeds,percentile bootstrap resampling RNG seeds
test,noise_misspecification,actual_4_assumed_2,victim_id_track_alert_rate,30,0.5992030779180527,0.5575069400111999,0.6422316549872479,0.12190560268382501,,,nan,,,,independent RNG seeds,percentile bootstrap resampling RNG seeds
test,noise_misspecification,actual_4_assumed_2,track_stream_tpr,30,0.6344554150266416,0.6228420433708146,0.6465985747747744,0.03410465254296655,,,nan,,,,independent RNG seeds,percentile bootstrap resampling RNG seeds
test,noise_misspecification,actual_4_assumed_2,track_stream_fpr,30,0.0037455335024886276,0.002733493984950343,0.004848336807216191,0.0030126943828075172,,,nan,,,,independent RNG seeds,percentile bootstrap resampling RNG seeds
test,noise_misspecification,actual_4_assumed_2,victim_pair_contested_rate,30,0.6773410144765682,0.6519186142581977,0.7040737072238843,0.07254491365002641,,,nan,,,,independent RNG seeds,percentile bootstrap resampling RNG seeds
test,noise_misspecification,actual_4_assumed_2,victim_id_contested_rate,30,0.9558783157353083,0.9360461388522778,0.975209045025129,0.055658564248237986,,,nan,,,,independent RNG seeds,percentile bootstrap resampling RNG seeds
test,noise_misspecification,actual_4_assumed_2,malicious_opportunity_reception_rate,30,0.8796870761928146,0.8712629244673188,0.8876864861128139,0.02311619142105067,,,nan,,,,independent RNG seeds,percentile bootstrap resampling RNG seeds
test,noise_misspecification,actual_4_assumed_2,stream_peak_auc,30,0.9107476123960582,0.9038078866252851,0.9180296552313029,0.019890113964580423,,,nan,,,,independent RNG seeds,percentile bootstrap resampling RNG seeds
test,noise_misspecification,actual_4_assumed_2,owner_peak_auc,30,0.7484570946542405,0.7360068302773982,0.7618540188054922,0.036545262392269996,,,nan,,,,independent RNG seeds,percentile bootstrap resampling RNG seeds
test,noise_misspecification,actual_4_assumed_2,stream_peak_pr_auc,30,0.9130637625884253,0.9045245114578769,0.9212109433677774,0.02432775967649694,,,nan,,,,independent RNG seeds,percentile bootstrap resampling RNG seeds
test,noise_misspecification,actual_4_assumed_2,owner_peak_pr_auc,30,0.46411176999456166,0.4438096132903216,0.4857505959738983,0.05879694329404374,,,nan,,,,independent RNG seeds,percentile bootstrap resampling RNG seeds
test,noise_misspecification,actual_4_assumed_2,max_clean_score,30,0.947955569242691,0.9369292860827546,0.9587502317658841,0.032138381305531795,,,nan,,,,independent RNG seeds,percentile bootstrap resampling RNG seeds
test,noise_misspecification,actual_4_assumed_2,clean_margin,30,-0.4499555692426911,0.0,-0.4387857754275851,0.032138381305531795,,,nan,,,,independent RNG seeds,percentile bootstrap resampling RNG seeds
test,noise_misspecification,actual_4_assumed_2,peak_identity_keys_per_receiver,30,50.166666666666664,49.052545216337926,51.2807881169954,2.9836720413903928,,,nan,,,,independent RNG seeds,Student-t over RNG seeds
test,noise_misspecification,actual_4_assumed_2,peak_live_tracks_per_receiver,30,110.7,107.51466912179005,113.88533087820996,8.530472760477076,,,nan,,,,independent RNG seeds,Student-t over RNG seeds
test,noise_misspecification,actual_4_assumed_2,estimated_state_payload_bytes_per_receiver,30,103866.66666666667,99008.61099539498,108724.72233793836,13010.112028284218,,,nan,,,,independent RNG seeds,Student-t over RNG seeds
test,noise_misspecification,actual_4_assumed_2,ttd_detected_frac,30,0.7748118566131321,0.7588605788581443,0.7899024017814571,0.04335527184870177,,,nan,,,,independent RNG seeds,percentile bootstrap resampling RNG seeds
test,noise_misspecification,actual_4_assumed_2,latency_ms,30,1.2192740770894066,1.204709995862277,1.2338381583165363,0.03900332585204599,,,nan,,,,independent RNG seeds,Student-t over RNG seeds
test,noise_misspecification,actual_4_assumed_2,pdr,30,0.46323735349570144,0.45759807057999413,0.4689924218983379,0.01601763891999083,,,nan,,,,independent RNG seeds,percentile bootstrap resampling RNG seeds
test,noise_misspecification,actual_8_assumed_2,stream_tpr,30,0.890950463463513,0.8839289506783785,0.8984161559551049,0.020898516497664308,,,nan,,,,independent RNG seeds,percentile bootstrap resampling RNG seeds
test,noise_misspecification,actual_8_assumed_2,stream_fpr,30,0.673448554532893,0.6660609827119633,0.680999187680949,0.021275130856534537,18725,27817,nan,30,30,RNG seed with any event,independent RNG seeds,percentile bootstrap resampling RNG seeds
test,noise_misspecification,actual_8_assumed_2,stream_precision,30,0.5500799240419023,0.5353734555117299,0.5654147885330806,0.043010126054006295,,,nan,,,,independent RNG seeds,percentile bootstrap resampling RNG seeds
test,noise_misspecification,actual_8_assumed_2,stream_f1,30,0.679265905963038,0.6670610487680259,0.6913246183652988,0.03440209900329888,,,nan,,,,independent RNG seeds,percentile bootstrap resampling RNG seeds
test,noise_misspecification,actual_8_assumed_2,owner_tpr,30,0.8735583128479409,0.8656540761815461,0.8820425564826206,0.023061101654622593,,,nan,,,,independent RNG seeds,percentile bootstrap resampling RNG seeds
test,noise_misspecification,actual_8_assumed_2,owner_fpr,30,0.7455402638016593,0.7364331109041656,0.7544927468640852,0.02599008334721157,29967,40165,nan,30,30,RNG seed with any event,independent RNG seeds,percentile bootstrap resampling RNG seeds
test,noise_misspecification,actual_8_assumed_2,owner_f1,30,0.4262099707474265,0.4183768711761634,0.4344458601917175,0.02262356117795826,,,nan,,,,independent RNG seeds,percentile bootstrap resampling RNG seeds
test,noise_misspecification,actual_8_assumed_2,contested_tpr,30,0.44223917874810115,0.41969929079353446,0.4635621177223755,0.062150295562682485,,,nan,,,,independent RNG seeds,percentile bootstrap resampling RNG seeds
test,noise_misspecification,actual_8_assumed_2,contested_fpr,30,0.0,0.0,0.0,0.0,0,27817,0.09503385285530419,0,30,RNG seed with any event,independent RNG seeds,percentile bootstrap resampling RNG seeds
test,noise_misspecification,actual_8_assumed_2,contested_f1,30,0.6107586990305517,0.5893403899966332,0.6315994937688882,0.060287265290971996,,,nan,,,,independent RNG seeds,percentile bootstrap resampling RNG seeds
test,noise_misspecification,actual_8_assumed_2,clean_fpr,30,0.6735111178019243,0.6658794757818399,0.6807337398713582,0.02125666195719513,18720,27807,nan,30,30,RNG seed with any event,independent RNG seeds,percentile bootstrap resampling RNG seeds
test,noise_misspecification,actual_8_assumed_2,victim_pair_post_onset_alert_rate,30,0.9089805803166233,0.8986742690017523,0.9187971800556931,0.027997298002401517,,,nan,,,,independent RNG seeds,percentile bootstrap resampling RNG seeds
test,noise_misspecification,actual_8_assumed_2,victim_id_post_onset_alert_rate,30,0.9925921972875995,0.9870625904640272,0.9975749559082893,0.015128494409789632,,,nan,,,,independent RNG seeds,percentile bootstrap resampling RNG seeds
test,noise_misspecification,actual_8_assumed_2,victim_pair_track_alert_rate,30,0.41119074616462736,0.3906497651337498,0.4332737236727803,0.06121468680201538,,,nan,,,,independent RNG seeds,percentile bootstrap resampling RNG seeds
test,noise_misspecification,actual_8_assumed_2,victim_id_track_alert_rate,30,0.8627129198119897,0.8329825831865393,0.8921815544293517,0.08489880984412167,,,nan,,,,independent RNG seeds,percentile bootstrap resampling RNG seeds
test,noise_misspecification,actual_8_assumed_2,track_stream_tpr,30,0.7425951284997464,0.7338182332040966,0.7515790147079672,0.025397867551348423,,,nan,,,,independent RNG seeds,percentile bootstrap resampling RNG seeds
test,noise_misspecification,actual_8_assumed_2,track_stream_fpr,30,0.3931277051370147,0.38556011410363467,0.40164193315890706,0.02254147564070409,,,nan,,,,independent RNG seeds,percentile bootstrap resampling RNG seeds
test,noise_misspecification,actual_8_assumed_2,victim_pair_contested_rate,30,0.6773410144765682,0.6521578244157362,0.7033516643580923,0.07254491365002641,,,nan,,,,independent RNG seeds,percentile bootstrap resampling RNG seeds
test,noise_misspecification,actual_8_assumed_2,victim_id_contested_rate,30,0.9558783157353083,0.9363724408733131,0.9748871380876332,0.055658564248237986,,,nan,,,,independent RNG seeds,percentile bootstrap resampling RNG seeds
test,noise_misspecification,actual_8_assumed_2,malicious_opportunity_reception_rate,30,0.8796870761928146,0.8718248229165121,0.8877648666989626,0.02311619142105067,,,nan,,,,independent RNG seeds,percentile bootstrap resampling RNG seeds
test,noise_misspecification,actual_8_assumed_2,stream_peak_auc,30,0.7591468402299034,0.7510182249815979,0.766996245681742,0.023123545332484254,,,nan,,,,independent RNG seeds,percentile bootstrap resampling RNG seeds
test,noise_misspecification,actual_8_assumed_2,owner_peak_auc,30,0.6733470046956799,0.6643087364833145,0.682728289771098,0.026625833452345538,,,nan,,,,independent RNG seeds,percentile bootstrap resampling RNG seeds
test,noise_misspecification,actual_8_assumed_2,stream_peak_pr_auc,30,0.7162249926842976,0.7020816355932626,0.7302136022126159,0.040105134022395066,,,nan,,,,independent RNG seeds,percentile bootstrap resampling RNG seeds
test,noise_misspecification,actual_8_assumed_2,owner_peak_pr_auc,30,0.3758893729598029,0.3630746585294291,0.38850103710685235,0.03596266872161003,,,nan,,,,independent RNG seeds,percentile bootstrap resampling RNG seeds
test,noise_misspecification,actual_8_assumed_2,max_clean_score,30,0.9996646498695336,0.9996646498695336,0.9996646498695336,0.0,,,nan,,,,independent RNG seeds,percentile bootstrap resampling RNG seeds
test,noise_misspecification,actual_8_assumed_2,clean_margin,30,-0.5016646498695337,0.0,-0.5016646498695337,1.1292025708167404e-16,,,nan,,,,independent RNG seeds,percentile bootstrap resampling RNG seeds
test,noise_misspecification,actual_8_assumed_2,peak_identity_keys_per_receiver,30,50.166666666666664,49.052545216337926,51.2807881169954,2.9836720413903928,,,nan,,,,independent RNG seeds,Student-t over RNG seeds
test,noise_misspecification,actual_8_assumed_2,peak_live_tracks_per_receiver,30,152.46666666666667,149.1619393055134,155.77139402781992,8.85022241424526,,,nan,,,,independent RNG seeds,Student-t over RNG seeds
test,noise_misspecification,actual_8_assumed_2,estimated_state_payload_bytes_per_receiver,30,107385.73333333334,102555.02646923157,112216.4401974351,12936.870577548107,,,nan,,,,independent RNG seeds,Student-t over RNG seeds
test,noise_misspecification,actual_8_assumed_2,ttd_detected_frac,30,0.8898140409019192,0.8827700519861155,0.8972212191892103,0.020911750251753437,,,nan,,,,independent RNG seeds,percentile bootstrap resampling RNG seeds
test,noise_misspecification,actual_8_assumed_2,latency_ms,30,1.2192740770894066,1.204709995862277,1.2338381583165363,0.03900332585204599,,,nan,,,,independent RNG seeds,Student-t over RNG seeds
test,noise_misspecification,actual_8_assumed_2,pdr,30,0.46323735349570144,0.4577549247730261,0.4689208237462358,0.01601763891999083,,,nan,,,,independent RNG seeds,percentile bootstrap resampling RNG seeds
test,onset_guard,constoffset_guard_0p25,stream_tpr,30,0.25094452236173814,0.2354304974669082,0.2693677186613814,0.04737156716591635,,,nan,,,,independent RNG seeds,percentile bootstrap resampling RNG seeds
test,onset_guard,constoffset_guard_0p25,stream_fpr,30,0.0,0.0,0.0,0.0,0,18448,0.09503385285530419,0,30,RNG seed with any event,independent RNG seeds,percentile bootstrap resampling RNG seeds
test,onset_guard,constoffset_guard_0p25,stream_precision,30,1.0,1.0,1.0,0.0,,,nan,,,,independent RNG seeds,percentile bootstrap resampling RNG seeds
test,onset_guard,constoffset_guard_0p25,stream_f1,30,0.39911509564985564,0.3802964771041326,0.4202162338072295,0.05728372779695261,,,nan,,,,independent RNG seeds,percentile bootstrap resampling RNG seeds
test,onset_guard,constoffset_guard_0p25,owner_tpr,30,0.25094452236173814,0.2356377309272758,0.2695080904279907,0.04737156716591635,,,nan,,,,independent RNG seeds,percentile bootstrap resampling RNG seeds
test,onset_guard,constoffset_guard_0p25,owner_fpr,30,0.0,0.0,0.0,0.0,0,18448,0.09503385285530419,0,30,RNG seed with any event,independent RNG seeds,percentile bootstrap resampling RNG seeds
test,onset_guard,constoffset_guard_0p25,owner_f1,30,0.39911509564985564,0.38013628652239534,0.4207165136767961,0.05728372779695261,,,nan,,,,independent RNG seeds,percentile bootstrap resampling RNG seeds
test,onset_guard,constoffset_guard_0p25,contested_tpr,30,0.0,0.0,0.0,0.0,,,nan,,,,independent RNG seeds,percentile bootstrap resampling RNG seeds
test,onset_guard,constoffset_guard_0p25,contested_fpr,30,0.0,0.0,0.0,0.0,0,18448,0.09503385285530419,0,30,RNG seed with any event,independent RNG seeds,percentile bootstrap resampling RNG seeds
test,onset_guard,constoffset_guard_0p25,contested_f1,30,0.0,0.0,0.0,0.0,,,nan,,,,independent RNG seeds,percentile bootstrap resampling RNG seeds
test,onset_guard,constoffset_guard_0p25,clean_fpr,30,0.0,0.0,0.0,0.0,0,18448,0.09503385285530419,0,30,RNG seed with any event,independent RNG seeds,percentile bootstrap resampling RNG seeds
test,onset_guard,constoffset_guard_0p25,victim_pair_post_onset_alert_rate,0,nan,nan,nan,nan,,,nan,,,,independent RNG seeds,percentile bootstrap resampling RNG seeds
test,onset_guard,constoffset_guard_0p25,victim_id_post_onset_alert_rate,0,nan,nan,nan,nan,,,nan,,,,independent RNG seeds,percentile bootstrap resampling RNG seeds
test,onset_guard,constoffset_guard_0p25,victim_pair_track_alert_rate,0,nan,nan,nan,nan,,,nan,,,,independent RNG seeds,percentile bootstrap resampling RNG seeds
test,onset_guard,constoffset_guard_0p25,victim_id_track_alert_rate,0,nan,nan,nan,nan,,,nan,,,,independent RNG seeds,percentile bootstrap resampling RNG seeds
test,onset_guard,constoffset_guard_0p25,track_stream_tpr,30,0.008298915083090662,0.006556895345535541,0.009961684234808024,0.004746121245917948,,,nan,,,,independent RNG seeds,percentile bootstrap resampling RNG seeds
test,onset_guard,constoffset_guard_0p25,track_stream_fpr,30,0.0,0.0,0.0,0.0,,,nan,,,,independent RNG seeds,percentile bootstrap resampling RNG seeds
test,onset_guard,constoffset_guard_0p25,victim_pair_contested_rate,0,nan,nan,nan,nan,,,nan,,,,independent RNG seeds,percentile bootstrap resampling RNG seeds
test,onset_guard,constoffset_guard_0p25,victim_id_contested_rate,0,nan,nan,nan,nan,,,nan,,,,independent RNG seeds,percentile bootstrap resampling RNG seeds
test,onset_guard,constoffset_guard_0p25,malicious_opportunity_reception_rate,30,0.9786092173413383,0.9754309260733875,0.9818209300069859,0.008953701135613962,,,nan,,,,independent RNG seeds,percentile bootstrap resampling RNG seeds
test,onset_guard,constoffset_guard_0p25,stream_peak_auc,30,0.6331684300330752,0.6253936229315109,0.6424312296614736,0.023985559029871647,,,nan,,,,independent RNG seeds,percentile bootstrap resampling RNG seeds
test,onset_guard,constoffset_guard_0p25,owner_peak_auc,30,0.6331684300330752,0.6257346737357941,0.6423151528787242,0.023985559029871647,,,nan,,,,independent RNG seeds,percentile bootstrap resampling RNG seeds
test,onset_guard,constoffset_guard_0p25,stream_peak_pr_auc,30,0.493934539558074,0.48398998984452063,0.5058756289738923,0.030544404656984544,,,nan,,,,independent RNG seeds,percentile bootstrap resampling RNG seeds
test,onset_guard,constoffset_guard_0p25,owner_peak_pr_auc,30,0.493934539558074,0.4838647171901434,0.5056776183478009,0.030544404656984544,,,nan,,,,independent RNG seeds,percentile bootstrap resampling RNG seeds
test,onset_guard,constoffset_guard_0p25,max_clean_score,30,0.05000000000000003,0.05000000000000003,0.05000000000000003,7.94297227258349e-18,,,nan,,,,independent RNG seeds,percentile bootstrap resampling RNG seeds
test,onset_guard,constoffset_guard_0p25,clean_margin,30,0.44800000000000006,0.44800000000000006,0.44800000000000006,1.1149981994562399e-16,,,nan,,,,independent RNG seeds,percentile bootstrap resampling RNG seeds
test,onset_guard,constoffset_guard_0p25,peak_identity_keys_per_receiver,30,34.733333333333334,34.121464624203455,35.345202042463214,1.638614497453372,,,nan,,,,independent RNG seeds,Student-t over RNG seeds
test,onset_guard,constoffset_guard_0p25,peak_live_tracks_per_receiver,30,36.5,35.74837470820271,37.25162529179729,2.012889499682244,,,nan,,,,independent RNG seeds,Student-t over RNG seeds
test,onset_guard,constoffset_guard_0p25,estimated_state_payload_bytes_per_receiver,30,61905.333333333336,59119.18133792769,64691.485328738985,7461.4520789479575,,,nan,,,,independent RNG seeds,Student-t over RNG seeds
test,onset_guard,constoffset_guard_0p25,ttd_detected_frac,30,0.25094452236173814,0.23568013110527988,0.2680688344153919,0.04737156716591635,,,nan,,,,independent RNG seeds,percentile bootstrap resampling RNG seeds
test,onset_guard,constoffset_guard_0p25,latency_ms,30,1.1869720346440178,1.179069886430264,1.1948741828577716,0.021162341578957206,,,nan,,,,independent RNG seeds,Student-t over RNG seeds
test,onset_guard,constoffset_guard_0p25,pdr,30,0.4709791895070325,0.46393664409622276,0.4780607784225323,0.02019987201524006,,,nan,,,,independent RNG seeds,percentile bootstrap resampling RNG seeds
test,onset_guard,constoffset_guard_0p5,stream_tpr,30,0.2497014930396151,0.2337834834799085,0.2676990480924844,0.047553547633525366,,,nan,,,,independent RNG seeds,percentile bootstrap resampling RNG seeds
test,onset_guard,constoffset_guard_0p5,stream_fpr,30,0.0,0.0,0.0,0.0,0,18396,0.09503385285530419,0,30,RNG seed with any event,independent RNG seeds,percentile bootstrap resampling RNG seeds
test,onset_guard,constoffset_guard_0p5,stream_precision,30,1.0,1.0,1.0,0.0,,,nan,,,,independent RNG seeds,percentile bootstrap resampling RNG seeds
test,onset_guard,constoffset_guard_0p5,stream_f1,30,0.39750634101041865,0.3786998053178816,0.41875501089150974,0.057510155966625974,,,nan,,,,independent RNG seeds,percentile bootstrap resampling RNG seeds
test,onset_guard,constoffset_guard_0p5,owner_tpr,30,0.2497014930396151,0.23380313237178985,0.2678562743082396,0.047553547633525366,,,nan,,,,independent RNG seeds,percentile bootstrap resampling RNG seeds
test,onset_guard,constoffset_guard_0p5,owner_fpr,30,0.0,0.0,0.0,0.0,0,18396,0.09503385285530419,0,30,RNG seed with any event,independent RNG seeds,percentile bootstrap resampling RNG seeds
test,onset_guard,constoffset_guard_0p5,owner_f1,30,0.39750634101041865,0.378446708683667,0.4187775191763069,0.057510155966625974,,,nan,,,,independent RNG seeds,percentile bootstrap resampling RNG seeds
test,onset_guard,constoffset_guard_0p5,contested_tpr,30,0.0,0.0,0.0,0.0,,,nan,,,,independent RNG seeds,percentile bootstrap resampling RNG seeds
test,onset_guard,constoffset_guard_0p5,contested_fpr,30,0.0,0.0,0.0,0.0,0,18396,0.09503385285530419,0,30,RNG seed with any event,independent RNG seeds,percentile bootstrap resampling RNG seeds
test,onset_guard,constoffset_guard_0p5,contested_f1,30,0.0,0.0,0.0,0.0,,,nan,,,,independent RNG seeds,percentile bootstrap resampling RNG seeds
test,onset_guard,constoffset_guard_0p5,clean_fpr,30,0.0,0.0,0.0,0.0,0,18396,0.09503385285530419,0,30,RNG seed with any event,independent RNG seeds,percentile bootstrap resampling RNG seeds
test,onset_guard,constoffset_guard_0p5,victim_pair_post_onset_alert_rate,0,nan,nan,nan,nan,,,nan,,,,independent RNG seeds,percentile bootstrap resampling RNG seeds
test,onset_guard,constoffset_guard_0p5,victim_id_post_onset_alert_rate,0,nan,nan,nan,nan,,,nan,,,,independent RNG seeds,percentile bootstrap resampling RNG seeds
test,onset_guard,constoffset_guard_0p5,victim_pair_track_alert_rate,0,nan,nan,nan,nan,,,nan,,,,independent RNG seeds,percentile bootstrap resampling RNG seeds
test,onset_guard,constoffset_guard_0p5,victim_id_track_alert_rate,0,nan,nan,nan,nan,,,nan,,,,independent RNG seeds,percentile bootstrap resampling RNG seeds
test,onset_guard,constoffset_guard_0p5,track_stream_tpr,30,0.008195581273482752,0.006533240125385523,0.009806070117720948,0.0046390334250470105,,,nan,,,,independent RNG seeds,percentile bootstrap resampling RNG seeds
test,onset_guard,constoffset_guard_0p5,track_stream_fpr,30,0.0,0.0,0.0,0.0,,,nan,,,,independent RNG seeds,percentile bootstrap resampling RNG seeds
test,onset_guard,constoffset_guard_0p5,victim_pair_contested_rate,0,nan,nan,nan,nan,,,nan,,,,independent RNG seeds,percentile bootstrap resampling RNG seeds
test,onset_guard,constoffset_guard_0p5,victim_id_contested_rate,0,nan,nan,nan,nan,,,nan,,,,independent RNG seeds,percentile bootstrap resampling RNG seeds
test,onset_guard,constoffset_guard_0p5,malicious_opportunity_reception_rate,30,0.9792292419495193,0.9760701325625907,0.9823384919199537,0.009003624216699863,,,nan,,,,independent RNG seeds,percentile bootstrap resampling RNG seeds
test,onset_guard,constoffset_guard_0p5,stream_peak_auc,30,0.6326249159363188,0.6248453810410466,0.6420257188061711,0.024010910549915707,,,nan,,,,independent RNG seeds,percentile bootstrap resampling RNG seeds
test,onset_guard,constoffset_guard_0p5,owner_peak_auc,30,0.6326249159363188,0.6249763655576527,0.6413845835742871,0.024010910549915707,,,nan,,,,independent RNG seeds,percentile bootstrap resampling RNG seeds
test,onset_guard,constoffset_guard_0p5,stream_peak_pr_auc,30,0.4933229073730061,0.48356180405077515,0.5045673256986761,0.030636014775288174,,,nan,,,,independent RNG seeds,percentile bootstrap resampling RNG seeds
test,onset_guard,constoffset_guard_0p5,owner_peak_pr_auc,30,0.4933229073730061,0.483347476515956,0.5052528116682039,0.030636014775288174,,,nan,,,,independent RNG seeds,percentile bootstrap resampling RNG seeds
test,onset_guard,constoffset_guard_0p5,max_clean_score,30,0.05000000000000003,0.05000000000000003,0.05000000000000003,7.94297227258349e-18,,,nan,,,,independent RNG seeds,percentile bootstrap resampling RNG seeds
test,onset_guard,constoffset_guard_0p5,clean_margin,30,0.44800000000000006,0.44800000000000006,0.44800000000000006,1.1149981994562399e-16,,,nan,,,,independent RNG seeds,percentile bootstrap resampling RNG seeds
test,onset_guard,constoffset_guard_0p5,peak_identity_keys_per_receiver,30,34.733333333333334,34.121464624203455,35.345202042463214,1.638614497453372,,,nan,,,,independent RNG seeds,Student-t over RNG seeds
test,onset_guard,constoffset_guard_0p5,peak_live_tracks_per_receiver,30,36.5,35.74837470820271,37.25162529179729,2.012889499682244,,,nan,,,,independent RNG seeds,Student-t over RNG seeds
test,onset_guard,constoffset_guard_0p5,estimated_state_payload_bytes_per_receiver,30,61905.333333333336,59119.18133792769,64691.485328738985,7461.4520789479575,,,nan,,,,independent RNG seeds,Student-t over RNG seeds
test,onset_guard,constoffset_guard_0p5,ttd_detected_frac,30,0.2497014930396151,0.23459782814511007,0.26775186035521653,0.047553547633525366,,,nan,,,,independent RNG seeds,percentile bootstrap resampling RNG seeds
test,onset_guard,constoffset_guard_0p5,latency_ms,30,1.1869720346440178,1.179069886430264,1.1948741828577716,0.021162341578957206,,,nan,,,,independent RNG seeds,Student-t over RNG seeds
test,onset_guard,constoffset_guard_0p5,pdr,30,0.4709791895070325,0.4638222550111335,0.4782486316784502,0.02019987201524006,,,nan,,,,independent RNG seeds,percentile bootstrap resampling RNG seeds
test,onset_guard,constoffset_guard_1p0,stream_tpr,30,0.2460537865533203,0.23063168468233422,0.26442315566499025,0.046983407172835855,,,nan,,,,independent RNG seeds,percentile bootstrap resampling RNG seeds
test,onset_guard,constoffset_guard_1p0,stream_fpr,30,0.0,0.0,0.0,0.0,0,18310,0.09503385285530419,0,30,RNG seed with any event,independent RNG seeds,percentile bootstrap resampling RNG seeds
test,onset_guard,constoffset_guard_1p0,stream_precision,30,1.0,1.0,1.0,0.0,,,nan,,,,independent RNG seeds,percentile bootstrap resampling RNG seeds
test,onset_guard,constoffset_guard_1p0,stream_f1,30,0.39284584050791277,0.3743655834749159,0.41402075767825885,0.057355293035804736,,,nan,,,,independent RNG seeds,percentile bootstrap resampling RNG seeds
test,onset_guard,constoffset_guard_1p0,owner_tpr,30,0.2460537865533203,0.23066996737556253,0.26349666353594964,0.046983407172835855,,,nan,,,,independent RNG seeds,percentile bootstrap resampling RNG seeds
test,onset_guard,constoffset_guard_1p0,owner_fpr,30,0.0,0.0,0.0,0.0,0,18310,0.09503385285530419,0,30,RNG seed with any event,independent RNG seeds,percentile bootstrap resampling RNG seeds
test,onset_guard,constoffset_guard_1p0,owner_f1,30,0.39284584050791277,0.3740469675310921,0.414568538872361,0.057355293035804736,,,nan,,,,independent RNG seeds,percentile bootstrap resampling RNG seeds
test,onset_guard,constoffset_guard_1p0,contested_tpr,30,0.0,0.0,0.0,0.0,,,nan,,,,independent RNG seeds,percentile bootstrap resampling RNG seeds
test,onset_guard,constoffset_guard_1p0,contested_fpr,30,0.0,0.0,0.0,0.0,0,18310,0.09503385285530419,0,30,RNG seed with any event,independent RNG seeds,percentile bootstrap resampling RNG seeds
test,onset_guard,constoffset_guard_1p0,contested_f1,30,0.0,0.0,0.0,0.0,,,nan,,,,independent RNG seeds,percentile bootstrap resampling RNG seeds
test,onset_guard,constoffset_guard_1p0,clean_fpr,30,0.0,0.0,0.0,0.0,0,18310,0.09503385285530419,0,30,RNG seed with any event,independent RNG seeds,percentile bootstrap resampling RNG seeds
test,onset_guard,constoffset_guard_1p0,victim_pair_post_onset_alert_rate,0,nan,nan,nan,nan,,,nan,,,,independent RNG seeds,percentile bootstrap resampling RNG seeds
test,onset_guard,constoffset_guard_1p0,victim_id_post_onset_alert_rate,0,nan,nan,nan,nan,,,nan,,,,independent RNG seeds,percentile bootstrap resampling RNG seeds
test,onset_guard,constoffset_guard_1p0,victim_pair_track_alert_rate,0,nan,nan,nan,nan,,,nan,,,,independent RNG seeds,percentile bootstrap resampling RNG seeds
test,onset_guard,constoffset_guard_1p0,victim_id_track_alert_rate,0,nan,nan,nan,nan,,,nan,,,,independent RNG seeds,percentile bootstrap resampling RNG seeds
test,onset_guard,constoffset_guard_1p0,track_stream_tpr,30,0.00784334340640958,0.0061029629763215895,0.009474378499700979,0.004828742380881379,,,nan,,,,independent RNG seeds,percentile bootstrap resampling RNG seeds
test,onset_guard,constoffset_guard_1p0,track_stream_fpr,30,0.0,0.0,0.0,0.0,,,nan,,,,independent RNG seeds,percentile bootstrap resampling RNG seeds
test,onset_guard,constoffset_guard_1p0,victim_pair_contested_rate,0,nan,nan,nan,nan,,,nan,,,,independent RNG seeds,percentile bootstrap resampling RNG seeds
test,onset_guard,constoffset_guard_1p0,victim_id_contested_rate,0,nan,nan,nan,nan,,,nan,,,,independent RNG seeds,percentile bootstrap resampling RNG seeds
test,onset_guard,constoffset_guard_1p0,malicious_opportunity_reception_rate,30,0.978876246147159,0.9759744820725806,0.9818741044311279,0.00843435568176004,,,nan,,,,independent RNG seeds,percentile bootstrap resampling RNG seeds
test,onset_guard,constoffset_guard_1p0,stream_peak_auc,30,0.6311307049168267,0.6234966560362126,0.6400922753328236,0.02380796686904613,,,nan,,,,independent RNG seeds,percentile bootstrap resampling RNG seeds
test,onset_guard,constoffset_guard_1p0,owner_peak_auc,30,0.6311307049168267,0.6232943508815948,0.6400012050347242,0.02380796686904613,,,nan,,,,independent RNG seeds,percentile bootstrap resampling RNG seeds
test,onset_guard,constoffset_guard_1p0,stream_peak_pr_auc,30,0.4913101427295495,0.4818887605543359,0.5026313791062037,0.029985796453903014,,,nan,,,,independent RNG seeds,percentile bootstrap resampling RNG seeds
test,onset_guard,constoffset_guard_1p0,owner_peak_pr_auc,30,0.4913101427295495,0.4814632005831612,0.5026134344881844,0.029985796453903014,,,nan,,,,independent RNG seeds,percentile bootstrap resampling RNG seeds
test,onset_guard,constoffset_guard_1p0,max_clean_score,30,0.05000000000000003,0.05000000000000003,0.05000000000000003,7.94297227258349e-18,,,nan,,,,independent RNG seeds,percentile bootstrap resampling RNG seeds
test,onset_guard,constoffset_guard_1p0,clean_margin,30,0.44800000000000006,0.44800000000000006,0.44800000000000006,1.1149981994562399e-16,,,nan,,,,independent RNG seeds,percentile bootstrap resampling RNG seeds
test,onset_guard,constoffset_guard_1p0,peak_identity_keys_per_receiver,30,34.733333333333334,34.121464624203455,35.345202042463214,1.638614497453372,,,nan,,,,independent RNG seeds,Student-t over RNG seeds
test,onset_guard,constoffset_guard_1p0,peak_live_tracks_per_receiver,30,36.5,35.74837470820271,37.25162529179729,2.012889499682244,,,nan,,,,independent RNG seeds,Student-t over RNG seeds
test,onset_guard,constoffset_guard_1p0,estimated_state_payload_bytes_per_receiver,30,61905.333333333336,59119.18133792769,64691.485328738985,7461.4520789479575,,,nan,,,,independent RNG seeds,Student-t over RNG seeds
test,onset_guard,constoffset_guard_1p0,ttd_detected_frac,30,0.2460537865533203,0.23093722469840486,0.2641575254412979,0.046983407172835855,,,nan,,,,independent RNG seeds,percentile bootstrap resampling RNG seeds
test,onset_guard,constoffset_guard_1p0,latency_ms,30,1.1869720346440178,1.179069886430264,1.1948741828577716,0.021162341578957206,,,nan,,,,independent RNG seeds,Student-t over RNG seeds
test,onset_guard,constoffset_guard_1p0,pdr,30,0.4709791895070325,0.4639202136160147,0.47814573145365147,0.02019987201524006,,,nan,,,,independent RNG seeds,percentile bootstrap resampling RNG seeds
test,onset_time,constoffset_onset_20s,stream_tpr,30,0.30945112319173446,0.29606804234281553,0.3242574296421996,0.03940922072014796,,,nan,,,,independent RNG seeds,percentile bootstrap resampling RNG seeds
test,onset_time,constoffset_onset_20s,stream_fpr,30,0.0,0.0,0.0,0.0,0,16468,0.09503385285530419,0,30,RNG seed with any event,independent RNG seeds,percentile bootstrap resampling RNG seeds
test,onset_time,constoffset_onset_20s,stream_precision,30,1.0,1.0,1.0,0.0,,,nan,,,,independent RNG seeds,percentile bootstrap resampling RNG seeds
test,onset_time,constoffset_onset_20s,stream_f1,30,0.47133849111519605,0.4556892039970939,0.48768253741163997,0.04485819697366298,,,nan,,,,independent RNG seeds,percentile bootstrap resampling RNG seeds
test,onset_time,constoffset_onset_20s,owner_tpr,30,0.30945112319173446,0.29626552394473044,0.3234216131736327,0.03940922072014796,,,nan,,,,independent RNG seeds,percentile bootstrap resampling RNG seeds
test,onset_time,constoffset_onset_20s,owner_fpr,30,0.0,0.0,0.0,0.0,0,16468,0.09503385285530419,0,30,RNG seed with any event,independent RNG seeds,percentile bootstrap resampling RNG seeds
test,onset_time,constoffset_onset_20s,owner_f1,30,0.47133849111519605,0.4560498443587509,0.4870181067620535,0.04485819697366298,,,nan,,,,independent RNG seeds,percentile bootstrap resampling RNG seeds
test,onset_time,constoffset_onset_20s,contested_tpr,30,0.0,0.0,0.0,0.0,,,nan,,,,independent RNG seeds,percentile bootstrap resampling RNG seeds
test,onset_time,constoffset_onset_20s,contested_fpr,30,0.0,0.0,0.0,0.0,0,16468,0.09503385285530419,0,30,RNG seed with any event,independent RNG seeds,percentile bootstrap resampling RNG seeds
test,onset_time,constoffset_onset_20s,contested_f1,30,0.0,0.0,0.0,0.0,,,nan,,,,independent RNG seeds,percentile bootstrap resampling RNG seeds
test,onset_time,constoffset_onset_20s,clean_fpr,30,0.0,0.0,0.0,0.0,0,16468,0.09503385285530419,0,30,RNG seed with any event,independent RNG seeds,percentile bootstrap resampling RNG seeds
test,onset_time,constoffset_onset_20s,victim_pair_post_onset_alert_rate,0,nan,nan,nan,nan,,,nan,,,,independent RNG seeds,percentile bootstrap resampling RNG seeds
test,onset_time,constoffset_onset_20s,victim_id_post_onset_alert_rate,0,nan,nan,nan,nan,,,nan,,,,independent RNG seeds,percentile bootstrap resampling RNG seeds
test,onset_time,constoffset_onset_20s,victim_pair_track_alert_rate,0,nan,nan,nan,nan,,,nan,,,,independent RNG seeds,percentile bootstrap resampling RNG seeds
test,onset_time,constoffset_onset_20s,victim_id_track_alert_rate,0,nan,nan,nan,nan,,,nan,,,,independent RNG seeds,percentile bootstrap resampling RNG seeds
test,onset_time,constoffset_onset_20s,track_stream_tpr,30,0.011790073278719202,0.009759283701281622,0.013803262906952074,0.005676473350275047,,,nan,,,,independent RNG seeds,percentile bootstrap resampling RNG seeds
test,onset_time,constoffset_onset_20s,track_stream_fpr,30,0.0,0.0,0.0,0.0,,,nan,,,,independent RNG seeds,percentile bootstrap resampling RNG seeds
test,onset_time,constoffset_onset_20s,victim_pair_contested_rate,0,nan,nan,nan,nan,,,nan,,,,independent RNG seeds,percentile bootstrap resampling RNG seeds
test,onset_time,constoffset_onset_20s,victim_id_contested_rate,0,nan,nan,nan,nan,,,nan,,,,independent RNG seeds,percentile bootstrap resampling RNG seeds
test,onset_time,constoffset_onset_20s,malicious_opportunity_reception_rate,30,0.9716800028979348,0.9682508235284149,0.9751726637534811,0.009885417124218797,,,nan,,,,independent RNG seeds,percentile bootstrap resampling RNG seeds
test,onset_time,constoffset_onset_20s,stream_peak_auc,30,0.665337683478487,0.6587003223394208,0.6726412287540765,0.02012966442248525,,,nan,,,,independent RNG seeds,percentile bootstrap resampling RNG seeds
test,onset_time,constoffset_onset_20s,owner_peak_auc,30,0.665337683478487,0.6585678310101085,0.6728242389466551,0.02012966442248525,,,nan,,,,independent RNG seeds,percentile bootstrap resampling RNG seeds
test,onset_time,constoffset_onset_20s,stream_peak_pr_auc,30,0.5375702750081995,0.5285349015786291,0.5463639748117058,0.025096259961365573,,,nan,,,,independent RNG seeds,percentile bootstrap resampling RNG seeds
test,onset_time,constoffset_onset_20s,owner_peak_pr_auc,30,0.5375702750081995,0.5291269459396026,0.5467971123594701,0.025096259961365573,,,nan,,,,independent RNG seeds,percentile bootstrap resampling RNG seeds
test,onset_time,constoffset_onset_20s,max_clean_score,30,0.05000000000000003,0.05000000000000003,0.05000000000000003,7.94297227258349e-18,,,nan,,,,independent RNG seeds,percentile bootstrap resampling RNG seeds
test,onset_time,constoffset_onset_20s,clean_margin,30,0.44800000000000006,0.44800000000000006,0.44800000000000006,1.1149981994562399e-16,,,nan,,,,independent RNG seeds,percentile bootstrap resampling RNG seeds
test,onset_time,constoffset_onset_20s,peak_identity_keys_per_receiver,30,34.733333333333334,34.121464624203455,35.345202042463214,1.638614497453372,,,nan,,,,independent RNG seeds,Student-t over RNG seeds
test,onset_time,constoffset_onset_20s,peak_live_tracks_per_receiver,30,36.7,35.99867346810912,37.40132653189089,1.878186946737878,,,nan,,,,independent RNG seeds,Student-t over RNG seeds
test,onset_time,constoffset_onset_20s,estimated_state_payload_bytes_per_receiver,30,60962.8,58287.76486098841,63637.83513901159,7163.875672307265,,,nan,,,,independent RNG seeds,Student-t over RNG seeds
test,onset_time,constoffset_onset_20s,ttd_detected_frac,30,0.30945112319173446,0.2956197276117123,0.3234889947118923,0.03940922072014796,,,nan,,,,independent RNG seeds,percentile bootstrap resampling RNG seeds
test,onset_time,constoffset_onset_20s,latency_ms,30,1.1869720346440178,1.179069886430264,1.1948741828577716,0.021162341578957206,,,nan,,,,independent RNG seeds,Student-t over RNG seeds
test,onset_time,constoffset_onset_20s,pdr,30,0.4709791895070325,0.46393064018009755,0.47838287167159116,0.02019987201524006,,,nan,,,,independent RNG seeds,percentile bootstrap resampling RNG seeds
test,onset_time,constoffset_onset_5s,stream_tpr,30,0.2247043120797607,0.2118399971007609,0.23939736542041692,0.03941541888036983,,,nan,,,,independent RNG seeds,percentile bootstrap resampling RNG seeds
test,onset_time,constoffset_onset_5s,stream_fpr,30,0.0,0.0,0.0,0.0,0,19309,0.09503385285530419,0,30,RNG seed with any event,independent RNG seeds,percentile bootstrap resampling RNG seeds
test,onset_time,constoffset_onset_5s,stream_precision,30,1.0,1.0,1.0,0.0,,,nan,,,,independent RNG seeds,percentile bootstrap resampling RNG seeds
test,onset_time,constoffset_onset_5s,stream_f1,30,0.36537655481593323,0.34856649864506684,0.38375689251595546,0.05071574567486629,,,nan,,,,independent RNG seeds,percentile bootstrap resampling RNG seeds
test,onset_time,constoffset_onset_5s,owner_tpr,30,0.2247043120797607,0.21166656991080882,0.23890439861947835,0.03941541888036983,,,nan,,,,independent RNG seeds,percentile bootstrap resampling RNG seeds
test,onset_time,constoffset_onset_5s,owner_fpr,30,0.0,0.0,0.0,0.0,0,19309,0.09503385285530419,0,30,RNG seed with any event,independent RNG seeds,percentile bootstrap resampling RNG seeds
test,onset_time,constoffset_onset_5s,owner_f1,30,0.36537655481593323,0.34803492580743145,0.3836431629027023,0.05071574567486629,,,nan,,,,independent RNG seeds,percentile bootstrap resampling RNG seeds
test,onset_time,constoffset_onset_5s,contested_tpr,30,0.0,0.0,0.0,0.0,,,nan,,,,independent RNG seeds,percentile bootstrap resampling RNG seeds
test,onset_time,constoffset_onset_5s,contested_fpr,30,0.0,0.0,0.0,0.0,0,19309,0.09503385285530419,0,30,RNG seed with any event,independent RNG seeds,percentile bootstrap resampling RNG seeds
test,onset_time,constoffset_onset_5s,contested_f1,30,0.0,0.0,0.0,0.0,,,nan,,,,independent RNG seeds,percentile bootstrap resampling RNG seeds
test,onset_time,constoffset_onset_5s,clean_fpr,30,0.0,0.0,0.0,0.0,0,19309,0.09503385285530419,0,30,RNG seed with any event,independent RNG seeds,percentile bootstrap resampling RNG seeds
test,onset_time,constoffset_onset_5s,victim_pair_post_onset_alert_rate,0,nan,nan,nan,nan,,,nan,,,,independent RNG seeds,percentile bootstrap resampling RNG seeds
test,onset_time,constoffset_onset_5s,victim_id_post_onset_alert_rate,0,nan,nan,nan,nan,,,nan,,,,independent RNG seeds,percentile bootstrap resampling RNG seeds
test,onset_time,constoffset_onset_5s,victim_pair_track_alert_rate,0,nan,nan,nan,nan,,,nan,,,,independent RNG seeds,percentile bootstrap resampling RNG seeds
test,onset_time,constoffset_onset_5s,victim_id_track_alert_rate,0,nan,nan,nan,nan,,,nan,,,,independent RNG seeds,percentile bootstrap resampling RNG seeds
test,onset_time,constoffset_onset_5s,track_stream_tpr,30,0.005418572377248864,0.0039219502581824385,0.006935365511920213,0.004252034447719903,,,nan,,,,independent RNG seeds,percentile bootstrap resampling RNG seeds
test,onset_time,constoffset_onset_5s,track_stream_fpr,30,0.0,0.0,0.0,0.0,,,nan,,,,independent RNG seeds,percentile bootstrap resampling RNG seeds
test,onset_time,constoffset_onset_5s,victim_pair_contested_rate,0,nan,nan,nan,nan,,,nan,,,,independent RNG seeds,percentile bootstrap resampling RNG seeds
test,onset_time,constoffset_onset_5s,victim_id_contested_rate,0,nan,nan,nan,nan,,,nan,,,,independent RNG seeds,percentile bootstrap resampling RNG seeds
test,onset_time,constoffset_onset_5s,malicious_opportunity_reception_rate,30,0.9804618245831985,0.9773803202584185,0.9835947901778666,0.008907000872249155,,,nan,,,,independent RNG seeds,percentile bootstrap resampling RNG seeds
test,onset_time,constoffset_onset_5s,stream_peak_auc,30,0.6166177592433666,0.6101093515721298,0.6241728124364296,0.01981135436501507,,,nan,,,,independent RNG seeds,percentile bootstrap resampling RNG seeds
test,onset_time,constoffset_onset_5s,owner_peak_auc,30,0.6166177592433666,0.610255380369458,0.6241302499543646,0.01981135436501507,,,nan,,,,independent RNG seeds,percentile bootstrap resampling RNG seeds
test,onset_time,constoffset_onset_5s,stream_peak_pr_auc,30,0.4708877043497359,0.4619583814139945,0.4795264689426947,0.025093143015653244,,,nan,,,,independent RNG seeds,percentile bootstrap resampling RNG seeds
test,onset_time,constoffset_onset_5s,owner_peak_pr_auc,30,0.4708877043497359,0.462324599932028,0.480468914960954,0.025093143015653244,,,nan,,,,independent RNG seeds,percentile bootstrap resampling RNG seeds
test,onset_time,constoffset_onset_5s,max_clean_score,30,0.05000000000000003,0.05000000000000003,0.05000000000000003,7.94297227258349e-18,,,nan,,,,independent RNG seeds,percentile bootstrap resampling RNG seeds
test,onset_time,constoffset_onset_5s,clean_margin,30,0.44800000000000006,0.44800000000000006,0.44800000000000006,1.1149981994562399e-16,,,nan,,,,independent RNG seeds,percentile bootstrap resampling RNG seeds
test,onset_time,constoffset_onset_5s,peak_identity_keys_per_receiver,30,34.733333333333334,34.121464624203455,35.345202042463214,1.638614497453372,,,nan,,,,independent RNG seeds,Student-t over RNG seeds
test,onset_time,constoffset_onset_5s,peak_live_tracks_per_receiver,30,36.43333333333333,35.701587829510004,37.165078837156656,1.959650449712262,,,nan,,,,independent RNG seeds,Student-t over RNG seeds
test,onset_time,constoffset_onset_5s,estimated_state_payload_bytes_per_receiver,30,62252.13333333333,59476.676638274024,65027.59002839264,7432.809538578371,,,nan,,,,independent RNG seeds,Student-t over RNG seeds
test,onset_time,constoffset_onset_5s,ttd_detected_frac,30,0.2247043120797607,0.2113293261009186,0.2391251062633049,0.03941541888036983,,,nan,,,,independent RNG seeds,percentile bootstrap resampling RNG seeds
test,onset_time,constoffset_onset_5s,latency_ms,30,1.1869720346440178,1.179069886430264,1.1948741828577716,0.021162341578957206,,,nan,,,,independent RNG seeds,Student-t over RNG seeds
test,onset_time,constoffset_onset_5s,pdr,30,0.4709791895070325,0.46389907163081373,0.4782885026464154,0.02019987201524006,,,nan,,,,independent RNG seeds,percentile bootstrap resampling RNG seeds
test,pure_attack,pure_constoffset,stream_tpr,30,0.2530544101450075,0.23728736344499338,0.2718754143168458,0.04872944006402282,,,nan,,,,independent RNG seeds,percentile bootstrap resampling RNG seeds
test,pure_attack,pure_constoffset,stream_fpr,30,0.0,0.0,0.0,0.0,0,18484,0.09503385285530419,0,30,RNG seed with any event,independent RNG seeds,percentile bootstrap resampling RNG seeds
test,pure_attack,pure_constoffset,stream_precision,30,1.0,1.0,1.0,0.0,,,nan,,,,independent RNG seeds,percentile bootstrap resampling RNG seeds
test,pure_attack,pure_constoffset,stream_f1,30,0.40169003388724855,0.38180113070124017,0.4238818997795165,0.058898777620368284,,,nan,,,,independent RNG seeds,percentile bootstrap resampling RNG seeds
test,pure_attack,pure_constoffset,owner_tpr,30,0.2530544101450075,0.23737911302792877,0.2715766626855387,0.04872944006402282,,,nan,,,,independent RNG seeds,percentile bootstrap resampling RNG seeds
test,pure_attack,pure_constoffset,owner_fpr,30,0.0,0.0,0.0,0.0,0,18484,0.09503385285530419,0,30,RNG seed with any event,independent RNG seeds,percentile bootstrap resampling RNG seeds
test,pure_attack,pure_constoffset,owner_f1,30,0.40169003388724855,0.38195656947330947,0.42416650867941846,0.058898777620368284,,,nan,,,,independent RNG seeds,percentile bootstrap resampling RNG seeds
test,pure_attack,pure_constoffset,contested_tpr,30,0.0,0.0,0.0,0.0,,,nan,,,,independent RNG seeds,percentile bootstrap resampling RNG seeds
test,pure_attack,pure_constoffset,contested_fpr,30,0.0,0.0,0.0,0.0,0,18484,0.09503385285530419,0,30,RNG seed with any event,independent RNG seeds,percentile bootstrap resampling RNG seeds
test,pure_attack,pure_constoffset,contested_f1,30,0.0,0.0,0.0,0.0,,,nan,,,,independent RNG seeds,percentile bootstrap resampling RNG seeds
test,pure_attack,pure_constoffset,clean_fpr,30,0.0,0.0,0.0,0.0,0,18484,0.09503385285530419,0,30,RNG seed with any event,independent RNG seeds,percentile bootstrap resampling RNG seeds
test,pure_attack,pure_constoffset,victim_pair_post_onset_alert_rate,0,nan,nan,nan,nan,,,nan,,,,independent RNG seeds,percentile bootstrap resampling RNG seeds
test,pure_attack,pure_constoffset,victim_id_post_onset_alert_rate,0,nan,nan,nan,nan,,,nan,,,,independent RNG seeds,percentile bootstrap resampling RNG seeds
test,pure_attack,pure_constoffset,victim_pair_track_alert_rate,0,nan,nan,nan,nan,,,nan,,,,independent RNG seeds,percentile bootstrap resampling RNG seeds
test,pure_attack,pure_constoffset,victim_id_track_alert_rate,0,nan,nan,nan,nan,,,nan,,,,independent RNG seeds,percentile bootstrap resampling RNG seeds
test,pure_attack,pure_constoffset,track_stream_tpr,30,0.008276864563861947,0.006619629932441438,0.00991883784333248,0.004737928211056916,,,nan,,,,independent RNG seeds,percentile bootstrap resampling RNG seeds
test,pure_attack,pure_constoffset,track_stream_fpr,30,0.0,0.0,0.0,0.0,,,nan,,,,independent RNG seeds,percentile bootstrap resampling RNG seeds
test,pure_attack,pure_constoffset,victim_pair_contested_rate,0,nan,nan,nan,nan,,,nan,,,,independent RNG seeds,percentile bootstrap resampling RNG seeds
test,pure_attack,pure_constoffset,victim_id_contested_rate,0,nan,nan,nan,nan,,,nan,,,,independent RNG seeds,percentile bootstrap resampling RNG seeds
test,pure_attack,pure_constoffset,malicious_opportunity_reception_rate,30,0.9795603220216049,0.9767688638386499,0.9824473932448327,0.007884533278178495,,,nan,,,,independent RNG seeds,percentile bootstrap resampling RNG seeds
test,pure_attack,pure_constoffset,stream_peak_auc,30,0.6339647544854945,0.62602631584979,0.6430066967176353,0.024298647231899693,,,nan,,,,independent RNG seeds,percentile bootstrap resampling RNG seeds
test,pure_attack,pure_constoffset,owner_peak_auc,30,0.6339647544854945,0.6259425461908327,0.6430469135837485,0.024298647231899693,,,nan,,,,independent RNG seeds,percentile bootstrap resampling RNG seeds
test,pure_attack,pure_constoffset,stream_peak_pr_auc,30,0.49516591282263006,0.48514662043899875,0.5065330087065614,0.030894392733402075,,,nan,,,,independent RNG seeds,percentile bootstrap resampling RNG seeds
test,pure_attack,pure_constoffset,owner_peak_pr_auc,30,0.49516591282263006,0.4850213518409597,0.5070433490038293,0.030894392733402075,,,nan,,,,independent RNG seeds,percentile bootstrap resampling RNG seeds
test,pure_attack,pure_constoffset,max_clean_score,30,0.05000000000000003,0.05000000000000003,0.05000000000000003,7.94297227258349e-18,,,nan,,,,independent RNG seeds,percentile bootstrap resampling RNG seeds
test,pure_attack,pure_constoffset,clean_margin,30,0.44800000000000006,0.44800000000000006,0.44800000000000006,1.1149981994562399e-16,,,nan,,,,independent RNG seeds,percentile bootstrap resampling RNG seeds
test,pure_attack,pure_constoffset,peak_identity_keys_per_receiver,30,34.733333333333334,34.121464624203455,35.345202042463214,1.638614497453372,,,nan,,,,independent RNG seeds,Student-t over RNG seeds
test,pure_attack,pure_constoffset,peak_live_tracks_per_receiver,30,36.5,35.74837470820271,37.25162529179729,2.012889499682244,,,nan,,,,independent RNG seeds,Student-t over RNG seeds
test,pure_attack,pure_constoffset,estimated_state_payload_bytes_per_receiver,30,61905.333333333336,59119.18133792769,64691.485328738985,7461.4520789479575,,,nan,,,,independent RNG seeds,Student-t over RNG seeds
test,pure_attack,pure_constoffset,ttd_detected_frac,30,0.2530544101450075,0.23773951904467167,0.2716224843127021,0.04872944006402282,,,nan,,,,independent RNG seeds,percentile bootstrap resampling RNG seeds
test,pure_attack,pure_constoffset,latency_ms,30,1.1869720346440178,1.179069886430264,1.1948741828577716,0.021162341578957206,,,nan,,,,independent RNG seeds,Student-t over RNG seeds
test,pure_attack,pure_constoffset,pdr,30,0.4709791895070325,0.46417331309554377,0.4780709613610697,0.02019987201524006,,,nan,,,,independent RNG seeds,percentile bootstrap resampling RNG seeds
test,pure_attack,pure_dos,stream_tpr,30,0.8722018756213098,0.8661753318894545,0.8782878091372045,0.017368488568606864,,,nan,,,,independent RNG seeds,percentile bootstrap resampling RNG seeds
test,pure_attack,pure_dos,stream_fpr,30,0.0,0.0,0.0,0.0,0,18345,0.09503385285530419,0,30,RNG seed with any event,independent RNG seeds,percentile bootstrap resampling RNG seeds
test,pure_attack,pure_dos,stream_precision,30,1.0,1.0,1.0,0.0,,,nan,,,,independent RNG seeds,percentile bootstrap resampling RNG seeds
test,pure_attack,pure_dos,stream_f1,30,0.9316504774079776,0.9281893597348457,0.935319859656867,0.009886450665342217,,,nan,,,,independent RNG seeds,percentile bootstrap resampling RNG seeds
test,pure_attack,pure_dos,owner_tpr,30,0.8722018756213098,0.8663382972663529,0.878340561144604,0.017368488568606864,,,nan,,,,independent RNG seeds,percentile bootstrap resampling RNG seeds
test,pure_attack,pure_dos,owner_fpr,30,0.0,0.0,0.0,0.0,0,18345,0.09503385285530419,0,30,RNG seed with any event,independent RNG seeds,percentile bootstrap resampling RNG seeds
test,pure_attack,pure_dos,owner_f1,30,0.9316504774079776,0.928330988999889,0.9351391685212539,0.009886450665342217,,,nan,,,,independent RNG seeds,percentile bootstrap resampling RNG seeds
test,pure_attack,pure_dos,contested_tpr,30,0.0,0.0,0.0,0.0,,,nan,,,,independent RNG seeds,percentile bootstrap resampling RNG seeds
test,pure_attack,pure_dos,contested_fpr,30,0.0,0.0,0.0,0.0,0,18345,0.09503385285530419,0,30,RNG seed with any event,independent RNG seeds,percentile bootstrap resampling RNG seeds
test,pure_attack,pure_dos,contested_f1,30,0.0,0.0,0.0,0.0,,,nan,,,,independent RNG seeds,percentile bootstrap resampling RNG seeds
test,pure_attack,pure_dos,clean_fpr,30,0.0,0.0,0.0,0.0,0,18345,0.09503385285530419,0,30,RNG seed with any event,independent RNG seeds,percentile bootstrap resampling RNG seeds
test,pure_attack,pure_dos,victim_pair_post_onset_alert_rate,0,nan,nan,nan,nan,,,nan,,,,independent RNG seeds,percentile bootstrap resampling RNG seeds
test,pure_attack,pure_dos,victim_id_post_onset_alert_rate,0,nan,nan,nan,nan,,,nan,,,,independent RNG seeds,percentile bootstrap resampling RNG seeds
test,pure_attack,pure_dos,victim_pair_track_alert_rate,0,nan,nan,nan,nan,,,nan,,,,independent RNG seeds,percentile bootstrap resampling RNG seeds
test,pure_attack,pure_dos,victim_id_track_alert_rate,0,nan,nan,nan,nan,,,nan,,,,independent RNG seeds,percentile bootstrap resampling RNG seeds
test,pure_attack,pure_dos,track_stream_tpr,30,0.8698610029560184,0.8635647008086903,0.8762827158121068,0.01819836135857757,,,nan,,,,independent RNG seeds,percentile bootstrap resampling RNG seeds
test,pure_attack,pure_dos,track_stream_fpr,30,0.0,0.0,0.0,0.0,,,nan,,,,independent RNG seeds,percentile bootstrap resampling RNG seeds
test,pure_attack,pure_dos,victim_pair_contested_rate,0,nan,nan,nan,nan,,,nan,,,,independent RNG seeds,percentile bootstrap resampling RNG seeds
test,pure_attack,pure_dos,victim_id_contested_rate,0,nan,nan,nan,nan,,,nan,,,,independent RNG seeds,percentile bootstrap resampling RNG seeds
test,pure_attack,pure_dos,malicious_opportunity_reception_rate,30,0.9946402026697991,0.9927863056954245,0.9963899034578994,0.005171717497058257,,,nan,,,,independent RNG seeds,percentile bootstrap resampling RNG seeds
test,pure_attack,pure_dos,stream_peak_auc,30,0.9373201202044777,0.9343195964307521,0.9403400471969794,0.008571326377263405,,,nan,,,,independent RNG seeds,percentile bootstrap resampling RNG seeds
test,pure_attack,pure_dos,owner_peak_auc,30,0.9373201202044777,0.9343128967490982,0.9402934330505643,0.008571326377263405,,,nan,,,,independent RNG seeds,percentile bootstrap resampling RNG seeds
test,pure_attack,pure_dos,stream_peak_pr_auc,30,0.9147954367009842,0.9103776979102285,0.9191727692951329,0.012455245215030764,,,nan,,,,independent RNG seeds,percentile bootstrap resampling RNG seeds
test,pure_attack,pure_dos,owner_peak_pr_auc,30,0.9147954367009842,0.9104521134328344,0.9192716802751318,0.012455245215030764,,,nan,,,,independent RNG seeds,percentile bootstrap resampling RNG seeds
test,pure_attack,pure_dos,max_clean_score,30,0.05000000000000003,0.05000000000000003,0.05000000000000003,7.057516067604627e-18,,,nan,,,,independent RNG seeds,percentile bootstrap resampling RNG seeds
test,pure_attack,pure_dos,clean_margin,30,0.44800000000000006,0.44800000000000006,0.44800000000000006,1.1292025708167404e-16,,,nan,,,,independent RNG seeds,percentile bootstrap resampling RNG seeds
test,pure_attack,pure_dos,peak_identity_keys_per_receiver,30,34.6,33.99869976656217,35.201300233437834,1.610311599745795,,,nan,,,,independent RNG seeds,Student-t over RNG seeds
test,pure_attack,pure_dos,peak_live_tracks_per_receiver,30,44.166666666666664,43.19055893168784,45.14277440164549,2.614064523559687,,,nan,,,,independent RNG seeds,Student-t over RNG seeds
test,pure_attack,pure_dos,estimated_state_payload_bytes_per_receiver,30,125381.33333333333,120787.294718161,129975.37194850565,12303.061366526046,,,nan,,,,independent RNG seeds,Student-t over RNG seeds
test,pure_attack,pure_dos,ttd_detected_frac,30,0.8722018756213098,0.8663010917864369,0.878328299626779,0.017368488568606864,,,nan,,,,independent RNG seeds,percentile bootstrap resampling RNG seeds
test,pure_attack,pure_dos,latency_ms,30,1.3190000505140345,1.3035959687387493,1.3344041322893196,0.04125288863494013,,,nan,,,,independent RNG seeds,Student-t over RNG seeds
test,pure_attack,pure_dos,pdr,30,0.4464590952995715,0.4391015132792364,0.45399315234122667,0.020498047340186287,,,nan,,,,independent RNG seeds,percentile bootstrap resampling RNG seeds
test,pure_attack,pure_falsify,stream_tpr,30,0.979160423577243,0.9762106888258747,0.9820386369120742,0.008329829139870614,,,nan,,,,independent RNG seeds,percentile bootstrap resampling RNG seeds
test,pure_attack,pure_falsify,stream_fpr,30,0.0,0.0,0.0,0.0,0,18484,0.09503385285530419,0,30,RNG seed with any event,independent RNG seeds,percentile bootstrap resampling RNG seeds
test,pure_attack,pure_falsify,stream_precision,30,1.0,1.0,1.0,0.0,,,nan,,,,independent RNG seeds,percentile bootstrap resampling RNG seeds
test,pure_attack,pure_falsify,stream_f1,30,0.9894531721376462,0.9879530496899106,0.9909104189125691,0.004258263334377562,,,nan,,,,independent RNG seeds,percentile bootstrap resampling RNG seeds
test,pure_attack,pure_falsify,owner_tpr,30,0.979160423577243,0.9761543196605824,0.9820383060255521,0.008329829139870614,,,nan,,,,independent RNG seeds,percentile bootstrap resampling RNG seeds
test,pure_attack,pure_falsify,owner_fpr,30,0.0,0.0,0.0,0.0,0,18484,0.09503385285530419,0,30,RNG seed with any event,independent RNG seeds,percentile bootstrap resampling RNG seeds
test,pure_attack,pure_falsify,owner_f1,30,0.9894531721376462,0.9879506837841552,0.9909080926775661,0.004258263334377562,,,nan,,,,independent RNG seeds,percentile bootstrap resampling RNG seeds
test,pure_attack,pure_falsify,contested_tpr,30,0.0,0.0,0.0,0.0,,,nan,,,,independent RNG seeds,percentile bootstrap resampling RNG seeds
test,pure_attack,pure_falsify,contested_fpr,30,0.0,0.0,0.0,0.0,0,18484,0.09503385285530419,0,30,RNG seed with any event,independent RNG seeds,percentile bootstrap resampling RNG seeds
test,pure_attack,pure_falsify,contested_f1,30,0.0,0.0,0.0,0.0,,,nan,,,,independent RNG seeds,percentile bootstrap resampling RNG seeds
test,pure_attack,pure_falsify,clean_fpr,30,0.0,0.0,0.0,0.0,0,18484,0.09503385285530419,0,30,RNG seed with any event,independent RNG seeds,percentile bootstrap resampling RNG seeds
test,pure_attack,pure_falsify,victim_pair_post_onset_alert_rate,0,nan,nan,nan,nan,,,nan,,,,independent RNG seeds,percentile bootstrap resampling RNG seeds
test,pure_attack,pure_falsify,victim_id_post_onset_alert_rate,0,nan,nan,nan,nan,,,nan,,,,independent RNG seeds,percentile bootstrap resampling RNG seeds
test,pure_attack,pure_falsify,victim_pair_track_alert_rate,0,nan,nan,nan,nan,,,nan,,,,independent RNG seeds,percentile bootstrap resampling RNG seeds
test,pure_attack,pure_falsify,victim_id_track_alert_rate,0,nan,nan,nan,nan,,,nan,,,,independent RNG seeds,percentile bootstrap resampling RNG seeds
test,pure_attack,pure_falsify,track_stream_tpr,30,0.9151099533621212,0.9097668928685251,0.9204956819886726,0.015211730005154663,,,nan,,,,independent RNG seeds,percentile bootstrap resampling RNG seeds
test,pure_attack,pure_falsify,track_stream_fpr,30,0.0,0.0,0.0,0.0,,,nan,,,,independent RNG seeds,percentile bootstrap resampling RNG seeds
test,pure_attack,pure_falsify,victim_pair_contested_rate,0,nan,nan,nan,nan,,,nan,,,,independent RNG seeds,percentile bootstrap resampling RNG seeds
test,pure_attack,pure_falsify,victim_id_contested_rate,0,nan,nan,nan,nan,,,nan,,,,independent RNG seeds,percentile bootstrap resampling RNG seeds
test,pure_attack,pure_falsify,malicious_opportunity_reception_rate,30,0.9795603220216049,0.9768271403407445,0.9823896855781934,0.007884533278178495,,,nan,,,,independent RNG seeds,percentile bootstrap resampling RNG seeds
test,pure_attack,pure_falsify,stream_peak_auc,30,0.9906024711564396,0.9891193971460954,0.9920479072480115,0.004194604118878397,,,nan,,,,independent RNG seeds,percentile bootstrap resampling RNG seeds
test,pure_attack,pure_falsify,owner_peak_auc,30,0.9906024711564396,0.989110914143498,0.9920505858892533,0.004194604118878397,,,nan,,,,independent RNG seeds,percentile bootstrap resampling RNG seeds
test,pure_attack,pure_falsify,stream_peak_pr_auc,30,0.9870601874889061,0.9849884037363258,0.9889501963026384,0.005736169836743129,,,nan,,,,independent RNG seeds,percentile bootstrap resampling RNG seeds
test,pure_attack,pure_falsify,owner_peak_pr_auc,30,0.9870601874889061,0.9849874182847635,0.9890446171373584,0.005736169836743129,,,nan,,,,independent RNG seeds,percentile bootstrap resampling RNG seeds
test,pure_attack,pure_falsify,max_clean_score,30,0.05000000000000003,0.05000000000000003,0.05000000000000003,7.94297227258349e-18,,,nan,,,,independent RNG seeds,percentile bootstrap resampling RNG seeds
test,pure_attack,pure_falsify,clean_margin,30,0.44800000000000006,0.44800000000000006,0.44800000000000006,1.1149981994562399e-16,,,nan,,,,independent RNG seeds,percentile bootstrap resampling RNG seeds
test,pure_attack,pure_falsify,peak_identity_keys_per_receiver,30,34.733333333333334,34.121464624203455,35.345202042463214,1.638614497453372,,,nan,,,,independent RNG seeds,Student-t over RNG seeds
test,pure_attack,pure_falsify,peak_live_tracks_per_receiver,30,65.56666666666666,64.09678328738467,67.03655004594866,3.936419985068994,,,nan,,,,independent RNG seeds,Student-t over RNG seeds
test,pure_attack,pure_falsify,estimated_state_payload_bytes_per_receiver,30,60946.8,58267.135499075244,63626.46450092476,7176.273331203177,,,nan,,,,independent RNG seeds,Student-t over RNG seeds
test,pure_attack,pure_falsify,ttd_detected_frac,30,0.979160423577243,0.9761295867281399,0.9820257917811701,0.008329829139870614,,,nan,,,,independent RNG seeds,percentile bootstrap resampling RNG seeds
test,pure_attack,pure_falsify,latency_ms,30,1.1869720346440178,1.179069886430264,1.1948741828577716,0.021162341578957206,,,nan,,,,independent RNG seeds,Student-t over RNG seeds
test,pure_attack,pure_falsify,pdr,30,0.4709791895070325,0.46394252617698556,0.4782557470798954,0.02019987201524006,,,nan,,,,independent RNG seeds,percentile bootstrap resampling RNG seeds
test,pure_attack,pure_replay,stream_tpr,30,0.9339474495013796,0.9301135547514361,0.9378076583335373,0.010898701725718746,,,nan,,,,independent RNG seeds,percentile bootstrap resampling RNG seeds
test,pure_attack,pure_replay,stream_fpr,30,0.0,0.0,0.0,0.0,0,4623,0.09503385285530419,0,30,RNG seed with any event,independent RNG seeds,percentile bootstrap resampling RNG seeds
test,pure_attack,pure_replay,stream_precision,30,1.0,1.0,1.0,0.0,,,nan,,,,independent RNG seeds,percentile bootstrap resampling RNG seeds
test,pure_attack,pure_replay,stream_f1,30,0.9658140103927313,0.9637474156750424,0.9678783924253596,0.005823988711402905,,,nan,,,,independent RNG seeds,percentile bootstrap resampling RNG seeds
test,pure_attack,pure_replay,owner_tpr,30,0.8765917903029332,0.8671413027888248,0.8857593195405488,0.026882231218851377,,,nan,,,,independent RNG seeds,percentile bootstrap resampling RNG seeds
test,pure_attack,pure_replay,owner_fpr,30,0.7797111250370408,0.7652434893948408,0.7937420535545476,0.040660917720163836,19883,25475,nan,30,30,RNG seed with any event,independent RNG seeds,percentile bootstrap resampling RNG seeds
test,pure_attack,pure_replay,owner_f1,30,0.37342114046399927,0.3557813359163404,0.3924821917391616,0.052232121685721916,,,nan,,,,independent RNG seeds,percentile bootstrap resampling RNG seeds
test,pure_attack,pure_replay,contested_tpr,30,0.8262163900541635,0.8176964629570874,0.8348568360378547,0.024055827614593874,,,nan,,,,independent RNG seeds,percentile bootstrap resampling RNG seeds
test,pure_attack,pure_replay,contested_fpr,30,0.0,0.0,0.0,0.0,0,4623,0.09503385285530419,0,30,RNG seed with any event,independent RNG seeds,percentile bootstrap resampling RNG seeds
test,pure_attack,pure_replay,contested_f1,30,0.9046557281543662,0.8995296790895734,0.9097040035781676,0.014435788046949997,,,nan,,,,independent RNG seeds,percentile bootstrap resampling RNG seeds
test,pure_attack,pure_replay,clean_fpr,30,0.0,0.0,0.0,0.0,0,4588,0.09503385285530419,0,30,RNG seed with any event,independent RNG seeds,percentile bootstrap resampling RNG seeds
test,pure_attack,pure_replay,victim_pair_post_onset_alert_rate,30,0.951771110396943,0.9479188827402254,0.9556061134670302,0.01081908196850097,,,nan,,,,independent RNG seeds,percentile bootstrap resampling RNG seeds
test,pure_attack,pure_replay,victim_id_post_onset_alert_rate,30,0.9960731792717087,0.9921463585434174,0.9990476190476191,0.010190715573965668,,,nan,,,,independent RNG seeds,percentile bootstrap resampling RNG seeds
test,pure_attack,pure_replay,victim_pair_track_alert_rate,30,0.3787959857138223,0.3620152142300502,0.39544892227421946,0.04852807296063918,,,nan,,,,independent RNG seeds,percentile bootstrap resampling RNG seeds
test,pure_attack,pure_replay,victim_id_track_alert_rate,30,0.8604376408432386,0.8303961483909302,0.8896748803260308,0.08418618426125739,,,nan,,,,independent RNG seeds,percentile bootstrap resampling RNG seeds
test,pure_attack,pure_replay,track_stream_tpr,30,0.8700919364922082,0.8631480960464762,0.8765306130035976,0.018945810253872628,,,nan,,,,independent RNG seeds,percentile bootstrap resampling RNG seeds
test,pure_attack,pure_replay,track_stream_fpr,30,0.0,0.0,0.0,0.0,,,nan,,,,independent RNG seeds,percentile bootstrap resampling RNG seeds
test,pure_attack,pure_replay,victim_pair_contested_rate,30,0.88771510802495,0.8808018992950122,0.894679270198145,0.01931452630588896,,,nan,,,,independent RNG seeds,percentile bootstrap resampling RNG seeds
test,pure_attack,pure_replay,victim_id_contested_rate,30,0.9970535714285714,0.9932440476190476,1.0,0.008999563823584914,,,nan,,,,independent RNG seeds,percentile bootstrap resampling RNG seeds
test,pure_attack,pure_replay,malicious_opportunity_reception_rate,30,0.8955394423111638,0.8899188476223411,0.9010468456904885,0.01571424886869974,,,nan,,,,independent RNG seeds,percentile bootstrap resampling RNG seeds
test,pure_attack,pure_replay,stream_peak_auc,30,0.9999448394910516,0.9998837073723016,1.0,0.00016876130452359264,,,nan,,,,independent RNG seeds,percentile bootstrap resampling RNG seeds
test,pure_attack,pure_replay,owner_peak_auc,30,0.5185140365720121,0.5045926699060007,0.5331311943696737,0.040550176519569166,,,nan,,,,independent RNG seeds,percentile bootstrap resampling RNG seeds
test,pure_attack,pure_replay,stream_peak_pr_auc,30,0.9999850582718417,0.9999663453220857,1.0,4.6006032012816334e-05,,,nan,,,,independent RNG seeds,percentile bootstrap resampling RNG seeds
test,pure_attack,pure_replay,owner_peak_pr_auc,30,0.22186414348403818,0.20626028969390478,0.23861146321322638,0.04511949890214228,,,nan,,,,independent RNG seeds,percentile bootstrap resampling RNG seeds
test,pure_attack,pure_replay,max_clean_score,30,0.050000000000000024,0.05000000000000002,0.05000000000000003,8.927130158746201e-18,,,nan,,,,independent RNG seeds,percentile bootstrap resampling RNG seeds
test,pure_attack,pure_replay,clean_margin,30,0.44800000000000006,0.44800000000000006,0.44800000000000006,9.447586528618803e-17,,,nan,,,,independent RNG seeds,percentile bootstrap resampling RNG seeds
test,pure_attack,pure_replay,peak_identity_keys_per_receiver,30,40.6,39.81796532871624,41.38203467128376,2.094327313614499,,,nan,,,,independent RNG seeds,Student-t over RNG seeds
test,pure_attack,pure_replay,peak_live_tracks_per_receiver,30,94.76666666666667,92.22522739805005,97.30810593528328,6.806099360554996,,,nan,,,,independent RNG seeds,Student-t over RNG seeds
test,pure_attack,pure_replay,estimated_state_payload_bytes_per_receiver,30,59427.46666666667,57233.52998570325,61621.40334763008,5875.470339108787,,,nan,,,,independent RNG seeds,Student-t over RNG seeds
test,pure_attack,pure_replay,ttd_detected_frac,30,0.9339474495013796,0.9301964950953544,0.9378521309451654,0.010898701725718746,,,nan,,,,independent RNG seeds,percentile bootstrap resampling RNG seeds
test,pure_attack,pure_replay,latency_ms,30,1.1869720346440178,1.179069886430264,1.1948741828577716,0.021162341578957206,,,nan,,,,independent RNG seeds,Student-t over RNG seeds
test,pure_attack,pure_replay,pdr,30,0.4709791895070325,0.46386951470750787,0.47822490832754816,0.02019987201524006,,,nan,,,,independent RNG seeds,percentile bootstrap resampling RNG seeds
test,pure_attack,pure_revheading,stream_tpr,30,0.9608570197144342,0.9571747573098099,0.9643508185002747,0.009973847862675288,,,nan,,,,independent RNG seeds,percentile bootstrap resampling RNG seeds
test,pure_attack,pure_revheading,stream_fpr,30,0.0,0.0,0.0,0.0,0,18484,0.09503385285530419,0,30,RNG seed with any event,independent RNG seeds,percentile bootstrap resampling RNG seeds
test,pure_attack,pure_revheading,stream_precision,30,1.0,1.0,1.0,0.0,,,nan,,,,independent RNG seeds,percentile bootstrap resampling RNG seeds
test,pure_attack,pure_revheading,stream_f1,30,0.9800122515264943,0.9781525562961171,0.9817813145924021,0.0052002649363194,,,nan,,,,independent RNG seeds,percentile bootstrap resampling RNG seeds
test,pure_attack,pure_revheading,owner_tpr,30,0.9608570197144342,0.9571860395266354,0.9642381457045616,0.009973847862675288,,,nan,,,,independent RNG seeds,percentile bootstrap resampling RNG seeds
test,pure_attack,pure_revheading,owner_fpr,30,0.0,0.0,0.0,0.0,0,18484,0.09503385285530419,0,30,RNG seed with any event,independent RNG seeds,percentile bootstrap resampling RNG seeds
test,pure_attack,pure_revheading,owner_f1,30,0.9800122515264943,0.9781569907966865,0.9818022376590417,0.0052002649363194,,,nan,,,,independent RNG seeds,percentile bootstrap resampling RNG seeds
test,pure_attack,pure_revheading,contested_tpr,30,0.0,0.0,0.0,0.0,,,nan,,,,independent RNG seeds,percentile bootstrap resampling RNG seeds
test,pure_attack,pure_revheading,contested_fpr,30,0.0,0.0,0.0,0.0,0,18484,0.09503385285530419,0,30,RNG seed with any event,independent RNG seeds,percentile bootstrap resampling RNG seeds
test,pure_attack,pure_revheading,contested_f1,30,0.0,0.0,0.0,0.0,,,nan,,,,independent RNG seeds,percentile bootstrap resampling RNG seeds
test,pure_attack,pure_revheading,clean_fpr,30,0.0,0.0,0.0,0.0,0,18484,0.09503385285530419,0,30,RNG seed with any event,independent RNG seeds,percentile bootstrap resampling RNG seeds
test,pure_attack,pure_revheading,victim_pair_post_onset_alert_rate,0,nan,nan,nan,nan,,,nan,,,,independent RNG seeds,percentile bootstrap resampling RNG seeds
test,pure_attack,pure_revheading,victim_id_post_onset_alert_rate,0,nan,nan,nan,nan,,,nan,,,,independent RNG seeds,percentile bootstrap resampling RNG seeds
test,pure_attack,pure_revheading,victim_pair_track_alert_rate,0,nan,nan,nan,nan,,,nan,,,,independent RNG seeds,percentile bootstrap resampling RNG seeds
test,pure_attack,pure_revheading,victim_id_track_alert_rate,0,nan,nan,nan,nan,,,nan,,,,independent RNG seeds,percentile bootstrap resampling RNG seeds
test,pure_attack,pure_revheading,track_stream_tpr,30,0.956179151872573,0.9523963629179145,0.9597952178763374,0.010729103413320017,,,nan,,,,independent RNG seeds,percentile bootstrap resampling RNG seeds
test,pure_attack,pure_revheading,track_stream_fpr,30,0.0,0.0,0.0,0.0,,,nan,,,,independent RNG seeds,percentile bootstrap resampling RNG seeds
test,pure_attack,pure_revheading,victim_pair_contested_rate,0,nan,nan,nan,nan,,,nan,,,,independent RNG seeds,percentile bootstrap resampling RNG seeds
test,pure_attack,pure_revheading,victim_id_contested_rate,0,nan,nan,nan,nan,,,nan,,,,independent RNG seeds,percentile bootstrap resampling RNG seeds
test,pure_attack,pure_revheading,malicious_opportunity_reception_rate,30,0.9795603220216049,0.9768120461111502,0.9823449048661879,0.007884533278178495,,,nan,,,,independent RNG seeds,percentile bootstrap resampling RNG seeds
test,pure_attack,pure_revheading,stream_peak_auc,30,0.9915830660682253,0.9901401469475434,0.9928890490417562,0.003995486896369283,,,nan,,,,independent RNG seeds,percentile bootstrap resampling RNG seeds
test,pure_attack,pure_revheading,owner_peak_auc,30,0.9915830660682253,0.9901255525032857,0.9929561852854369,0.003995486896369283,,,nan,,,,independent RNG seeds,percentile bootstrap resampling RNG seeds
test,pure_attack,pure_revheading,stream_peak_pr_auc,30,0.9884167009004658,0.986458243842965,0.9903009567839113,0.0054666499298847504,,,nan,,,,independent RNG seeds,percentile bootstrap resampling RNG seeds
test,pure_attack,pure_revheading,owner_peak_pr_auc,30,0.9884167009004658,0.9865180761418475,0.9902639550258723,0.0054666499298847504,,,nan,,,,independent RNG seeds,percentile bootstrap resampling RNG seeds
test,pure_attack,pure_revheading,max_clean_score,30,0.05000000000000003,0.05000000000000003,0.05000000000000003,7.94297227258349e-18,,,nan,,,,independent RNG seeds,percentile bootstrap resampling RNG seeds
test,pure_attack,pure_revheading,clean_margin,30,0.44800000000000006,0.44800000000000006,0.44800000000000006,1.1149981994562399e-16,,,nan,,,,independent RNG seeds,percentile bootstrap resampling RNG seeds
test,pure_attack,pure_revheading,peak_identity_keys_per_receiver,30,34.733333333333334,34.121464624203455,35.345202042463214,1.638614497453372,,,nan,,,,independent RNG seeds,Student-t over RNG seeds
test,pure_attack,pure_revheading,peak_live_tracks_per_receiver,30,37.56666666666667,36.6913177539448,38.44201557938854,2.344227441791981,,,nan,,,,independent RNG seeds,Student-t over RNG seeds
test,pure_attack,pure_revheading,estimated_state_payload_bytes_per_receiver,30,62226.53333333333,59493.840505941014,64959.22616072565,7318.285797650427,,,nan,,,,independent RNG seeds,Student-t over RNG seeds
test,pure_attack,pure_revheading,ttd_detected_frac,30,0.9608570197144342,0.9572652605832758,0.9643525900627099,0.009973847862675288,,,nan,,,,independent RNG seeds,percentile bootstrap resampling RNG seeds
test,pure_attack,pure_revheading,latency_ms,30,1.1869720346440178,1.179069886430264,1.1948741828577716,0.021162341578957206,,,nan,,,,independent RNG seeds,Student-t over RNG seeds
test,pure_attack,pure_revheading,pdr,30,0.4709791895070325,0.463834445314257,0.478173853864381,0.02019987201524006,,,nan,,,,independent RNG seeds,percentile bootstrap resampling RNG seeds
test,pure_attack,pure_slydos,stream_tpr,30,0.0,0.0,0.0,0.0,,,nan,,,,independent RNG seeds,percentile bootstrap resampling RNG seeds
test,pure_attack,pure_slydos,stream_fpr,30,0.0,0.0,0.0,0.0,0,18451,0.09503385285530419,0,30,RNG seed with any event,independent RNG seeds,percentile bootstrap resampling RNG seeds
test,pure_attack,pure_slydos,stream_precision,0,nan,nan,nan,nan,,,nan,,,,independent RNG seeds,percentile bootstrap resampling RNG seeds
test,pure_attack,pure_slydos,stream_f1,30,0.0,0.0,0.0,0.0,,,nan,,,,independent RNG seeds,percentile bootstrap resampling RNG seeds
test,pure_attack,pure_slydos,owner_tpr,30,0.0,0.0,0.0,0.0,,,nan,,,,independent RNG seeds,percentile bootstrap resampling RNG seeds
test,pure_attack,pure_slydos,owner_fpr,30,0.0,0.0,0.0,0.0,0,18451,0.09503385285530419,0,30,RNG seed with any event,independent RNG seeds,percentile bootstrap resampling RNG seeds
test,pure_attack,pure_slydos,owner_f1,30,0.0,0.0,0.0,0.0,,,nan,,,,independent RNG seeds,percentile bootstrap resampling RNG seeds
test,pure_attack,pure_slydos,contested_tpr,30,0.0,0.0,0.0,0.0,,,nan,,,,independent RNG seeds,percentile bootstrap resampling RNG seeds
test,pure_attack,pure_slydos,contested_fpr,30,0.0,0.0,0.0,0.0,0,18451,0.09503385285530419,0,30,RNG seed with any event,independent RNG seeds,percentile bootstrap resampling RNG seeds
test,pure_attack,pure_slydos,contested_f1,30,0.0,0.0,0.0,0.0,,,nan,,,,independent RNG seeds,percentile bootstrap resampling RNG seeds
test,pure_attack,pure_slydos,clean_fpr,30,0.0,0.0,0.0,0.0,0,18451,0.09503385285530419,0,30,RNG seed with any event,independent RNG seeds,percentile bootstrap resampling RNG seeds
test,pure_attack,pure_slydos,victim_pair_post_onset_alert_rate,0,nan,nan,nan,nan,,,nan,,,,independent RNG seeds,percentile bootstrap resampling RNG seeds
test,pure_attack,pure_slydos,victim_id_post_onset_alert_rate,0,nan,nan,nan,nan,,,nan,,,,independent RNG seeds,percentile bootstrap resampling RNG seeds
test,pure_attack,pure_slydos,victim_pair_track_alert_rate,0,nan,nan,nan,nan,,,nan,,,,independent RNG seeds,percentile bootstrap resampling RNG seeds
test,pure_attack,pure_slydos,victim_id_track_alert_rate,0,nan,nan,nan,nan,,,nan,,,,independent RNG seeds,percentile bootstrap resampling RNG seeds
test,pure_attack,pure_slydos,track_stream_tpr,30,0.0,0.0,0.0,0.0,,,nan,,,,independent RNG seeds,percentile bootstrap resampling RNG seeds
test,pure_attack,pure_slydos,track_stream_fpr,30,0.0,0.0,0.0,0.0,,,nan,,,,independent RNG seeds,percentile bootstrap resampling RNG seeds
test,pure_attack,pure_slydos,victim_pair_contested_rate,0,nan,nan,nan,nan,,,nan,,,,independent RNG seeds,percentile bootstrap resampling RNG seeds
test,pure_attack,pure_slydos,victim_id_contested_rate,0,nan,nan,nan,nan,,,nan,,,,independent RNG seeds,percentile bootstrap resampling RNG seeds
test,pure_attack,pure_slydos,malicious_opportunity_reception_rate,30,0.9844170833595849,0.9817113954320373,0.9870389303760846,0.007515707098522368,,,nan,,,,independent RNG seeds,percentile bootstrap resampling RNG seeds
test,pure_attack,pure_slydos,stream_peak_auc,30,0.4997105850503729,0.49882144862081235,0.5006358997799709,0.002541253896232883,,,nan,,,,independent RNG seeds,percentile bootstrap resampling RNG seeds
test,pure_attack,pure_slydos,owner_peak_auc,30,0.4997105850503729,0.4987994418082417,0.5005900825734366,0.002541253896232883,,,nan,,,,independent RNG seeds,percentile bootstrap resampling RNG seeds
test,pure_attack,pure_slydos,stream_peak_pr_auc,30,0.30988484655163634,0.3051786568708026,0.31456883655796736,0.013224812365218785,,,nan,,,,independent RNG seeds,percentile bootstrap resampling RNG seeds
test,pure_attack,pure_slydos,owner_peak_pr_auc,30,0.30988484655163634,0.3053822296287461,0.31465314442376896,0.013224812365218785,,,nan,,,,independent RNG seeds,percentile bootstrap resampling RNG seeds
test,pure_attack,pure_slydos,max_clean_score,30,0.05000000000000003,0.05000000000000003,0.05000000000000003,8.739169525851e-18,,,nan,,,,independent RNG seeds,percentile bootstrap resampling RNG seeds
test,pure_attack,pure_slydos,clean_margin,30,0.44800000000000006,0.44800000000000006,0.44800000000000006,1.1006105231380347e-16,,,nan,,,,independent RNG seeds,percentile bootstrap resampling RNG seeds
test,pure_attack,pure_slydos,peak_identity_keys_per_receiver,30,34.666666666666664,34.03622099820979,35.297112335123536,1.6883645082279117,,,nan,,,,independent RNG seeds,Student-t over RNG seeds
test,pure_attack,pure_slydos,peak_live_tracks_per_receiver,30,35.03333333333333,34.38669884455715,35.67996782210951,1.7317189652806384,,,nan,,,,independent RNG seeds,Student-t over RNG seeds
test,pure_attack,pure_slydos,estimated_state_payload_bytes_per_receiver,30,68656.0,65791.80860791201,71520.19139208799,7670.445421585192,,,nan,,,,independent RNG seeds,Student-t over RNG seeds
test,pure_attack,pure_slydos,ttd_detected_frac,30,0.0,0.0,0.0,0.0,,,nan,,,,independent RNG seeds,percentile bootstrap resampling RNG seeds
test,pure_attack,pure_slydos,latency_ms,30,1.1925237091665886,1.1850075993977487,1.2000398189354284,0.02012851163640359,,,nan,,,,independent RNG seeds,Student-t over RNG seeds
test,pure_attack,pure_slydos,pdr,30,0.4695484158258868,0.46232726079743003,0.47694203588497486,0.020916372273539638,,,nan,,,,independent RNG seeds,percentile bootstrap resampling RNG seeds
test,pure_attack,pure_spoof,stream_tpr,30,0.5226963283298772,0.49497687916674205,0.5528878589966854,0.08136615489727085,,,nan,,,,independent RNG seeds,percentile bootstrap resampling RNG seeds
test,pure_attack,pure_spoof,stream_fpr,30,0.0,0.0,0.0,0.0,0,14768,0.09503385285530419,0,30,RNG seed with any event,independent RNG seeds,percentile bootstrap resampling RNG seeds
test,pure_attack,pure_spoof,stream_precision,30,1.0,1.0,1.0,0.0,,,nan,,,,independent RNG seeds,percentile bootstrap resampling RNG seeds
test,pure_attack,pure_spoof,stream_f1,30,0.6830172668352438,0.6592266761406446,0.707299487608892,0.06834682430009043,,,nan,,,,independent RNG seeds,percentile bootstrap resampling RNG seeds
test,pure_attack,pure_spoof,owner_tpr,2,0.0,0.0,0.0,0.0,,,nan,,,,independent RNG seeds,percentile bootstrap resampling RNG seeds
test,pure_attack,pure_spoof,owner_fpr,30,0.17443734411763062,0.1641866765992443,0.18524110905708563,0.02995479366016432,3862,22160,nan,30,30,RNG seed with any event,independent RNG seeds,percentile bootstrap resampling RNG seeds
test,pure_attack,pure_spoof,owner_f1,30,0.0,0.0,0.0,0.0,,,nan,,,,independent RNG seeds,percentile bootstrap resampling RNG seeds
test,pure_attack,pure_spoof,contested_tpr,30,0.5493485247451091,0.5219728614352611,0.5791609324816226,0.08016756975013806,,,nan,,,,independent RNG seeds,percentile bootstrap resampling RNG seeds
test,pure_attack,pure_spoof,contested_fpr,30,0.0,0.0,0.0,0.0,0,14768,0.09503385285530419,0,30,RNG seed with any event,independent RNG seeds,percentile bootstrap resampling RNG seeds
test,pure_attack,pure_spoof,contested_f1,30,0.7058929236413293,0.6839908771189364,0.7295653142644897,0.06493194525782459,,,nan,,,,independent RNG seeds,percentile bootstrap resampling RNG seeds
test,pure_attack,pure_spoof,clean_fpr,30,0.0,0.0,0.0,0.0,0,14761,0.09503385285530419,0,30,RNG seed with any event,independent RNG seeds,percentile bootstrap resampling RNG seeds
test,pure_attack,pure_spoof,victim_pair_post_onset_alert_rate,30,0.5226963283298772,0.4948179833001089,0.5530070583908309,0.08136615489727085,,,nan,,,,independent RNG seeds,percentile bootstrap resampling RNG seeds
test,pure_attack,pure_spoof,victim_id_post_onset_alert_rate,30,0.9480602730602731,0.9184931041181039,0.9732617382617382,0.07694912109733597,,,nan,,,,independent RNG seeds,percentile bootstrap resampling RNG seeds
test,pure_attack,pure_spoof,victim_pair_track_alert_rate,30,0.03652871828388853,0.02941292909301344,0.04374483669333993,0.020177349824855244,,,nan,,,,independent RNG seeds,percentile bootstrap resampling RNG seeds
test,pure_attack,pure_spoof,victim_id_track_alert_rate,30,0.31953601953601957,0.27177755577755575,0.3670491869241869,0.13472661230421049,,,nan,,,,independent RNG seeds,percentile bootstrap resampling RNG seeds
test,pure_attack,pure_spoof,track_stream_tpr,30,0.04774290722201716,0.03942745485351997,0.0571055884446375,0.02531920965946492,,,nan,,,,independent RNG seeds,percentile bootstrap resampling RNG seeds
test,pure_attack,pure_spoof,track_stream_fpr,30,0.0,0.0,0.0,0.0,,,nan,,,,independent RNG seeds,percentile bootstrap resampling RNG seeds
test,pure_attack,pure_spoof,victim_pair_contested_rate,30,0.5493485247451091,0.5216116463865247,0.578349576002228,0.08016756975013806,,,nan,,,,independent RNG seeds,percentile bootstrap resampling RNG seeds
test,pure_attack,pure_spoof,victim_id_contested_rate,30,0.942932067932068,0.9168853368853369,0.9661098623598624,0.07024811232883972,,,nan,,,,independent RNG seeds,percentile bootstrap resampling RNG seeds
test,pure_attack,pure_spoof,malicious_opportunity_reception_rate,30,0.9799487179586613,0.9770134747612542,0.9830747361782857,0.008632907661730525,,,nan,,,,independent RNG seeds,percentile bootstrap resampling RNG seeds
test,pure_attack,pure_spoof,stream_peak_auc,30,0.7821690455511934,0.7687561845859178,0.7961108888169557,0.03892671923863722,,,nan,,,,independent RNG seeds,percentile bootstrap resampling RNG seeds
test,pure_attack,pure_spoof,owner_peak_auc,2,0.40858344207626507,0.3991228070175439,0.4180440771349862,0.01337935840870585,,,nan,,,,independent RNG seeds,percentile bootstrap resampling RNG seeds
test,pure_attack,pure_spoof,stream_peak_pr_auc,30,0.7113906097234921,0.6939654273404472,0.7308789052832287,0.05199391233751482,,,nan,,,,independent RNG seeds,percentile bootstrap resampling RNG seeds
test,pure_attack,pure_spoof,owner_peak_pr_auc,2,0.004612385203427223,0.003745318352059925,0.005479452054794521,0.001226217700687769,,,nan,,,,independent RNG seeds,percentile bootstrap resampling RNG seeds
test,pure_attack,pure_spoof,max_clean_score,30,0.05000000000000003,0.05000000000000003,0.05000000000000003,7.94297227258349e-18,,,nan,,,,independent RNG seeds,percentile bootstrap resampling RNG seeds
test,pure_attack,pure_spoof,clean_margin,30,0.44800000000000006,0.44800000000000006,0.44800000000000006,1.1149981994562399e-16,,,nan,,,,independent RNG seeds,percentile bootstrap resampling RNG seeds
test,pure_attack,pure_spoof,peak_identity_keys_per_receiver,30,32.3,31.416631899980977,33.18336810001902,2.365703219792781,,,nan,,,,independent RNG seeds,Student-t over RNG seeds
test,pure_attack,pure_spoof,peak_live_tracks_per_receiver,30,36.06666666666667,35.101207248002844,37.032126085330496,2.5855478087369352,,,nan,,,,independent RNG seeds,Student-t over RNG seeds
test,pure_attack,pure_spoof,estimated_state_payload_bytes_per_receiver,30,61319.46666666667,58402.67083751624,64236.26249581709,7811.322691356807,,,nan,,,,independent RNG seeds,Student-t over RNG seeds
test,pure_attack,pure_spoof,ttd_detected_frac,30,0.5226963283298772,0.49470250504086577,0.5513764856168466,0.08136615489727085,,,nan,,,,independent RNG seeds,percentile bootstrap resampling RNG seeds
test,pure_attack,pure_spoof,latency_ms,30,1.1869720346440178,1.179069886430264,1.1948741828577716,0.021162341578957206,,,nan,,,,independent RNG seeds,Student-t over RNG seeds
test,pure_attack,pure_spoof,pdr,30,0.4709791895070325,0.46399285071297686,0.477946451715176,0.02019987201524006,,,nan,,,,independent RNG seeds,percentile bootstrap resampling RNG seeds
test,scale,scale_n_105,stream_tpr,30,0.7783200698533277,0.7665820412673985,0.7892792907111006,0.032359416762145356,,,nan,,,,independent RNG seeds,percentile bootstrap resampling RNG seeds
test,scale,scale_n_105,stream_fpr,30,0.0,0.0,0.0,0.0,0,87445,0.09503385285530419,0,30,RNG seed with any event,independent RNG seeds,percentile bootstrap resampling RNG seeds
test,scale,scale_n_105,stream_precision,30,1.0,1.0,1.0,0.0,,,nan,,,,independent RNG seeds,percentile bootstrap resampling RNG seeds
test,scale,scale_n_105,stream_f1,30,0.8749778013888563,0.8676573704131629,0.8819656876434067,0.020772334269073402,,,nan,,,,independent RNG seeds,percentile bootstrap resampling RNG seeds
test,scale,scale_n_105,owner_tpr,30,0.6961676412267533,0.6819113384656081,0.7095386957933337,0.04015467845679208,,,nan,,,,independent RNG seeds,percentile bootstrap resampling RNG seeds
test,scale,scale_n_105,owner_fpr,30,0.21003142031543234,0.19368417568073398,0.22664238519568541,0.046807835154050494,24596,116521,nan,30,30,RNG seed with any event,independent RNG seeds,percentile bootstrap resampling RNG seeds
test,scale,scale_n_105,owner_f1,30,0.5031665015091812,0.48533719496059136,0.5213398035574281,0.05091347897535268,,,nan,,,,independent RNG seeds,percentile bootstrap resampling RNG seeds
test,scale,scale_n_105,contested_tpr,30,0.4703128327503979,0.44967733256709636,0.4889141237220818,0.05478426892271216,,,nan,,,,independent RNG seeds,percentile bootstrap resampling RNG seeds
test,scale,scale_n_105,contested_fpr,30,0.0,0.0,0.0,0.0,0,87445,0.09503385285530419,0,30,RNG seed with any event,independent RNG seeds,percentile bootstrap resampling RNG seeds
test,scale,scale_n_105,contested_f1,30,0.6378347112956856,0.61765862640178,0.6550955426537517,0.05311287730948996,,,nan,,,,independent RNG seeds,percentile bootstrap resampling RNG seeds
test,scale,scale_n_105,clean_fpr,30,0.0,0.0,0.0,0.0,0,87445,0.09503385285530419,0,30,RNG seed with any event,independent RNG seeds,percentile bootstrap resampling RNG seeds
test,scale,scale_n_105,victim_pair_post_onset_alert_rate,30,0.8416528746846967,0.8271933755523232,0.8534603249909039,0.037208076331310486,,,nan,,,,independent RNG seeds,percentile bootstrap resampling RNG seeds
test,scale,scale_n_105,victim_id_post_onset_alert_rate,30,0.9902931209224717,0.9855583922830496,0.9947937283414939,0.013445128233997374,,,nan,,,,independent RNG seeds,percentile bootstrap resampling RNG seeds
test,scale,scale_n_105,victim_pair_track_alert_rate,30,0.22506417232422987,0.20391260171476253,0.246708003861677,0.06238907472628357,,,nan,,,,independent RNG seeds,percentile bootstrap resampling RNG seeds
test,scale,scale_n_105,victim_id_track_alert_rate,30,0.5425917001686061,0.5171145880836585,0.5689223294573184,0.07504283568685789,,,nan,,,,independent RNG seeds,percentile bootstrap resampling RNG seeds
test,scale,scale_n_105,track_stream_tpr,30,0.6388342647698917,0.6267871866787852,0.6513139137175369,0.034005267221592646,,,nan,,,,independent RNG seeds,percentile bootstrap resampling RNG seeds
test,scale,scale_n_105,track_stream_fpr,30,0.0,0.0,0.0,0.0,,,nan,,,,independent RNG seeds,percentile bootstrap resampling RNG seeds
test,scale,scale_n_105,victim_pair_contested_rate,30,0.6888495008193691,0.6640958066907001,0.7129201476349785,0.06874725654557515,,,nan,,,,independent RNG seeds,percentile bootstrap resampling RNG seeds
test,scale,scale_n_105,victim_id_contested_rate,30,0.9739477668047388,0.9618699849808262,0.9835575395425271,0.030331418802635235,,,nan,,,,independent RNG seeds,percentile bootstrap resampling RNG seeds
test,scale,scale_n_105,malicious_opportunity_reception_rate,30,0.8494629863541735,0.8426443848267453,0.8562694818609107,0.019496239303979028,,,nan,,,,independent RNG seeds,percentile bootstrap resampling RNG seeds
test,scale,scale_n_105,stream_peak_auc,30,0.9265774608443448,0.9203029496730335,0.9322072066693661,0.01682707997476772,,,nan,,,,independent RNG seeds,percentile bootstrap resampling RNG seeds
test,scale,scale_n_105,owner_peak_auc,30,0.7689308583501394,0.7579932254019794,0.7790209504695023,0.029371148287210484,,,nan,,,,independent RNG seeds,percentile bootstrap resampling RNG seeds
test,scale,scale_n_105,stream_peak_pr_auc,30,0.9069943677495284,0.896242009677051,0.9157487203881376,0.027711428069285504,,,nan,,,,independent RNG seeds,percentile bootstrap resampling RNG seeds
test,scale,scale_n_105,owner_peak_pr_auc,30,0.3751330220534811,0.35629705063924205,0.39355697362877434,0.05375274658978586,,,nan,,,,independent RNG seeds,percentile bootstrap resampling RNG seeds
test,scale,scale_n_105,max_clean_score,30,0.05000000000000003,0.05000000000000003,0.05000000000000003,7.057516067604627e-18,,,nan,,,,independent RNG seeds,percentile bootstrap resampling RNG seeds
test,scale,scale_n_105,clean_margin,30,0.44800000000000006,0.44800000000000006,0.44800000000000006,1.1292025708167404e-16,,,nan,,,,independent RNG seeds,percentile bootstrap resampling RNG seeds
test,scale,scale_n_105,peak_identity_keys_per_receiver,30,75.86666666666666,74.41306496747843,77.32026836585489,3.892816844973026,,,nan,,,,independent RNG seeds,Student-t over RNG seeds
test,scale,scale_n_105,peak_live_tracks_per_receiver,30,110.06666666666666,106.75003068838893,113.3833026449444,8.882114276622909,,,nan,,,,independent RNG seeds,Student-t over RNG seeds
test,scale,scale_n_105,estimated_state_payload_bytes_per_receiver,30,134731.2,131571.38568714564,137891.0143128544,8462.138143437549,,,nan,,,,independent RNG seeds,Student-t over RNG seeds
test,scale,scale_n_105,ttd_detected_frac,30,0.7783200698533277,0.7665094710781917,0.789191408394528,0.032359416762145356,,,nan,,,,independent RNG seeds,percentile bootstrap resampling RNG seeds
test,scale,scale_n_105,latency_ms,30,1.2608523558510818,1.2507827893286112,1.2709219223735524,0.0269667944128992,,,nan,,,,independent RNG seeds,Student-t over RNG seeds
test,scale,scale_n_105,pdr,30,0.4536987166160925,0.45078492081104593,0.4565307544347901,0.008290696240855976,,,nan,,,,independent RNG seeds,percentile bootstrap resampling RNG seeds
test,scale,scale_n_35,stream_tpr,30,0.736085445408181,0.7098781240959311,0.7606382530189749,0.07399345732810401,,,nan,,,,independent RNG seeds,percentile bootstrap resampling RNG seeds
test,scale,scale_n_35,stream_fpr,30,0.0,0.0,0.0,0.0,0,10353,0.09503385285530419,0,30,RNG seed with any event,independent RNG seeds,percentile bootstrap resampling RNG seeds
test,scale,scale_n_35,stream_precision,30,1.0,1.0,1.0,0.0,,,nan,,,,independent RNG seeds,percentile bootstrap resampling RNG seeds
test,scale,scale_n_35,stream_f1,30,0.8458981314723427,0.8273351772264844,0.8627592216588951,0.05069415318896533,,,nan,,,,independent RNG seeds,percentile bootstrap resampling RNG seeds
test,scale,scale_n_35,owner_tpr,30,0.6646129165096704,0.636647039963418,0.6941676517601594,0.08326311972160119,,,nan,,,,independent RNG seeds,percentile bootstrap resampling RNG seeds
test,scale,scale_n_35,owner_fpr,30,0.1463267315138101,0.12205135338522738,0.17143162811101567,0.06998377182134889,1841,12580,nan,30,30,RNG seed with any event,independent RNG seeds,percentile bootstrap resampling RNG seeds
test,scale,scale_n_35,owner_f1,30,0.5475509971338315,0.5133422418732043,0.5808743556993444,0.09674272681619318,,,nan,,,,independent RNG seeds,percentile bootstrap resampling RNG seeds
test,scale,scale_n_35,contested_tpr,30,0.3371470929545756,0.2872061430609943,0.38958807662906264,0.14370250800508508,,,nan,,,,independent RNG seeds,percentile bootstrap resampling RNG seeds
test,scale,scale_n_35,contested_fpr,30,0.0,0.0,0.0,0.0,0,10353,0.09503385285530419,0,30,RNG seed with any event,independent RNG seeds,percentile bootstrap resampling RNG seeds
test,scale,scale_n_35,contested_f1,30,0.48770385161641505,0.43014704375702867,0.5451685534101738,0.16048165386172492,,,nan,,,,independent RNG seeds,percentile bootstrap resampling RNG seeds
test,scale,scale_n_35,clean_fpr,30,0.0,0.0,0.0,0.0,0,10349,0.09503385285530419,0,30,RNG seed with any event,independent RNG seeds,percentile bootstrap resampling RNG seeds
test,scale,scale_n_35,victim_pair_post_onset_alert_rate,30,0.8005713415279506,0.7582452484001474,0.8397860011287971,0.11840595480090273,,,nan,,,,independent RNG seeds,percentile bootstrap resampling RNG seeds
test,scale,scale_n_35,victim_id_post_onset_alert_rate,30,0.9816468253968255,0.967590939153439,0.994212962962963,0.03845490048022203,,,nan,,,,independent RNG seeds,percentile bootstrap resampling RNG seeds
test,scale,scale_n_35,victim_pair_track_alert_rate,30,0.24140486540874923,0.194971945742951,0.2882047128995548,0.13423799662043792,,,nan,,,,independent RNG seeds,percentile bootstrap resampling RNG seeds
test,scale,scale_n_35,victim_id_track_alert_rate,30,0.4904319291819292,0.41751485667110666,0.5628633218633219,0.2087572639718349,,,nan,,,,independent RNG seeds,percentile bootstrap resampling RNG seeds
test,scale,scale_n_35,track_stream_tpr,30,0.6284580796109486,0.6013310548398054,0.654729945207693,0.07451151886876302,,,nan,,,,independent RNG seeds,percentile bootstrap resampling RNG seeds
test,scale,scale_n_35,track_stream_fpr,30,0.0,0.0,0.0,0.0,,,nan,,,,independent RNG seeds,percentile bootstrap resampling RNG seeds
test,scale,scale_n_35,victim_pair_contested_rate,30,0.600200404382142,0.5473066815724257,0.6531616358192762,0.15275155738766025,,,nan,,,,independent RNG seeds,percentile bootstrap resampling RNG seeds
test,scale,scale_n_35,victim_id_contested_rate,30,0.9327397602397602,0.9010200332075332,0.960853607041107,0.08706501920465416,,,nan,,,,independent RNG seeds,percentile bootstrap resampling RNG seeds
test,scale,scale_n_35,malicious_opportunity_reception_rate,30,0.9046189431136452,0.889202863114213,0.9200126641895559,0.04392045014779141,,,nan,,,,independent RNG seeds,percentile bootstrap resampling RNG seeds
test,scale,scale_n_35,stream_peak_auc,30,0.8911802390435813,0.8758290740930008,0.9059405269320896,0.04359810029197459,,,nan,,,,independent RNG seeds,percentile bootstrap resampling RNG seeds
test,scale,scale_n_35,owner_peak_auc,30,0.7729693426642588,0.7551570607503437,0.7899813676851044,0.048845583258073644,,,nan,,,,independent RNG seeds,percentile bootstrap resampling RNG seeds
test,scale,scale_n_35,stream_peak_pr_auc,30,0.8451382103385885,0.8191444495511987,0.8700045207418178,0.07353287415221303,,,nan,,,,independent RNG seeds,percentile bootstrap resampling RNG seeds
test,scale,scale_n_35,owner_peak_pr_auc,30,0.41187146389920326,0.3754358189716869,0.4463794877078917,0.1024047065001453,,,nan,,,,independent RNG seeds,percentile bootstrap resampling RNG seeds
test,scale,scale_n_35,max_clean_score,30,0.05000000000000003,0.05000000000000003,0.05000000000000003,1.0780533866055094e-17,,,nan,,,,independent RNG seeds,percentile bootstrap resampling RNG seeds
test,scale,scale_n_35,clean_margin,30,0.44800000000000006,0.44800000000000006,0.44800000000000006,1.0562722850651453e-16,,,nan,,,,independent RNG seeds,percentile bootstrap resampling RNG seeds
test,scale,scale_n_35,peak_identity_keys_per_receiver,30,24.833333333333332,24.1121774094238,25.554489257242864,1.9312910338608378,,,nan,,,,independent RNG seeds,Student-t over RNG seeds
test,scale,scale_n_35,peak_live_tracks_per_receiver,30,34.333333333333336,32.256995751470264,36.40967091519641,5.560534167675355,,,nan,,,,independent RNG seeds,Student-t over RNG seeds
test,scale,scale_n_35,estimated_state_payload_bytes_per_receiver,30,49670.933333333334,47160.614191165674,52181.252475500994,6722.758131299536,,,nan,,,,independent RNG seeds,Student-t over RNG seeds
test,scale,scale_n_35,ttd_detected_frac,30,0.736085445408181,0.7095064319570313,0.7613399649486998,0.07399345732810401,,,nan,,,,independent RNG seeds,percentile bootstrap resampling RNG seeds
test,scale,scale_n_35,latency_ms,30,1.1711866693557116,1.1618222402836296,1.1805510984277936,0.02507840163898679,,,nan,,,,independent RNG seeds,Student-t over RNG seeds
test,scale,scale_n_35,pdr,30,0.47075834128108573,0.4622770179825651,0.48002343004983644,0.02525794493934864,,,nan,,,,independent RNG seeds,percentile bootstrap resampling RNG seeds
test,score_variant,reference_half_life_1p351,stream_tpr,30,0.7682789135847756,0.7524148578050158,0.7829453942402067,0.043800172883092355,,,nan,,,,independent RNG seeds,percentile bootstrap resampling RNG seeds
test,score_variant,reference_half_life_1p351,stream_fpr,30,0.0,0.0,0.0,0.0,0,27817,0.09503385285530419,0,30,RNG seed with any event,independent RNG seeds,percentile bootstrap resampling RNG seeds
test,score_variant,reference_half_life_1p351,stream_precision,30,1.0,1.0,1.0,0.0,,,nan,,,,independent RNG seeds,percentile bootstrap resampling RNG seeds
test,score_variant,reference_half_life_1p351,stream_f1,30,0.8682805147439149,0.8581916222085119,0.8778340437295502,0.02825302791616394,,,nan,,,,independent RNG seeds,percentile bootstrap resampling RNG seeds
test,score_variant,reference_half_life_1p351,owner_tpr,30,0.7067605035955277,0.6871118445106327,0.7263832288779712,0.055801315419255815,,,nan,,,,independent RNG seeds,percentile bootstrap resampling RNG seeds
test,score_variant,reference_half_life_1p351,owner_fpr,30,0.2564359295775346,0.2359470444586493,0.27751648546901087,0.05814870236470393,10348,40165,nan,30,30,RNG seed with any event,independent RNG seeds,percentile bootstrap resampling RNG seeds
test,score_variant,reference_half_life_1p351,owner_f1,30,0.5728763334132257,0.5538270395769513,0.5930332931766765,0.055800993315981866,,,nan,,,,independent RNG seeds,percentile bootstrap resampling RNG seeds
test,score_variant,reference_half_life_1p351,contested_tpr,30,0.44223917874810115,0.42060944104408143,0.46418558278014777,0.062150295562682485,,,nan,,,,independent RNG seeds,percentile bootstrap resampling RNG seeds
test,score_variant,reference_half_life_1p351,contested_fpr,30,0.0,0.0,0.0,0.0,0,27817,0.09503385285530419,0,30,RNG seed with any event,independent RNG seeds,percentile bootstrap resampling RNG seeds
test,score_variant,reference_half_life_1p351,contested_f1,30,0.6107586990305517,0.5892216329933503,0.6314671985859052,0.060287265290971996,,,nan,,,,independent RNG seeds,percentile bootstrap resampling RNG seeds
test,score_variant,reference_half_life_1p351,clean_fpr,30,0.0,0.0,0.0,0.0,0,27807,0.09503385285530419,0,30,RNG seed with any event,independent RNG seeds,percentile bootstrap resampling RNG seeds
test,score_variant,reference_half_life_1p351,victim_pair_post_onset_alert_rate,30,0.8340944019522468,0.8176132731489052,0.8498964098275963,0.046425979850331145,,,nan,,,,independent RNG seeds,percentile bootstrap resampling RNG seeds
test,score_variant,reference_half_life_1p351,victim_id_post_onset_alert_rate,30,0.9882436523140545,0.9788417394559994,0.9954630015432098,0.023554363329891147,,,nan,,,,independent RNG seeds,percentile bootstrap resampling RNG seeds
test,score_variant,reference_half_life_1p351,victim_pair_track_alert_rate,30,0.23568615296645076,0.2163840221260422,0.25436283235901924,0.05336257356351313,,,nan,,,,independent RNG seeds,percentile bootstrap resampling RNG seeds
test,score_variant,reference_half_life_1p351,victim_id_track_alert_rate,30,0.5307044194308611,0.4882581091572413,0.5759698535203713,0.12582156579971232,,,nan,,,,independent RNG seeds,percentile bootstrap resampling RNG seeds
test,score_variant,reference_half_life_1p351,track_stream_tpr,30,0.6436432985410955,0.629874461391292,0.6583171011221759,0.040559280578204945,,,nan,,,,independent RNG seeds,percentile bootstrap resampling RNG seeds
test,score_variant,reference_half_life_1p351,track_stream_fpr,30,0.0,0.0,0.0,0.0,,,nan,,,,independent RNG seeds,percentile bootstrap resampling RNG seeds
test,score_variant,reference_half_life_1p351,victim_pair_contested_rate,30,0.6773410144765682,0.6524106592997556,0.7039409406871457,0.07254491365002641,,,nan,,,,independent RNG seeds,percentile bootstrap resampling RNG seeds
test,score_variant,reference_half_life_1p351,victim_id_contested_rate,30,0.9558783157353083,0.935699526469942,0.9753599665853033,0.055658564248237986,,,nan,,,,independent RNG seeds,percentile bootstrap resampling RNG seeds
test,score_variant,reference_half_life_1p351,malicious_opportunity_reception_rate,30,0.8796870761928146,0.8716237763557049,0.8876959499850863,0.02311619142105067,,,nan,,,,independent RNG seeds,percentile bootstrap resampling RNG seeds
test,score_variant,reference_half_life_1p351,stream_peak_auc,30,0.915840024818028,0.908188833838596,0.9229206353470903,0.020712455464022346,,,nan,,,,independent RNG seeds,percentile bootstrap resampling RNG seeds
test,score_variant,reference_half_life_1p351,owner_peak_auc,30,0.7529631163826337,0.7406140592146514,0.7662106714379266,0.03663699350303696,,,nan,,,,independent RNG seeds,percentile bootstrap resampling RNG seeds
test,score_variant,reference_half_life_1p351,stream_peak_pr_auc,30,0.9137359103264704,0.9043440340870128,0.9228114008212568,0.02584465889630677,,,nan,,,,independent RNG seeds,percentile bootstrap resampling RNG seeds
test,score_variant,reference_half_life_1p351,owner_peak_pr_auc,30,0.47095848447439626,0.450693721463235,0.4910324396852035,0.058294661246606046,,,nan,,,,independent RNG seeds,percentile bootstrap resampling RNG seeds
test,score_variant,reference_half_life_1p351,max_clean_score,30,0.05000000000000003,0.05000000000000003,0.05000000000000003,7.057516067604627e-18,,,nan,,,,independent RNG seeds,percentile bootstrap resampling RNG seeds
test,score_variant,reference_half_life_1p351,clean_margin,30,0.44800000000000006,0.44800000000000006,0.44800000000000006,1.1292025708167404e-16,,,nan,,,,independent RNG seeds,percentile bootstrap resampling RNG seeds
test,score_variant,reference_half_life_1p351,peak_identity_keys_per_receiver,30,50.166666666666664,49.052545216337926,51.2807881169954,2.9836720413903928,,,nan,,,,independent RNG seeds,Student-t over RNG seeds
test,score_variant,reference_half_life_1p351,peak_live_tracks_per_receiver,30,79.86666666666666,76.63996953043275,83.09336380290057,8.641253634040382,,,nan,,,,independent RNG seeds,Student-t over RNG seeds
test,score_variant,reference_half_life_1p351,estimated_state_payload_bytes_per_receiver,30,97093.86666666667,93060.63835953725,101127.09497379609,10801.183778461136,,,nan,,,,independent RNG seeds,Student-t over RNG seeds
test,score_variant,reference_half_life_1p351,ttd_detected_frac,30,0.7682789135847756,0.752540083376615,0.7837839415391206,0.043800172883092355,,,nan,,,,independent RNG seeds,percentile bootstrap resampling RNG seeds
test,score_variant,reference_half_life_1p351,latency_ms,30,1.2192740770894066,1.204709995862277,1.2338381583165363,0.03900332585204599,,,nan,,,,independent RNG seeds,Student-t over RNG seeds
test,score_variant,reference_half_life_1p351,pdr,30,0.46323735349570144,0.4576949136202827,0.4687511836313529,0.01601763891999083,,,nan,,,,independent RNG seeds,percentile bootstrap resampling RNG seeds
test,score_variant,reference_no_forgetting,stream_tpr,30,0.7730312133753335,0.7576397648949202,0.7878963451429323,0.043688616477692184,,,nan,,,,independent RNG seeds,percentile bootstrap resampling RNG seeds
test,score_variant,reference_no_forgetting,stream_fpr,30,0.0,0.0,0.0,0.0,0,27817,0.09503385285530419,0,30,RNG seed with any event,independent RNG seeds,percentile bootstrap resampling RNG seeds
test,score_variant,reference_no_forgetting,stream_precision,30,1.0,1.0,1.0,0.0,,,nan,,,,independent RNG seeds,percentile bootstrap resampling RNG seeds
test,score_variant,reference_no_forgetting,stream_f1,30,0.8713217604208449,0.8612197156163895,0.8809595374846888,0.027995349135339773,,,nan,,,,independent RNG seeds,percentile bootstrap resampling RNG seeds
test,score_variant,reference_no_forgetting,owner_tpr,30,0.7092655850748467,0.6894804219021783,0.728934079184304,0.05638824904732137,,,nan,,,,independent RNG seeds,percentile bootstrap resampling RNG seeds
test,score_variant,reference_no_forgetting,owner_fpr,30,0.25866720452116776,0.2380994145331806,0.2800768367232346,0.05875423106403687,10438,40165,nan,30,30,RNG seed with any event,independent RNG seeds,percentile bootstrap resampling RNG seeds
test,score_variant,reference_no_forgetting,owner_f1,30,0.5728144193022495,0.5532148560001415,0.5936581922368669,0.056344304740902774,,,nan,,,,independent RNG seeds,percentile bootstrap resampling RNG seeds
test,score_variant,reference_no_forgetting,contested_tpr,30,0.44223917874810115,0.4198131901811404,0.46483005394741245,0.062150295562682485,,,nan,,,,independent RNG seeds,percentile bootstrap resampling RNG seeds
test,score_variant,reference_no_forgetting,contested_fpr,30,0.0,0.0,0.0,0.0,0,27817,0.09503385285530419,0,30,RNG seed with any event,independent RNG seeds,percentile bootstrap resampling RNG seeds
test,score_variant,reference_no_forgetting,contested_f1,30,0.6107586990305517,0.5896216464889785,0.6321887354222314,0.060287265290971996,,,nan,,,,independent RNG seeds,percentile bootstrap resampling RNG seeds
test,score_variant,reference_no_forgetting,clean_fpr,30,0.0,0.0,0.0,0.0,0,27807,0.09503385285530419,0,30,RNG seed with any event,independent RNG seeds,percentile bootstrap resampling RNG seeds
test,score_variant,reference_no_forgetting,victim_pair_post_onset_alert_rate,30,0.8412111136220007,0.8246306379443235,0.8571677904246207,0.046173051849990494,,,nan,,,,independent RNG seeds,percentile bootstrap resampling RNG seeds
test,score_variant,reference_no_forgetting,victim_id_post_onset_alert_rate,30,0.9882436523140545,0.9788460899014778,0.9954253392401021,0.023554363329891147,,,nan,,,,independent RNG seeds,percentile bootstrap resampling RNG seeds
test,score_variant,reference_no_forgetting,victim_pair_track_alert_rate,30,0.2401801335715523,0.2213570825144771,0.25892897609519144,0.054006809632060074,,,nan,,,,independent RNG seeds,percentile bootstrap resampling RNG seeds
test,score_variant,reference_no_forgetting,victim_id_track_alert_rate,30,0.5386036189967274,0.4938651368539756,0.5844483549503643,0.1281117014768728,,,nan,,,,independent RNG seeds,percentile bootstrap resampling RNG seeds
test,score_variant,reference_no_forgetting,track_stream_tpr,30,0.6564997388458257,0.6422324470076214,0.6706618772749456,0.04021821294443275,,,nan,,,,independent RNG seeds,percentile bootstrap resampling RNG seeds
test,score_variant,reference_no_forgetting,track_stream_fpr,30,0.0,0.0,0.0,0.0,,,nan,,,,independent RNG seeds,percentile bootstrap resampling RNG seeds
test,score_variant,reference_no_forgetting,victim_pair_contested_rate,30,0.6773410144765682,0.6528515024846845,0.7032990045592761,0.07254491365002641,,,nan,,,,independent RNG seeds,percentile bootstrap resampling RNG seeds
test,score_variant,reference_no_forgetting,victim_id_contested_rate,30,0.9558783157353083,0.9356715927750411,0.9747706426820512,0.055658564248237986,,,nan,,,,independent RNG seeds,percentile bootstrap resampling RNG seeds
test,score_variant,reference_no_forgetting,malicious_opportunity_reception_rate,30,0.8796870761928146,0.8712408247943756,0.8877707015554231,0.02311619142105067,,,nan,,,,independent RNG seeds,percentile bootstrap resampling RNG seeds
test,score_variant,reference_no_forgetting,stream_peak_auc,30,0.9160676554196592,0.9084514514153725,0.9229312583482768,0.020301164061350904,,,nan,,,,independent RNG seeds,percentile bootstrap resampling RNG seeds
test,score_variant,reference_no_forgetting,owner_peak_auc,30,0.7466198862930189,0.7336634988934717,0.7605831966954566,0.038071256458564434,,,nan,,,,independent RNG seeds,percentile bootstrap resampling RNG seeds
test,score_variant,reference_no_forgetting,stream_peak_pr_auc,30,0.9118795395027937,0.9023490952705795,0.9209677590644066,0.026023517346426595,,,nan,,,,independent RNG seeds,percentile bootstrap resampling RNG seeds
test,score_variant,reference_no_forgetting,owner_peak_pr_auc,30,0.45151135902908535,0.4310112128461052,0.47347324236539723,0.06110619557448719,,,nan,,,,independent RNG seeds,percentile bootstrap resampling RNG seeds
test,score_variant,reference_no_forgetting,max_clean_score,30,0.05000000000000002,0.05000000000000002,0.05000000000000002,7.057516067604627e-18,,,nan,,,,independent RNG seeds,percentile bootstrap resampling RNG seeds
test,score_variant,reference_no_forgetting,clean_margin,30,0.4480000000000001,0.4480000000000001,0.4480000000000001,1.1292025708167404e-16,,,nan,,,,independent RNG seeds,percentile bootstrap resampling RNG seeds
test,score_variant,reference_no_forgetting,peak_identity_keys_per_receiver,30,50.166666666666664,49.052545216337926,51.2807881169954,2.9836720413903928,,,nan,,,,independent RNG seeds,Student-t over RNG seeds
test,score_variant,reference_no_forgetting,peak_live_tracks_per_receiver,30,79.86666666666666,76.63996953043275,83.09336380290057,8.641253634040382,,,nan,,,,independent RNG seeds,Student-t over RNG seeds
test,score_variant,reference_no_forgetting,estimated_state_payload_bytes_per_receiver,30,97093.86666666667,93060.63835953725,101127.09497379609,10801.183778461136,,,nan,,,,independent RNG seeds,Student-t over RNG seeds
test,score_variant,reference_no_forgetting,ttd_detected_frac,30,0.7730312133753335,0.7573680768547582,0.7881988646112512,0.043688616477692184,,,nan,,,,independent RNG seeds,percentile bootstrap resampling RNG seeds
test,score_variant,reference_no_forgetting,latency_ms,30,1.2192740770894066,1.204709995862277,1.2338381583165363,0.03900332585204599,,,nan,,,,independent RNG seeds,Student-t over RNG seeds
test,score_variant,reference_no_forgetting,pdr,30,0.46323735349570144,0.45760222857159744,0.4687191906121789,0.01601763891999083,,,nan,,,,independent RNG seeds,percentile bootstrap resampling RNG seeds
test,serial_timing,detector_off,latency_ms,30,1.227142685324241,1.2170620429352852,1.237223327713197,0.02699645612810659,,,nan,,,,independent RNG seeds,Student-t over RNG seeds
test,serial_timing,detector_off,pdr,30,0.4575168928474848,0.45283662939960534,0.4622010291907593,0.013327511148017196,,,nan,,,,independent RNG seeds,percentile bootstrap resampling RNG seeds
test,serial_timing,detector_on,det_p50_us,30,2.176,2.150167232973264,2.2018327670267364,0.06918142066709271,,,nan,,,,independent RNG seeds,Student-t over RNG seeds
test,serial_timing,detector_on,det_p95_us,30,4.8364,4.7900997574122535,4.882700242587747,0.12399432690025898,,,nan,,,,independent RNG seeds,Student-t over RNG seeds
test,serial_timing,detector_on,det_p99_us,30,18.910000000000004,18.704268957969948,19.11573104203006,0.5509578493171123,,,nan,,,,independent RNG seeds,Student-t over RNG seeds
test,serial_timing,detector_on,det_max_us,30,191.85469999999998,181.58364477132238,202.12575522867758,27.506391078225363,,,nan,,,,independent RNG seeds,Student-t over RNG seeds
test,serial_timing,detector_on,det_throughput_calls_per_s,30,363951.2510864266,360436.461574272,367466.0405985812,9412.779186410453,,,nan,,,,independent RNG seeds,Student-t over RNG seeds
test,serial_timing,detector_on,latency_ms,30,1.227142685324241,1.2170620429352852,1.237223327713197,0.02699645612810659,,,nan,,,,independent RNG seeds,Student-t over RNG seeds
test,serial_timing,detector_on,pdr,30,0.4575168928474848,0.4529303835389639,0.4622759284502822,0.013327511148017196,,,nan,,,,independent RNG seeds,percentile bootstrap resampling RNG seeds
test,serial_timing,detector_on,det_us,30,2.7494135959599726,2.722616588158305,2.77621060376164,0.07176370488797545,,,nan,,,,independent RNG seeds,Student-t over RNG seeds
test,steady_state,pure_constoffset_steady,stream_tpr,30,0.00012077294685990338,0.0,0.00036231884057971015,0.0006615006733154179,,,nan,,,,independent RNG seeds,percentile bootstrap resampling RNG seeds
test,steady_state,pure_constoffset_steady,stream_fpr,30,0.0,0.0,0.0,0.0,0,18484,0.09503385285530419,0,30,RNG seed with any event,independent RNG seeds,percentile bootstrap resampling RNG seeds
test,steady_state,pure_constoffset_steady,stream_precision,1,1.0,nan,nan,0.0,,,nan,,,,independent RNG seeds,percentile bootstrap resampling RNG seeds
test,steady_state,pure_constoffset_steady,stream_f1,30,0.00024067388688327318,0.0,0.0007220216606498196,0.0013182251684841543,,,nan,,,,independent RNG seeds,percentile bootstrap resampling RNG seeds
test,steady_state,pure_constoffset_steady,owner_tpr,30,0.00012077294685990338,0.0,0.00036231884057971015,0.0006615006733154179,,,nan,,,,independent RNG seeds,percentile bootstrap resampling RNG seeds
test,steady_state,pure_constoffset_steady,owner_fpr,30,0.0,0.0,0.0,0.0,0,18484,0.09503385285530419,0,30,RNG seed with any event,independent RNG seeds,percentile bootstrap resampling RNG seeds
test,steady_state,pure_constoffset_steady,owner_f1,30,0.00024067388688327318,0.0,0.0007220216606498196,0.0013182251684841543,,,nan,,,,independent RNG seeds,percentile bootstrap resampling RNG seeds
test,steady_state,pure_constoffset_steady,contested_tpr,30,0.0,0.0,0.0,0.0,,,nan,,,,independent RNG seeds,percentile bootstrap resampling RNG seeds
test,steady_state,pure_constoffset_steady,contested_fpr,30,0.0,0.0,0.0,0.0,0,18484,0.09503385285530419,0,30,RNG seed with any event,independent RNG seeds,percentile bootstrap resampling RNG seeds
test,steady_state,pure_constoffset_steady,contested_f1,30,0.0,0.0,0.0,0.0,,,nan,,,,independent RNG seeds,percentile bootstrap resampling RNG seeds
test,steady_state,pure_constoffset_steady,clean_fpr,30,0.0,0.0,0.0,0.0,0,18484,0.09503385285530419,0,30,RNG seed with any event,independent RNG seeds,percentile bootstrap resampling RNG seeds
test,steady_state,pure_constoffset_steady,victim_pair_post_onset_alert_rate,0,nan,nan,nan,nan,,,nan,,,,independent RNG seeds,percentile bootstrap resampling RNG seeds
test,steady_state,pure_constoffset_steady,victim_id_post_onset_alert_rate,0,nan,nan,nan,nan,,,nan,,,,independent RNG seeds,percentile bootstrap resampling RNG seeds
test,steady_state,pure_constoffset_steady,victim_pair_track_alert_rate,0,nan,nan,nan,nan,,,nan,,,,independent RNG seeds,percentile bootstrap resampling RNG seeds
test,steady_state,pure_constoffset_steady,victim_id_track_alert_rate,0,nan,nan,nan,nan,,,nan,,,,independent RNG seeds,percentile bootstrap resampling RNG seeds
test,steady_state,pure_constoffset_steady,track_stream_tpr,30,0.00012077294685990338,0.0,0.00036231884057971015,0.0006615006733154179,,,nan,,,,independent RNG seeds,percentile bootstrap resampling RNG seeds
test,steady_state,pure_constoffset_steady,track_stream_fpr,30,0.0,0.0,0.0,0.0,,,nan,,,,independent RNG seeds,percentile bootstrap resampling RNG seeds
test,steady_state,pure_constoffset_steady,victim_pair_contested_rate,0,nan,nan,nan,nan,,,nan,,,,independent RNG seeds,percentile bootstrap resampling RNG seeds
test,steady_state,pure_constoffset_steady,victim_id_contested_rate,0,nan,nan,nan,nan,,,nan,,,,independent RNG seeds,percentile bootstrap resampling RNG seeds
test,steady_state,pure_constoffset_steady,malicious_opportunity_reception_rate,30,0.9795603220216049,0.9767800557720755,0.982315062131115,0.007884533278178495,,,nan,,,,independent RNG seeds,percentile bootstrap resampling RNG seeds
test,steady_state,pure_constoffset_steady,stream_peak_auc,30,0.5006094722808596,0.4996840314815984,0.5014961515247728,0.0026158077653862816,,,nan,,,,independent RNG seeds,percentile bootstrap resampling RNG seeds
test,steady_state,pure_constoffset_steady,owner_peak_auc,30,0.5006094722808596,0.4996465525492426,0.5015594580500851,0.0026158077653862816,,,nan,,,,independent RNG seeds,percentile bootstrap resampling RNG seeds
test,steady_state,pure_constoffset_steady,stream_peak_pr_auc,30,0.3081428650912307,0.3028391572512825,0.31331758306323326,0.014758059600202923,,,nan,,,,independent RNG seeds,percentile bootstrap resampling RNG seeds
test,steady_state,pure_constoffset_steady,owner_peak_pr_auc,30,0.3081428650912307,0.3028831019903168,0.31334682406260067,0.014758059600202923,,,nan,,,,independent RNG seeds,percentile bootstrap resampling RNG seeds
test,steady_state,pure_constoffset_steady,max_clean_score,30,0.05000000000000003,0.05000000000000003,0.05000000000000003,8.739169525851e-18,,,nan,,,,independent RNG seeds,percentile bootstrap resampling RNG seeds
test,steady_state,pure_constoffset_steady,clean_margin,30,0.44800000000000006,0.44800000000000006,0.44800000000000006,1.1006105231380347e-16,,,nan,,,,independent RNG seeds,percentile bootstrap resampling RNG seeds
test,steady_state,pure_constoffset_steady,peak_identity_keys_per_receiver,30,34.733333333333334,34.121464624203455,35.345202042463214,1.638614497453372,,,nan,,,,independent RNG seeds,Student-t over RNG seeds
test,steady_state,pure_constoffset_steady,peak_live_tracks_per_receiver,30,34.8,34.20030110158479,35.3996988984152,1.6060231457944765,,,nan,,,,independent RNG seeds,Student-t over RNG seeds
test,steady_state,pure_constoffset_steady,estimated_state_payload_bytes_per_receiver,30,62428.26666666667,59633.67624331379,65222.85709001955,7484.050604029756,,,nan,,,,independent RNG seeds,Student-t over RNG seeds
test,steady_state,pure_constoffset_steady,ttd_detected_frac,30,0.00012077294685990338,0.0,0.00036231884057971015,0.0006615006733154179,,,nan,,,,independent RNG seeds,percentile bootstrap resampling RNG seeds
test,steady_state,pure_constoffset_steady,latency_ms,30,1.1880115686015742,1.1798721527036977,1.1961509844994507,0.021797756106910073,,,nan,,,,independent RNG seeds,Student-t over RNG seeds
test,steady_state,pure_constoffset_steady,pdr,30,0.47105333063975935,0.4641628686299926,0.4782985603888187,0.02047444889310025,,,nan,,,,independent RNG seeds,percentile bootstrap resampling RNG seeds
test,steady_state,pure_falsify_steady,stream_tpr,30,0.9766780600529963,0.9738198252410115,0.9795940081241135,0.00811573620585165,,,nan,,,,independent RNG seeds,percentile bootstrap resampling RNG seeds
test,steady_state,pure_falsify_steady,stream_fpr,30,0.0,0.0,0.0,0.0,0,18484,0.09503385285530419,0,30,RNG seed with any event,independent RNG seeds,percentile bootstrap resampling RNG seeds
test,steady_state,pure_falsify_steady,stream_precision,30,1.0,1.0,1.0,0.0,,,nan,,,,independent RNG seeds,percentile bootstrap resampling RNG seeds
test,steady_state,pure_falsify_steady,stream_f1,30,0.9881849525315674,0.9867134537339141,0.9896607443713428,0.004156084648686003,,,nan,,,,independent RNG seeds,percentile bootstrap resampling RNG seeds
test,steady_state,pure_falsify_steady,owner_tpr,30,0.9766780600529963,0.9739191187396865,0.9795678188456588,0.00811573620585165,,,nan,,,,independent RNG seeds,percentile bootstrap resampling RNG seeds
test,steady_state,pure_falsify_steady,owner_fpr,30,0.0,0.0,0.0,0.0,0,18484,0.09503385285530419,0,30,RNG seed with any event,independent RNG seeds,percentile bootstrap resampling RNG seeds
test,steady_state,pure_falsify_steady,owner_f1,30,0.9881849525315674,0.986662877514898,0.9896341013721514,0.004156084648686003,,,nan,,,,independent RNG seeds,percentile bootstrap resampling RNG seeds
test,steady_state,pure_falsify_steady,contested_tpr,30,0.0,0.0,0.0,0.0,,,nan,,,,independent RNG seeds,percentile bootstrap resampling RNG seeds
test,steady_state,pure_falsify_steady,contested_fpr,30,0.0,0.0,0.0,0.0,0,18484,0.09503385285530419,0,30,RNG seed with any event,independent RNG seeds,percentile bootstrap resampling RNG seeds
test,steady_state,pure_falsify_steady,contested_f1,30,0.0,0.0,0.0,0.0,,,nan,,,,independent RNG seeds,percentile bootstrap resampling RNG seeds
test,steady_state,pure_falsify_steady,clean_fpr,30,0.0,0.0,0.0,0.0,0,18484,0.09503385285530419,0,30,RNG seed with any event,independent RNG seeds,percentile bootstrap resampling RNG seeds
test,steady_state,pure_falsify_steady,victim_pair_post_onset_alert_rate,0,nan,nan,nan,nan,,,nan,,,,independent RNG seeds,percentile bootstrap resampling RNG seeds
test,steady_state,pure_falsify_steady,victim_id_post_onset_alert_rate,0,nan,nan,nan,nan,,,nan,,,,independent RNG seeds,percentile bootstrap resampling RNG seeds
test,steady_state,pure_falsify_steady,victim_pair_track_alert_rate,0,nan,nan,nan,nan,,,nan,,,,independent RNG seeds,percentile bootstrap resampling RNG seeds
test,steady_state,pure_falsify_steady,victim_id_track_alert_rate,0,nan,nan,nan,nan,,,nan,,,,independent RNG seeds,percentile bootstrap resampling RNG seeds
test,steady_state,pure_falsify_steady,track_stream_tpr,30,0.9264435304383566,0.9214315072850232,0.9315121816161298,0.01401116773740008,,,nan,,,,independent RNG seeds,percentile bootstrap resampling RNG seeds
test,steady_state,pure_falsify_steady,track_stream_fpr,30,0.0,0.0,0.0,0.0,,,nan,,,,independent RNG seeds,percentile bootstrap resampling RNG seeds
test,steady_state,pure_falsify_steady,victim_pair_contested_rate,0,nan,nan,nan,nan,,,nan,,,,independent RNG seeds,percentile bootstrap resampling RNG seeds
test,steady_state,pure_falsify_steady,victim_id_contested_rate,0,nan,nan,nan,nan,,,nan,,,,independent RNG seeds,percentile bootstrap resampling RNG seeds
test,steady_state,pure_falsify_steady,malicious_opportunity_reception_rate,30,0.9795603220216049,0.976807134501531,0.9824220269895086,0.007884533278178495,,,nan,,,,independent RNG seeds,percentile bootstrap resampling RNG seeds
test,steady_state,pure_falsify_steady,stream_peak_auc,30,0.9900573696251467,0.9886479156543339,0.9913637748735582,0.0038418313225608218,,,nan,,,,independent RNG seeds,percentile bootstrap resampling RNG seeds
test,steady_state,pure_falsify_steady,owner_peak_auc,30,0.9900573696251467,0.9886833886508848,0.9914082725933919,0.0038418313225608218,,,nan,,,,independent RNG seeds,percentile bootstrap resampling RNG seeds
test,steady_state,pure_falsify_steady,stream_peak_pr_auc,30,0.9863034935654346,0.9844623923912329,0.9881211990061555,0.005227568887640781,,,nan,,,,independent RNG seeds,percentile bootstrap resampling RNG seeds
test,steady_state,pure_falsify_steady,owner_peak_pr_auc,30,0.9863034935654346,0.9843916934472954,0.9881233619234119,0.005227568887640781,,,nan,,,,independent RNG seeds,percentile bootstrap resampling RNG seeds
test,steady_state,pure_falsify_steady,max_clean_score,30,0.05000000000000003,0.05000000000000003,0.05000000000000003,8.739169525851e-18,,,nan,,,,independent RNG seeds,percentile bootstrap resampling RNG seeds
test,steady_state,pure_falsify_steady,clean_margin,30,0.44800000000000006,0.44800000000000006,0.44800000000000006,1.1006105231380347e-16,,,nan,,,,independent RNG seeds,percentile bootstrap resampling RNG seeds
test,steady_state,pure_falsify_steady,peak_identity_keys_per_receiver,30,34.733333333333334,34.121464624203455,35.345202042463214,1.638614497453372,,,nan,,,,independent RNG seeds,Student-t over RNG seeds
test,steady_state,pure_falsify_steady,peak_live_tracks_per_receiver,30,66.93333333333334,65.4691854134036,68.39748125326308,3.9210601428284884,,,nan,,,,independent RNG seeds,Student-t over RNG seeds
test,steady_state,pure_falsify_steady,estimated_state_payload_bytes_per_receiver,30,60436.26666666667,57836.366764896324,63036.16656843702,6962.659811492638,,,nan,,,,independent RNG seeds,Student-t over RNG seeds
test,steady_state,pure_falsify_steady,ttd_detected_frac,30,0.9766780600529963,0.9738203022844496,0.979504180995212,0.00811573620585165,,,nan,,,,independent RNG seeds,percentile bootstrap resampling RNG seeds
test,steady_state,pure_falsify_steady,latency_ms,30,1.1880115686015742,1.1798721527036977,1.1961509844994507,0.021797756106910073,,,nan,,,,independent RNG seeds,Student-t over RNG seeds
test,steady_state,pure_falsify_steady,pdr,30,0.47105333063975935,0.4641789535104089,0.4783108484460644,0.02047444889310025,,,nan,,,,independent RNG seeds,percentile bootstrap resampling RNG seeds
test,steady_state,pure_revheading_steady,stream_tpr,30,0.9608570197144342,0.9572780005859954,0.9643595594841794,0.009973847862675288,,,nan,,,,independent RNG seeds,percentile bootstrap resampling RNG seeds
test,steady_state,pure_revheading_steady,stream_fpr,30,0.0,0.0,0.0,0.0,0,18484,0.09503385285530419,0,30,RNG seed with any event,independent RNG seeds,percentile bootstrap resampling RNG seeds
test,steady_state,pure_revheading_steady,stream_precision,30,1.0,1.0,1.0,0.0,,,nan,,,,independent RNG seeds,percentile bootstrap resampling RNG seeds
test,steady_state,pure_revheading_steady,stream_f1,30,0.9800122515264943,0.9781507233307957,0.9817630977767101,0.0052002649363194,,,nan,,,,independent RNG seeds,percentile bootstrap resampling RNG seeds
test,steady_state,pure_revheading_steady,owner_tpr,30,0.9608570197144342,0.9572875112105913,0.964248212638235,0.009973847862675288,,,nan,,,,independent RNG seeds,percentile bootstrap resampling RNG seeds
test,steady_state,pure_revheading_steady,owner_fpr,30,0.0,0.0,0.0,0.0,0,18484,0.09503385285530419,0,30,RNG seed with any event,independent RNG seeds,percentile bootstrap resampling RNG seeds
test,steady_state,pure_revheading_steady,owner_f1,30,0.9800122515264943,0.9781594599265421,0.9818246228178543,0.0052002649363194,,,nan,,,,independent RNG seeds,percentile bootstrap resampling RNG seeds
test,steady_state,pure_revheading_steady,contested_tpr,30,0.0,0.0,0.0,0.0,,,nan,,,,independent RNG seeds,percentile bootstrap resampling RNG seeds
test,steady_state,pure_revheading_steady,contested_fpr,30,0.0,0.0,0.0,0.0,0,18484,0.09503385285530419,0,30,RNG seed with any event,independent RNG seeds,percentile bootstrap resampling RNG seeds
test,steady_state,pure_revheading_steady,contested_f1,30,0.0,0.0,0.0,0.0,,,nan,,,,independent RNG seeds,percentile bootstrap resampling RNG seeds
test,steady_state,pure_revheading_steady,clean_fpr,30,0.0,0.0,0.0,0.0,0,18484,0.09503385285530419,0,30,RNG seed with any event,independent RNG seeds,percentile bootstrap resampling RNG seeds
test,steady_state,pure_revheading_steady,victim_pair_post_onset_alert_rate,0,nan,nan,nan,nan,,,nan,,,,independent RNG seeds,percentile bootstrap resampling RNG seeds
test,steady_state,pure_revheading_steady,victim_id_post_onset_alert_rate,0,nan,nan,nan,nan,,,nan,,,,independent RNG seeds,percentile bootstrap resampling RNG seeds
test,steady_state,pure_revheading_steady,victim_pair_track_alert_rate,0,nan,nan,nan,nan,,,nan,,,,independent RNG seeds,percentile bootstrap resampling RNG seeds
test,steady_state,pure_revheading_steady,victim_id_track_alert_rate,0,nan,nan,nan,nan,,,nan,,,,independent RNG seeds,percentile bootstrap resampling RNG seeds
test,steady_state,pure_revheading_steady,track_stream_tpr,30,0.9556891555764738,0.9516628995648033,0.9596011436814634,0.011365851268014114,,,nan,,,,independent RNG seeds,percentile bootstrap resampling RNG seeds
test,steady_state,pure_revheading_steady,track_stream_fpr,30,0.0,0.0,0.0,0.0,,,nan,,,,independent RNG seeds,percentile bootstrap resampling RNG seeds
test,steady_state,pure_revheading_steady,victim_pair_contested_rate,0,nan,nan,nan,nan,,,nan,,,,independent RNG seeds,percentile bootstrap resampling RNG seeds
test,steady_state,pure_revheading_steady,victim_id_contested_rate,0,nan,nan,nan,nan,,,nan,,,,independent RNG seeds,percentile bootstrap resampling RNG seeds
test,steady_state,pure_revheading_steady,malicious_opportunity_reception_rate,30,0.9795603220216049,0.9767607583770934,0.9823531949623869,0.007884533278178495,,,nan,,,,independent RNG seeds,percentile bootstrap resampling RNG seeds
test,steady_state,pure_revheading_steady,stream_peak_auc,30,0.991588933688417,0.9901898539037813,0.9929361762010447,0.003992415954133196,,,nan,,,,independent RNG seeds,percentile bootstrap resampling RNG seeds
test,steady_state,pure_revheading_steady,owner_peak_auc,30,0.991588933688417,0.9901337259118073,0.992935215153039,0.003992415954133196,,,nan,,,,independent RNG seeds,percentile bootstrap resampling RNG seeds
test,steady_state,pure_revheading_steady,stream_peak_pr_auc,30,0.9884163706902009,0.9864660474230158,0.9902151604115446,0.00546655556803593,,,nan,,,,independent RNG seeds,percentile bootstrap resampling RNG seeds
test,steady_state,pure_revheading_steady,owner_peak_pr_auc,30,0.9884163706902009,0.9864021641603623,0.9902835479017568,0.00546655556803593,,,nan,,,,independent RNG seeds,percentile bootstrap resampling RNG seeds
test,steady_state,pure_revheading_steady,max_clean_score,30,0.05000000000000003,0.05000000000000003,0.05000000000000003,8.739169525851e-18,,,nan,,,,independent RNG seeds,percentile bootstrap resampling RNG seeds
test,steady_state,pure_revheading_steady,clean_margin,30,0.44800000000000006,0.44800000000000006,0.44800000000000006,1.1006105231380347e-16,,,nan,,,,independent RNG seeds,percentile bootstrap resampling RNG seeds
test,steady_state,pure_revheading_steady,peak_identity_keys_per_receiver,30,34.733333333333334,34.121464624203455,35.345202042463214,1.638614497453372,,,nan,,,,independent RNG seeds,Student-t over RNG seeds
test,steady_state,pure_revheading_steady,peak_live_tracks_per_receiver,30,37.766666666666666,36.86427220286335,38.669061130469984,2.4166567578076683,,,nan,,,,independent RNG seeds,Student-t over RNG seeds
test,steady_state,pure_revheading_steady,estimated_state_payload_bytes_per_receiver,30,62191.73333333333,59476.04336928646,64907.4232973802,7272.751293335463,,,nan,,,,independent RNG seeds,Student-t over RNG seeds
test,steady_state,pure_revheading_steady,ttd_detected_frac,30,0.9608570197144342,0.9573367772414939,0.9642115744229548,0.009973847862675288,,,nan,,,,independent RNG seeds,percentile bootstrap resampling RNG seeds
test,steady_state,pure_revheading_steady,latency_ms,30,1.1880115686015742,1.1798721527036977,1.1961509844994507,0.021797756106910073,,,nan,,,,independent RNG seeds,Student-t over RNG seeds
test,steady_state,pure_revheading_steady,pdr,30,0.47105333063975935,0.4640083195973056,0.4784560523321128,0.02047444889310025,,,nan,,,,independent RNG seeds,percentile bootstrap resampling RNG seeds
test,steady_state,pure_slydos_steady,stream_tpr,30,0.0,0.0,0.0,0.0,,,nan,,,,independent RNG seeds,percentile bootstrap resampling RNG seeds
test,steady_state,pure_slydos_steady,stream_fpr,30,0.0,0.0,0.0,0.0,0,18498,0.09503385285530419,0,30,RNG seed with any event,independent RNG seeds,percentile bootstrap resampling RNG seeds
test,steady_state,pure_slydos_steady,stream_precision,0,nan,nan,nan,nan,,,nan,,,,independent RNG seeds,percentile bootstrap resampling RNG seeds
test,steady_state,pure_slydos_steady,stream_f1,30,0.0,0.0,0.0,0.0,,,nan,,,,independent RNG seeds,percentile bootstrap resampling RNG seeds
test,steady_state,pure_slydos_steady,owner_tpr,30,0.0,0.0,0.0,0.0,,,nan,,,,independent RNG seeds,percentile bootstrap resampling RNG seeds
test,steady_state,pure_slydos_steady,owner_fpr,30,0.0,0.0,0.0,0.0,0,18498,0.09503385285530419,0,30,RNG seed with any event,independent RNG seeds,percentile bootstrap resampling RNG seeds
test,steady_state,pure_slydos_steady,owner_f1,30,0.0,0.0,0.0,0.0,,,nan,,,,independent RNG seeds,percentile bootstrap resampling RNG seeds
test,steady_state,pure_slydos_steady,contested_tpr,30,0.0,0.0,0.0,0.0,,,nan,,,,independent RNG seeds,percentile bootstrap resampling RNG seeds
test,steady_state,pure_slydos_steady,contested_fpr,30,0.0,0.0,0.0,0.0,0,18498,0.09503385285530419,0,30,RNG seed with any event,independent RNG seeds,percentile bootstrap resampling RNG seeds
test,steady_state,pure_slydos_steady,contested_f1,30,0.0,0.0,0.0,0.0,,,nan,,,,independent RNG seeds,percentile bootstrap resampling RNG seeds
test,steady_state,pure_slydos_steady,clean_fpr,30,0.0,0.0,0.0,0.0,0,18498,0.09503385285530419,0,30,RNG seed with any event,independent RNG seeds,percentile bootstrap resampling RNG seeds
test,steady_state,pure_slydos_steady,victim_pair_post_onset_alert_rate,0,nan,nan,nan,nan,,,nan,,,,independent RNG seeds,percentile bootstrap resampling RNG seeds
test,steady_state,pure_slydos_steady,victim_id_post_onset_alert_rate,0,nan,nan,nan,nan,,,nan,,,,independent RNG seeds,percentile bootstrap resampling RNG seeds
test,steady_state,pure_slydos_steady,victim_pair_track_alert_rate,0,nan,nan,nan,nan,,,nan,,,,independent RNG seeds,percentile bootstrap resampling RNG seeds
test,steady_state,pure_slydos_steady,victim_id_track_alert_rate,0,nan,nan,nan,nan,,,nan,,,,independent RNG seeds,percentile bootstrap resampling RNG seeds
test,steady_state,pure_slydos_steady,track_stream_tpr,30,0.0,0.0,0.0,0.0,,,nan,,,,independent RNG seeds,percentile bootstrap resampling RNG seeds
test,steady_state,pure_slydos_steady,track_stream_fpr,30,0.0,0.0,0.0,0.0,,,nan,,,,independent RNG seeds,percentile bootstrap resampling RNG seeds
test,steady_state,pure_slydos_steady,victim_pair_contested_rate,0,nan,nan,nan,nan,,,nan,,,,independent RNG seeds,percentile bootstrap resampling RNG seeds
test,steady_state,pure_slydos_steady,victim_id_contested_rate,0,nan,nan,nan,nan,,,nan,,,,independent RNG seeds,percentile bootstrap resampling RNG seeds
test,steady_state,pure_slydos_steady,malicious_opportunity_reception_rate,30,0.9854718597722858,0.9829378366839363,0.9878825081046165,0.0070391280195176474,,,nan,,,,independent RNG seeds,percentile bootstrap resampling RNG seeds
test,steady_state,pure_slydos_steady,stream_peak_auc,30,0.4993259275658996,0.49843755716555743,0.5002333406645346,0.0025594653909844535,,,nan,,,,independent RNG seeds,percentile bootstrap resampling RNG seeds
test,steady_state,pure_slydos_steady,owner_peak_auc,30,0.4993259275658996,0.49841620790965246,0.500202614497405,0.0025594653909844535,,,nan,,,,independent RNG seeds,percentile bootstrap resampling RNG seeds
test,steady_state,pure_slydos_steady,stream_peak_pr_auc,30,0.30942969434318995,0.30465938227029454,0.31405045162451867,0.013509810715381964,,,nan,,,,independent RNG seeds,percentile bootstrap resampling RNG seeds
test,steady_state,pure_slydos_steady,owner_peak_pr_auc,30,0.30942969434318995,0.30462229724855167,0.3142275268717987,0.013509810715381964,,,nan,,,,independent RNG seeds,percentile bootstrap resampling RNG seeds
test,steady_state,pure_slydos_steady,max_clean_score,30,0.05000000000000003,0.05000000000000003,0.05000000000000003,8.739169525851e-18,,,nan,,,,independent RNG seeds,percentile bootstrap resampling RNG seeds
test,steady_state,pure_slydos_steady,clean_margin,30,0.44800000000000006,0.44800000000000006,0.44800000000000006,1.1006105231380347e-16,,,nan,,,,independent RNG seeds,percentile bootstrap resampling RNG seeds
test,steady_state,pure_slydos_steady,peak_identity_keys_per_receiver,30,34.63333333333333,34.04920313963026,35.21746352703641,1.5643293888377887,,,nan,,,,independent RNG seeds,Student-t over RNG seeds
test,steady_state,pure_slydos_steady,peak_live_tracks_per_receiver,30,35.03333333333333,34.417157934087946,35.64950873257872,1.6501480254047294,,,nan,,,,independent RNG seeds,Student-t over RNG seeds
test,steady_state,pure_slydos_steady,estimated_state_payload_bytes_per_receiver,30,69402.13333333333,66466.3196877754,72337.94697889127,7862.253339076278,,,nan,,,,independent RNG seeds,Student-t over RNG seeds
test,steady_state,pure_slydos_steady,ttd_detected_frac,30,0.0,0.0,0.0,0.0,,,nan,,,,independent RNG seeds,percentile bootstrap resampling RNG seeds
test,steady_state,pure_slydos_steady,latency_ms,30,1.194112189019786,1.1862275521759897,1.2019968258635825,0.021115445268924882,,,nan,,,,independent RNG seeds,Student-t over RNG seeds
test,steady_state,pure_slydos_steady,pdr,30,0.46919101709655947,0.46218389822409967,0.4767205767676752,0.021167390380269078,,,nan,,,,independent RNG seeds,percentile bootstrap resampling RNG seeds
