family,arm,truth_target,curve_semantics,threshold,tpr,tpr_metric_n,fpr,fpr_metric_n,precision,precision_metric_n,cluster_unit,uncertainty
benign,benign,malicious_stream,scalar peak-score discrimination; not the post-onset crossing endpoint,0.05000000000000001,nan,0,0.0,1,nan,0,RNG seed,descriptive means; no pointwise confidence intervals
benign,benign,malicious_stream,scalar peak-score discrimination; not the post-onset crossing endpoint,0.05,nan,0,1.0,1,0.0,1,RNG seed,descriptive means; no pointwise confidence intervals
benign,benign,attacker_owner,scalar peak-score discrimination; not the post-onset crossing endpoint,0.05000000000000001,nan,0,0.0,1,nan,0,RNG seed,descriptive means; no pointwise confidence intervals
benign,benign,attacker_owner,scalar peak-score discrimination; not the post-onset crossing endpoint,0.05,nan,0,1.0,1,0.0,1,RNG seed,descriptive means; no pointwise confidence intervals
mixedhard_prevalence,mixedhard_frac_0p2,malicious_stream,scalar peak-score discrimination; not the post-onset crossing endpoint,0.9996646498695336,0.0,1,0.0,1,nan,0,RNG seed,descriptive means; no pointwise confidence intervals
mixedhard_prevalence,mixedhard_frac_0p2,malicious_stream,scalar peak-score discrimination; not the post-onset crossing endpoint,0.9947671658252617,0.5555555555555556,1,0.0,1,1.0,1,RNG seed,descriptive means; no pointwise confidence intervals
mixedhard_prevalence,mixedhard_frac_0p2,malicious_stream,scalar peak-score discrimination; not the post-onset crossing endpoint,0.9898696817809898,0.5555555555555556,1,0.0,1,1.0,1,RNG seed,descriptive means; no pointwise confidence intervals
mixedhard_prevalence,mixedhard_frac_0p2,malicious_stream,scalar peak-score discrimination; not the post-onset crossing endpoint,0.9849721977367177,0.5555555555555556,1,0.0,1,1.0,1,RNG seed,descriptive means; no pointwise confidence intervals
mixedhard_prevalence,mixedhard_frac_0p2,malicious_stream,scalar peak-score discrimination; not the post-onset crossing endpoint,0.9800747136924458,0.5555555555555556,1,0.0,1,1.0,1,RNG seed,descriptive means; no pointwise confidence intervals
mixedhard_prevalence,mixedhard_frac_0p2,malicious_stream,scalar peak-score discrimination; not the post-onset crossing endpoint,0.9751772296481739,0.5555555555555556,1,0.0,1,1.0,1,RNG seed,descriptive means; no pointwise confidence intervals
mixedhard_prevalence,mixedhard_frac_0p2,malicious_stream,scalar peak-score discrimination; not the post-onset crossing endpoint,0.970279745603902,0.5555555555555556,1,0.0,1,1.0,1,RNG seed,descriptive means; no pointwise confidence intervals
mixedhard_prevalence,mixedhard_frac_0p2,malicious_stream,scalar peak-score discrimination; not the post-onset crossing endpoint,0.8587687296416946,0.6666666666666666,1,0.0,1,1.0,1,RNG seed,descriptive means; no pointwise confidence intervals
mixedhard_prevalence,mixedhard_frac_0p2,malicious_stream,scalar peak-score discrimination; not the post-onset crossing endpoint,0.711719869706841,0.6666666666666666,1,0.0,1,1.0,1,RNG seed,descriptive means; no pointwise confidence intervals
mixedhard_prevalence,mixedhard_frac_0p2,malicious_stream,scalar peak-score discrimination; not the post-onset crossing endpoint,0.5646710097719875,0.6666666666666666,1,0.0,1,1.0,1,RNG seed,descriptive means; no pointwise confidence intervals
mixedhard_prevalence,mixedhard_frac_0p2,malicious_stream,scalar peak-score discrimination; not the post-onset crossing endpoint,0.41762214983713386,0.6666666666666666,1,0.0,1,1.0,1,RNG seed,descriptive means; no pointwise confidence intervals
mixedhard_prevalence,mixedhard_frac_0p2,malicious_stream,scalar peak-score discrimination; not the post-onset crossing endpoint,0.27057328990228036,0.6666666666666666,1,0.0,1,1.0,1,RNG seed,descriptive means; no pointwise confidence intervals
mixedhard_prevalence,mixedhard_frac_0p2,malicious_stream,scalar peak-score discrimination; not the post-onset crossing endpoint,0.1235244299674268,0.6666666666666666,1,0.0,1,1.0,1,RNG seed,descriptive means; no pointwise confidence intervals
mixedhard_prevalence,mixedhard_frac_0p2,malicious_stream,scalar peak-score discrimination; not the post-onset crossing endpoint,0.05000000000000001,0.6666666666666666,1,0.0,1,1.0,1,RNG seed,descriptive means; no pointwise confidence intervals
mixedhard_prevalence,mixedhard_frac_0p2,malicious_stream,scalar peak-score discrimination; not the post-onset crossing endpoint,0.05,1.0,1,1.0,1,0.5294117647058824,1,RNG seed,descriptive means; no pointwise confidence intervals
mixedhard_prevalence,mixedhard_frac_0p2,attacker_owner,scalar peak-score discrimination; not the post-onset crossing endpoint,0.9996646498695336,0.0,1,0.0,1,nan,0,RNG seed,descriptive means; no pointwise confidence intervals
mixedhard_prevalence,mixedhard_frac_0p2,attacker_owner,scalar peak-score discrimination; not the post-onset crossing endpoint,0.9947671658252617,0.5,1,0.26666666666666666,1,0.2,1,RNG seed,descriptive means; no pointwise confidence intervals
mixedhard_prevalence,mixedhard_frac_0p2,attacker_owner,scalar peak-score discrimination; not the post-onset crossing endpoint,0.9898696817809898,0.5,1,0.26666666666666666,1,0.2,1,RNG seed,descriptive means; no pointwise confidence intervals
mixedhard_prevalence,mixedhard_frac_0p2,attacker_owner,scalar peak-score discrimination; not the post-onset crossing endpoint,0.9849721977367177,0.5,1,0.26666666666666666,1,0.2,1,RNG seed,descriptive means; no pointwise confidence intervals
mixedhard_prevalence,mixedhard_frac_0p2,attacker_owner,scalar peak-score discrimination; not the post-onset crossing endpoint,0.9800747136924458,0.5,1,0.26666666666666666,1,0.2,1,RNG seed,descriptive means; no pointwise confidence intervals
mixedhard_prevalence,mixedhard_frac_0p2,attacker_owner,scalar peak-score discrimination; not the post-onset crossing endpoint,0.9751772296481739,0.5,1,0.26666666666666666,1,0.2,1,RNG seed,descriptive means; no pointwise confidence intervals
mixedhard_prevalence,mixedhard_frac_0p2,attacker_owner,scalar peak-score discrimination; not the post-onset crossing endpoint,0.970279745603902,0.5,1,0.26666666666666666,1,0.2,1,RNG seed,descriptive means; no pointwise confidence intervals
mixedhard_prevalence,mixedhard_frac_0p2,attacker_owner,scalar peak-score discrimination; not the post-onset crossing endpoint,0.8587687296416946,1.0,1,0.26666666666666666,1,0.3333333333333333,1,RNG seed,descriptive means; no pointwise confidence intervals
mixedhard_prevalence,mixedhard_frac_0p2,attacker_owner,scalar peak-score discrimination; not the post-onset crossing endpoint,0.711719869706841,1.0,1,0.26666666666666666,1,0.3333333333333333,1,RNG seed,descriptive means; no pointwise confidence intervals
mixedhard_prevalence,mixedhard_frac_0p2,attacker_owner,scalar peak-score discrimination; not the post-onset crossing endpoint,0.5646710097719875,1.0,1,0.26666666666666666,1,0.3333333333333333,1,RNG seed,descriptive means; no pointwise confidence intervals
mixedhard_prevalence,mixedhard_frac_0p2,attacker_owner,scalar peak-score discrimination; not the post-onset crossing endpoint,0.41762214983713386,1.0,1,0.26666666666666666,1,0.3333333333333333,1,RNG seed,descriptive means; no pointwise confidence intervals
mixedhard_prevalence,mixedhard_frac_0p2,attacker_owner,scalar peak-score discrimination; not the post-onset crossing endpoint,0.27057328990228036,1.0,1,0.26666666666666666,1,0.3333333333333333,1,RNG seed,descriptive means; no pointwise confidence intervals
mixedhard_prevalence,mixedhard_frac_0p2,attacker_owner,scalar peak-score discrimination; not the post-onset crossing endpoint,0.1235244299674268,1.0,1,0.26666666666666666,1,0.3333333333333333,1,RNG seed,descriptive means; no pointwise confidence intervals
mixedhard_prevalence,mixedhard_frac_0p2,attacker_owner,scalar peak-score discrimination; not the post-onset crossing endpoint,0.05000000000000001,1.0,1,0.26666666666666666,1,0.3333333333333333,1,RNG seed,descriptive means; no pointwise confidence intervals
mixedhard_prevalence,mixedhard_frac_0p2,attacker_owner,scalar peak-score discrimination; not the post-onset crossing endpoint,0.05,1.0,1,1.0,1,0.11764705882352941,1,RNG seed,descriptive means; no pointwise confidence intervals
mixedhard_prevalence,mixedhard_frac_0p5,malicious_stream,scalar peak-score discrimination; not the post-onset crossing endpoint,0.9996646498695336,0.0,1,0.0,1,nan,0,RNG seed,descriptive means; no pointwise confidence intervals
mixedhard_prevalence,mixedhard_frac_0p5,malicious_stream,scalar peak-score discrimination; not the post-onset crossing endpoint,0.9046981848825806,0.5,1,0.0,1,1.0,1,RNG seed,descriptive means; no pointwise confidence intervals
mixedhard_prevalence,mixedhard_frac_0p5,malicious_stream,scalar peak-score discrimination; not the post-onset crossing endpoint,0.8097317198956275,0.5,1,0.0,1,1.0,1,RNG seed,descriptive means; no pointwise confidence intervals
mixedhard_prevalence,mixedhard_frac_0p5,malicious_stream,scalar peak-score discrimination; not the post-onset crossing endpoint,0.7147652549086737,0.5,1,0.0,1,1.0,1,RNG seed,descriptive means; no pointwise confidence intervals
mixedhard_prevalence,mixedhard_frac_0p5,malicious_stream,scalar peak-score discrimination; not the post-onset crossing endpoint,0.6197987899217199,0.5,1,0.0,1,1.0,1,RNG seed,descriptive means; no pointwise confidence intervals
mixedhard_prevalence,mixedhard_frac_0p5,malicious_stream,scalar peak-score discrimination; not the post-onset crossing endpoint,0.5248323249347668,0.5,1,0.0,1,1.0,1,RNG seed,descriptive means; no pointwise confidence intervals
mixedhard_prevalence,mixedhard_frac_0p5,malicious_stream,scalar peak-score discrimination; not the post-onset crossing endpoint,0.42986585994781373,0.5,1,0.0,1,1.0,1,RNG seed,descriptive means; no pointwise confidence intervals
mixedhard_prevalence,mixedhard_frac_0p5,malicious_stream,scalar peak-score discrimination; not the post-onset crossing endpoint,0.3348993949608599,0.5,1,0.0,1,1.0,1,RNG seed,descriptive means; no pointwise confidence intervals
mixedhard_prevalence,mixedhard_frac_0p5,malicious_stream,scalar peak-score discrimination; not the post-onset crossing endpoint,0.23993292997390606,0.5,1,0.0,1,1.0,1,RNG seed,descriptive means; no pointwise confidence intervals
mixedhard_prevalence,mixedhard_frac_0p5,malicious_stream,scalar peak-score discrimination; not the post-onset crossing endpoint,0.14496646498695304,0.5,1,0.0,1,1.0,1,RNG seed,descriptive means; no pointwise confidence intervals
mixedhard_prevalence,mixedhard_frac_0p5,malicious_stream,scalar peak-score discrimination; not the post-onset crossing endpoint,0.050000000000000856,0.5,1,0.0,1,1.0,1,RNG seed,descriptive means; no pointwise confidence intervals
mixedhard_prevalence,mixedhard_frac_0p5,malicious_stream,scalar peak-score discrimination; not the post-onset crossing endpoint,0.05000000000000001,0.5,1,0.0,1,1.0,1,RNG seed,descriptive means; no pointwise confidence intervals
mixedhard_prevalence,mixedhard_frac_0p5,malicious_stream,scalar peak-score discrimination; not the post-onset crossing endpoint,0.05,1.0,1,1.0,1,0.5454545454545454,1,RNG seed,descriptive means; no pointwise confidence intervals
mixedhard_prevalence,mixedhard_frac_0p5,attacker_owner,scalar peak-score discrimination; not the post-onset crossing endpoint,0.9996646498695336,0.0,1,0.0,1,nan,0,RNG seed,descriptive means; no pointwise confidence intervals
mixedhard_prevalence,mixedhard_frac_0p5,attacker_owner,scalar peak-score discrimination; not the post-onset crossing endpoint,0.9046981848825806,0.6666666666666666,1,0.125,1,0.6666666666666666,1,RNG seed,descriptive means; no pointwise confidence intervals
mixedhard_prevalence,mixedhard_frac_0p5,attacker_owner,scalar peak-score discrimination; not the post-onset crossing endpoint,0.8097317198956275,0.6666666666666666,1,0.125,1,0.6666666666666666,1,RNG seed,descriptive means; no pointwise confidence intervals
mixedhard_prevalence,mixedhard_frac_0p5,attacker_owner,scalar peak-score discrimination; not the post-onset crossing endpoint,0.7147652549086737,0.6666666666666666,1,0.125,1,0.6666666666666666,1,RNG seed,descriptive means; no pointwise confidence intervals
mixedhard_prevalence,mixedhard_frac_0p5,attacker_owner,scalar peak-score discrimination; not the post-onset crossing endpoint,0.6197987899217199,0.6666666666666666,1,0.125,1,0.6666666666666666,1,RNG seed,descriptive means; no pointwise confidence intervals
mixedhard_prevalence,mixedhard_frac_0p5,attacker_owner,scalar peak-score discrimination; not the post-onset crossing endpoint,0.5248323249347668,0.6666666666666666,1,0.125,1,0.6666666666666666,1,RNG seed,descriptive means; no pointwise confidence intervals
mixedhard_prevalence,mixedhard_frac_0p5,attacker_owner,scalar peak-score discrimination; not the post-onset crossing endpoint,0.42986585994781373,0.6666666666666666,1,0.125,1,0.6666666666666666,1,RNG seed,descriptive means; no pointwise confidence intervals
mixedhard_prevalence,mixedhard_frac_0p5,attacker_owner,scalar peak-score discrimination; not the post-onset crossing endpoint,0.3348993949608599,0.6666666666666666,1,0.125,1,0.6666666666666666,1,RNG seed,descriptive means; no pointwise confidence intervals
mixedhard_prevalence,mixedhard_frac_0p5,attacker_owner,scalar peak-score discrimination; not the post-onset crossing endpoint,0.23993292997390606,0.6666666666666666,1,0.125,1,0.6666666666666666,1,RNG seed,descriptive means; no pointwise confidence intervals
mixedhard_prevalence,mixedhard_frac_0p5,attacker_owner,scalar peak-score discrimination; not the post-onset crossing endpoint,0.14496646498695304,0.6666666666666666,1,0.125,1,0.6666666666666666,1,RNG seed,descriptive means; no pointwise confidence intervals
mixedhard_prevalence,mixedhard_frac_0p5,attacker_owner,scalar peak-score discrimination; not the post-onset crossing endpoint,0.050000000000000856,0.6666666666666666,1,0.125,1,0.6666666666666666,1,RNG seed,descriptive means; no pointwise confidence intervals
mixedhard_prevalence,mixedhard_frac_0p5,attacker_owner,scalar peak-score discrimination; not the post-onset crossing endpoint,0.05000000000000001,0.6666666666666666,1,0.125,1,0.6666666666666666,1,RNG seed,descriptive means; no pointwise confidence intervals
mixedhard_prevalence,mixedhard_frac_0p5,attacker_owner,scalar peak-score discrimination; not the post-onset crossing endpoint,0.05,1.0,1,1.0,1,0.2727272727272727,1,RNG seed,descriptive means; no pointwise confidence intervals
mobility,manoeuvre,malicious_stream,scalar peak-score discrimination; not the post-onset crossing endpoint,0.9996646498695336,0.0,1,0.0,1,nan,0,RNG seed,descriptive means; no pointwise confidence intervals
mobility,manoeuvre,malicious_stream,scalar peak-score discrimination; not the post-onset crossing endpoint,0.9616780638747531,0.42857142857142855,1,0.0,1,1.0,1,RNG seed,descriptive means; no pointwise confidence intervals
mobility,manoeuvre,malicious_stream,scalar peak-score discrimination; not the post-onset crossing endpoint,0.8477183058904081,0.42857142857142855,1,0.0,1,1.0,1,RNG seed,descriptive means; no pointwise confidence intervals
mobility,manoeuvre,malicious_stream,scalar peak-score discrimination; not the post-onset crossing endpoint,0.7337585479060649,0.42857142857142855,1,0.0,1,1.0,1,RNG seed,descriptive means; no pointwise confidence intervals
mobility,manoeuvre,malicious_stream,scalar peak-score discrimination; not the post-onset crossing endpoint,0.6197987899217215,0.42857142857142855,1,0.0,1,1.0,1,RNG seed,descriptive means; no pointwise confidence intervals
mobility,manoeuvre,malicious_stream,scalar peak-score discrimination; not the post-onset crossing endpoint,0.5058390319373766,0.42857142857142855,1,0.0,1,1.0,1,RNG seed,descriptive means; no pointwise confidence intervals
mobility,manoeuvre,malicious_stream,scalar peak-score discrimination; not the post-onset crossing endpoint,0.3918792739530315,0.42857142857142855,1,0.0,1,1.0,1,RNG seed,descriptive means; no pointwise confidence intervals
mobility,manoeuvre,malicious_stream,scalar peak-score discrimination; not the post-onset crossing endpoint,0.27791951596868825,0.42857142857142855,1,0.0,1,1.0,1,RNG seed,descriptive means; no pointwise confidence intervals
mobility,manoeuvre,malicious_stream,scalar peak-score discrimination; not the post-onset crossing endpoint,0.16395975798434498,0.42857142857142855,1,0.0,1,1.0,1,RNG seed,descriptive means; no pointwise confidence intervals
mobility,manoeuvre,malicious_stream,scalar peak-score discrimination; not the post-onset crossing endpoint,0.05000000000000001,0.42857142857142855,1,0.0,1,1.0,1,RNG seed,descriptive means; no pointwise confidence intervals
mobility,manoeuvre,malicious_stream,scalar peak-score discrimination; not the post-onset crossing endpoint,0.05,1.0,1,1.0,1,0.5384615384615384,1,RNG seed,descriptive means; no pointwise confidence intervals
mobility,manoeuvre,attacker_owner,scalar peak-score discrimination; not the post-onset crossing endpoint,0.9996646498695336,0.0,1,0.0,1,nan,0,RNG seed,descriptive means; no pointwise confidence intervals
mobility,manoeuvre,attacker_owner,scalar peak-score discrimination; not the post-onset crossing endpoint,0.9616780638747531,0.5,1,0.1111111111111111,1,0.6666666666666666,1,RNG seed,descriptive means; no pointwise confidence intervals
mobility,manoeuvre,attacker_owner,scalar peak-score discrimination; not the post-onset crossing endpoint,0.8477183058904081,0.5,1,0.1111111111111111,1,0.6666666666666666,1,RNG seed,descriptive means; no pointwise confidence intervals
mobility,manoeuvre,attacker_owner,scalar peak-score discrimination; not the post-onset crossing endpoint,0.7337585479060649,0.5,1,0.1111111111111111,1,0.6666666666666666,1,RNG seed,descriptive means; no pointwise confidence intervals
mobility,manoeuvre,attacker_owner,scalar peak-score discrimination; not the post-onset crossing endpoint,0.6197987899217215,0.5,1,0.1111111111111111,1,0.6666666666666666,1,RNG seed,descriptive means; no pointwise confidence intervals
mobility,manoeuvre,attacker_owner,scalar peak-score discrimination; not the post-onset crossing endpoint,0.5058390319373766,0.5,1,0.1111111111111111,1,0.6666666666666666,1,RNG seed,descriptive means; no pointwise confidence intervals
mobility,manoeuvre,attacker_owner,scalar peak-score discrimination; not the post-onset crossing endpoint,0.3918792739530315,0.5,1,0.1111111111111111,1,0.6666666666666666,1,RNG seed,descriptive means; no pointwise confidence intervals
mobility,manoeuvre,attacker_owner,scalar peak-score discrimination; not the post-onset crossing endpoint,0.27791951596868825,0.5,1,0.1111111111111111,1,0.6666666666666666,1,RNG seed,descriptive means; no pointwise confidence intervals
mobility,manoeuvre,attacker_owner,scalar peak-score discrimination; not the post-onset crossing endpoint,0.16395975798434498,0.5,1,0.1111111111111111,1,0.6666666666666666,1,RNG seed,descriptive means; no pointwise confidence intervals
mobility,manoeuvre,attacker_owner,scalar peak-score discrimination; not the post-onset crossing endpoint,0.05000000000000001,0.5,1,0.1111111111111111,1,0.6666666666666666,1,RNG seed,descriptive means; no pointwise confidence intervals
mobility,manoeuvre,attacker_owner,scalar peak-score discrimination; not the post-onset crossing endpoint,0.05,1.0,1,1.0,1,0.3076923076923077,1,RNG seed,descriptive means; no pointwise confidence intervals
noise_misspecification,actual_2_assumed_4,malicious_stream,scalar peak-score discrimination; not the post-onset crossing endpoint,0.9996646498695336,0.0,1,0.0,1,nan,0,RNG seed,descriptive means; no pointwise confidence intervals
noise_misspecification,actual_2_assumed_4,malicious_stream,scalar peak-score discrimination; not the post-onset crossing endpoint,0.9046981848825806,0.5,1,0.0,1,1.0,1,RNG seed,descriptive means; no pointwise confidence intervals
noise_misspecification,actual_2_assumed_4,malicious_stream,scalar peak-score discrimination; not the post-onset crossing endpoint,0.8097317198956275,0.5,1,0.0,1,1.0,1,RNG seed,descriptive means; no pointwise confidence intervals
noise_misspecification,actual_2_assumed_4,malicious_stream,scalar peak-score discrimination; not the post-onset crossing endpoint,0.7147652549086737,0.5,1,0.0,1,1.0,1,RNG seed,descriptive means; no pointwise confidence intervals
noise_misspecification,actual_2_assumed_4,malicious_stream,scalar peak-score discrimination; not the post-onset crossing endpoint,0.6197987899217199,0.5,1,0.0,1,1.0,1,RNG seed,descriptive means; no pointwise confidence intervals
noise_misspecification,actual_2_assumed_4,malicious_stream,scalar peak-score discrimination; not the post-onset crossing endpoint,0.5248323249347668,0.5,1,0.0,1,1.0,1,RNG seed,descriptive means; no pointwise confidence intervals
noise_misspecification,actual_2_assumed_4,malicious_stream,scalar peak-score discrimination; not the post-onset crossing endpoint,0.42986585994781373,0.5,1,0.0,1,1.0,1,RNG seed,descriptive means; no pointwise confidence intervals
noise_misspecification,actual_2_assumed_4,malicious_stream,scalar peak-score discrimination; not the post-onset crossing endpoint,0.3348993949608599,0.5,1,0.0,1,1.0,1,RNG seed,descriptive means; no pointwise confidence intervals
noise_misspecification,actual_2_assumed_4,malicious_stream,scalar peak-score discrimination; not the post-onset crossing endpoint,0.23993292997390606,0.5,1,0.0,1,1.0,1,RNG seed,descriptive means; no pointwise confidence intervals
noise_misspecification,actual_2_assumed_4,malicious_stream,scalar peak-score discrimination; not the post-onset crossing endpoint,0.14496646498695304,0.5,1,0.0,1,1.0,1,RNG seed,descriptive means; no pointwise confidence intervals
noise_misspecification,actual_2_assumed_4,malicious_stream,scalar peak-score discrimination; not the post-onset crossing endpoint,0.050000000000000856,0.5,1,0.0,1,1.0,1,RNG seed,descriptive means; no pointwise confidence intervals
noise_misspecification,actual_2_assumed_4,malicious_stream,scalar peak-score discrimination; not the post-onset crossing endpoint,0.05000000000000001,0.5,1,0.0,1,1.0,1,RNG seed,descriptive means; no pointwise confidence intervals
noise_misspecification,actual_2_assumed_4,malicious_stream,scalar peak-score discrimination; not the post-onset crossing endpoint,0.05,1.0,1,1.0,1,0.5454545454545454,1,RNG seed,descriptive means; no pointwise confidence intervals
noise_misspecification,actual_2_assumed_4,attacker_owner,scalar peak-score discrimination; not the post-onset crossing endpoint,0.9996646498695336,0.0,1,0.0,1,nan,0,RNG seed,descriptive means; no pointwise confidence intervals
noise_misspecification,actual_2_assumed_4,attacker_owner,scalar peak-score discrimination; not the post-onset crossing endpoint,0.9046981848825806,0.6666666666666666,1,0.125,1,0.6666666666666666,1,RNG seed,descriptive means; no pointwise confidence intervals
noise_misspecification,actual_2_assumed_4,attacker_owner,scalar peak-score discrimination; not the post-onset crossing endpoint,0.8097317198956275,0.6666666666666666,1,0.125,1,0.6666666666666666,1,RNG seed,descriptive means; no pointwise confidence intervals
noise_misspecification,actual_2_assumed_4,attacker_owner,scalar peak-score discrimination; not the post-onset crossing endpoint,0.7147652549086737,0.6666666666666666,1,0.125,1,0.6666666666666666,1,RNG seed,descriptive means; no pointwise confidence intervals
noise_misspecification,actual_2_assumed_4,attacker_owner,scalar peak-score discrimination; not the post-onset crossing endpoint,0.6197987899217199,0.6666666666666666,1,0.125,1,0.6666666666666666,1,RNG seed,descriptive means; no pointwise confidence intervals
noise_misspecification,actual_2_assumed_4,attacker_owner,scalar peak-score discrimination; not the post-onset crossing endpoint,0.5248323249347668,0.6666666666666666,1,0.125,1,0.6666666666666666,1,RNG seed,descriptive means; no pointwise confidence intervals
noise_misspecification,actual_2_assumed_4,attacker_owner,scalar peak-score discrimination; not the post-onset crossing endpoint,0.42986585994781373,0.6666666666666666,1,0.125,1,0.6666666666666666,1,RNG seed,descriptive means; no pointwise confidence intervals
noise_misspecification,actual_2_assumed_4,attacker_owner,scalar peak-score discrimination; not the post-onset crossing endpoint,0.3348993949608599,0.6666666666666666,1,0.125,1,0.6666666666666666,1,RNG seed,descriptive means; no pointwise confidence intervals
noise_misspecification,actual_2_assumed_4,attacker_owner,scalar peak-score discrimination; not the post-onset crossing endpoint,0.23993292997390606,0.6666666666666666,1,0.125,1,0.6666666666666666,1,RNG seed,descriptive means; no pointwise confidence intervals
noise_misspecification,actual_2_assumed_4,attacker_owner,scalar peak-score discrimination; not the post-onset crossing endpoint,0.14496646498695304,0.6666666666666666,1,0.125,1,0.6666666666666666,1,RNG seed,descriptive means; no pointwise confidence intervals
noise_misspecification,actual_2_assumed_4,attacker_owner,scalar peak-score discrimination; not the post-onset crossing endpoint,0.050000000000000856,0.6666666666666666,1,0.125,1,0.6666666666666666,1,RNG seed,descriptive means; no pointwise confidence intervals
noise_misspecification,actual_2_assumed_4,attacker_owner,scalar peak-score discrimination; not the post-onset crossing endpoint,0.05000000000000001,0.6666666666666666,1,0.125,1,0.6666666666666666,1,RNG seed,descriptive means; no pointwise confidence intervals
noise_misspecification,actual_2_assumed_4,attacker_owner,scalar peak-score discrimination; not the post-onset crossing endpoint,0.05,1.0,1,1.0,1,0.2727272727272727,1,RNG seed,descriptive means; no pointwise confidence intervals
noise_misspecification,actual_4_assumed_2,malicious_stream,scalar peak-score discrimination; not the post-onset crossing endpoint,0.9996646498695336,0.0,1,0.0,1,nan,0,RNG seed,descriptive means; no pointwise confidence intervals
noise_misspecification,actual_4_assumed_2,malicious_stream,scalar peak-score discrimination; not the post-onset crossing endpoint,0.9046981848825806,0.5,1,0.0,1,1.0,1,RNG seed,descriptive means; no pointwise confidence intervals
noise_misspecification,actual_4_assumed_2,malicious_stream,scalar peak-score discrimination; not the post-onset crossing endpoint,0.8097317198956275,0.5,1,0.0,1,1.0,1,RNG seed,descriptive means; no pointwise confidence intervals
noise_misspecification,actual_4_assumed_2,malicious_stream,scalar peak-score discrimination; not the post-onset crossing endpoint,0.7147652549086737,0.5,1,0.0,1,1.0,1,RNG seed,descriptive means; no pointwise confidence intervals
noise_misspecification,actual_4_assumed_2,malicious_stream,scalar peak-score discrimination; not the post-onset crossing endpoint,0.6197987899217199,0.5,1,0.0,1,1.0,1,RNG seed,descriptive means; no pointwise confidence intervals
noise_misspecification,actual_4_assumed_2,malicious_stream,scalar peak-score discrimination; not the post-onset crossing endpoint,0.5248323249347668,0.5,1,0.0,1,1.0,1,RNG seed,descriptive means; no pointwise confidence intervals
noise_misspecification,actual_4_assumed_2,malicious_stream,scalar peak-score discrimination; not the post-onset crossing endpoint,0.42986585994781373,0.5,1,0.0,1,1.0,1,RNG seed,descriptive means; no pointwise confidence intervals
noise_misspecification,actual_4_assumed_2,malicious_stream,scalar peak-score discrimination; not the post-onset crossing endpoint,0.3348993949608599,0.5,1,0.0,1,1.0,1,RNG seed,descriptive means; no pointwise confidence intervals
noise_misspecification,actual_4_assumed_2,malicious_stream,scalar peak-score discrimination; not the post-onset crossing endpoint,0.23993292997390606,0.5,1,0.0,1,1.0,1,RNG seed,descriptive means; no pointwise confidence intervals
noise_misspecification,actual_4_assumed_2,malicious_stream,scalar peak-score discrimination; not the post-onset crossing endpoint,0.14496646498695304,0.5,1,0.0,1,1.0,1,RNG seed,descriptive means; no pointwise confidence intervals
noise_misspecification,actual_4_assumed_2,malicious_stream,scalar peak-score discrimination; not the post-onset crossing endpoint,0.050000000000000856,0.5,1,0.0,1,1.0,1,RNG seed,descriptive means; no pointwise confidence intervals
noise_misspecification,actual_4_assumed_2,malicious_stream,scalar peak-score discrimination; not the post-onset crossing endpoint,0.05000000000000001,0.5,1,0.0,1,1.0,1,RNG seed,descriptive means; no pointwise confidence intervals
noise_misspecification,actual_4_assumed_2,malicious_stream,scalar peak-score discrimination; not the post-onset crossing endpoint,0.05,1.0,1,1.0,1,0.5454545454545454,1,RNG seed,descriptive means; no pointwise confidence intervals
noise_misspecification,actual_4_assumed_2,attacker_owner,scalar peak-score discrimination; not the post-onset crossing endpoint,0.9996646498695336,0.0,1,0.0,1,nan,0,RNG seed,descriptive means; no pointwise confidence intervals
noise_misspecification,actual_4_assumed_2,attacker_owner,scalar peak-score discrimination; not the post-onset crossing endpoint,0.9046981848825806,0.6666666666666666,1,0.125,1,0.6666666666666666,1,RNG seed,descriptive means; no pointwise confidence intervals
noise_misspecification,actual_4_assumed_2,attacker_owner,scalar peak-score discrimination; not the post-onset crossing endpoint,0.8097317198956275,0.6666666666666666,1,0.125,1,0.6666666666666666,1,RNG seed,descriptive means; no pointwise confidence intervals
noise_misspecification,actual_4_assumed_2,attacker_owner,scalar peak-score discrimination; not the post-onset crossing endpoint,0.7147652549086737,0.6666666666666666,1,0.125,1,0.6666666666666666,1,RNG seed,descriptive means; no pointwise confidence intervals
noise_misspecification,actual_4_assumed_2,attacker_owner,scalar peak-score discrimination; not the post-onset crossing endpoint,0.6197987899217199,0.6666666666666666,1,0.125,1,0.6666666666666666,1,RNG seed,descriptive means; no pointwise confidence intervals
noise_misspecification,actual_4_assumed_2,attacker_owner,scalar peak-score discrimination; not the post-onset crossing endpoint,0.5248323249347668,0.6666666666666666,1,0.125,1,0.6666666666666666,1,RNG seed,descriptive means; no pointwise confidence intervals
noise_misspecification,actual_4_assumed_2,attacker_owner,scalar peak-score discrimination; not the post-onset crossing endpoint,0.42986585994781373,0.6666666666666666,1,0.125,1,0.6666666666666666,1,RNG seed,descriptive means; no pointwise confidence intervals
noise_misspecification,actual_4_assumed_2,attacker_owner,scalar peak-score discrimination; not the post-onset crossing endpoint,0.3348993949608599,0.6666666666666666,1,0.125,1,0.6666666666666666,1,RNG seed,descriptive means; no pointwise confidence intervals
noise_misspecification,actual_4_assumed_2,attacker_owner,scalar peak-score discrimination; not the post-onset crossing endpoint,0.23993292997390606,0.6666666666666666,1,0.125,1,0.6666666666666666,1,RNG seed,descriptive means; no pointwise confidence intervals
noise_misspecification,actual_4_assumed_2,attacker_owner,scalar peak-score discrimination; not the post-onset crossing endpoint,0.14496646498695304,0.6666666666666666,1,0.125,1,0.6666666666666666,1,RNG seed,descriptive means; no pointwise confidence intervals
noise_misspecification,actual_4_assumed_2,attacker_owner,scalar peak-score discrimination; not the post-onset crossing endpoint,0.050000000000000856,0.6666666666666666,1,0.125,1,0.6666666666666666,1,RNG seed,descriptive means; no pointwise confidence intervals
noise_misspecification,actual_4_assumed_2,attacker_owner,scalar peak-score discrimination; not the post-onset crossing endpoint,0.05000000000000001,0.6666666666666666,1,0.125,1,0.6666666666666666,1,RNG seed,descriptive means; no pointwise confidence intervals
noise_misspecification,actual_4_assumed_2,attacker_owner,scalar peak-score discrimination; not the post-onset crossing endpoint,0.05,1.0,1,1.0,1,0.2727272727272727,1,RNG seed,descriptive means; no pointwise confidence intervals
noise_misspecification,actual_8_assumed_2,malicious_stream,scalar peak-score discrimination; not the post-onset crossing endpoint,0.9996646498695336,0.0,1,0.0,1,nan,0,RNG seed,descriptive means; no pointwise confidence intervals
noise_misspecification,actual_8_assumed_2,malicious_stream,scalar peak-score discrimination; not the post-onset crossing endpoint,0.9996397141169368,0.5,1,0.0,1,1.0,1,RNG seed,descriptive means; no pointwise confidence intervals
noise_misspecification,actual_8_assumed_2,malicious_stream,scalar peak-score discrimination; not the post-onset crossing endpoint,0.9996147783643399,0.5,1,0.0,1,1.0,1,RNG seed,descriptive means; no pointwise confidence intervals
noise_misspecification,actual_8_assumed_2,malicious_stream,scalar peak-score discrimination; not the post-onset crossing endpoint,0.999589842611743,0.5,1,0.0,1,1.0,1,RNG seed,descriptive means; no pointwise confidence intervals
noise_misspecification,actual_8_assumed_2,malicious_stream,scalar peak-score discrimination; not the post-onset crossing endpoint,0.9995649068591461,0.5,1,0.0,1,1.0,1,RNG seed,descriptive means; no pointwise confidence intervals
noise_misspecification,actual_8_assumed_2,malicious_stream,scalar peak-score discrimination; not the post-onset crossing endpoint,0.9995399711065492,0.5,1,0.0,1,1.0,1,RNG seed,descriptive means; no pointwise confidence intervals
noise_misspecification,actual_8_assumed_2,malicious_stream,scalar peak-score discrimination; not the post-onset crossing endpoint,0.9995150353539524,0.5,1,0.0,1,1.0,1,RNG seed,descriptive means; no pointwise confidence intervals
noise_misspecification,actual_8_assumed_2,malicious_stream,scalar peak-score discrimination; not the post-onset crossing endpoint,0.9994900996013555,0.5,1,0.0,1,1.0,1,RNG seed,descriptive means; no pointwise confidence intervals
noise_misspecification,actual_8_assumed_2,malicious_stream,scalar peak-score discrimination; not the post-onset crossing endpoint,0.9994651638487586,0.5,1,0.0,1,1.0,1,RNG seed,descriptive means; no pointwise confidence intervals
noise_misspecification,actual_8_assumed_2,malicious_stream,scalar peak-score discrimination; not the post-onset crossing endpoint,0.9994402280961617,0.5,1,0.0,1,1.0,1,RNG seed,descriptive means; no pointwise confidence intervals
noise_misspecification,actual_8_assumed_2,malicious_stream,scalar peak-score discrimination; not the post-onset crossing endpoint,0.9994152923435649,0.5,1,0.0,1,1.0,1,RNG seed,descriptive means; no pointwise confidence intervals
noise_misspecification,actual_8_assumed_2,malicious_stream,scalar peak-score discrimination; not the post-onset crossing endpoint,0.9879242255907932,0.5,1,0.2,1,0.75,1,RNG seed,descriptive means; no pointwise confidence intervals
noise_misspecification,actual_8_assumed_2,malicious_stream,scalar peak-score discrimination; not the post-onset crossing endpoint,0.9764331588380216,0.5,1,0.2,1,0.75,1,RNG seed,descriptive means; no pointwise confidence intervals
noise_misspecification,actual_8_assumed_2,malicious_stream,scalar peak-score discrimination; not the post-onset crossing endpoint,0.9649420920852498,0.5,1,0.2,1,0.75,1,RNG seed,descriptive means; no pointwise confidence intervals
noise_misspecification,actual_8_assumed_2,malicious_stream,scalar peak-score discrimination; not the post-onset crossing endpoint,0.9534510253324782,0.5,1,0.2,1,0.75,1,RNG seed,descriptive means; no pointwise confidence intervals
noise_misspecification,actual_8_assumed_2,malicious_stream,scalar peak-score discrimination; not the post-onset crossing endpoint,0.9419599585797065,0.5,1,0.2,1,0.75,1,RNG seed,descriptive means; no pointwise confidence intervals
noise_misspecification,actual_8_assumed_2,malicious_stream,scalar peak-score discrimination; not the post-onset crossing endpoint,0.9304688918269348,0.5,1,0.2,1,0.75,1,RNG seed,descriptive means; no pointwise confidence intervals
noise_misspecification,actual_8_assumed_2,malicious_stream,scalar peak-score discrimination; not the post-onset crossing endpoint,0.918977825074163,0.5,1,0.2,1,0.75,1,RNG seed,descriptive means; no pointwise confidence intervals
noise_misspecification,actual_8_assumed_2,malicious_stream,scalar peak-score discrimination; not the post-onset crossing endpoint,0.9074867583213914,0.5,1,0.2,1,0.75,1,RNG seed,descriptive means; no pointwise confidence intervals
noise_misspecification,actual_8_assumed_2,malicious_stream,scalar peak-score discrimination; not the post-onset crossing endpoint,0.8959956915686197,0.5,1,0.2,1,0.75,1,RNG seed,descriptive means; no pointwise confidence intervals
noise_misspecification,actual_8_assumed_2,malicious_stream,scalar peak-score discrimination; not the post-onset crossing endpoint,0.884504624815848,0.5,1,0.2,1,0.75,1,RNG seed,descriptive means; no pointwise confidence intervals
noise_misspecification,actual_8_assumed_2,malicious_stream,scalar peak-score discrimination; not the post-onset crossing endpoint,0.8809199408928394,0.6666666666666666,1,0.2,1,0.8,1,RNG seed,descriptive means; no pointwise confidence intervals
noise_misspecification,actual_8_assumed_2,malicious_stream,scalar peak-score discrimination; not the post-onset crossing endpoint,0.877335256969831,0.6666666666666666,1,0.2,1,0.8,1,RNG seed,descriptive means; no pointwise confidence intervals
noise_misspecification,actual_8_assumed_2,malicious_stream,scalar peak-score discrimination; not the post-onset crossing endpoint,0.8737505730468225,0.6666666666666666,1,0.2,1,0.8,1,RNG seed,descriptive means; no pointwise confidence intervals
noise_misspecification,actual_8_assumed_2,malicious_stream,scalar peak-score discrimination; not the post-onset crossing endpoint,0.8701658891238139,0.6666666666666666,1,0.2,1,0.8,1,RNG seed,descriptive means; no pointwise confidence intervals
noise_misspecification,actual_8_assumed_2,malicious_stream,scalar peak-score discrimination; not the post-onset crossing endpoint,0.8665812052008053,0.6666666666666666,1,0.2,1,0.8,1,RNG seed,descriptive means; no pointwise confidence intervals
noise_misspecification,actual_8_assumed_2,malicious_stream,scalar peak-score discrimination; not the post-onset crossing endpoint,0.8629965212777968,0.6666666666666666,1,0.2,1,0.8,1,RNG seed,descriptive means; no pointwise confidence intervals
noise_misspecification,actual_8_assumed_2,malicious_stream,scalar peak-score discrimination; not the post-onset crossing endpoint,0.8594118373547882,0.6666666666666666,1,0.2,1,0.8,1,RNG seed,descriptive means; no pointwise confidence intervals
noise_misspecification,actual_8_assumed_2,malicious_stream,scalar peak-score discrimination; not the post-onset crossing endpoint,0.8558271534317796,0.6666666666666666,1,0.2,1,0.8,1,RNG seed,descriptive means; no pointwise confidence intervals
noise_misspecification,actual_8_assumed_2,malicious_stream,scalar peak-score discrimination; not the post-onset crossing endpoint,0.852242469508771,0.6666666666666666,1,0.2,1,0.8,1,RNG seed,descriptive means; no pointwise confidence intervals
noise_misspecification,actual_8_assumed_2,malicious_stream,scalar peak-score discrimination; not the post-onset crossing endpoint,0.8486577855857625,0.6666666666666666,1,0.2,1,0.8,1,RNG seed,descriptive means; no pointwise confidence intervals
noise_misspecification,actual_8_assumed_2,malicious_stream,scalar peak-score discrimination; not the post-onset crossing endpoint,0.8471585999086896,0.6666666666666666,1,0.4,1,0.6666666666666666,1,RNG seed,descriptive means; no pointwise confidence intervals
noise_misspecification,actual_8_assumed_2,malicious_stream,scalar peak-score discrimination; not the post-onset crossing endpoint,0.8456594142316165,0.6666666666666666,1,0.4,1,0.6666666666666666,1,RNG seed,descriptive means; no pointwise confidence intervals
noise_misspecification,actual_8_assumed_2,malicious_stream,scalar peak-score discrimination; not the post-onset crossing endpoint,0.8441602285545435,0.6666666666666666,1,0.4,1,0.6666666666666666,1,RNG seed,descriptive means; no pointwise confidence intervals
noise_misspecification,actual_8_assumed_2,malicious_stream,scalar peak-score discrimination; not the post-onset crossing endpoint,0.8426610428774705,0.6666666666666666,1,0.4,1,0.6666666666666666,1,RNG seed,descriptive means; no pointwise confidence intervals
noise_misspecification,actual_8_assumed_2,malicious_stream,scalar peak-score discrimination; not the post-onset crossing endpoint,0.8411618572003975,0.6666666666666666,1,0.4,1,0.6666666666666666,1,RNG seed,descriptive means; no pointwise confidence intervals
noise_misspecification,actual_8_assumed_2,malicious_stream,scalar peak-score discrimination; not the post-onset crossing endpoint,0.8396626715233245,0.6666666666666666,1,0.4,1,0.6666666666666666,1,RNG seed,descriptive means; no pointwise confidence intervals
noise_misspecification,actual_8_assumed_2,malicious_stream,scalar peak-score discrimination; not the post-onset crossing endpoint,0.8381634858462514,0.6666666666666666,1,0.4,1,0.6666666666666666,1,RNG seed,descriptive means; no pointwise confidence intervals
noise_misspecification,actual_8_assumed_2,malicious_stream,scalar peak-score discrimination; not the post-onset crossing endpoint,0.8366643001691785,0.6666666666666666,1,0.4,1,0.6666666666666666,1,RNG seed,descriptive means; no pointwise confidence intervals
noise_misspecification,actual_8_assumed_2,malicious_stream,scalar peak-score discrimination; not the post-onset crossing endpoint,0.8351651144921054,0.6666666666666666,1,0.4,1,0.6666666666666666,1,RNG seed,descriptive means; no pointwise confidence intervals
noise_misspecification,actual_8_assumed_2,malicious_stream,scalar peak-score discrimination; not the post-onset crossing endpoint,0.8336659288150324,0.6666666666666666,1,0.4,1,0.6666666666666666,1,RNG seed,descriptive means; no pointwise confidence intervals
noise_misspecification,actual_8_assumed_2,malicious_stream,scalar peak-score discrimination; not the post-onset crossing endpoint,0.8270366984097053,0.6666666666666666,1,0.6,1,0.5714285714285714,1,RNG seed,descriptive means; no pointwise confidence intervals
noise_misspecification,actual_8_assumed_2,malicious_stream,scalar peak-score discrimination; not the post-onset crossing endpoint,0.820407468004378,0.6666666666666666,1,0.6,1,0.5714285714285714,1,RNG seed,descriptive means; no pointwise confidence intervals
noise_misspecification,actual_8_assumed_2,malicious_stream,scalar peak-score discrimination; not the post-onset crossing endpoint,0.813778237599051,0.6666666666666666,1,0.6,1,0.5714285714285714,1,RNG seed,descriptive means; no pointwise confidence intervals
noise_misspecification,actual_8_assumed_2,malicious_stream,scalar peak-score discrimination; not the post-onset crossing endpoint,0.8071490071937237,0.6666666666666666,1,0.6,1,0.5714285714285714,1,RNG seed,descriptive means; no pointwise confidence intervals
noise_misspecification,actual_8_assumed_2,malicious_stream,scalar peak-score discrimination; not the post-onset crossing endpoint,0.8005197767883966,0.6666666666666666,1,0.6,1,0.5714285714285714,1,RNG seed,descriptive means; no pointwise confidence intervals
noise_misspecification,actual_8_assumed_2,malicious_stream,scalar peak-score discrimination; not the post-onset crossing endpoint,0.7938905463830694,0.6666666666666666,1,0.6,1,0.5714285714285714,1,RNG seed,descriptive means; no pointwise confidence intervals
noise_misspecification,actual_8_assumed_2,malicious_stream,scalar peak-score discrimination; not the post-onset crossing endpoint,0.7872613159777423,0.6666666666666666,1,0.6,1,0.5714285714285714,1,RNG seed,descriptive means; no pointwise confidence intervals
noise_misspecification,actual_8_assumed_2,malicious_stream,scalar peak-score discrimination; not the post-onset crossing endpoint,0.7806320855724151,0.6666666666666666,1,0.6,1,0.5714285714285714,1,RNG seed,descriptive means; no pointwise confidence intervals
noise_misspecification,actual_8_assumed_2,malicious_stream,scalar peak-score discrimination; not the post-onset crossing endpoint,0.7740028551670879,0.6666666666666666,1,0.6,1,0.5714285714285714,1,RNG seed,descriptive means; no pointwise confidence intervals
noise_misspecification,actual_8_assumed_2,malicious_stream,scalar peak-score discrimination; not the post-onset crossing endpoint,0.7673736247617607,0.6666666666666666,1,0.6,1,0.5714285714285714,1,RNG seed,descriptive means; no pointwise confidence intervals
noise_misspecification,actual_8_assumed_2,malicious_stream,scalar peak-score discrimination; not the post-onset crossing endpoint,0.6956362622855846,0.6666666666666666,1,0.8,1,0.5,1,RNG seed,descriptive means; no pointwise confidence intervals
noise_misspecification,actual_8_assumed_2,malicious_stream,scalar peak-score discrimination; not the post-onset crossing endpoint,0.6238988998094088,0.6666666666666666,1,0.8,1,0.5,1,RNG seed,descriptive means; no pointwise confidence intervals
noise_misspecification,actual_8_assumed_2,malicious_stream,scalar peak-score discrimination; not the post-onset crossing endpoint,0.5521615373332327,0.6666666666666666,1,0.8,1,0.5,1,RNG seed,descriptive means; no pointwise confidence intervals
noise_misspecification,actual_8_assumed_2,malicious_stream,scalar peak-score discrimination; not the post-onset crossing endpoint,0.4804241748570565,0.6666666666666666,1,0.8,1,0.5,1,RNG seed,descriptive means; no pointwise confidence intervals
noise_misspecification,actual_8_assumed_2,malicious_stream,scalar peak-score discrimination; not the post-onset crossing endpoint,0.4086868123808804,0.6666666666666666,1,0.8,1,0.5,1,RNG seed,descriptive means; no pointwise confidence intervals
noise_misspecification,actual_8_assumed_2,malicious_stream,scalar peak-score discrimination; not the post-onset crossing endpoint,0.3369494499047042,0.6666666666666666,1,0.8,1,0.5,1,RNG seed,descriptive means; no pointwise confidence intervals
noise_misspecification,actual_8_assumed_2,malicious_stream,scalar peak-score discrimination; not the post-onset crossing endpoint,0.2652120874285284,0.6666666666666666,1,0.8,1,0.5,1,RNG seed,descriptive means; no pointwise confidence intervals
noise_misspecification,actual_8_assumed_2,malicious_stream,scalar peak-score discrimination; not the post-onset crossing endpoint,0.1934747249523523,0.6666666666666666,1,0.8,1,0.5,1,RNG seed,descriptive means; no pointwise confidence intervals
noise_misspecification,actual_8_assumed_2,malicious_stream,scalar peak-score discrimination; not the post-onset crossing endpoint,0.12173736247617614,0.6666666666666666,1,0.8,1,0.5,1,RNG seed,descriptive means; no pointwise confidence intervals
noise_misspecification,actual_8_assumed_2,malicious_stream,scalar peak-score discrimination; not the post-onset crossing endpoint,0.05000000000000001,0.6666666666666666,1,0.8,1,0.5,1,RNG seed,descriptive means; no pointwise confidence intervals
noise_misspecification,actual_8_assumed_2,malicious_stream,scalar peak-score discrimination; not the post-onset crossing endpoint,0.05,1.0,1,1.0,1,0.5454545454545454,1,RNG seed,descriptive means; no pointwise confidence intervals
noise_misspecification,actual_8_assumed_2,attacker_owner,scalar peak-score discrimination; not the post-onset crossing endpoint,0.9996646498695336,0.0,1,0.0,1,nan,0,RNG seed,descriptive means; no pointwise confidence intervals
noise_misspecification,actual_8_assumed_2,attacker_owner,scalar peak-score discrimination; not the post-onset crossing endpoint,0.9996397141169368,0.6666666666666666,1,0.125,1,0.6666666666666666,1,RNG seed,descriptive means; no pointwise confidence intervals
noise_misspecification,actual_8_assumed_2,attacker_owner,scalar peak-score discrimination; not the post-onset crossing endpoint,0.9996147783643399,0.6666666666666666,1,0.125,1,0.6666666666666666,1,RNG seed,descriptive means; no pointwise confidence intervals
noise_misspecification,actual_8_assumed_2,attacker_owner,scalar peak-score discrimination; not the post-onset crossing endpoint,0.999589842611743,0.6666666666666666,1,0.125,1,0.6666666666666666,1,RNG seed,descriptive means; no pointwise confidence intervals
noise_misspecification,actual_8_assumed_2,attacker_owner,scalar peak-score discrimination; not the post-onset crossing endpoint,0.9995649068591461,0.6666666666666666,1,0.125,1,0.6666666666666666,1,RNG seed,descriptive means; no pointwise confidence intervals
noise_misspecification,actual_8_assumed_2,attacker_owner,scalar peak-score discrimination; not the post-onset crossing endpoint,0.9995399711065492,0.6666666666666666,1,0.125,1,0.6666666666666666,1,RNG seed,descriptive means; no pointwise confidence intervals
noise_misspecification,actual_8_assumed_2,attacker_owner,scalar peak-score discrimination; not the post-onset crossing endpoint,0.9995150353539524,0.6666666666666666,1,0.125,1,0.6666666666666666,1,RNG seed,descriptive means; no pointwise confidence intervals
noise_misspecification,actual_8_assumed_2,attacker_owner,scalar peak-score discrimination; not the post-onset crossing endpoint,0.9994900996013555,0.6666666666666666,1,0.125,1,0.6666666666666666,1,RNG seed,descriptive means; no pointwise confidence intervals
noise_misspecification,actual_8_assumed_2,attacker_owner,scalar peak-score discrimination; not the post-onset crossing endpoint,0.9994651638487586,0.6666666666666666,1,0.125,1,0.6666666666666666,1,RNG seed,descriptive means; no pointwise confidence intervals
noise_misspecification,actual_8_assumed_2,attacker_owner,scalar peak-score discrimination; not the post-onset crossing endpoint,0.9994402280961617,0.6666666666666666,1,0.125,1,0.6666666666666666,1,RNG seed,descriptive means; no pointwise confidence intervals
noise_misspecification,actual_8_assumed_2,attacker_owner,scalar peak-score discrimination; not the post-onset crossing endpoint,0.9994152923435649,0.6666666666666666,1,0.125,1,0.6666666666666666,1,RNG seed,descriptive means; no pointwise confidence intervals
noise_misspecification,actual_8_assumed_2,attacker_owner,scalar peak-score discrimination; not the post-onset crossing endpoint,0.9879242255907932,0.6666666666666666,1,0.25,1,0.5,1,RNG seed,descriptive means; no pointwise confidence intervals
noise_misspecification,actual_8_assumed_2,attacker_owner,scalar peak-score discrimination; not the post-onset crossing endpoint,0.9764331588380216,0.6666666666666666,1,0.25,1,0.5,1,RNG seed,descriptive means; no pointwise confidence intervals
noise_misspecification,actual_8_assumed_2,attacker_owner,scalar peak-score discrimination; not the post-onset crossing endpoint,0.9649420920852498,0.6666666666666666,1,0.25,1,0.5,1,RNG seed,descriptive means; no pointwise confidence intervals
noise_misspecification,actual_8_assumed_2,attacker_owner,scalar peak-score discrimination; not the post-onset crossing endpoint,0.9534510253324782,0.6666666666666666,1,0.25,1,0.5,1,RNG seed,descriptive means; no pointwise confidence intervals
noise_misspecification,actual_8_assumed_2,attacker_owner,scalar peak-score discrimination; not the post-onset crossing endpoint,0.9419599585797065,0.6666666666666666,1,0.25,1,0.5,1,RNG seed,descriptive means; no pointwise confidence intervals
noise_misspecification,actual_8_assumed_2,attacker_owner,scalar peak-score discrimination; not the post-onset crossing endpoint,0.9304688918269348,0.6666666666666666,1,0.25,1,0.5,1,RNG seed,descriptive means; no pointwise confidence intervals
noise_misspecification,actual_8_assumed_2,attacker_owner,scalar peak-score discrimination; not the post-onset crossing endpoint,0.918977825074163,0.6666666666666666,1,0.25,1,0.5,1,RNG seed,descriptive means; no pointwise confidence intervals
noise_misspecification,actual_8_assumed_2,attacker_owner,scalar peak-score discrimination; not the post-onset crossing endpoint,0.9074867583213914,0.6666666666666666,1,0.25,1,0.5,1,RNG seed,descriptive means; no pointwise confidence intervals
noise_misspecification,actual_8_assumed_2,attacker_owner,scalar peak-score discrimination; not the post-onset crossing endpoint,0.8959956915686197,0.6666666666666666,1,0.25,1,0.5,1,RNG seed,descriptive means; no pointwise confidence intervals
noise_misspecification,actual_8_assumed_2,attacker_owner,scalar peak-score discrimination; not the post-onset crossing endpoint,0.884504624815848,0.6666666666666666,1,0.25,1,0.5,1,RNG seed,descriptive means; no pointwise confidence intervals
noise_misspecification,actual_8_assumed_2,attacker_owner,scalar peak-score discrimination; not the post-onset crossing endpoint,0.8809199408928394,1.0,1,0.25,1,0.6,1,RNG seed,descriptive means; no pointwise confidence intervals
noise_misspecification,actual_8_assumed_2,attacker_owner,scalar peak-score discrimination; not the post-onset crossing endpoint,0.877335256969831,1.0,1,0.25,1,0.6,1,RNG seed,descriptive means; no pointwise confidence intervals
noise_misspecification,actual_8_assumed_2,attacker_owner,scalar peak-score discrimination; not the post-onset crossing endpoint,0.8737505730468225,1.0,1,0.25,1,0.6,1,RNG seed,descriptive means; no pointwise confidence intervals
noise_misspecification,actual_8_assumed_2,attacker_owner,scalar peak-score discrimination; not the post-onset crossing endpoint,0.8701658891238139,1.0,1,0.25,1,0.6,1,RNG seed,descriptive means; no pointwise confidence intervals
noise_misspecification,actual_8_assumed_2,attacker_owner,scalar peak-score discrimination; not the post-onset crossing endpoint,0.8665812052008053,1.0,1,0.25,1,0.6,1,RNG seed,descriptive means; no pointwise confidence intervals
noise_misspecification,actual_8_assumed_2,attacker_owner,scalar peak-score discrimination; not the post-onset crossing endpoint,0.8629965212777968,1.0,1,0.25,1,0.6,1,RNG seed,descriptive means; no pointwise confidence intervals
noise_misspecification,actual_8_assumed_2,attacker_owner,scalar peak-score discrimination; not the post-onset crossing endpoint,0.8594118373547882,1.0,1,0.25,1,0.6,1,RNG seed,descriptive means; no pointwise confidence intervals
noise_misspecification,actual_8_assumed_2,attacker_owner,scalar peak-score discrimination; not the post-onset crossing endpoint,0.8558271534317796,1.0,1,0.25,1,0.6,1,RNG seed,descriptive means; no pointwise confidence intervals
noise_misspecification,actual_8_assumed_2,attacker_owner,scalar peak-score discrimination; not the post-onset crossing endpoint,0.852242469508771,1.0,1,0.25,1,0.6,1,RNG seed,descriptive means; no pointwise confidence intervals
noise_misspecification,actual_8_assumed_2,attacker_owner,scalar peak-score discrimination; not the post-onset crossing endpoint,0.8486577855857625,1.0,1,0.25,1,0.6,1,RNG seed,descriptive means; no pointwise confidence intervals
noise_misspecification,actual_8_assumed_2,attacker_owner,scalar peak-score discrimination; not the post-onset crossing endpoint,0.8471585999086896,1.0,1,0.375,1,0.5,1,RNG seed,descriptive means; no pointwise confidence intervals
noise_misspecification,actual_8_assumed_2,attacker_owner,scalar peak-score discrimination; not the post-onset crossing endpoint,0.8456594142316165,1.0,1,0.375,1,0.5,1,RNG seed,descriptive means; no pointwise confidence intervals
noise_misspecification,actual_8_assumed_2,attacker_owner,scalar peak-score discrimination; not the post-onset crossing endpoint,0.8441602285545435,1.0,1,0.375,1,0.5,1,RNG seed,descriptive means; no pointwise confidence intervals
noise_misspecification,actual_8_assumed_2,attacker_owner,scalar peak-score discrimination; not the post-onset crossing endpoint,0.8426610428774705,1.0,1,0.375,1,0.5,1,RNG seed,descriptive means; no pointwise confidence intervals
noise_misspecification,actual_8_assumed_2,attacker_owner,scalar peak-score discrimination; not the post-onset crossing endpoint,0.8411618572003975,1.0,1,0.375,1,0.5,1,RNG seed,descriptive means; no pointwise confidence intervals
noise_misspecification,actual_8_assumed_2,attacker_owner,scalar peak-score discrimination; not the post-onset crossing endpoint,0.8396626715233245,1.0,1,0.375,1,0.5,1,RNG seed,descriptive means; no pointwise confidence intervals
noise_misspecification,actual_8_assumed_2,attacker_owner,scalar peak-score discrimination; not the post-onset crossing endpoint,0.8381634858462514,1.0,1,0.375,1,0.5,1,RNG seed,descriptive means; no pointwise confidence intervals
noise_misspecification,actual_8_assumed_2,attacker_owner,scalar peak-score discrimination; not the post-onset crossing endpoint,0.8366643001691785,1.0,1,0.375,1,0.5,1,RNG seed,descriptive means; no pointwise confidence intervals
noise_misspecification,actual_8_assumed_2,attacker_owner,scalar peak-score discrimination; not the post-onset crossing endpoint,0.8351651144921054,1.0,1,0.375,1,0.5,1,RNG seed,descriptive means; no pointwise confidence intervals
noise_misspecification,actual_8_assumed_2,attacker_owner,scalar peak-score discrimination; not the post-onset crossing endpoint,0.8336659288150324,1.0,1,0.375,1,0.5,1,RNG seed,descriptive means; no pointwise confidence intervals
noise_misspecification,actual_8_assumed_2,attacker_owner,scalar peak-score discrimination; not the post-onset crossing endpoint,0.8270366984097053,1.0,1,0.5,1,0.42857142857142855,1,RNG seed,descriptive means; no pointwise confidence intervals
noise_misspecification,actual_8_assumed_2,attacker_owner,scalar peak-score discrimination; not the post-onset crossing endpoint,0.820407468004378,1.0,1,0.5,1,0.42857142857142855,1,RNG seed,descriptive means; no pointwise confidence intervals
noise_misspecification,actual_8_assumed_2,attacker_owner,scalar peak-score discrimination; not the post-onset crossing endpoint,0.813778237599051,1.0,1,0.5,1,0.42857142857142855,1,RNG seed,descriptive means; no pointwise confidence intervals
noise_misspecification,actual_8_assumed_2,attacker_owner,scalar peak-score discrimination; not the post-onset crossing endpoint,0.8071490071937237,1.0,1,0.5,1,0.42857142857142855,1,RNG seed,descriptive means; no pointwise confidence intervals
noise_misspecification,actual_8_assumed_2,attacker_owner,scalar peak-score discrimination; not the post-onset crossing endpoint,0.8005197767883966,1.0,1,0.5,1,0.42857142857142855,1,RNG seed,descriptive means; no pointwise confidence intervals
noise_misspecification,actual_8_assumed_2,attacker_owner,scalar peak-score discrimination; not the post-onset crossing endpoint,0.7938905463830694,1.0,1,0.5,1,0.42857142857142855,1,RNG seed,descriptive means; no pointwise confidence intervals
noise_misspecification,actual_8_assumed_2,attacker_owner,scalar peak-score discrimination; not the post-onset crossing endpoint,0.7872613159777423,1.0,1,0.5,1,0.42857142857142855,1,RNG seed,descriptive means; no pointwise confidence intervals
noise_misspecification,actual_8_assumed_2,attacker_owner,scalar peak-score discrimination; not the post-onset crossing endpoint,0.7806320855724151,1.0,1,0.5,1,0.42857142857142855,1,RNG seed,descriptive means; no pointwise confidence intervals
noise_misspecification,actual_8_assumed_2,attacker_owner,scalar peak-score discrimination; not the post-onset crossing endpoint,0.7740028551670879,1.0,1,0.5,1,0.42857142857142855,1,RNG seed,descriptive means; no pointwise confidence intervals
noise_misspecification,actual_8_assumed_2,attacker_owner,scalar peak-score discrimination; not the post-onset crossing endpoint,0.7673736247617607,1.0,1,0.5,1,0.42857142857142855,1,RNG seed,descriptive means; no pointwise confidence intervals
noise_misspecification,actual_8_assumed_2,attacker_owner,scalar peak-score discrimination; not the post-onset crossing endpoint,0.6956362622855846,1.0,1,0.625,1,0.375,1,RNG seed,descriptive means; no pointwise confidence intervals
noise_misspecification,actual_8_assumed_2,attacker_owner,scalar peak-score discrimination; not the post-onset crossing endpoint,0.6238988998094088,1.0,1,0.625,1,0.375,1,RNG seed,descriptive means; no pointwise confidence intervals
noise_misspecification,actual_8_assumed_2,attacker_owner,scalar peak-score discrimination; not the post-onset crossing endpoint,0.5521615373332327,1.0,1,0.625,1,0.375,1,RNG seed,descriptive means; no pointwise confidence intervals
noise_misspecification,actual_8_assumed_2,attacker_owner,scalar peak-score discrimination; not the post-onset crossing endpoint,0.4804241748570565,1.0,1,0.625,1,0.375,1,RNG seed,descriptive means; no pointwise confidence intervals
noise_misspecification,actual_8_assumed_2,attacker_owner,scalar peak-score discrimination; not the post-onset crossing endpoint,0.4086868123808804,1.0,1,0.625,1,0.375,1,RNG seed,descriptive means; no pointwise confidence intervals
noise_misspecification,actual_8_assumed_2,attacker_owner,scalar peak-score discrimination; not the post-onset crossing endpoint,0.3369494499047042,1.0,1,0.625,1,0.375,1,RNG seed,descriptive means; no pointwise confidence intervals
noise_misspecification,actual_8_assumed_2,attacker_owner,scalar peak-score discrimination; not the post-onset crossing endpoint,0.2652120874285284,1.0,1,0.625,1,0.375,1,RNG seed,descriptive means; no pointwise confidence intervals
noise_misspecification,actual_8_assumed_2,attacker_owner,scalar peak-score discrimination; not the post-onset crossing endpoint,0.1934747249523523,1.0,1,0.625,1,0.375,1,RNG seed,descriptive means; no pointwise confidence intervals
noise_misspecification,actual_8_assumed_2,attacker_owner,scalar peak-score discrimination; not the post-onset crossing endpoint,0.12173736247617614,1.0,1,0.625,1,0.375,1,RNG seed,descriptive means; no pointwise confidence intervals
noise_misspecification,actual_8_assumed_2,attacker_owner,scalar peak-score discrimination; not the post-onset crossing endpoint,0.05000000000000001,1.0,1,0.625,1,0.375,1,RNG seed,descriptive means; no pointwise confidence intervals
noise_misspecification,actual_8_assumed_2,attacker_owner,scalar peak-score discrimination; not the post-onset crossing endpoint,0.05,1.0,1,1.0,1,0.2727272727272727,1,RNG seed,descriptive means; no pointwise confidence intervals
pure_attack,pure_constoffset,malicious_stream,scalar peak-score discrimination; not the post-onset crossing endpoint,0.969055374592834,0.0,1,0.0,1,nan,0,RNG seed,descriptive means; no pointwise confidence intervals
pure_attack,pure_constoffset,malicious_stream,scalar peak-score discrimination; not the post-onset crossing endpoint,0.8771498371335509,1.0,1,0.0,1,1.0,1,RNG seed,descriptive means; no pointwise confidence intervals
pure_attack,pure_constoffset,malicious_stream,scalar peak-score discrimination; not the post-onset crossing endpoint,0.7852442996742679,1.0,1,0.0,1,1.0,1,RNG seed,descriptive means; no pointwise confidence intervals
pure_attack,pure_constoffset,malicious_stream,scalar peak-score discrimination; not the post-onset crossing endpoint,0.693338762214984,1.0,1,0.0,1,1.0,1,RNG seed,descriptive means; no pointwise confidence intervals
pure_attack,pure_constoffset,malicious_stream,scalar peak-score discrimination; not the post-onset crossing endpoint,0.6014332247557008,1.0,1,0.0,1,1.0,1,RNG seed,descriptive means; no pointwise confidence intervals
pure_attack,pure_constoffset,malicious_stream,scalar peak-score discrimination; not the post-onset crossing endpoint,0.509527687296417,1.0,1,0.0,1,1.0,1,RNG seed,descriptive means; no pointwise confidence intervals
pure_attack,pure_constoffset,malicious_stream,scalar peak-score discrimination; not the post-onset crossing endpoint,0.41762214983713386,1.0,1,0.0,1,1.0,1,RNG seed,descriptive means; no pointwise confidence intervals
pure_attack,pure_constoffset,malicious_stream,scalar peak-score discrimination; not the post-onset crossing endpoint,0.32571661237785,1.0,1,0.0,1,1.0,1,RNG seed,descriptive means; no pointwise confidence intervals
pure_attack,pure_constoffset,malicious_stream,scalar peak-score discrimination; not the post-onset crossing endpoint,0.23381107491856695,1.0,1,0.0,1,1.0,1,RNG seed,descriptive means; no pointwise confidence intervals
pure_attack,pure_constoffset,malicious_stream,scalar peak-score discrimination; not the post-onset crossing endpoint,0.14190553745928308,1.0,1,0.0,1,1.0,1,RNG seed,descriptive means; no pointwise confidence intervals
pure_attack,pure_constoffset,malicious_stream,scalar peak-score discrimination; not the post-onset crossing endpoint,0.05000000000000001,1.0,1,0.0,1,1.0,1,RNG seed,descriptive means; no pointwise confidence intervals
pure_attack,pure_constoffset,malicious_stream,scalar peak-score discrimination; not the post-onset crossing endpoint,0.05,1.0,1,1.0,1,0.36363636363636365,1,RNG seed,descriptive means; no pointwise confidence intervals
pure_attack,pure_constoffset,attacker_owner,scalar peak-score discrimination; not the post-onset crossing endpoint,0.969055374592834,0.0,1,0.0,1,nan,0,RNG seed,descriptive means; no pointwise confidence intervals
pure_attack,pure_constoffset,attacker_owner,scalar peak-score discrimination; not the post-onset crossing endpoint,0.8771498371335509,1.0,1,0.0,1,1.0,1,RNG seed,descriptive means; no pointwise confidence intervals
pure_attack,pure_constoffset,attacker_owner,scalar peak-score discrimination; not the post-onset crossing endpoint,0.7852442996742679,1.0,1,0.0,1,1.0,1,RNG seed,descriptive means; no pointwise confidence intervals
pure_attack,pure_constoffset,attacker_owner,scalar peak-score discrimination; not the post-onset crossing endpoint,0.693338762214984,1.0,1,0.0,1,1.0,1,RNG seed,descriptive means; no pointwise confidence intervals
pure_attack,pure_constoffset,attacker_owner,scalar peak-score discrimination; not the post-onset crossing endpoint,0.6014332247557008,1.0,1,0.0,1,1.0,1,RNG seed,descriptive means; no pointwise confidence intervals
pure_attack,pure_constoffset,attacker_owner,scalar peak-score discrimination; not the post-onset crossing endpoint,0.509527687296417,1.0,1,0.0,1,1.0,1,RNG seed,descriptive means; no pointwise confidence intervals
pure_attack,pure_constoffset,attacker_owner,scalar peak-score discrimination; not the post-onset crossing endpoint,0.41762214983713386,1.0,1,0.0,1,1.0,1,RNG seed,descriptive means; no pointwise confidence intervals
pure_attack,pure_constoffset,attacker_owner,scalar peak-score discrimination; not the post-onset crossing endpoint,0.32571661237785,1.0,1,0.0,1,1.0,1,RNG seed,descriptive means; no pointwise confidence intervals
pure_attack,pure_constoffset,attacker_owner,scalar peak-score discrimination; not the post-onset crossing endpoint,0.23381107491856695,1.0,1,0.0,1,1.0,1,RNG seed,descriptive means; no pointwise confidence intervals
pure_attack,pure_constoffset,attacker_owner,scalar peak-score discrimination; not the post-onset crossing endpoint,0.14190553745928308,1.0,1,0.0,1,1.0,1,RNG seed,descriptive means; no pointwise confidence intervals
pure_attack,pure_constoffset,attacker_owner,scalar peak-score discrimination; not the post-onset crossing endpoint,0.05000000000000001,1.0,1,0.0,1,1.0,1,RNG seed,descriptive means; no pointwise confidence intervals
pure_attack,pure_constoffset,attacker_owner,scalar peak-score discrimination; not the post-onset crossing endpoint,0.05,1.0,1,1.0,1,0.36363636363636365,1,RNG seed,descriptive means; no pointwise confidence intervals
pure_attack,pure_dos,malicious_stream,scalar peak-score discrimination; not the post-onset crossing endpoint,0.9996646498695336,0.0,1,0.0,1,nan,0,RNG seed,descriptive means; no pointwise confidence intervals
pure_attack,pure_dos,malicious_stream,scalar peak-score discrimination; not the post-onset crossing endpoint,0.9046981848825806,1.0,1,0.0,1,1.0,1,RNG seed,descriptive means; no pointwise confidence intervals
pure_attack,pure_dos,malicious_stream,scalar peak-score discrimination; not the post-onset crossing endpoint,0.8097317198956275,1.0,1,0.0,1,1.0,1,RNG seed,descriptive means; no pointwise confidence intervals
pure_attack,pure_dos,malicious_stream,scalar peak-score discrimination; not the post-onset crossing endpoint,0.7147652549086737,1.0,1,0.0,1,1.0,1,RNG seed,descriptive means; no pointwise confidence intervals
pure_attack,pure_dos,malicious_stream,scalar peak-score discrimination; not the post-onset crossing endpoint,0.6197987899217208,1.0,1,0.0,1,1.0,1,RNG seed,descriptive means; no pointwise confidence intervals
pure_attack,pure_dos,malicious_stream,scalar peak-score discrimination; not the post-onset crossing endpoint,0.5248323249347668,1.0,1,0.0,1,1.0,1,RNG seed,descriptive means; no pointwise confidence intervals
pure_attack,pure_dos,malicious_stream,scalar peak-score discrimination; not the post-onset crossing endpoint,0.42986585994781373,1.0,1,0.0,1,1.0,1,RNG seed,descriptive means; no pointwise confidence intervals
pure_attack,pure_dos,malicious_stream,scalar peak-score discrimination; not the post-onset crossing endpoint,0.3348993949608599,1.0,1,0.0,1,1.0,1,RNG seed,descriptive means; no pointwise confidence intervals
pure_attack,pure_dos,malicious_stream,scalar peak-score discrimination; not the post-onset crossing endpoint,0.2399329299739069,1.0,1,0.0,1,1.0,1,RNG seed,descriptive means; no pointwise confidence intervals
pure_attack,pure_dos,malicious_stream,scalar peak-score discrimination; not the post-onset crossing endpoint,0.14496646498695304,1.0,1,0.0,1,1.0,1,RNG seed,descriptive means; no pointwise confidence intervals
pure_attack,pure_dos,malicious_stream,scalar peak-score discrimination; not the post-onset crossing endpoint,0.05000000000000001,1.0,1,0.0,1,1.0,1,RNG seed,descriptive means; no pointwise confidence intervals
pure_attack,pure_dos,malicious_stream,scalar peak-score discrimination; not the post-onset crossing endpoint,0.05,1.0,1,1.0,1,0.36363636363636365,1,RNG seed,descriptive means; no pointwise confidence intervals
pure_attack,pure_dos,attacker_owner,scalar peak-score discrimination; not the post-onset crossing endpoint,0.9996646498695336,0.0,1,0.0,1,nan,0,RNG seed,descriptive means; no pointwise confidence intervals
pure_attack,pure_dos,attacker_owner,scalar peak-score discrimination; not the post-onset crossing endpoint,0.9046981848825806,1.0,1,0.0,1,1.0,1,RNG seed,descriptive means; no pointwise confidence intervals
pure_attack,pure_dos,attacker_owner,scalar peak-score discrimination; not the post-onset crossing endpoint,0.8097317198956275,1.0,1,0.0,1,1.0,1,RNG seed,descriptive means; no pointwise confidence intervals
pure_attack,pure_dos,attacker_owner,scalar peak-score discrimination; not the post-onset crossing endpoint,0.7147652549086737,1.0,1,0.0,1,1.0,1,RNG seed,descriptive means; no pointwise confidence intervals
pure_attack,pure_dos,attacker_owner,scalar peak-score discrimination; not the post-onset crossing endpoint,0.6197987899217208,1.0,1,0.0,1,1.0,1,RNG seed,descriptive means; no pointwise confidence intervals
pure_attack,pure_dos,attacker_owner,scalar peak-score discrimination; not the post-onset crossing endpoint,0.5248323249347668,1.0,1,0.0,1,1.0,1,RNG seed,descriptive means; no pointwise confidence intervals
pure_attack,pure_dos,attacker_owner,scalar peak-score discrimination; not the post-onset crossing endpoint,0.42986585994781373,1.0,1,0.0,1,1.0,1,RNG seed,descriptive means; no pointwise confidence intervals
pure_attack,pure_dos,attacker_owner,scalar peak-score discrimination; not the post-onset crossing endpoint,0.3348993949608599,1.0,1,0.0,1,1.0,1,RNG seed,descriptive means; no pointwise confidence intervals
pure_attack,pure_dos,attacker_owner,scalar peak-score discrimination; not the post-onset crossing endpoint,0.2399329299739069,1.0,1,0.0,1,1.0,1,RNG seed,descriptive means; no pointwise confidence intervals
pure_attack,pure_dos,attacker_owner,scalar peak-score discrimination; not the post-onset crossing endpoint,0.14496646498695304,1.0,1,0.0,1,1.0,1,RNG seed,descriptive means; no pointwise confidence intervals
pure_attack,pure_dos,attacker_owner,scalar peak-score discrimination; not the post-onset crossing endpoint,0.05000000000000001,1.0,1,0.0,1,1.0,1,RNG seed,descriptive means; no pointwise confidence intervals
pure_attack,pure_dos,attacker_owner,scalar peak-score discrimination; not the post-onset crossing endpoint,0.05,1.0,1,1.0,1,0.36363636363636365,1,RNG seed,descriptive means; no pointwise confidence intervals
pure_attack,pure_falsify,malicious_stream,scalar peak-score discrimination; not the post-onset crossing endpoint,0.9996646498695336,0.0,1,0.0,1,nan,0,RNG seed,descriptive means; no pointwise confidence intervals
pure_attack,pure_falsify,malicious_stream,scalar peak-score discrimination; not the post-onset crossing endpoint,0.9046981848825806,1.0,1,0.0,1,1.0,1,RNG seed,descriptive means; no pointwise confidence intervals
pure_attack,pure_falsify,malicious_stream,scalar peak-score discrimination; not the post-onset crossing endpoint,0.8097317198956275,1.0,1,0.0,1,1.0,1,RNG seed,descriptive means; no pointwise confidence intervals
pure_attack,pure_falsify,malicious_stream,scalar peak-score discrimination; not the post-onset crossing endpoint,0.7147652549086737,1.0,1,0.0,1,1.0,1,RNG seed,descriptive means; no pointwise confidence intervals
pure_attack,pure_falsify,malicious_stream,scalar peak-score discrimination; not the post-onset crossing endpoint,0.6197987899217208,1.0,1,0.0,1,1.0,1,RNG seed,descriptive means; no pointwise confidence intervals
pure_attack,pure_falsify,malicious_stream,scalar peak-score discrimination; not the post-onset crossing endpoint,0.5248323249347668,1.0,1,0.0,1,1.0,1,RNG seed,descriptive means; no pointwise confidence intervals
pure_attack,pure_falsify,malicious_stream,scalar peak-score discrimination; not the post-onset crossing endpoint,0.42986585994781373,1.0,1,0.0,1,1.0,1,RNG seed,descriptive means; no pointwise confidence intervals
pure_attack,pure_falsify,malicious_stream,scalar peak-score discrimination; not the post-onset crossing endpoint,0.3348993949608599,1.0,1,0.0,1,1.0,1,RNG seed,descriptive means; no pointwise confidence intervals
pure_attack,pure_falsify,malicious_stream,scalar peak-score discrimination; not the post-onset crossing endpoint,0.2399329299739069,1.0,1,0.0,1,1.0,1,RNG seed,descriptive means; no pointwise confidence intervals
pure_attack,pure_falsify,malicious_stream,scalar peak-score discrimination; not the post-onset crossing endpoint,0.14496646498695304,1.0,1,0.0,1,1.0,1,RNG seed,descriptive means; no pointwise confidence intervals
pure_attack,pure_falsify,malicious_stream,scalar peak-score discrimination; not the post-onset crossing endpoint,0.05000000000000001,1.0,1,0.0,1,1.0,1,RNG seed,descriptive means; no pointwise confidence intervals
pure_attack,pure_falsify,malicious_stream,scalar peak-score discrimination; not the post-onset crossing endpoint,0.05,1.0,1,1.0,1,0.36363636363636365,1,RNG seed,descriptive means; no pointwise confidence intervals
pure_attack,pure_falsify,attacker_owner,scalar peak-score discrimination; not the post-onset crossing endpoint,0.9996646498695336,0.0,1,0.0,1,nan,0,RNG seed,descriptive means; no pointwise confidence intervals
pure_attack,pure_falsify,attacker_owner,scalar peak-score discrimination; not the post-onset crossing endpoint,0.9046981848825806,1.0,1,0.0,1,1.0,1,RNG seed,descriptive means; no pointwise confidence intervals
pure_attack,pure_falsify,attacker_owner,scalar peak-score discrimination; not the post-onset crossing endpoint,0.8097317198956275,1.0,1,0.0,1,1.0,1,RNG seed,descriptive means; no pointwise confidence intervals
pure_attack,pure_falsify,attacker_owner,scalar peak-score discrimination; not the post-onset crossing endpoint,0.7147652549086737,1.0,1,0.0,1,1.0,1,RNG seed,descriptive means; no pointwise confidence intervals
pure_attack,pure_falsify,attacker_owner,scalar peak-score discrimination; not the post-onset crossing endpoint,0.6197987899217208,1.0,1,0.0,1,1.0,1,RNG seed,descriptive means; no pointwise confidence intervals
pure_attack,pure_falsify,attacker_owner,scalar peak-score discrimination; not the post-onset crossing endpoint,0.5248323249347668,1.0,1,0.0,1,1.0,1,RNG seed,descriptive means; no pointwise confidence intervals
pure_attack,pure_falsify,attacker_owner,scalar peak-score discrimination; not the post-onset crossing endpoint,0.42986585994781373,1.0,1,0.0,1,1.0,1,RNG seed,descriptive means; no pointwise confidence intervals
pure_attack,pure_falsify,attacker_owner,scalar peak-score discrimination; not the post-onset crossing endpoint,0.3348993949608599,1.0,1,0.0,1,1.0,1,RNG seed,descriptive means; no pointwise confidence intervals
pure_attack,pure_falsify,attacker_owner,scalar peak-score discrimination; not the post-onset crossing endpoint,0.2399329299739069,1.0,1,0.0,1,1.0,1,RNG seed,descriptive means; no pointwise confidence intervals
pure_attack,pure_falsify,attacker_owner,scalar peak-score discrimination; not the post-onset crossing endpoint,0.14496646498695304,1.0,1,0.0,1,1.0,1,RNG seed,descriptive means; no pointwise confidence intervals
pure_attack,pure_falsify,attacker_owner,scalar peak-score discrimination; not the post-onset crossing endpoint,0.05000000000000001,1.0,1,0.0,1,1.0,1,RNG seed,descriptive means; no pointwise confidence intervals
pure_attack,pure_falsify,attacker_owner,scalar peak-score discrimination; not the post-onset crossing endpoint,0.05,1.0,1,1.0,1,0.36363636363636365,1,RNG seed,descriptive means; no pointwise confidence intervals
pure_attack,pure_replay,malicious_stream,scalar peak-score discrimination; not the post-onset crossing endpoint,0.9996646498695336,0.0,1,0.0,1,nan,0,RNG seed,descriptive means; no pointwise confidence intervals
pure_attack,pure_replay,malicious_stream,scalar peak-score discrimination; not the post-onset crossing endpoint,0.9995536143043177,0.7,1,0.0,1,1.0,1,RNG seed,descriptive means; no pointwise confidence intervals
pure_attack,pure_replay,malicious_stream,scalar peak-score discrimination; not the post-onset crossing endpoint,0.9993093360608424,0.7,1,0.0,1,1.0,1,RNG seed,descriptive means; no pointwise confidence intervals
pure_attack,pure_replay,malicious_stream,scalar peak-score discrimination; not the post-onset crossing endpoint,0.9990650578173672,0.7,1,0.0,1,1.0,1,RNG seed,descriptive means; no pointwise confidence intervals
pure_attack,pure_replay,malicious_stream,scalar peak-score discrimination; not the post-onset crossing endpoint,0.998820779573892,0.7,1,0.0,1,1.0,1,RNG seed,descriptive means; no pointwise confidence intervals
pure_attack,pure_replay,malicious_stream,scalar peak-score discrimination; not the post-onset crossing endpoint,0.9985765013304169,0.7,1,0.0,1,1.0,1,RNG seed,descriptive means; no pointwise confidence intervals
pure_attack,pure_replay,malicious_stream,scalar peak-score discrimination; not the post-onset crossing endpoint,0.9983322230869416,0.7,1,0.0,1,1.0,1,RNG seed,descriptive means; no pointwise confidence intervals
pure_attack,pure_replay,malicious_stream,scalar peak-score discrimination; not the post-onset crossing endpoint,0.9980879448434664,0.7,1,0.0,1,1.0,1,RNG seed,descriptive means; no pointwise confidence intervals
pure_attack,pure_replay,malicious_stream,scalar peak-score discrimination; not the post-onset crossing endpoint,0.9978436665999912,0.7,1,0.0,1,1.0,1,RNG seed,descriptive means; no pointwise confidence intervals
pure_attack,pure_replay,malicious_stream,scalar peak-score discrimination; not the post-onset crossing endpoint,0.9975993883565161,0.7,1,0.0,1,1.0,1,RNG seed,descriptive means; no pointwise confidence intervals
pure_attack,pure_replay,malicious_stream,scalar peak-score discrimination; not the post-onset crossing endpoint,0.9969227191686264,0.8,1,0.0,1,1.0,1,RNG seed,descriptive means; no pointwise confidence intervals
pure_attack,pure_replay,malicious_stream,scalar peak-score discrimination; not the post-onset crossing endpoint,0.9954893658280116,0.8,1,0.0,1,1.0,1,RNG seed,descriptive means; no pointwise confidence intervals
pure_attack,pure_replay,malicious_stream,scalar peak-score discrimination; not the post-onset crossing endpoint,0.9940560124873967,0.8,1,0.0,1,1.0,1,RNG seed,descriptive means; no pointwise confidence intervals
pure_attack,pure_replay,malicious_stream,scalar peak-score discrimination; not the post-onset crossing endpoint,0.9926226591467819,0.8,1,0.0,1,1.0,1,RNG seed,descriptive means; no pointwise confidence intervals
pure_attack,pure_replay,malicious_stream,scalar peak-score discrimination; not the post-onset crossing endpoint,0.991189305806167,0.8,1,0.0,1,1.0,1,RNG seed,descriptive means; no pointwise confidence intervals
pure_attack,pure_replay,malicious_stream,scalar peak-score discrimination; not the post-onset crossing endpoint,0.9897559524655521,0.8,1,0.0,1,1.0,1,RNG seed,descriptive means; no pointwise confidence intervals
pure_attack,pure_replay,malicious_stream,scalar peak-score discrimination; not the post-onset crossing endpoint,0.9883225991249374,0.8,1,0.0,1,1.0,1,RNG seed,descriptive means; no pointwise confidence intervals
pure_attack,pure_replay,malicious_stream,scalar peak-score discrimination; not the post-onset crossing endpoint,0.9868892457843225,0.8,1,0.0,1,1.0,1,RNG seed,descriptive means; no pointwise confidence intervals
pure_attack,pure_replay,malicious_stream,scalar peak-score discrimination; not the post-onset crossing endpoint,0.9854558924437077,0.8,1,0.0,1,1.0,1,RNG seed,descriptive means; no pointwise confidence intervals
pure_attack,pure_replay,malicious_stream,scalar peak-score discrimination; not the post-onset crossing endpoint,0.9838017058559804,0.9,1,0.0,1,1.0,1,RNG seed,descriptive means; no pointwise confidence intervals
pure_attack,pure_replay,malicious_stream,scalar peak-score discrimination; not the post-onset crossing endpoint,0.9815586306092864,0.9,1,0.0,1,1.0,1,RNG seed,descriptive means; no pointwise confidence intervals
pure_attack,pure_replay,malicious_stream,scalar peak-score discrimination; not the post-onset crossing endpoint,0.9793155553625925,0.9,1,0.0,1,1.0,1,RNG seed,descriptive means; no pointwise confidence intervals
pure_attack,pure_replay,malicious_stream,scalar peak-score discrimination; not the post-onset crossing endpoint,0.9770724801158985,0.9,1,0.0,1,1.0,1,RNG seed,descriptive means; no pointwise confidence intervals
pure_attack,pure_replay,malicious_stream,scalar peak-score discrimination; not the post-onset crossing endpoint,0.9748294048692046,0.9,1,0.0,1,1.0,1,RNG seed,descriptive means; no pointwise confidence intervals
pure_attack,pure_replay,malicious_stream,scalar peak-score discrimination; not the post-onset crossing endpoint,0.9725863296225107,0.9,1,0.0,1,1.0,1,RNG seed,descriptive means; no pointwise confidence intervals
pure_attack,pure_replay,malicious_stream,scalar peak-score discrimination; not the post-onset crossing endpoint,0.9703432543758167,0.9,1,0.0,1,1.0,1,RNG seed,descriptive means; no pointwise confidence intervals
pure_attack,pure_replay,malicious_stream,scalar peak-score discrimination; not the post-onset crossing endpoint,0.9681001791291227,0.9,1,0.0,1,1.0,1,RNG seed,descriptive means; no pointwise confidence intervals
pure_attack,pure_replay,malicious_stream,scalar peak-score discrimination; not the post-onset crossing endpoint,0.9658571038824288,0.9,1,0.0,1,1.0,1,RNG seed,descriptive means; no pointwise confidence intervals
pure_attack,pure_replay,malicious_stream,scalar peak-score discrimination; not the post-onset crossing endpoint,0.9457414232887947,1.0,1,0.0,1,1.0,1,RNG seed,descriptive means; no pointwise confidence intervals
pure_attack,pure_replay,malicious_stream,scalar peak-score discrimination; not the post-onset crossing endpoint,0.8451990186339301,1.0,1,0.0,1,1.0,1,RNG seed,descriptive means; no pointwise confidence intervals
pure_attack,pure_replay,malicious_stream,scalar peak-score discrimination; not the post-onset crossing endpoint,0.7446566139790654,1.0,1,0.0,1,1.0,1,RNG seed,descriptive means; no pointwise confidence intervals
pure_attack,pure_replay,malicious_stream,scalar peak-score discrimination; not the post-onset crossing endpoint,0.6441142093242005,1.0,1,0.0,1,1.0,1,RNG seed,descriptive means; no pointwise confidence intervals
pure_attack,pure_replay,malicious_stream,scalar peak-score discrimination; not the post-onset crossing endpoint,0.5435718046693359,1.0,1,0.0,1,1.0,1,RNG seed,descriptive means; no pointwise confidence intervals
pure_attack,pure_replay,malicious_stream,scalar peak-score discrimination; not the post-onset crossing endpoint,0.4430294000144713,1.0,1,0.0,1,1.0,1,RNG seed,descriptive means; no pointwise confidence intervals
pure_attack,pure_replay,malicious_stream,scalar peak-score discrimination; not the post-onset crossing endpoint,0.34248699535960625,1.0,1,0.0,1,1.0,1,RNG seed,descriptive means; no pointwise confidence intervals
pure_attack,pure_replay,malicious_stream,scalar peak-score discrimination; not the post-onset crossing endpoint,0.2419445907047417,1.0,1,0.0,1,1.0,1,RNG seed,descriptive means; no pointwise confidence intervals
pure_attack,pure_replay,malicious_stream,scalar peak-score discrimination; not the post-onset crossing endpoint,0.1414021860498771,1.0,1,0.0,1,1.0,1,RNG seed,descriptive means; no pointwise confidence intervals
pure_attack,pure_replay,malicious_stream,scalar peak-score discrimination; not the post-onset crossing endpoint,0.05000000000000001,1.0,1,0.0,1,1.0,1,RNG seed,descriptive means; no pointwise confidence intervals
pure_attack,pure_replay,malicious_stream,scalar peak-score discrimination; not the post-onset crossing endpoint,0.05,1.0,1,1.0,1,0.8333333333333334,1,RNG seed,descriptive means; no pointwise confidence intervals
pure_attack,pure_replay,attacker_owner,scalar peak-score discrimination; not the post-onset crossing endpoint,0.9996646498695336,nan,0,0.0,1,nan,0,RNG seed,descriptive means; no pointwise confidence intervals
pure_attack,pure_replay,attacker_owner,scalar peak-score discrimination; not the post-onset crossing endpoint,0.9995536143043177,nan,0,0.5833333333333334,1,0.0,1,RNG seed,descriptive means; no pointwise confidence intervals
pure_attack,pure_replay,attacker_owner,scalar peak-score discrimination; not the post-onset crossing endpoint,0.9993093360608424,nan,0,0.5833333333333334,1,0.0,1,RNG seed,descriptive means; no pointwise confidence intervals
pure_attack,pure_replay,attacker_owner,scalar peak-score discrimination; not the post-onset crossing endpoint,0.9990650578173672,nan,0,0.5833333333333334,1,0.0,1,RNG seed,descriptive means; no pointwise confidence intervals
pure_attack,pure_replay,attacker_owner,scalar peak-score discrimination; not the post-onset crossing endpoint,0.998820779573892,nan,0,0.5833333333333334,1,0.0,1,RNG seed,descriptive means; no pointwise confidence intervals
pure_attack,pure_replay,attacker_owner,scalar peak-score discrimination; not the post-onset crossing endpoint,0.9985765013304169,nan,0,0.5833333333333334,1,0.0,1,RNG seed,descriptive means; no pointwise confidence intervals
pure_attack,pure_replay,attacker_owner,scalar peak-score discrimination; not the post-onset crossing endpoint,0.9983322230869416,nan,0,0.5833333333333334,1,0.0,1,RNG seed,descriptive means; no pointwise confidence intervals
pure_attack,pure_replay,attacker_owner,scalar peak-score discrimination; not the post-onset crossing endpoint,0.9980879448434664,nan,0,0.5833333333333334,1,0.0,1,RNG seed,descriptive means; no pointwise confidence intervals
pure_attack,pure_replay,attacker_owner,scalar peak-score discrimination; not the post-onset crossing endpoint,0.9978436665999912,nan,0,0.5833333333333334,1,0.0,1,RNG seed,descriptive means; no pointwise confidence intervals
pure_attack,pure_replay,attacker_owner,scalar peak-score discrimination; not the post-onset crossing endpoint,0.9975993883565161,nan,0,0.5833333333333334,1,0.0,1,RNG seed,descriptive means; no pointwise confidence intervals
pure_attack,pure_replay,attacker_owner,scalar peak-score discrimination; not the post-onset crossing endpoint,0.9969227191686264,nan,0,0.6666666666666666,1,0.0,1,RNG seed,descriptive means; no pointwise confidence intervals
pure_attack,pure_replay,attacker_owner,scalar peak-score discrimination; not the post-onset crossing endpoint,0.9954893658280116,nan,0,0.6666666666666666,1,0.0,1,RNG seed,descriptive means; no pointwise confidence intervals
pure_attack,pure_replay,attacker_owner,scalar peak-score discrimination; not the post-onset crossing endpoint,0.9940560124873967,nan,0,0.6666666666666666,1,0.0,1,RNG seed,descriptive means; no pointwise confidence intervals
pure_attack,pure_replay,attacker_owner,scalar peak-score discrimination; not the post-onset crossing endpoint,0.9926226591467819,nan,0,0.6666666666666666,1,0.0,1,RNG seed,descriptive means; no pointwise confidence intervals
pure_attack,pure_replay,attacker_owner,scalar peak-score discrimination; not the post-onset crossing endpoint,0.991189305806167,nan,0,0.6666666666666666,1,0.0,1,RNG seed,descriptive means; no pointwise confidence intervals
pure_attack,pure_replay,attacker_owner,scalar peak-score discrimination; not the post-onset crossing endpoint,0.9897559524655521,nan,0,0.6666666666666666,1,0.0,1,RNG seed,descriptive means; no pointwise confidence intervals
pure_attack,pure_replay,attacker_owner,scalar peak-score discrimination; not the post-onset crossing endpoint,0.9883225991249374,nan,0,0.6666666666666666,1,0.0,1,RNG seed,descriptive means; no pointwise confidence intervals
pure_attack,pure_replay,attacker_owner,scalar peak-score discrimination; not the post-onset crossing endpoint,0.9868892457843225,nan,0,0.6666666666666666,1,0.0,1,RNG seed,descriptive means; no pointwise confidence intervals
pure_attack,pure_replay,attacker_owner,scalar peak-score discrimination; not the post-onset crossing endpoint,0.9854558924437077,nan,0,0.6666666666666666,1,0.0,1,RNG seed,descriptive means; no pointwise confidence intervals
pure_attack,pure_replay,attacker_owner,scalar peak-score discrimination; not the post-onset crossing endpoint,0.9838017058559804,nan,0,0.75,1,0.0,1,RNG seed,descriptive means; no pointwise confidence intervals
pure_attack,pure_replay,attacker_owner,scalar peak-score discrimination; not the post-onset crossing endpoint,0.9815586306092864,nan,0,0.75,1,0.0,1,RNG seed,descriptive means; no pointwise confidence intervals
pure_attack,pure_replay,attacker_owner,scalar peak-score discrimination; not the post-onset crossing endpoint,0.9793155553625925,nan,0,0.75,1,0.0,1,RNG seed,descriptive means; no pointwise confidence intervals
pure_attack,pure_replay,attacker_owner,scalar peak-score discrimination; not the post-onset crossing endpoint,0.9770724801158985,nan,0,0.75,1,0.0,1,RNG seed,descriptive means; no pointwise confidence intervals
pure_attack,pure_replay,attacker_owner,scalar peak-score discrimination; not the post-onset crossing endpoint,0.9748294048692046,nan,0,0.75,1,0.0,1,RNG seed,descriptive means; no pointwise confidence intervals
pure_attack,pure_replay,attacker_owner,scalar peak-score discrimination; not the post-onset crossing endpoint,0.9725863296225107,nan,0,0.75,1,0.0,1,RNG seed,descriptive means; no pointwise confidence intervals
pure_attack,pure_replay,attacker_owner,scalar peak-score discrimination; not the post-onset crossing endpoint,0.9703432543758167,nan,0,0.75,1,0.0,1,RNG seed,descriptive means; no pointwise confidence intervals
pure_attack,pure_replay,attacker_owner,scalar peak-score discrimination; not the post-onset crossing endpoint,0.9681001791291227,nan,0,0.75,1,0.0,1,RNG seed,descriptive means; no pointwise confidence intervals
pure_attack,pure_replay,attacker_owner,scalar peak-score discrimination; not the post-onset crossing endpoint,0.9658571038824288,nan,0,0.75,1,0.0,1,RNG seed,descriptive means; no pointwise confidence intervals
pure_attack,pure_replay,attacker_owner,scalar peak-score discrimination; not the post-onset crossing endpoint,0.9457414232887947,nan,0,0.8333333333333334,1,0.0,1,RNG seed,descriptive means; no pointwise confidence intervals
pure_attack,pure_replay,attacker_owner,scalar peak-score discrimination; not the post-onset crossing endpoint,0.8451990186339301,nan,0,0.8333333333333334,1,0.0,1,RNG seed,descriptive means; no pointwise confidence intervals
pure_attack,pure_replay,attacker_owner,scalar peak-score discrimination; not the post-onset crossing endpoint,0.7446566139790654,nan,0,0.8333333333333334,1,0.0,1,RNG seed,descriptive means; no pointwise confidence intervals
pure_attack,pure_replay,attacker_owner,scalar peak-score discrimination; not the post-onset crossing endpoint,0.6441142093242005,nan,0,0.8333333333333334,1,0.0,1,RNG seed,descriptive means; no pointwise confidence intervals
pure_attack,pure_replay,attacker_owner,scalar peak-score discrimination; not the post-onset crossing endpoint,0.5435718046693359,nan,0,0.8333333333333334,1,0.0,1,RNG seed,descriptive means; no pointwise confidence intervals
pure_attack,pure_replay,attacker_owner,scalar peak-score discrimination; not the post-onset crossing endpoint,0.4430294000144713,nan,0,0.8333333333333334,1,0.0,1,RNG seed,descriptive means; no pointwise confidence intervals
pure_attack,pure_replay,attacker_owner,scalar peak-score discrimination; not the post-onset crossing endpoint,0.34248699535960625,nan,0,0.8333333333333334,1,0.0,1,RNG seed,descriptive means; no pointwise confidence intervals
pure_attack,pure_replay,attacker_owner,scalar peak-score discrimination; not the post-onset crossing endpoint,0.2419445907047417,nan,0,0.8333333333333334,1,0.0,1,RNG seed,descriptive means; no pointwise confidence intervals
pure_attack,pure_replay,attacker_owner,scalar peak-score discrimination; not the post-onset crossing endpoint,0.1414021860498771,nan,0,0.8333333333333334,1,0.0,1,RNG seed,descriptive means; no pointwise confidence intervals
pure_attack,pure_replay,attacker_owner,scalar peak-score discrimination; not the post-onset crossing endpoint,0.05000000000000001,nan,0,0.8333333333333334,1,0.0,1,RNG seed,descriptive means; no pointwise confidence intervals
pure_attack,pure_replay,attacker_owner,scalar peak-score discrimination; not the post-onset crossing endpoint,0.05,nan,0,1.0,1,0.0,1,RNG seed,descriptive means; no pointwise confidence intervals
pure_attack,pure_revheading,malicious_stream,scalar peak-score discrimination; not the post-onset crossing endpoint,0.9996646498695336,0.0,1,0.0,1,nan,0,RNG seed,descriptive means; no pointwise confidence intervals
pure_attack,pure_revheading,malicious_stream,scalar peak-score discrimination; not the post-onset crossing endpoint,0.999344713038557,0.75,1,0.0,1,1.0,1,RNG seed,descriptive means; no pointwise confidence intervals
pure_attack,pure_revheading,malicious_stream,scalar peak-score discrimination; not the post-onset crossing endpoint,0.9990247762075803,0.75,1,0.0,1,1.0,1,RNG seed,descriptive means; no pointwise confidence intervals
pure_attack,pure_revheading,malicious_stream,scalar peak-score discrimination; not the post-onset crossing endpoint,0.9987048393766037,0.75,1,0.0,1,1.0,1,RNG seed,descriptive means; no pointwise confidence intervals
pure_attack,pure_revheading,malicious_stream,scalar peak-score discrimination; not the post-onset crossing endpoint,0.9983849025456271,0.75,1,0.0,1,1.0,1,RNG seed,descriptive means; no pointwise confidence intervals
pure_attack,pure_revheading,malicious_stream,scalar peak-score discrimination; not the post-onset crossing endpoint,0.9980649657146504,0.75,1,0.0,1,1.0,1,RNG seed,descriptive means; no pointwise confidence intervals
pure_attack,pure_revheading,malicious_stream,scalar peak-score discrimination; not the post-onset crossing endpoint,0.9977450288836738,0.75,1,0.0,1,1.0,1,RNG seed,descriptive means; no pointwise confidence intervals
pure_attack,pure_revheading,malicious_stream,scalar peak-score discrimination; not the post-onset crossing endpoint,0.9974250920526971,0.75,1,0.0,1,1.0,1,RNG seed,descriptive means; no pointwise confidence intervals
pure_attack,pure_revheading,malicious_stream,scalar peak-score discrimination; not the post-onset crossing endpoint,0.9971051552217205,0.75,1,0.0,1,1.0,1,RNG seed,descriptive means; no pointwise confidence intervals
pure_attack,pure_revheading,malicious_stream,scalar peak-score discrimination; not the post-onset crossing endpoint,0.9967852183907439,0.75,1,0.0,1,1.0,1,RNG seed,descriptive means; no pointwise confidence intervals
pure_attack,pure_revheading,malicious_stream,scalar peak-score discrimination; not the post-onset crossing endpoint,0.9964652815597672,0.75,1,0.0,1,1.0,1,RNG seed,descriptive means; no pointwise confidence intervals
pure_attack,pure_revheading,malicious_stream,scalar peak-score discrimination; not the post-onset crossing endpoint,0.9018187534037908,1.0,1,0.0,1,1.0,1,RNG seed,descriptive means; no pointwise confidence intervals
pure_attack,pure_revheading,malicious_stream,scalar peak-score discrimination; not the post-onset crossing endpoint,0.8071722252478144,1.0,1,0.0,1,1.0,1,RNG seed,descriptive means; no pointwise confidence intervals
pure_attack,pure_revheading,malicious_stream,scalar peak-score discrimination; not the post-onset crossing endpoint,0.7125256970918372,1.0,1,0.0,1,1.0,1,RNG seed,descriptive means; no pointwise confidence intervals
pure_attack,pure_revheading,malicious_stream,scalar peak-score discrimination; not the post-onset crossing endpoint,0.6178791689358609,1.0,1,0.0,1,1.0,1,RNG seed,descriptive means; no pointwise confidence intervals
pure_attack,pure_revheading,malicious_stream,scalar peak-score discrimination; not the post-onset crossing endpoint,0.5232326407798836,1.0,1,0.0,1,1.0,1,RNG seed,descriptive means; no pointwise confidence intervals
pure_attack,pure_revheading,malicious_stream,scalar peak-score discrimination; not the post-onset crossing endpoint,0.42858611262390717,1.0,1,0.0,1,1.0,1,RNG seed,descriptive means; no pointwise confidence intervals
pure_attack,pure_revheading,malicious_stream,scalar peak-score discrimination; not the post-onset crossing endpoint,0.33393958446793,1.0,1,0.0,1,1.0,1,RNG seed,descriptive means; no pointwise confidence intervals
pure_attack,pure_revheading,malicious_stream,scalar peak-score discrimination; not the post-onset crossing endpoint,0.2392930563119536,1.0,1,0.0,1,1.0,1,RNG seed,descriptive means; no pointwise confidence intervals
pure_attack,pure_revheading,malicious_stream,scalar peak-score discrimination; not the post-onset crossing endpoint,0.1446465281559764,1.0,1,0.0,1,1.0,1,RNG seed,descriptive means; no pointwise confidence intervals
pure_attack,pure_revheading,malicious_stream,scalar peak-score discrimination; not the post-onset crossing endpoint,0.05000000000000001,1.0,1,0.0,1,1.0,1,RNG seed,descriptive means; no pointwise confidence intervals
pure_attack,pure_revheading,malicious_stream,scalar peak-score discrimination; not the post-onset crossing endpoint,0.05,1.0,1,1.0,1,0.36363636363636365,1,RNG seed,descriptive means; no pointwise confidence intervals
pure_attack,pure_revheading,attacker_owner,scalar peak-score discrimination; not the post-onset crossing endpoint,0.9996646498695336,0.0,1,0.0,1,nan,0,RNG seed,descriptive means; no pointwise confidence intervals
pure_attack,pure_revheading,attacker_owner,scalar peak-score discrimination; not the post-onset crossing endpoint,0.999344713038557,0.75,1,0.0,1,1.0,1,RNG seed,descriptive means; no pointwise confidence intervals
pure_attack,pure_revheading,attacker_owner,scalar peak-score discrimination; not the post-onset crossing endpoint,0.9990247762075803,0.75,1,0.0,1,1.0,1,RNG seed,descriptive means; no pointwise confidence intervals
pure_attack,pure_revheading,attacker_owner,scalar peak-score discrimination; not the post-onset crossing endpoint,0.9987048393766037,0.75,1,0.0,1,1.0,1,RNG seed,descriptive means; no pointwise confidence intervals
pure_attack,pure_revheading,attacker_owner,scalar peak-score discrimination; not the post-onset crossing endpoint,0.9983849025456271,0.75,1,0.0,1,1.0,1,RNG seed,descriptive means; no pointwise confidence intervals
pure_attack,pure_revheading,attacker_owner,scalar peak-score discrimination; not the post-onset crossing endpoint,0.9980649657146504,0.75,1,0.0,1,1.0,1,RNG seed,descriptive means; no pointwise confidence intervals
pure_attack,pure_revheading,attacker_owner,scalar peak-score discrimination; not the post-onset crossing endpoint,0.9977450288836738,0.75,1,0.0,1,1.0,1,RNG seed,descriptive means; no pointwise confidence intervals
pure_attack,pure_revheading,attacker_owner,scalar peak-score discrimination; not the post-onset crossing endpoint,0.9974250920526971,0.75,1,0.0,1,1.0,1,RNG seed,descriptive means; no pointwise confidence intervals
pure_attack,pure_revheading,attacker_owner,scalar peak-score discrimination; not the post-onset crossing endpoint,0.9971051552217205,0.75,1,0.0,1,1.0,1,RNG seed,descriptive means; no pointwise confidence intervals
pure_attack,pure_revheading,attacker_owner,scalar peak-score discrimination; not the post-onset crossing endpoint,0.9967852183907439,0.75,1,0.0,1,1.0,1,RNG seed,descriptive means; no pointwise confidence intervals
pure_attack,pure_revheading,attacker_owner,scalar peak-score discrimination; not the post-onset crossing endpoint,0.9964652815597672,0.75,1,0.0,1,1.0,1,RNG seed,descriptive means; no pointwise confidence intervals
pure_attack,pure_revheading,attacker_owner,scalar peak-score discrimination; not the post-onset crossing endpoint,0.9018187534037908,1.0,1,0.0,1,1.0,1,RNG seed,descriptive means; no pointwise confidence intervals
pure_attack,pure_revheading,attacker_owner,scalar peak-score discrimination; not the post-onset crossing endpoint,0.8071722252478144,1.0,1,0.0,1,1.0,1,RNG seed,descriptive means; no pointwise confidence intervals
pure_attack,pure_revheading,attacker_owner,scalar peak-score discrimination; not the post-onset crossing endpoint,0.7125256970918372,1.0,1,0.0,1,1.0,1,RNG seed,descriptive means; no pointwise confidence intervals
pure_attack,pure_revheading,attacker_owner,scalar peak-score discrimination; not the post-onset crossing endpoint,0.6178791689358609,1.0,1,0.0,1,1.0,1,RNG seed,descriptive means; no pointwise confidence intervals
pure_attack,pure_revheading,attacker_owner,scalar peak-score discrimination; not the post-onset crossing endpoint,0.5232326407798836,1.0,1,0.0,1,1.0,1,RNG seed,descriptive means; no pointwise confidence intervals
pure_attack,pure_revheading,attacker_owner,scalar peak-score discrimination; not the post-onset crossing endpoint,0.42858611262390717,1.0,1,0.0,1,1.0,1,RNG seed,descriptive means; no pointwise confidence intervals
pure_attack,pure_revheading,attacker_owner,scalar peak-score discrimination; not the post-onset crossing endpoint,0.33393958446793,1.0,1,0.0,1,1.0,1,RNG seed,descriptive means; no pointwise confidence intervals
pure_attack,pure_revheading,attacker_owner,scalar peak-score discrimination; not the post-onset crossing endpoint,0.2392930563119536,1.0,1,0.0,1,1.0,1,RNG seed,descriptive means; no pointwise confidence intervals
pure_attack,pure_revheading,attacker_owner,scalar peak-score discrimination; not the post-onset crossing endpoint,0.1446465281559764,1.0,1,0.0,1,1.0,1,RNG seed,descriptive means; no pointwise confidence intervals
pure_attack,pure_revheading,attacker_owner,scalar peak-score discrimination; not the post-onset crossing endpoint,0.05000000000000001,1.0,1,0.0,1,1.0,1,RNG seed,descriptive means; no pointwise confidence intervals
pure_attack,pure_revheading,attacker_owner,scalar peak-score discrimination; not the post-onset crossing endpoint,0.05,1.0,1,1.0,1,0.36363636363636365,1,RNG seed,descriptive means; no pointwise confidence intervals
pure_attack,pure_slydos,malicious_stream,scalar peak-score discrimination; not the post-onset crossing endpoint,0.05000000000000001,0.0,1,0.0,1,nan,0,RNG seed,descriptive means; no pointwise confidence intervals
pure_attack,pure_slydos,malicious_stream,scalar peak-score discrimination; not the post-onset crossing endpoint,0.05,1.0,1,1.0,1,0.36363636363636365,1,RNG seed,descriptive means; no pointwise confidence intervals
pure_attack,pure_slydos,attacker_owner,scalar peak-score discrimination; not the post-onset crossing endpoint,0.05000000000000001,0.0,1,0.0,1,nan,0,RNG seed,descriptive means; no pointwise confidence intervals
pure_attack,pure_slydos,attacker_owner,scalar peak-score discrimination; not the post-onset crossing endpoint,0.05,1.0,1,1.0,1,0.36363636363636365,1,RNG seed,descriptive means; no pointwise confidence intervals
pure_attack,pure_spoof,malicious_stream,scalar peak-score discrimination; not the post-onset crossing endpoint,0.9996646498695336,0.0,1,0.0,1,nan,0,RNG seed,descriptive means; no pointwise confidence intervals
pure_attack,pure_spoof,malicious_stream,scalar peak-score discrimination; not the post-onset crossing endpoint,0.9857465237515306,0.25,1,0.0,1,1.0,1,RNG seed,descriptive means; no pointwise confidence intervals
pure_attack,pure_spoof,malicious_stream,scalar peak-score discrimination; not the post-onset crossing endpoint,0.9718283976335275,0.25,1,0.0,1,1.0,1,RNG seed,descriptive means; no pointwise confidence intervals
pure_attack,pure_spoof,malicious_stream,scalar peak-score discrimination; not the post-onset crossing endpoint,0.9579102715155244,0.25,1,0.0,1,1.0,1,RNG seed,descriptive means; no pointwise confidence intervals
pure_attack,pure_spoof,malicious_stream,scalar peak-score discrimination; not the post-onset crossing endpoint,0.9439921453975214,0.25,1,0.0,1,1.0,1,RNG seed,descriptive means; no pointwise confidence intervals
pure_attack,pure_spoof,malicious_stream,scalar peak-score discrimination; not the post-onset crossing endpoint,0.9300740192795185,0.25,1,0.0,1,1.0,1,RNG seed,descriptive means; no pointwise confidence intervals
pure_attack,pure_spoof,malicious_stream,scalar peak-score discrimination; not the post-onset crossing endpoint,0.9161558931615154,0.25,1,0.0,1,1.0,1,RNG seed,descriptive means; no pointwise confidence intervals
pure_attack,pure_spoof,malicious_stream,scalar peak-score discrimination; not the post-onset crossing endpoint,0.9022377670435123,0.25,1,0.0,1,1.0,1,RNG seed,descriptive means; no pointwise confidence intervals
pure_attack,pure_spoof,malicious_stream,scalar peak-score discrimination; not the post-onset crossing endpoint,0.8883196409255093,0.25,1,0.0,1,1.0,1,RNG seed,descriptive means; no pointwise confidence intervals
pure_attack,pure_spoof,malicious_stream,scalar peak-score discrimination; not the post-onset crossing endpoint,0.8744015148075062,0.25,1,0.0,1,1.0,1,RNG seed,descriptive means; no pointwise confidence intervals
pure_attack,pure_spoof,malicious_stream,scalar peak-score discrimination; not the post-onset crossing endpoint,0.8604833886895031,0.25,1,0.0,1,1.0,1,RNG seed,descriptive means; no pointwise confidence intervals
pure_attack,pure_spoof,malicious_stream,scalar peak-score discrimination; not the post-onset crossing endpoint,0.8465652625715001,0.25,1,0.0,1,1.0,1,RNG seed,descriptive means; no pointwise confidence intervals
pure_attack,pure_spoof,malicious_stream,scalar peak-score discrimination; not the post-onset crossing endpoint,0.832647136453497,0.25,1,0.0,1,1.0,1,RNG seed,descriptive means; no pointwise confidence intervals
pure_attack,pure_spoof,malicious_stream,scalar peak-score discrimination; not the post-onset crossing endpoint,0.7946605504587156,0.5,1,0.0,1,1.0,1,RNG seed,descriptive means; no pointwise confidence intervals
pure_attack,pure_spoof,malicious_stream,scalar peak-score discrimination; not the post-onset crossing endpoint,0.7326055045871559,0.5,1,0.0,1,1.0,1,RNG seed,descriptive means; no pointwise confidence intervals
pure_attack,pure_spoof,malicious_stream,scalar peak-score discrimination; not the post-onset crossing endpoint,0.6705504587155963,0.5,1,0.0,1,1.0,1,RNG seed,descriptive means; no pointwise confidence intervals
pure_attack,pure_spoof,malicious_stream,scalar peak-score discrimination; not the post-onset crossing endpoint,0.6084954128440365,0.5,1,0.0,1,1.0,1,RNG seed,descriptive means; no pointwise confidence intervals
pure_attack,pure_spoof,malicious_stream,scalar peak-score discrimination; not the post-onset crossing endpoint,0.5464403669724776,0.5,1,0.0,1,1.0,1,RNG seed,descriptive means; no pointwise confidence intervals
pure_attack,pure_spoof,malicious_stream,scalar peak-score discrimination; not the post-onset crossing endpoint,0.48438532110091786,0.5,1,0.0,1,1.0,1,RNG seed,descriptive means; no pointwise confidence intervals
pure_attack,pure_spoof,malicious_stream,scalar peak-score discrimination; not the post-onset crossing endpoint,0.4223302752293581,0.5,1,0.0,1,1.0,1,RNG seed,descriptive means; no pointwise confidence intervals
pure_attack,pure_spoof,malicious_stream,scalar peak-score discrimination; not the post-onset crossing endpoint,0.36027522935779843,0.5,1,0.0,1,1.0,1,RNG seed,descriptive means; no pointwise confidence intervals
pure_attack,pure_spoof,malicious_stream,scalar peak-score discrimination; not the post-onset crossing endpoint,0.29822018348623874,0.5,1,0.0,1,1.0,1,RNG seed,descriptive means; no pointwise confidence intervals
pure_attack,pure_spoof,malicious_stream,scalar peak-score discrimination; not the post-onset crossing endpoint,0.23616513761467908,0.5,1,0.0,1,1.0,1,RNG seed,descriptive means; no pointwise confidence intervals
pure_attack,pure_spoof,malicious_stream,scalar peak-score discrimination; not the post-onset crossing endpoint,0.1741100917431194,0.5,1,0.0,1,1.0,1,RNG seed,descriptive means; no pointwise confidence intervals
pure_attack,pure_spoof,malicious_stream,scalar peak-score discrimination; not the post-onset crossing endpoint,0.1120550458715597,0.5,1,0.0,1,1.0,1,RNG seed,descriptive means; no pointwise confidence intervals
pure_attack,pure_spoof,malicious_stream,scalar peak-score discrimination; not the post-onset crossing endpoint,0.05000000000000001,0.5,1,0.0,1,1.0,1,RNG seed,descriptive means; no pointwise confidence intervals
pure_attack,pure_spoof,malicious_stream,scalar peak-score discrimination; not the post-onset crossing endpoint,0.05,1.0,1,1.0,1,0.4444444444444444,1,RNG seed,descriptive means; no pointwise confidence intervals
pure_attack,pure_spoof,attacker_owner,scalar peak-score discrimination; not the post-onset crossing endpoint,0.9996646498695336,nan,0,0.0,1,nan,0,RNG seed,descriptive means; no pointwise confidence intervals
pure_attack,pure_spoof,attacker_owner,scalar peak-score discrimination; not the post-onset crossing endpoint,0.9857465237515306,nan,0,0.1111111111111111,1,0.0,1,RNG seed,descriptive means; no pointwise confidence intervals
pure_attack,pure_spoof,attacker_owner,scalar peak-score discrimination; not the post-onset crossing endpoint,0.9718283976335275,nan,0,0.1111111111111111,1,0.0,1,RNG seed,descriptive means; no pointwise confidence intervals
pure_attack,pure_spoof,attacker_owner,scalar peak-score discrimination; not the post-onset crossing endpoint,0.9579102715155244,nan,0,0.1111111111111111,1,0.0,1,RNG seed,descriptive means; no pointwise confidence intervals
pure_attack,pure_spoof,attacker_owner,scalar peak-score discrimination; not the post-onset crossing endpoint,0.9439921453975214,nan,0,0.1111111111111111,1,0.0,1,RNG seed,descriptive means; no pointwise confidence intervals
pure_attack,pure_spoof,attacker_owner,scalar peak-score discrimination; not the post-onset crossing endpoint,0.9300740192795185,nan,0,0.1111111111111111,1,0.0,1,RNG seed,descriptive means; no pointwise confidence intervals
pure_attack,pure_spoof,attacker_owner,scalar peak-score discrimination; not the post-onset crossing endpoint,0.9161558931615154,nan,0,0.1111111111111111,1,0.0,1,RNG seed,descriptive means; no pointwise confidence intervals
pure_attack,pure_spoof,attacker_owner,scalar peak-score discrimination; not the post-onset crossing endpoint,0.9022377670435123,nan,0,0.1111111111111111,1,0.0,1,RNG seed,descriptive means; no pointwise confidence intervals
pure_attack,pure_spoof,attacker_owner,scalar peak-score discrimination; not the post-onset crossing endpoint,0.8883196409255093,nan,0,0.1111111111111111,1,0.0,1,RNG seed,descriptive means; no pointwise confidence intervals
pure_attack,pure_spoof,attacker_owner,scalar peak-score discrimination; not the post-onset crossing endpoint,0.8744015148075062,nan,0,0.1111111111111111,1,0.0,1,RNG seed,descriptive means; no pointwise confidence intervals
pure_attack,pure_spoof,attacker_owner,scalar peak-score discrimination; not the post-onset crossing endpoint,0.8604833886895031,nan,0,0.1111111111111111,1,0.0,1,RNG seed,descriptive means; no pointwise confidence intervals
pure_attack,pure_spoof,attacker_owner,scalar peak-score discrimination; not the post-onset crossing endpoint,0.8465652625715001,nan,0,0.1111111111111111,1,0.0,1,RNG seed,descriptive means; no pointwise confidence intervals
pure_attack,pure_spoof,attacker_owner,scalar peak-score discrimination; not the post-onset crossing endpoint,0.832647136453497,nan,0,0.1111111111111111,1,0.0,1,RNG seed,descriptive means; no pointwise confidence intervals
pure_attack,pure_spoof,attacker_owner,scalar peak-score discrimination; not the post-onset crossing endpoint,0.7946605504587156,nan,0,0.2222222222222222,1,0.0,1,RNG seed,descriptive means; no pointwise confidence intervals
pure_attack,pure_spoof,attacker_owner,scalar peak-score discrimination; not the post-onset crossing endpoint,0.7326055045871559,nan,0,0.2222222222222222,1,0.0,1,RNG seed,descriptive means; no pointwise confidence intervals
pure_attack,pure_spoof,attacker_owner,scalar peak-score discrimination; not the post-onset crossing endpoint,0.6705504587155963,nan,0,0.2222222222222222,1,0.0,1,RNG seed,descriptive means; no pointwise confidence intervals
pure_attack,pure_spoof,attacker_owner,scalar peak-score discrimination; not the post-onset crossing endpoint,0.6084954128440365,nan,0,0.2222222222222222,1,0.0,1,RNG seed,descriptive means; no pointwise confidence intervals
pure_attack,pure_spoof,attacker_owner,scalar peak-score discrimination; not the post-onset crossing endpoint,0.5464403669724776,nan,0,0.2222222222222222,1,0.0,1,RNG seed,descriptive means; no pointwise confidence intervals
pure_attack,pure_spoof,attacker_owner,scalar peak-score discrimination; not the post-onset crossing endpoint,0.48438532110091786,nan,0,0.2222222222222222,1,0.0,1,RNG seed,descriptive means; no pointwise confidence intervals
pure_attack,pure_spoof,attacker_owner,scalar peak-score discrimination; not the post-onset crossing endpoint,0.4223302752293581,nan,0,0.2222222222222222,1,0.0,1,RNG seed,descriptive means; no pointwise confidence intervals
pure_attack,pure_spoof,attacker_owner,scalar peak-score discrimination; not the post-onset crossing endpoint,0.36027522935779843,nan,0,0.2222222222222222,1,0.0,1,RNG seed,descriptive means; no pointwise confidence intervals
pure_attack,pure_spoof,attacker_owner,scalar peak-score discrimination; not the post-onset crossing endpoint,0.29822018348623874,nan,0,0.2222222222222222,1,0.0,1,RNG seed,descriptive means; no pointwise confidence intervals
pure_attack,pure_spoof,attacker_owner,scalar peak-score discrimination; not the post-onset crossing endpoint,0.23616513761467908,nan,0,0.2222222222222222,1,0.0,1,RNG seed,descriptive means; no pointwise confidence intervals
pure_attack,pure_spoof,attacker_owner,scalar peak-score discrimination; not the post-onset crossing endpoint,0.1741100917431194,nan,0,0.2222222222222222,1,0.0,1,RNG seed,descriptive means; no pointwise confidence intervals
pure_attack,pure_spoof,attacker_owner,scalar peak-score discrimination; not the post-onset crossing endpoint,0.1120550458715597,nan,0,0.2222222222222222,1,0.0,1,RNG seed,descriptive means; no pointwise confidence intervals
pure_attack,pure_spoof,attacker_owner,scalar peak-score discrimination; not the post-onset crossing endpoint,0.05000000000000001,nan,0,0.2222222222222222,1,0.0,1,RNG seed,descriptive means; no pointwise confidence intervals
pure_attack,pure_spoof,attacker_owner,scalar peak-score discrimination; not the post-onset crossing endpoint,0.05,nan,0,1.0,1,0.0,1,RNG seed,descriptive means; no pointwise confidence intervals
scale,scale_n_21,malicious_stream,scalar peak-score discrimination; not the post-onset crossing endpoint,0.9996646498695336,0.0,1,0.0,1,nan,0,RNG seed,descriptive means; no pointwise confidence intervals
scale,scale_n_21,malicious_stream,scalar peak-score discrimination; not the post-onset crossing endpoint,0.9994462761819006,0.5,1,0.0,1,1.0,1,RNG seed,descriptive means; no pointwise confidence intervals
scale,scale_n_21,malicious_stream,scalar peak-score discrimination; not the post-onset crossing endpoint,0.998463594587552,0.5,1,0.0,1,1.0,1,RNG seed,descriptive means; no pointwise confidence intervals
scale,scale_n_21,malicious_stream,scalar peak-score discrimination; not the post-onset crossing endpoint,0.9978038645178909,0.6666666666666666,1,0.0,1,1.0,1,RNG seed,descriptive means; no pointwise confidence intervals
scale,scale_n_21,malicious_stream,scalar peak-score discrimination; not the post-onset crossing endpoint,0.6942817972943878,0.8333333333333334,1,0.0,1,1.0,1,RNG seed,descriptive means; no pointwise confidence intervals
scale,scale_n_21,malicious_stream,scalar peak-score discrimination; not the post-onset crossing endpoint,0.05000000000000001,0.8333333333333334,1,0.0,1,1.0,1,RNG seed,descriptive means; no pointwise confidence intervals
scale,scale_n_21,malicious_stream,scalar peak-score discrimination; not the post-onset crossing endpoint,0.05,1.0,1,1.0,1,0.0821917808219178,1,RNG seed,descriptive means; no pointwise confidence intervals
scale,scale_n_21,attacker_owner,scalar peak-score discrimination; not the post-onset crossing endpoint,0.9996646498695336,0.0,1,0.0,1,nan,0,RNG seed,descriptive means; no pointwise confidence intervals
scale,scale_n_21,attacker_owner,scalar peak-score discrimination; not the post-onset crossing endpoint,0.9994462761819006,0.3333333333333333,1,0.02857142857142857,1,0.3333333333333333,1,RNG seed,descriptive means; no pointwise confidence intervals
scale,scale_n_21,attacker_owner,scalar peak-score discrimination; not the post-onset crossing endpoint,0.998463594587552,0.3333333333333333,1,0.02857142857142857,1,0.3333333333333333,1,RNG seed,descriptive means; no pointwise confidence intervals
scale,scale_n_21,attacker_owner,scalar peak-score discrimination; not the post-onset crossing endpoint,0.9978038645178909,0.6666666666666666,1,0.02857142857142857,1,0.5,1,RNG seed,descriptive means; no pointwise confidence intervals
scale,scale_n_21,attacker_owner,scalar peak-score discrimination; not the post-onset crossing endpoint,0.6942817972943878,0.6666666666666666,1,0.04285714285714286,1,0.4,1,RNG seed,descriptive means; no pointwise confidence intervals
scale,scale_n_21,attacker_owner,scalar peak-score discrimination; not the post-onset crossing endpoint,0.05000000000000001,0.6666666666666666,1,0.04285714285714286,1,0.4,1,RNG seed,descriptive means; no pointwise confidence intervals
scale,scale_n_21,attacker_owner,scalar peak-score discrimination; not the post-onset crossing endpoint,0.05,1.0,1,1.0,1,0.0410958904109589,1,RNG seed,descriptive means; no pointwise confidence intervals
scale,scale_n_7,malicious_stream,scalar peak-score discrimination; not the post-onset crossing endpoint,0.05000000000000001,0.0,1,0.0,1,nan,0,RNG seed,descriptive means; no pointwise confidence intervals
scale,scale_n_7,malicious_stream,scalar peak-score discrimination; not the post-onset crossing endpoint,0.05,1.0,1,1.0,1,0.16666666666666666,1,RNG seed,descriptive means; no pointwise confidence intervals
scale,scale_n_7,attacker_owner,scalar peak-score discrimination; not the post-onset crossing endpoint,0.05000000000000001,nan,0,0.0,1,nan,0,RNG seed,descriptive means; no pointwise confidence intervals
scale,scale_n_7,attacker_owner,scalar peak-score discrimination; not the post-onset crossing endpoint,0.05,nan,0,1.0,1,0.0,1,RNG seed,descriptive means; no pointwise confidence intervals
score_variant,reference_half_life_1p351,malicious_stream,scalar peak-score discrimination; not the post-onset crossing endpoint,0.9996646498695336,0.0,1,0.0,1,nan,0,RNG seed,descriptive means; no pointwise confidence intervals
score_variant,reference_half_life_1p351,malicious_stream,scalar peak-score discrimination; not the post-onset crossing endpoint,0.9046981848825806,0.5,1,0.0,1,1.0,1,RNG seed,descriptive means; no pointwise confidence intervals
score_variant,reference_half_life_1p351,malicious_stream,scalar peak-score discrimination; not the post-onset crossing endpoint,0.8097317198956275,0.5,1,0.0,1,1.0,1,RNG seed,descriptive means; no pointwise confidence intervals
score_variant,reference_half_life_1p351,malicious_stream,scalar peak-score discrimination; not the post-onset crossing endpoint,0.7147652549086737,0.5,1,0.0,1,1.0,1,RNG seed,descriptive means; no pointwise confidence intervals
score_variant,reference_half_life_1p351,malicious_stream,scalar peak-score discrimination; not the post-onset crossing endpoint,0.6197987899217199,0.5,1,0.0,1,1.0,1,RNG seed,descriptive means; no pointwise confidence intervals
score_variant,reference_half_life_1p351,malicious_stream,scalar peak-score discrimination; not the post-onset crossing endpoint,0.5248323249347668,0.5,1,0.0,1,1.0,1,RNG seed,descriptive means; no pointwise confidence intervals
score_variant,reference_half_life_1p351,malicious_stream,scalar peak-score discrimination; not the post-onset crossing endpoint,0.42986585994781373,0.5,1,0.0,1,1.0,1,RNG seed,descriptive means; no pointwise confidence intervals
score_variant,reference_half_life_1p351,malicious_stream,scalar peak-score discrimination; not the post-onset crossing endpoint,0.3348993949608599,0.5,1,0.0,1,1.0,1,RNG seed,descriptive means; no pointwise confidence intervals
score_variant,reference_half_life_1p351,malicious_stream,scalar peak-score discrimination; not the post-onset crossing endpoint,0.23993292997390606,0.5,1,0.0,1,1.0,1,RNG seed,descriptive means; no pointwise confidence intervals
score_variant,reference_half_life_1p351,malicious_stream,scalar peak-score discrimination; not the post-onset crossing endpoint,0.14496646498695304,0.5,1,0.0,1,1.0,1,RNG seed,descriptive means; no pointwise confidence intervals
score_variant,reference_half_life_1p351,malicious_stream,scalar peak-score discrimination; not the post-onset crossing endpoint,0.050000000000000856,0.5,1,0.0,1,1.0,1,RNG seed,descriptive means; no pointwise confidence intervals
score_variant,reference_half_life_1p351,malicious_stream,scalar peak-score discrimination; not the post-onset crossing endpoint,0.05000000000000001,0.5,1,0.0,1,1.0,1,RNG seed,descriptive means; no pointwise confidence intervals
score_variant,reference_half_life_1p351,malicious_stream,scalar peak-score discrimination; not the post-onset crossing endpoint,0.05,1.0,1,1.0,1,0.5454545454545454,1,RNG seed,descriptive means; no pointwise confidence intervals
score_variant,reference_half_life_1p351,attacker_owner,scalar peak-score discrimination; not the post-onset crossing endpoint,0.9996646498695336,0.0,1,0.0,1,nan,0,RNG seed,descriptive means; no pointwise confidence intervals
score_variant,reference_half_life_1p351,attacker_owner,scalar peak-score discrimination; not the post-onset crossing endpoint,0.9046981848825806,0.6666666666666666,1,0.125,1,0.6666666666666666,1,RNG seed,descriptive means; no pointwise confidence intervals
score_variant,reference_half_life_1p351,attacker_owner,scalar peak-score discrimination; not the post-onset crossing endpoint,0.8097317198956275,0.6666666666666666,1,0.125,1,0.6666666666666666,1,RNG seed,descriptive means; no pointwise confidence intervals
score_variant,reference_half_life_1p351,attacker_owner,scalar peak-score discrimination; not the post-onset crossing endpoint,0.7147652549086737,0.6666666666666666,1,0.125,1,0.6666666666666666,1,RNG seed,descriptive means; no pointwise confidence intervals
score_variant,reference_half_life_1p351,attacker_owner,scalar peak-score discrimination; not the post-onset crossing endpoint,0.6197987899217199,0.6666666666666666,1,0.125,1,0.6666666666666666,1,RNG seed,descriptive means; no pointwise confidence intervals
score_variant,reference_half_life_1p351,attacker_owner,scalar peak-score discrimination; not the post-onset crossing endpoint,0.5248323249347668,0.6666666666666666,1,0.125,1,0.6666666666666666,1,RNG seed,descriptive means; no pointwise confidence intervals
score_variant,reference_half_life_1p351,attacker_owner,scalar peak-score discrimination; not the post-onset crossing endpoint,0.42986585994781373,0.6666666666666666,1,0.125,1,0.6666666666666666,1,RNG seed,descriptive means; no pointwise confidence intervals
score_variant,reference_half_life_1p351,attacker_owner,scalar peak-score discrimination; not the post-onset crossing endpoint,0.3348993949608599,0.6666666666666666,1,0.125,1,0.6666666666666666,1,RNG seed,descriptive means; no pointwise confidence intervals
score_variant,reference_half_life_1p351,attacker_owner,scalar peak-score discrimination; not the post-onset crossing endpoint,0.23993292997390606,0.6666666666666666,1,0.125,1,0.6666666666666666,1,RNG seed,descriptive means; no pointwise confidence intervals
score_variant,reference_half_life_1p351,attacker_owner,scalar peak-score discrimination; not the post-onset crossing endpoint,0.14496646498695304,0.6666666666666666,1,0.125,1,0.6666666666666666,1,RNG seed,descriptive means; no pointwise confidence intervals
score_variant,reference_half_life_1p351,attacker_owner,scalar peak-score discrimination; not the post-onset crossing endpoint,0.050000000000000856,0.6666666666666666,1,0.125,1,0.6666666666666666,1,RNG seed,descriptive means; no pointwise confidence intervals
score_variant,reference_half_life_1p351,attacker_owner,scalar peak-score discrimination; not the post-onset crossing endpoint,0.05000000000000001,0.6666666666666666,1,0.125,1,0.6666666666666666,1,RNG seed,descriptive means; no pointwise confidence intervals
score_variant,reference_half_life_1p351,attacker_owner,scalar peak-score discrimination; not the post-onset crossing endpoint,0.05,1.0,1,1.0,1,0.2727272727272727,1,RNG seed,descriptive means; no pointwise confidence intervals
score_variant,reference_no_forgetting,malicious_stream,scalar peak-score discrimination; not the post-onset crossing endpoint,0.9996646498695336,0.0,1,0.0,1,nan,0,RNG seed,descriptive means; no pointwise confidence intervals
score_variant,reference_no_forgetting,malicious_stream,scalar peak-score discrimination; not the post-onset crossing endpoint,0.9046981848825806,0.5,1,0.0,1,1.0,1,RNG seed,descriptive means; no pointwise confidence intervals
score_variant,reference_no_forgetting,malicious_stream,scalar peak-score discrimination; not the post-onset crossing endpoint,0.8097317198956275,0.5,1,0.0,1,1.0,1,RNG seed,descriptive means; no pointwise confidence intervals
score_variant,reference_no_forgetting,malicious_stream,scalar peak-score discrimination; not the post-onset crossing endpoint,0.7147652549086737,0.5,1,0.0,1,1.0,1,RNG seed,descriptive means; no pointwise confidence intervals
score_variant,reference_no_forgetting,malicious_stream,scalar peak-score discrimination; not the post-onset crossing endpoint,0.6197987899217199,0.5,1,0.0,1,1.0,1,RNG seed,descriptive means; no pointwise confidence intervals
score_variant,reference_no_forgetting,malicious_stream,scalar peak-score discrimination; not the post-onset crossing endpoint,0.5248323249347668,0.5,1,0.0,1,1.0,1,RNG seed,descriptive means; no pointwise confidence intervals
score_variant,reference_no_forgetting,malicious_stream,scalar peak-score discrimination; not the post-onset crossing endpoint,0.42986585994781373,0.5,1,0.0,1,1.0,1,RNG seed,descriptive means; no pointwise confidence intervals
score_variant,reference_no_forgetting,malicious_stream,scalar peak-score discrimination; not the post-onset crossing endpoint,0.3348993949608599,0.5,1,0.0,1,1.0,1,RNG seed,descriptive means; no pointwise confidence intervals
score_variant,reference_no_forgetting,malicious_stream,scalar peak-score discrimination; not the post-onset crossing endpoint,0.23993292997390606,0.5,1,0.0,1,1.0,1,RNG seed,descriptive means; no pointwise confidence intervals
score_variant,reference_no_forgetting,malicious_stream,scalar peak-score discrimination; not the post-onset crossing endpoint,0.14496646498695304,0.5,1,0.0,1,1.0,1,RNG seed,descriptive means; no pointwise confidence intervals
score_variant,reference_no_forgetting,malicious_stream,scalar peak-score discrimination; not the post-onset crossing endpoint,0.050000000000000856,0.5,1,0.0,1,1.0,1,RNG seed,descriptive means; no pointwise confidence intervals
score_variant,reference_no_forgetting,malicious_stream,scalar peak-score discrimination; not the post-onset crossing endpoint,0.05000000000000001,0.5,1,0.0,1,1.0,1,RNG seed,descriptive means; no pointwise confidence intervals
score_variant,reference_no_forgetting,malicious_stream,scalar peak-score discrimination; not the post-onset crossing endpoint,0.05,1.0,1,1.0,1,0.5454545454545454,1,RNG seed,descriptive means; no pointwise confidence intervals
score_variant,reference_no_forgetting,attacker_owner,scalar peak-score discrimination; not the post-onset crossing endpoint,0.9996646498695336,0.0,1,0.0,1,nan,0,RNG seed,descriptive means; no pointwise confidence intervals
score_variant,reference_no_forgetting,attacker_owner,scalar peak-score discrimination; not the post-onset crossing endpoint,0.9046981848825806,0.6666666666666666,1,0.125,1,0.6666666666666666,1,RNG seed,descriptive means; no pointwise confidence intervals
score_variant,reference_no_forgetting,attacker_owner,scalar peak-score discrimination; not the post-onset crossing endpoint,0.8097317198956275,0.6666666666666666,1,0.125,1,0.6666666666666666,1,RNG seed,descriptive means; no pointwise confidence intervals
score_variant,reference_no_forgetting,attacker_owner,scalar peak-score discrimination; not the post-onset crossing endpoint,0.7147652549086737,0.6666666666666666,1,0.125,1,0.6666666666666666,1,RNG seed,descriptive means; no pointwise confidence intervals
score_variant,reference_no_forgetting,attacker_owner,scalar peak-score discrimination; not the post-onset crossing endpoint,0.6197987899217199,0.6666666666666666,1,0.125,1,0.6666666666666666,1,RNG seed,descriptive means; no pointwise confidence intervals
score_variant,reference_no_forgetting,attacker_owner,scalar peak-score discrimination; not the post-onset crossing endpoint,0.5248323249347668,0.6666666666666666,1,0.125,1,0.6666666666666666,1,RNG seed,descriptive means; no pointwise confidence intervals
score_variant,reference_no_forgetting,attacker_owner,scalar peak-score discrimination; not the post-onset crossing endpoint,0.42986585994781373,0.6666666666666666,1,0.125,1,0.6666666666666666,1,RNG seed,descriptive means; no pointwise confidence intervals
score_variant,reference_no_forgetting,attacker_owner,scalar peak-score discrimination; not the post-onset crossing endpoint,0.3348993949608599,0.6666666666666666,1,0.125,1,0.6666666666666666,1,RNG seed,descriptive means; no pointwise confidence intervals
score_variant,reference_no_forgetting,attacker_owner,scalar peak-score discrimination; not the post-onset crossing endpoint,0.23993292997390606,0.6666666666666666,1,0.125,1,0.6666666666666666,1,RNG seed,descriptive means; no pointwise confidence intervals
score_variant,reference_no_forgetting,attacker_owner,scalar peak-score discrimination; not the post-onset crossing endpoint,0.14496646498695304,0.6666666666666666,1,0.125,1,0.6666666666666666,1,RNG seed,descriptive means; no pointwise confidence intervals
score_variant,reference_no_forgetting,attacker_owner,scalar peak-score discrimination; not the post-onset crossing endpoint,0.050000000000000856,0.6666666666666666,1,0.125,1,0.6666666666666666,1,RNG seed,descriptive means; no pointwise confidence intervals
score_variant,reference_no_forgetting,attacker_owner,scalar peak-score discrimination; not the post-onset crossing endpoint,0.05000000000000001,0.6666666666666666,1,0.125,1,0.6666666666666666,1,RNG seed,descriptive means; no pointwise confidence intervals
score_variant,reference_no_forgetting,attacker_owner,scalar peak-score discrimination; not the post-onset crossing endpoint,0.05,1.0,1,1.0,1,0.2727272727272727,1,RNG seed,descriptive means; no pointwise confidence intervals
steady_state,pure_constoffset_steady,malicious_stream,scalar peak-score discrimination; not the post-onset crossing endpoint,0.05000000000000001,0.0,1,0.0,1,nan,0,RNG seed,descriptive means; no pointwise confidence intervals
steady_state,pure_constoffset_steady,malicious_stream,scalar peak-score discrimination; not the post-onset crossing endpoint,0.05,1.0,1,1.0,1,0.36363636363636365,1,RNG seed,descriptive means; no pointwise confidence intervals
steady_state,pure_constoffset_steady,attacker_owner,scalar peak-score discrimination; not the post-onset crossing endpoint,0.05000000000000001,0.0,1,0.0,1,nan,0,RNG seed,descriptive means; no pointwise confidence intervals
steady_state,pure_constoffset_steady,attacker_owner,scalar peak-score discrimination; not the post-onset crossing endpoint,0.05,1.0,1,1.0,1,0.36363636363636365,1,RNG seed,descriptive means; no pointwise confidence intervals
steady_state,pure_falsify_steady,malicious_stream,scalar peak-score discrimination; not the post-onset crossing endpoint,0.9996646498695336,0.0,1,0.0,1,nan,0,RNG seed,descriptive means; no pointwise confidence intervals
steady_state,pure_falsify_steady,malicious_stream,scalar peak-score discrimination; not the post-onset crossing endpoint,0.9046981848825806,1.0,1,0.0,1,1.0,1,RNG seed,descriptive means; no pointwise confidence intervals
steady_state,pure_falsify_steady,malicious_stream,scalar peak-score discrimination; not the post-onset crossing endpoint,0.8097317198956275,1.0,1,0.0,1,1.0,1,RNG seed,descriptive means; no pointwise confidence intervals
steady_state,pure_falsify_steady,malicious_stream,scalar peak-score discrimination; not the post-onset crossing endpoint,0.7147652549086737,1.0,1,0.0,1,1.0,1,RNG seed,descriptive means; no pointwise confidence intervals
steady_state,pure_falsify_steady,malicious_stream,scalar peak-score discrimination; not the post-onset crossing endpoint,0.6197987899217208,1.0,1,0.0,1,1.0,1,RNG seed,descriptive means; no pointwise confidence intervals
steady_state,pure_falsify_steady,malicious_stream,scalar peak-score discrimination; not the post-onset crossing endpoint,0.5248323249347668,1.0,1,0.0,1,1.0,1,RNG seed,descriptive means; no pointwise confidence intervals
steady_state,pure_falsify_steady,malicious_stream,scalar peak-score discrimination; not the post-onset crossing endpoint,0.42986585994781373,1.0,1,0.0,1,1.0,1,RNG seed,descriptive means; no pointwise confidence intervals
steady_state,pure_falsify_steady,malicious_stream,scalar peak-score discrimination; not the post-onset crossing endpoint,0.3348993949608599,1.0,1,0.0,1,1.0,1,RNG seed,descriptive means; no pointwise confidence intervals
steady_state,pure_falsify_steady,malicious_stream,scalar peak-score discrimination; not the post-onset crossing endpoint,0.2399329299739069,1.0,1,0.0,1,1.0,1,RNG seed,descriptive means; no pointwise confidence intervals
steady_state,pure_falsify_steady,malicious_stream,scalar peak-score discrimination; not the post-onset crossing endpoint,0.14496646498695304,1.0,1,0.0,1,1.0,1,RNG seed,descriptive means; no pointwise confidence intervals
steady_state,pure_falsify_steady,malicious_stream,scalar peak-score discrimination; not the post-onset crossing endpoint,0.05000000000000001,1.0,1,0.0,1,1.0,1,RNG seed,descriptive means; no pointwise confidence intervals
steady_state,pure_falsify_steady,malicious_stream,scalar peak-score discrimination; not the post-onset crossing endpoint,0.05,1.0,1,1.0,1,0.36363636363636365,1,RNG seed,descriptive means; no pointwise confidence intervals
steady_state,pure_falsify_steady,attacker_owner,scalar peak-score discrimination; not the post-onset crossing endpoint,0.9996646498695336,0.0,1,0.0,1,nan,0,RNG seed,descriptive means; no pointwise confidence intervals
steady_state,pure_falsify_steady,attacker_owner,scalar peak-score discrimination; not the post-onset crossing endpoint,0.9046981848825806,1.0,1,0.0,1,1.0,1,RNG seed,descriptive means; no pointwise confidence intervals
steady_state,pure_falsify_steady,attacker_owner,scalar peak-score discrimination; not the post-onset crossing endpoint,0.8097317198956275,1.0,1,0.0,1,1.0,1,RNG seed,descriptive means; no pointwise confidence intervals
steady_state,pure_falsify_steady,attacker_owner,scalar peak-score discrimination; not the post-onset crossing endpoint,0.7147652549086737,1.0,1,0.0,1,1.0,1,RNG seed,descriptive means; no pointwise confidence intervals
steady_state,pure_falsify_steady,attacker_owner,scalar peak-score discrimination; not the post-onset crossing endpoint,0.6197987899217208,1.0,1,0.0,1,1.0,1,RNG seed,descriptive means; no pointwise confidence intervals
steady_state,pure_falsify_steady,attacker_owner,scalar peak-score discrimination; not the post-onset crossing endpoint,0.5248323249347668,1.0,1,0.0,1,1.0,1,RNG seed,descriptive means; no pointwise confidence intervals
steady_state,pure_falsify_steady,attacker_owner,scalar peak-score discrimination; not the post-onset crossing endpoint,0.42986585994781373,1.0,1,0.0,1,1.0,1,RNG seed,descriptive means; no pointwise confidence intervals
steady_state,pure_falsify_steady,attacker_owner,scalar peak-score discrimination; not the post-onset crossing endpoint,0.3348993949608599,1.0,1,0.0,1,1.0,1,RNG seed,descriptive means; no pointwise confidence intervals
steady_state,pure_falsify_steady,attacker_owner,scalar peak-score discrimination; not the post-onset crossing endpoint,0.2399329299739069,1.0,1,0.0,1,1.0,1,RNG seed,descriptive means; no pointwise confidence intervals
steady_state,pure_falsify_steady,attacker_owner,scalar peak-score discrimination; not the post-onset crossing endpoint,0.14496646498695304,1.0,1,0.0,1,1.0,1,RNG seed,descriptive means; no pointwise confidence intervals
steady_state,pure_falsify_steady,attacker_owner,scalar peak-score discrimination; not the post-onset crossing endpoint,0.05000000000000001,1.0,1,0.0,1,1.0,1,RNG seed,descriptive means; no pointwise confidence intervals
steady_state,pure_falsify_steady,attacker_owner,scalar peak-score discrimination; not the post-onset crossing endpoint,0.05,1.0,1,1.0,1,0.36363636363636365,1,RNG seed,descriptive means; no pointwise confidence intervals
steady_state,pure_revheading_steady,malicious_stream,scalar peak-score discrimination; not the post-onset crossing endpoint,0.9996646498695336,0.0,1,0.0,1,nan,0,RNG seed,descriptive means; no pointwise confidence intervals
steady_state,pure_revheading_steady,malicious_stream,scalar peak-score discrimination; not the post-onset crossing endpoint,0.999344713038557,0.75,1,0.0,1,1.0,1,RNG seed,descriptive means; no pointwise confidence intervals
steady_state,pure_revheading_steady,malicious_stream,scalar peak-score discrimination; not the post-onset crossing endpoint,0.9990247762075803,0.75,1,0.0,1,1.0,1,RNG seed,descriptive means; no pointwise confidence intervals
steady_state,pure_revheading_steady,malicious_stream,scalar peak-score discrimination; not the post-onset crossing endpoint,0.9987048393766037,0.75,1,0.0,1,1.0,1,RNG seed,descriptive means; no pointwise confidence intervals
steady_state,pure_revheading_steady,malicious_stream,scalar peak-score discrimination; not the post-onset crossing endpoint,0.9983849025456271,0.75,1,0.0,1,1.0,1,RNG seed,descriptive means; no pointwise confidence intervals
steady_state,pure_revheading_steady,malicious_stream,scalar peak-score discrimination; not the post-onset crossing endpoint,0.9980649657146504,0.75,1,0.0,1,1.0,1,RNG seed,descriptive means; no pointwise confidence intervals
steady_state,pure_revheading_steady,malicious_stream,scalar peak-score discrimination; not the post-onset crossing endpoint,0.9977450288836738,0.75,1,0.0,1,1.0,1,RNG seed,descriptive means; no pointwise confidence intervals
steady_state,pure_revheading_steady,malicious_stream,scalar peak-score discrimination; not the post-onset crossing endpoint,0.9974250920526971,0.75,1,0.0,1,1.0,1,RNG seed,descriptive means; no pointwise confidence intervals
steady_state,pure_revheading_steady,malicious_stream,scalar peak-score discrimination; not the post-onset crossing endpoint,0.9971051552217205,0.75,1,0.0,1,1.0,1,RNG seed,descriptive means; no pointwise confidence intervals
steady_state,pure_revheading_steady,malicious_stream,scalar peak-score discrimination; not the post-onset crossing endpoint,0.9967852183907439,0.75,1,0.0,1,1.0,1,RNG seed,descriptive means; no pointwise confidence intervals
steady_state,pure_revheading_steady,malicious_stream,scalar peak-score discrimination; not the post-onset crossing endpoint,0.9964652815597672,0.75,1,0.0,1,1.0,1,RNG seed,descriptive means; no pointwise confidence intervals
steady_state,pure_revheading_steady,malicious_stream,scalar peak-score discrimination; not the post-onset crossing endpoint,0.9018187534037908,1.0,1,0.0,1,1.0,1,RNG seed,descriptive means; no pointwise confidence intervals
steady_state,pure_revheading_steady,malicious_stream,scalar peak-score discrimination; not the post-onset crossing endpoint,0.8071722252478144,1.0,1,0.0,1,1.0,1,RNG seed,descriptive means; no pointwise confidence intervals
steady_state,pure_revheading_steady,malicious_stream,scalar peak-score discrimination; not the post-onset crossing endpoint,0.7125256970918372,1.0,1,0.0,1,1.0,1,RNG seed,descriptive means; no pointwise confidence intervals
steady_state,pure_revheading_steady,malicious_stream,scalar peak-score discrimination; not the post-onset crossing endpoint,0.6178791689358609,1.0,1,0.0,1,1.0,1,RNG seed,descriptive means; no pointwise confidence intervals
steady_state,pure_revheading_steady,malicious_stream,scalar peak-score discrimination; not the post-onset crossing endpoint,0.5232326407798836,1.0,1,0.0,1,1.0,1,RNG seed,descriptive means; no pointwise confidence intervals
steady_state,pure_revheading_steady,malicious_stream,scalar peak-score discrimination; not the post-onset crossing endpoint,0.42858611262390717,1.0,1,0.0,1,1.0,1,RNG seed,descriptive means; no pointwise confidence intervals
steady_state,pure_revheading_steady,malicious_stream,scalar peak-score discrimination; not the post-onset crossing endpoint,0.33393958446793,1.0,1,0.0,1,1.0,1,RNG seed,descriptive means; no pointwise confidence intervals
steady_state,pure_revheading_steady,malicious_stream,scalar peak-score discrimination; not the post-onset crossing endpoint,0.2392930563119536,1.0,1,0.0,1,1.0,1,RNG seed,descriptive means; no pointwise confidence intervals
steady_state,pure_revheading_steady,malicious_stream,scalar peak-score discrimination; not the post-onset crossing endpoint,0.1446465281559764,1.0,1,0.0,1,1.0,1,RNG seed,descriptive means; no pointwise confidence intervals
steady_state,pure_revheading_steady,malicious_stream,scalar peak-score discrimination; not the post-onset crossing endpoint,0.05000000000000001,1.0,1,0.0,1,1.0,1,RNG seed,descriptive means; no pointwise confidence intervals
steady_state,pure_revheading_steady,malicious_stream,scalar peak-score discrimination; not the post-onset crossing endpoint,0.05,1.0,1,1.0,1,0.36363636363636365,1,RNG seed,descriptive means; no pointwise confidence intervals
steady_state,pure_revheading_steady,attacker_owner,scalar peak-score discrimination; not the post-onset crossing endpoint,0.9996646498695336,0.0,1,0.0,1,nan,0,RNG seed,descriptive means; no pointwise confidence intervals
steady_state,pure_revheading_steady,attacker_owner,scalar peak-score discrimination; not the post-onset crossing endpoint,0.999344713038557,0.75,1,0.0,1,1.0,1,RNG seed,descriptive means; no pointwise confidence intervals
steady_state,pure_revheading_steady,attacker_owner,scalar peak-score discrimination; not the post-onset crossing endpoint,0.9990247762075803,0.75,1,0.0,1,1.0,1,RNG seed,descriptive means; no pointwise confidence intervals
steady_state,pure_revheading_steady,attacker_owner,scalar peak-score discrimination; not the post-onset crossing endpoint,0.9987048393766037,0.75,1,0.0,1,1.0,1,RNG seed,descriptive means; no pointwise confidence intervals
steady_state,pure_revheading_steady,attacker_owner,scalar peak-score discrimination; not the post-onset crossing endpoint,0.9983849025456271,0.75,1,0.0,1,1.0,1,RNG seed,descriptive means; no pointwise confidence intervals
steady_state,pure_revheading_steady,attacker_owner,scalar peak-score discrimination; not the post-onset crossing endpoint,0.9980649657146504,0.75,1,0.0,1,1.0,1,RNG seed,descriptive means; no pointwise confidence intervals
steady_state,pure_revheading_steady,attacker_owner,scalar peak-score discrimination; not the post-onset crossing endpoint,0.9977450288836738,0.75,1,0.0,1,1.0,1,RNG seed,descriptive means; no pointwise confidence intervals
steady_state,pure_revheading_steady,attacker_owner,scalar peak-score discrimination; not the post-onset crossing endpoint,0.9974250920526971,0.75,1,0.0,1,1.0,1,RNG seed,descriptive means; no pointwise confidence intervals
steady_state,pure_revheading_steady,attacker_owner,scalar peak-score discrimination; not the post-onset crossing endpoint,0.9971051552217205,0.75,1,0.0,1,1.0,1,RNG seed,descriptive means; no pointwise confidence intervals
steady_state,pure_revheading_steady,attacker_owner,scalar peak-score discrimination; not the post-onset crossing endpoint,0.9967852183907439,0.75,1,0.0,1,1.0,1,RNG seed,descriptive means; no pointwise confidence intervals
steady_state,pure_revheading_steady,attacker_owner,scalar peak-score discrimination; not the post-onset crossing endpoint,0.9964652815597672,0.75,1,0.0,1,1.0,1,RNG seed,descriptive means; no pointwise confidence intervals
steady_state,pure_revheading_steady,attacker_owner,scalar peak-score discrimination; not the post-onset crossing endpoint,0.9018187534037908,1.0,1,0.0,1,1.0,1,RNG seed,descriptive means; no pointwise confidence intervals
steady_state,pure_revheading_steady,attacker_owner,scalar peak-score discrimination; not the post-onset crossing endpoint,0.8071722252478144,1.0,1,0.0,1,1.0,1,RNG seed,descriptive means; no pointwise confidence intervals
steady_state,pure_revheading_steady,attacker_owner,scalar peak-score discrimination; not the post-onset crossing endpoint,0.7125256970918372,1.0,1,0.0,1,1.0,1,RNG seed,descriptive means; no pointwise confidence intervals
steady_state,pure_revheading_steady,attacker_owner,scalar peak-score discrimination; not the post-onset crossing endpoint,0.6178791689358609,1.0,1,0.0,1,1.0,1,RNG seed,descriptive means; no pointwise confidence intervals
steady_state,pure_revheading_steady,attacker_owner,scalar peak-score discrimination; not the post-onset crossing endpoint,0.5232326407798836,1.0,1,0.0,1,1.0,1,RNG seed,descriptive means; no pointwise confidence intervals
steady_state,pure_revheading_steady,attacker_owner,scalar peak-score discrimination; not the post-onset crossing endpoint,0.42858611262390717,1.0,1,0.0,1,1.0,1,RNG seed,descriptive means; no pointwise confidence intervals
steady_state,pure_revheading_steady,attacker_owner,scalar peak-score discrimination; not the post-onset crossing endpoint,0.33393958446793,1.0,1,0.0,1,1.0,1,RNG seed,descriptive means; no pointwise confidence intervals
steady_state,pure_revheading_steady,attacker_owner,scalar peak-score discrimination; not the post-onset crossing endpoint,0.2392930563119536,1.0,1,0.0,1,1.0,1,RNG seed,descriptive means; no pointwise confidence intervals
steady_state,pure_revheading_steady,attacker_owner,scalar peak-score discrimination; not the post-onset crossing endpoint,0.1446465281559764,1.0,1,0.0,1,1.0,1,RNG seed,descriptive means; no pointwise confidence intervals
steady_state,pure_revheading_steady,attacker_owner,scalar peak-score discrimination; not the post-onset crossing endpoint,0.05000000000000001,1.0,1,0.0,1,1.0,1,RNG seed,descriptive means; no pointwise confidence intervals
steady_state,pure_revheading_steady,attacker_owner,scalar peak-score discrimination; not the post-onset crossing endpoint,0.05,1.0,1,1.0,1,0.36363636363636365,1,RNG seed,descriptive means; no pointwise confidence intervals
steady_state,pure_slydos_steady,malicious_stream,scalar peak-score discrimination; not the post-onset crossing endpoint,0.05000000000000001,0.0,1,0.0,1,nan,0,RNG seed,descriptive means; no pointwise confidence intervals
steady_state,pure_slydos_steady,malicious_stream,scalar peak-score discrimination; not the post-onset crossing endpoint,0.05,1.0,1,1.0,1,0.36363636363636365,1,RNG seed,descriptive means; no pointwise confidence intervals
steady_state,pure_slydos_steady,attacker_owner,scalar peak-score discrimination; not the post-onset crossing endpoint,0.05000000000000001,0.0,1,0.0,1,nan,0,RNG seed,descriptive means; no pointwise confidence intervals
steady_state,pure_slydos_steady,attacker_owner,scalar peak-score discrimination; not the post-onset crossing endpoint,0.05,1.0,1,1.0,1,0.36363636363636365,1,RNG seed,descriptive means; no pointwise confidence intervals
