n,frac,attack,run,detector,null_ev,prior,decay,gps_sigma,bsm_bytes,pair_tpr,pair_fpr,pair_precision,pair_f1,median_ttd,ttd_detected_frac,contested,contested_flagged,msg_tpr,msg_fpr,auc,latency_ms,pdr,det_us
50,0.5,spoof,5,1,0.05,0.98,2,350,nan,0,nan,nan,nan,nan,245,114,0.480062,0.344296,0.571795,9.20456,0.454916,8.78825
50,0.5,spoof,6,1,0.05,0.98,2,350,nan,0,nan,nan,nan,nan,267,96,0.315115,0.286463,0.516081,5.62339,0.448293,9.39606
50,0.5,spoof,4,1,0.05,0.98,2,350,nan,0,nan,nan,nan,nan,294,132,0.409421,0.302652,0.561009,10.2012,0.478196,9.3505
50,0.5,spoof,3,1,0.05,0.98,2,350,nan,0.00505051,0,nan,nan,nan,266,89,0.321495,0.195848,0.580719,5.79171,0.52169,9.67831
50,0.5,spoof,7,1,0.05,0.98,2,350,nan,0.00483092,0,nan,nan,nan,266,120,0.376369,0.246715,0.592048,13.0695,0.466304,9.83598
50,0.5,spoof,8,1,0.05,0.98,2,350,nan,0.0164835,0,nan,nan,nan,275,165,0.495363,0.320318,0.591142,7.18264,0.489721,10.3495
50,0.5,spoof,9,1,0.05,0.98,2,350,nan,0,nan,nan,nan,nan,246,124,0.478393,0.208374,0.658535,11.9044,0.46972,10.7168
50,0.1,spoof,3,1,0,0.05,0.98,2,350,nan,0,nan,nan,nan,nan,111,46,0.326368,0.038719,0.656506,6.36657,0.513547,10.8309
50,0.1,spoof,6,1,0,0.05,0.98,2,350,nan,0,nan,nan,nan,nan,102,12,0.232594,0.0179548,0.672496,7.27198,0.444307,10.6792
50,0.1,spoof,5,1,0,0.05,0.98,2,350,nan,0,nan,nan,nan,nan,115,22,0.0798667,0.0104025,0.535354,9.37939,0.47646,11.3668
50,0.1,spoof,1,1,0,0.05,0.98,2,350,nan,0,nan,nan,nan,nan,127,59,0.386957,0.0299499,0.691686,7.10907,0.467759,12.3124
50,0.1,spoof,7,1,0,0.05,0.98,2,350,nan,0,nan,nan,nan,nan,113,34,0.120287,0.00976452,0.561207,13.6028,0.477681,12.767
50,0.1,spoof,2,1,0,0.05,0.98,2,350,nan,0,nan,nan,nan,nan,123,55,0.406078,0.0251851,0.716169,9.07102,0.456365,13.4243
50,0.1,spoof,4,1,0,0.05,0.98,2,350,nan,0,nan,nan,nan,nan,122,26,0.15264,0.00740288,0.591291,9.32305,0.479272,13.4409
50,0.5,spoof,10,1,0,0.05,0.98,2,350,nan,0,nan,nan,nan,nan,254,101,0.435614,0.249438,0.601155,13.1685,0.479422,9.30091
50,0.5,spoof,12,1,0,0.05,0.98,2,350,nan,0,nan,nan,nan,nan,249,130,0.473869,0.238108,0.642494,9.37831,0.445448,10.6423
50,0.5,spoof,11,1,0,0.05,0.98,2,350,nan,0,nan,nan,nan,nan,249,133,0.535238,0.181386,0.690001,9.08714,0.454151,11.0376
50,0.5,spoof,15,1,0,0.05,0.98,2,350,nan,0.00534759,0,nan,nan,nan,239,100,0.375312,0.242893,0.577621,13.2622,0.469379,10.1597
50,0.5,spoof,13,1,0,0.05,0.98,2,350,nan,0.010929,0,nan,nan,nan,297,125,0.288204,0.213782,0.543651,8.44868,0.525666,11.4369
50,0.5,spoof,14,1,0,0.05,0.98,2,350,nan,0.00487805,0,nan,nan,nan,260,111,0.411486,0.231885,0.601757,5.39357,0.565098,10.3987
50,0.5,spoof,16,1,0,0.05,0.98,2,350,nan,0,nan,nan,nan,nan,257,114,0.418838,0.226106,0.621022,5.46269,0.461104,10.3143
50,0.1,spoof,8,1,0,0.05,0.98,2,350,nan,0,nan,nan,nan,nan,145,64,0.287839,0.0421654,0.654968,11.5427,0.472337,10.7021
50,0.1,spoof,9,1,0,0.05,0.98,2,350,nan,0,nan,nan,nan,nan,98,31,0.251278,0.015446,0.65535,13.2045,0.472868,9.64407
50,0.1,spoof,10,1,0,0.05,0.98,2,350,nan,0,nan,nan,nan,nan,107,47,0.472046,0.0352491,0.780645,9.75062,0.48112,11.6781
50,0.1,spoof,11,1,0,0.05,0.98,2,350,nan,0,nan,nan,nan,nan,118,67,0.243292,0.0367981,0.629343,6.64612,0.462975,9.38688
50,0.1,spoof,14,1,0,0.05,0.98,2,350,nan,0,nan,nan,nan,nan,109,16,0.137905,0.00847285,0.583033,5.75614,0.504412,9.75978
50,0.1,spoof,12,1,0,0.05,0.98,2,350,nan,0,nan,nan,nan,nan,121,24,0.344059,0.0310035,0.767972,8.95016,0.452512,10.5666
50,0.1,spoof,13,1,0,0.05,0.98,2,350,nan,0,nan,nan,nan,nan,125,55,0.206762,0.043858,0.587438,7.12288,0.487876,11.2952
50,0.5,spoof,17,1,0,0.05,0.98,2,350,nan,0,nan,nan,nan,nan,269,114,0.368892,0.197861,0.609973,9.95812,0.445054,9.62503
50,0.5,spoof,19,1,0,0.05,0.98,2,350,nan,0,nan,nan,nan,nan,276,122,0.315346,0.256066,0.533845,4.31941,0.465246,8.85764
50,0.5,spoof,18,1,0,0.05,0.98,2,350,nan,0.0046729,0,nan,nan,nan,240,134,0.415212,0.278689,0.584088,9.19203,0.462018,11.9826
50,0.5,spoof,22,1,0,0.05,0.98,2,350,nan,0.00657895,0,nan,nan,nan,271,111,0.364705,0.305197,0.552007,8.3865,0.433383,9.35051
50,0.5,spoof,20,1,0,0.05,0.98,2,350,nan,0,nan,nan,nan,nan,281,189,0.552458,0.405635,0.58694,6.30576,0.458204,10.1911
50,0.5,spoof,23,1,0,0.05,0.98,2,350,nan,0,nan,nan,nan,nan,265,81,0.303629,0.165312,0.611836,3.01481,0.490908,11.1262
50,0.5,spoof,21,1,0,0.05,0.98,2,350,nan,0,nan,nan,nan,nan,257,69,0.253885,0.189633,0.542784,6.65308,0.481126,11.6552
50,0.1,spoof,15,1,0,0.05,0.98,2,350,nan,0,nan,nan,nan,nan,88,22,0.198308,0.0161151,0.607779,11.377,0.481728,9.50178
50,0.1,spoof,16,1,0,0.05,0.98,2,350,nan,0.00100301,0,nan,nan,nan,112,40,0.207822,0.0293704,0.64077,7.05348,0.483752,9.53922
50,0.1,spoof,17,1,0,0.05,0.98,2,350,nan,0.000979432,0,nan,nan,nan,102,50,0.239683,0.0254812,0.627014,8.56936,0.462141,9.40879
50,0.1,spoof,18,1,0,0.05,0.98,2,350,nan,0,nan,nan,nan,nan,114,52,0.399879,0.039125,0.688716,7.54478,0.481599,9.77782
50,0.1,spoof,20,1,0,0.05,0.98,2,350,nan,0,nan,nan,nan,nan,119,42,0.260982,0.0187493,0.671627,7.41277,0.45771,10.3218
50,0.1,spoof,19,1,0,0.05,0.98,2,350,nan,0,nan,nan,nan,nan,98,60,0.253256,0.0272032,0.613916,6.20073,0.466798,10.0201
50,0.1,spoof,21,1,0,0.05,0.98,2,350,nan,0,nan,nan,nan,nan,105,30,0.255784,0.0297023,0.668553,9.13041,0.487226,9.96971
50,0.5,spoof,24,1,0,0.05,0.98,2,350,nan,0,nan,nan,nan,nan,262,137,0.433446,0.300424,0.572675,6.80564,0.464403,10.5811
50,0.5,spoof,25,1,0,0.05,0.98,2,350,nan,0,nan,nan,nan,nan,244,127,0.503465,0.273019,0.628219,8.7793,0.438029,8.81031
50,0.5,spoof,26,1,0,0.05,0.98,2,350,nan,0.00584795,0,nan,nan,nan,253,116,0.449343,0.214668,0.644089,3.86513,0.478806,10.235
50,0.5,spoof,27,1,0,0.05,0.98,2,350,nan,0,nan,nan,nan,nan,245,117,0.373194,0.169928,0.625556,11.1904,0.509189,10.762
50,0.5,spoof,28,1,0,0.05,0.98,2,350,nan,0,nan,nan,nan,nan,253,118,0.409595,0.282408,0.583284,8.10108,0.441692,10.0699
50,0.5,spoof,29,1,0,0.05,0.98,2,350,nan,0,nan,nan,nan,nan,258,101,0.432893,0.214283,0.632741,7.4004,0.45308,11.656
50,0.5,spoof,30,1,0,0.05,0.98,2,350,nan,0,nan,nan,nan,nan,220,115,0.664031,0.222716,0.747607,10.4066,0.48672,12.2361
50,0.1,spoof,22,1,0,0.05,0.98,2,350,nan,0,nan,nan,nan,nan,103,47,0.456706,0.0340314,0.753089,6.72666,0.487059,9.89195
50,0.1,spoof,23,1,0,0.05,0.98,2,350,nan,0,nan,nan,nan,nan,112,49,0.253863,0.0314469,0.646178,4.13748,0.478695,11.4073
50,0.1,spoof,24,1,0,0.05,0.98,2,350,nan,0,nan,nan,nan,nan,119,25,0.295315,0.0372543,0.722008,10.0793,0.475918,9.29595
50,0.1,spoof,28,1,0,0.05,0.98,2,350,nan,0.000933707,0,nan,nan,nan,143,19,0.18942,0.0302721,0.616713,8.49577,0.447732,8.18885
50,0.1,spoof,25,1,0,0.05,0.98,2,350,nan,0.00103306,0,nan,nan,nan,130,39,0.404035,0.0440858,0.721059,11.0862,0.447578,9.51532
50,0.1,falsify,1,1,0,0.05,0.98,2,350,0.944882,0,1,0.97166,0.7,0.944882,0,0,0.9792,0,0.990655,7.10907,0.467759,9.05458
50,0.1,spoof,26,1,0,0.05,0.98,2,350,nan,0,nan,nan,nan,nan,104,37,0.268684,0.0322949,0.660879,6.12577,0.458402,10.527
50,0.1,spoof,27,1,0,0.05,0.98,2,350,nan,0,nan,nan,nan,nan,127,57,0.292552,0.0148816,0.659137,9.50265,0.493999,9.90226
50,0.1,falsify,2,1,0,0.05,0.98,2,350,0.98374,0,1,0.991803,0.899935,0.98374,0,0,0.978322,0,0.989991,9.07102,0.456365,9.68642
50,0.1,falsify,3,1,0,0.05,0.98,2,350,0.963964,0,1,0.981651,0.7,0.963964,0,0,0.980629,0,0.990967,6.36657,0.513547,9.50421
50,0.1,falsify,4,1,0,0.05,0.98,2,350,0.97541,0,1,0.987552,0.6,0.97541,0,0,0.977313,0,0.989232,9.32305,0.479272,9.9219
50,0.1,falsify,6,1,0,0.05,0.98,2,350,0.980392,0,1,0.990099,0.698767,0.980392,0,0,0.978867,0,0.991054,7.27198,0.444307,9.91346
50,0.1,falsify,5,1,0,0.05,0.98,2,350,0.991304,0,1,0.995633,0.9,0.991304,0,0,0.978796,0,0.991317,9.37939,0.47646,10.045
50,0.1,spoof,29,1,0,0.05,0.98,2,350,nan,0,nan,nan,nan,nan,117,23,0.0994547,0.0167912,0.549811,8.14366,0.457849,10.0225
50,0.1,falsify,7,1,0,0.05,0.98,2,350,0.973451,0,1,0.986547,0.7,0.973451,0,0,0.983464,0,0.992157,13.6028,0.477681,10.2324
50,0.1,spoof,30,1,0,0.05,0.98,2,350,nan,0,nan,nan,nan,nan,98,54,0.260629,0.0379573,0.644756,11.6071,0.461841,9.96934
50,0.2,spoof,1,1,0,0.05,0.98,2,350,nan,0,nan,nan,nan,nan,191,53,0.232114,0.0496096,0.628952,7.14797,0.465152,10.3772
50,0.2,spoof,2,1,0,0.05,0.98,2,350,nan,0.0041841,0,nan,nan,nan,217,94,0.41243,0.074986,0.709294,8.39515,0.461943,9.7721
50,0.2,spoof,3,1,0,0.05,0.98,2,350,nan,0,nan,nan,nan,nan,182,45,0.199708,0.0305599,0.639349,6.4332,0.531027,10.5077
50,0.1,falsify,8,1,0,0.05,0.98,2,350,0.97931,0,1,0.989547,0.7,0.97931,0,0,0.98008,0,0.991258,11.5427,0.472337,9.72768
50,0.2,spoof,4,1,0,0.05,0.98,2,350,nan,0,nan,nan,nan,nan,168,70,0.530947,0.0538064,0.768881,8.85208,0.474318,11.3496
50,0.2,spoof,5,1,0,0.05,0.98,2,350,nan,0,nan,nan,nan,nan,184,63,0.320056,0.0355113,0.671753,9.21587,0.482093,12.4376
50,0.1,falsify,10,1,0,0.05,0.98,2,350,0.971963,0,1,0.985782,0.9,0.971963,0,0,0.983017,0,0.992247,9.75062,0.48112,11.2403
50,0.1,falsify,9,1,0,0.05,0.98,2,350,0.950495,0,1,0.974619,0.6,0.950495,0,0,0.980421,0,0.990585,13.2045,0.472868,10.9737
50,0.1,falsify,11,1,0,0.05,0.98,2,350,0.977612,0,1,0.988679,0.7,0.977612,0,0,0.982383,0,0.992095,6.64612,0.462975,11.013
50,0.1,falsify,12,1,0,0.05,0.98,2,350,0.983471,0,1,0.991667,0.9,0.983471,0,0,0.980779,0,0.991186,8.95016,0.452512,10.9319
50,0.1,falsify,13,1,0,0.05,0.98,2,350,0.976,0,1,0.987854,0.7,0.976,0,0,0.977422,0,0.989251,7.12288,0.487876,10.5609
50,0.2,spoof,6,1,0,0.05,0.98,2,350,nan,0.00142653,0,nan,nan,nan,186,69,0.29771,0.0473118,0.64468,7.41388,0.453068,11.1501
50,0.1,falsify,14,1,0,0.05,0.98,2,350,0.954128,0,1,0.976526,0.7,0.954128,0,0,0.977769,0,0.990141,5.75614,0.504412,11.1162
50,0.2,spoof,8,1,0,0.05,0.98,2,350,nan,0,nan,nan,nan,nan,239,91,0.303752,0.0535871,0.672243,9.73899,0.471405,12.1409
50,0.2,spoof,10,1,0,0.05,0.98,2,350,nan,0,nan,nan,nan,nan,160,49,0.313676,0.0314678,0.697865,10.4098,0.483269,10.0235
50,0.2,spoof,7,1,0,0.05,0.98,2,350,nan,0,nan,nan,nan,nan,212,56,0.234971,0.0543483,0.64794,13.2911,0.465907,11.5982
50,0.2,spoof,9,1,0,0.05,0.98,2,350,nan,0,nan,nan,nan,nan,176,81,0.43812,0.0827681,0.693594,14.2364,0.485539,10.9455
50,0.1,falsify,15,1,0,0.05,0.98,2,350,0.988636,0,1,0.994286,0.600013,0.988636,0,0,0.977062,0,0.989751,11.377,0.481728,12.6323
50,0.2,spoof,11,1,0,0.05,0.98,2,350,nan,0,nan,nan,nan,nan,199,86,0.311648,0.04169,0.655227,7.22705,0.467499,11.2454
50,0.1,falsify,16,1,0,0.05,0.98,2,350,0.964286,0,1,0.981818,0.8,0.964286,0,0,0.976965,0,0.989495,7.05348,0.483752,11.9522
50,0.1,falsify,17,1,0,0.05,0.98,2,350,0.990196,0,1,0.995074,0.6,0.990196,0,0,0.98394,0,0.992529,8.56936,0.462141,12.0091
50,0.2,spoof,12,1,0,0.05,0.98,2,350,nan,0,nan,nan,nan,nan,199,48,0.316056,0.0495032,0.719412,8.41984,0.450724,12.3203
50,0.1,falsify,18,1,0,0.05,0.98,2,350,0.97619,0,1,0.987952,0.7,0.97619,0,0,0.975952,0,0.989426,7.54478,0.481599,11.2837
50,0.1,falsify,20,1,0,0.05,0.98,2,350,0.966387,0,1,0.982906,0.7,0.966387,0,0,0.981659,0,0.991053,7.41277,0.45771,9.8299
50,0.1,falsify,19,1,0,0.05,0.98,2,350,0.964286,0,1,0.981818,0.8,0.964286,0,0,0.97974,0,0.990774,6.20073,0.466798,11.3853
50,0.2,spoof,13,1,0,0.05,0.98,2,350,nan,0,nan,nan,nan,nan,222,68,0.21706,0.0520904,0.600786,6.37507,0.492341,12.8398
50,0.1,falsify,21,1,0,0.05,0.98,2,350,0.971429,0,1,0.985507,0.7,0.971429,0,0,0.984795,0,0.993004,9.13041,0.487226,11.6314
50,0.2,spoof,15,1,0,0.05,0.98,2,350,nan,0.00275482,0,nan,nan,nan,151,47,0.282287,0.0372441,0.648206,11.1896,0.473024,11.1517
50,0.2,spoof,16,1,0,0.05,0.98,2,350,nan,0.00424929,0,nan,nan,nan,207,61,0.294384,0.0808528,0.662445,7.0144,0.477763,10.6602
50,0.2,spoof,14,1,0,0.05,0.98,2,350,nan,0,nan,nan,nan,nan,200,63,0.256338,0.0570019,0.649731,5.25475,0.496953,11.631
50,0.2,spoof,17,1,0,0.05,0.98,2,350,nan,0.0012987,0,nan,nan,nan,195,85,0.365174,0.0962528,0.650285,9.3814,0.457722,10.8548
50,0.1,falsify,22,1,0,0.05,0.98,2,350,0.955752,0,1,0.977376,0.6,0.955752,0,0,0.977496,0,0.990062,6.72666,0.487059,11.4321
50,0.1,falsify,24,1,0,0.05,0.98,2,350,0.97479,0,1,0.987234,0.700615,0.97479,0,0,0.979933,0,0.99146,10.0793,0.475918,9.49765
50,0.2,spoof,19,1,0,0.05,0.98,2,350,nan,0,nan,nan,nan,nan,196,71,0.297188,0.0681384,0.6399,6.04974,0.467474,9.98419
50,0.2,spoof,18,1,0,0.05,0.98,2,350,nan,0,nan,nan,nan,nan,191,60,0.323145,0.0525329,0.649767,8.3271,0.469249,11.4845
50,0.1,falsify,23,1,0,0.05,0.98,2,350,0.983607,0,1,0.991736,0.7,0.983607,0,0,0.978711,0,0.990958,4.13748,0.478695,12.1084
50,0.1,falsify,25,1,0,0.05,0.98,2,350,0.976923,0,1,0.988327,0.7,0.976923,0,0,0.981241,0,0.992246,11.0862,0.447578,10.4709
50,0.1,falsify,26,1,0,0.05,0.98,2,350,0.980769,0,1,0.990291,0.7,0.980769,0,0,0.981824,0,0.991533,6.12577,0.458402,9.7335
50,0.1,falsify,27,1,0,0.05,0.98,2,350,0.992126,0,1,0.996047,0.7,0.992126,0,0,0.977919,0,0.989963,9.50265,0.493999,11.2997
50,0.2,spoof,20,1,0,0.05,0.98,2,350,nan,0,nan,nan,nan,nan,194,97,0.404416,0.0765642,0.710446,8.02799,0.44876,10.8168
50,0.2,spoof,21,1,0,0.05,0.98,2,350,nan,0,nan,nan,nan,nan,192,72,0.341094,0.101841,0.676963,10.0508,0.479139,11.6541
50,0.1,falsify,28,1,0,0.05,0.98,2,350,0.979021,0,1,0.989399,0.7,0.979021,0,0,0.982733,0,0.992248,8.49577,0.447732,10.9245
50,0.2,spoof,23,1,0,0.05,0.98,2,350,nan,0,nan,nan,nan,nan,197,61,0.253425,0.063539,0.628082,4.27783,0.471385,10.1779
50,0.2,spoof,22,1,0,0.05,0.98,2,350,nan,0,nan,nan,nan,nan,212,82,0.250978,0.0602222,0.609074,7.67065,0.48107,11.3132
50,0.2,spoof,24,1,0,0.05,0.98,2,350,nan,0.00141844,0,nan,nan,nan,212,56,0.228647,0.0629883,0.619509,10.7976,0.475603,10.8239
50,0.1,falsify,29,1,0,0.05,0.98,2,350,0.974359,0,1,0.987013,0.601157,0.974359,0,0,0.985718,0,0.993335,8.14366,0.457849,10.8214
50,0.2,spoof,25,1,0,0.05,0.98,2,350,nan,0,nan,nan,nan,nan,220,118,0.436362,0.0974994,0.678128,9.81713,0.454047,9.56681
50,0.2,spoof,26,1,0,0.05,0.98,2,350,nan,0,nan,nan,nan,nan,201,74,0.246691,0.0605461,0.620183,6.4356,0.458529,9.80596
50,0.1,falsify,30,1,0,0.05,0.98,2,350,1,0,1,1,0.7,1,0,0,0.980328,0,0.991297,11.6071,0.461841,10.6428
50,0.2,falsify,1,1,0,0.05,0.98,2,350,0.938144,0,1,0.968085,0.7,0.938144,0,0,0.976862,0,0.989533,7.14797,0.465152,10.7811
50,0.2,falsify,3,1,0,0.05,0.98,2,350,0.967033,0,1,0.98324,0.7,0.967033,0,0,0.977196,0,0.989174,6.4332,0.531027,9.84634
50,0.2,falsify,2,1,0,0.05,0.98,2,350,0.979339,0,1,0.989562,0.7,0.979339,0,0,0.979768,0,0.99061,8.39515,0.461943,10.8813
50,0.2,falsify,4,1,0,0.05,0.98,2,350,0.977778,0,1,0.988764,0.7,0.977778,0,0,0.983749,0,0.992362,8.85208,0.474318,9.89906
50,0.2,spoof,27,1,0,0.05,0.98,2,350,nan,0.00141844,0,nan,nan,nan,214,52,0.198656,0.0416287,0.596932,9.55097,0.517516,10.6018
50,0.2,falsify,5,1,0,0.05,0.98,2,350,0.989474,0,1,0.994709,0.8,0.989474,0,0,0.979871,0,0.991573,9.21587,0.482093,10.8346
50,0.2,spoof,28,1,0,0.05,0.98,2,350,nan,0,nan,nan,nan,nan,246,110,0.357276,0.0838034,0.681971,9.07158,0.442699,11.0861
50,0.2,spoof,29,1,0,0.05,0.98,2,350,nan,0,nan,nan,nan,nan,198,118,0.38685,0.11299,0.650764,7.90928,0.460789,10.2348
50,0.3,spoof,1,1,0,0.05,0.98,2,350,nan,0.002,0,nan,nan,nan,244,95,0.313271,0.0869904,0.645899,6.4281,0.467872,10.8171
50,0.2,spoof,30,1,0,0.05,0.98,2,350,nan,0,nan,nan,nan,nan,162,89,0.415689,0.0681159,0.721188,11.6819,0.464122,12.0069
50,0.2,falsify,6,1,0,0.05,0.98,2,350,0.974619,0,1,0.987147,0.698767,0.974619,0,0,0.977751,0,0.990203,7.41388,0.453068,9.94589
50,0.3,spoof,2,1,0,0.05,0.98,2,350,nan,0,nan,nan,nan,nan,263,146,0.476883,0.128277,0.710316,9.02852,0.484078,10.2644
50,0.3,spoof,3,1,0,0.05,0.98,2,350,nan,0,nan,nan,nan,nan,224,87,0.305787,0.11752,0.636771,5.76758,0.52818,10.9131
50,0.2,falsify,7,1,0,0.05,0.98,2,350,0.968468,0,1,0.983982,0.7,0.968468,0,0,0.982936,0,0.992007,13.2911,0.465907,10.2179
50,0.2,falsify,8,1,0,0.05,0.98,2,350,0.979079,0,1,0.989429,0.8,0.979079,0,0,0.980135,0,0.99112,9.73899,0.471405,10.94
50,0.2,falsify,10,1,0,0.05,0.98,2,350,0.972222,0,1,0.985915,0.8,0.972222,0,0,0.98217,0,0.992175,10.4098,0.483269,10.761
50,0.2,falsify,9,1,0,0.05,0.98,2,350,0.970149,0,1,0.984848,0.6,0.970149,0,0,0.979567,0,0.990879,14.2364,0.485539,10.1277
50,0.2,falsify,11,1,0,0.05,0.98,2,350,0.971963,0,1,0.985782,0.7,0.971963,0,0,0.980638,0,0.991151,7.22705,0.467499,10.8132
50,0.3,spoof,4,1,0,0.05,0.98,2,350,nan,0,nan,nan,nan,nan,242,112,0.434007,0.148313,0.650249,8.84976,0.479714,9.68502
50,0.3,spoof,6,1,0,0.05,0.98,2,350,nan,0,nan,nan,nan,nan,244,114,0.378573,0.18999,0.607258,6.7861,0.455225,10.0781
50,0.2,falsify,12,1,0,0.05,0.98,2,350,0.986784,0,1,0.993348,0.8,0.986784,0,0,0.980177,0,0.990759,8.41984,0.450724,10.6377
50,0.3,spoof,5,1,0,0.05,0.98,2,350,nan,0,nan,nan,nan,nan,236,119,0.468852,0.161,0.664839,8.76626,0.46479,10.6263
50,0.3,spoof,7,1,0,0.05,0.98,2,350,nan,0,nan,nan,nan,nan,268,113,0.304073,0.108491,0.626512,13.2477,0.449593,10.9744
50,0.2,falsify,13,1,0,0.05,0.98,2,350,0.977477,0,1,0.98861,0.7,0.977477,0,0,0.976946,0,0.989035,6.37507,0.492341,10.3573
50,0.3,spoof,8,1,0,0.05,0.98,2,350,nan,0,nan,nan,nan,nan,293,83,0.302844,0.128894,0.616318,9.82029,0.484315,10.5925
50,0.2,falsify,14,1,0,0.05,0.98,2,350,0.97619,0,1,0.987952,0.6,0.97619,0,0,0.982009,0,0.991959,5.25475,0.496953,9.20333
50,0.2,falsify,15,1,0,0.05,0.98,2,350,0.974843,0,1,0.987261,0.7,0.974843,0,0,0.979608,0,0.990764,11.1896,0.473024,10.222
50,0.3,spoof,10,1,0,0.05,0.98,2,350,nan,0,nan,nan,nan,nan,244,66,0.251927,0.088134,0.612613,10.9522,0.491149,11.9583
50,0.3,spoof,9,1,0,0.05,0.98,2,350,nan,0,nan,nan,nan,nan,247,91,0.348394,0.0999311,0.648306,13.958,0.486999,9.87798
50,0.2,falsify,16,1,0,0.05,0.98,2,350,0.980676,0,1,0.990244,0.8,0.980676,0,0,0.980485,0,0.991007,7.0144,0.477763,9.63589
50,0.2,falsify,17,1,0,0.05,0.98,2,350,0.953846,0,1,0.976378,0.7,0.953846,0,0,0.981073,0,0.991424,9.3814,0.457722,11.5596
50,0.2,falsify,18,1,0,0.05,0.98,2,350,0.971564,0,1,0.985577,0.7,0.971564,0,0,0.980178,0,0.991246,8.3271,0.469249,10.0647
50,0.3,spoof,12,1,0,0.05,0.98,2,350,nan,0.00192308,0,nan,nan,nan,242,131,0.435281,0.162897,0.656698,7.77202,0.453162,11.4659
50,0.2,falsify,19,1,0,0.05,0.98,2,350,0.977376,0,1,0.988558,0.8,0.977376,0,0,0.979906,0,0.990993,6.04974,0.467474,11.0958
50,0.3,spoof,11,1,0,0.05,0.98,2,350,nan,0,nan,nan,nan,nan,270,107,0.40595,0.0895672,0.688676,7.47971,0.46293,10.7008
50,0.3,spoof,13,1,0,0.05,0.98,2,350,nan,0.00362976,0,nan,nan,nan,271,82,0.172296,0.125499,0.530546,7.19736,0.499458,10.2071
50,0.3,spoof,15,1,0,0.05,0.98,2,350,nan,0,nan,nan,nan,nan,204,62,0.347404,0.056435,0.662556,11.4613,0.473594,9.36891
50,0.2,falsify,20,1,0,0.05,0.98,2,350,0.977778,0,1,0.988764,0.7,0.977778,0,0,0.98214,0,0.991632,8.02799,0.44876,11.5236
50,0.3,spoof,14,1,0,0.05,0.98,2,350,nan,0,nan,nan,nan,nan,266,100,0.28902,0.122078,0.615439,5.46081,0.507057,10.9857
50,0.2,falsify,21,1,0,0.05,0.98,2,350,0.980198,0,1,0.99,0.8,0.980198,0,0,0.982577,0,0.992066,10.0508,0.479139,11.7151
50,0.3,spoof,17,1,0,0.05,0.98,2,350,nan,0,nan,nan,nan,nan,232,98,0.471943,0.150371,0.687555,10.5121,0.466255,11.0369
50,0.2,falsify,22,1,0,0.05,0.98,2,350,0.957547,0,1,0.978313,0.7,0.957547,0,0,0.977939,0,0.989947,7.67065,0.48107,10.6231
50,0.3,spoof,16,1,0,0.05,0.98,2,350,nan,0.00580271,0,nan,nan,nan,241,74,0.356593,0.100379,0.669411,7.07062,0.480447,11.7438
50,0.2,falsify,23,1,0,0.05,0.98,2,350,0.980583,0,1,0.990196,0.7,0.980583,0,0,0.979731,0,0.991085,4.27783,0.471385,10.8206
50,0.2,falsify,24,1,0,0.05,0.98,2,350,0.981132,0,1,0.990476,0.7,0.981132,0,0,0.97904,0,0.991122,10.7976,0.475603,10.7506
50,0.2,falsify,25,1,0,0.05,0.98,2,350,0.981818,0,1,0.990826,0.7,0.981818,0,0,0.979565,0,0.99106,9.81713,0.454047,11.3823
50,0.3,spoof,18,1,0,0.05,0.98,2,350,nan,0.00180505,0,nan,nan,nan,236,89,0.364388,0.101173,0.648049,7.90039,0.468574,9.45907
50,0.2,falsify,26,1,0,0.05,0.98,2,350,0.9801,0,1,0.98995,0.7,0.9801,0,0,0.980144,0,0.990876,6.4356,0.458529,10.4766
50,0.3,spoof,19,1,0,0.05,0.98,2,350,nan,0,nan,nan,nan,nan,261,122,0.314921,0.154884,0.606592,5.75695,0.47679,10.2128
50,0.3,spoof,20,1,0,0.05,0.98,2,350,nan,0,nan,nan,nan,nan,257,108,0.416799,0.11988,0.675854,7.04753,0.450117,9.95654
50,0.3,spoof,21,1,0,0.05,0.98,2,350,nan,0,nan,nan,nan,nan,247,86,0.244522,0.108766,0.573239,7.9192,0.47462,12.1245
50,0.3,spoof,22,1,0,0.05,0.98,2,350,nan,0,nan,nan,nan,nan,237,87,0.297106,0.0646429,0.65052,8.49027,0.464692,11.1706
50,0.3,spoof,23,1,0,0.05,0.98,2,350,nan,0,nan,nan,nan,nan,227,57,0.335594,0.0656497,0.676224,4.24168,0.48129,10.0717
50,0.2,falsify,27,1,0,0.05,0.98,2,350,0.985981,0,1,0.992941,0.7,0.985981,0,0,0.978674,0,0.990145,9.55097,0.517516,10.8449
50,0.2,falsify,28,1,0,0.05,0.98,2,350,0.96748,0,1,0.983471,0.7,0.96748,0,0,0.980989,0,0.991476,9.07158,0.442699,10.7551
50,0.2,falsify,29,1,0,0.05,0.98,2,350,0.981395,0,1,0.99061,0.7,0.981395,0,0,0.98351,0,0.9921,7.90928,0.460789,10.8635
50,0.3,spoof,24,1,0,0.05,0.98,2,350,nan,0,nan,nan,nan,nan,256,105,0.365994,0.118287,0.655649,8.83454,0.467591,9.82771
50,0.2,falsify,30,1,0,0.05,0.98,2,350,1,0,1,1,0.7,1,0,0,0.979536,0,0.990924,11.6819,0.464122,12.2479
50,0.3,falsify,1,1,0,0.05,0.98,2,350,0.959108,0,1,0.979127,0.7,0.959108,0,0,0.978795,0,0.990426,6.4281,0.467872,11.219
50,0.3,falsify,2,1,0,0.05,0.98,2,350,0.967949,0,1,0.983713,0.7,0.967949,0,0,0.97814,0,0.989766,9.02852,0.484078,11.1854
50,0.3,spoof,25,1,0,0.05,0.98,2,350,nan,0,nan,nan,nan,nan,267,84,0.283913,0.109422,0.615696,8.4437,0.448852,10.4425
50,0.3,spoof,26,1,0,0.05,0.98,2,350,nan,0,nan,nan,nan,nan,237,91,0.331446,0.108918,0.634896,6.19758,0.458966,11.4621
50,0.3,falsify,3,1,0,0.05,0.98,2,350,0.964143,0,1,0.981744,0.7,0.964143,0,0,0.980615,0,0.990957,5.76758,0.52818,10.9076
50,0.3,spoof,27,1,0,0.05,0.98,2,350,nan,0,nan,nan,nan,nan,252,80,0.237739,0.0774779,0.60334,9.62755,0.516371,10.3363
50,0.3,spoof,29,1,0,0.05,0.98,2,350,nan,0.0040568,0,nan,nan,nan,234,90,0.394827,0.124827,0.667212,7.41516,0.452779,10.0643
50,0.3,spoof,28,1,0,0.05,0.98,2,350,nan,0,nan,nan,nan,nan,269,90,0.368164,0.104015,0.666222,8.83863,0.432194,10.7674
50,0.3,falsify,5,1,0,0.05,0.98,2,350,0.984848,0,1,0.992366,0.7,0.984848,0,0,0.979936,0,0.991837,8.76626,0.46479,9.86574
50,0.3,falsify,6,1,0,0.05,0.98,2,350,0.97037,0,1,0.984962,0.699311,0.97037,0,0,0.978502,0,0.990406,6.7861,0.455225,9.94367
50,0.3,spoof,30,1,0,0.05,0.98,2,350,nan,0,nan,nan,nan,nan,239,88,0.300486,0.103063,0.644671,11.5511,0.454992,12.3863
50,0.3,falsify,4,1,0,0.05,0.98,2,350,0.972414,0,1,0.986014,0.7,0.972414,0,0,0.983927,0,0.992436,8.84976,0.479714,11.2779
50,0.5,spoof,1,1,0,0.05,0.98,2,350,nan,0,nan,nan,nan,nan,274,89,0.31197,0.179079,0.573786,5.65579,0.475541,11.3417
50,0.3,falsify,7,1,0,0.05,0.98,2,350,0.978799,0,1,0.989286,0.7,0.978799,0,0,0.982745,0,0.992219,13.2477,0.449593,9.56006
50,0.3,falsify,8,1,0,0.05,0.98,2,350,0.971154,0,1,0.985366,0.7,0.971154,0,0,0.978906,0,0.990663,9.82029,0.484315,9.81499
50,0.3,falsify,9,1,0,0.05,0.98,2,350,0.964413,0,1,0.981884,0.7,0.964413,0,0,0.980922,0,0.99148,13.958,0.486999,11.2901
50,0.5,spoof,2,1,0,0.05,0.98,2,350,nan,0,nan,nan,nan,nan,258,82,0.481967,0.199289,0.674216,7.69019,0.51208,9.26379
50,0.3,falsify,10,1,0,0.05,0.98,2,350,0.968504,0,1,0.984,0.9,0.968504,0,0,0.980904,0,0.99177,10.9522,0.491149,10.6976
50,0.5,spoof,3,1,0,0.05,0.98,2,350,nan,0.00505051,0,nan,nan,nan,266,89,0.321495,0.195848,0.580719,5.79171,0.52169,12.0438
50,0.5,spoof,4,1,0,0.05,0.98,2,350,nan,0,nan,nan,nan,nan,294,132,0.409421,0.302652,0.561009,10.2012,0.478196,11.0078
50,0.5,spoof,5,1,0,0.05,0.98,2,350,nan,0,nan,nan,nan,nan,245,114,0.480062,0.344296,0.571795,9.20456,0.454916,10.9865
50,0.5,spoof,6,1,0,0.05,0.98,2,350,nan,0,nan,nan,nan,nan,267,96,0.315115,0.286463,0.516081,5.62339,0.448293,10.6114
50,0.3,falsify,12,1,0,0.05,0.98,2,350,0.986395,0,1,0.993151,0.8,0.986395,0,0,0.980434,0,0.990969,7.77202,0.453162,10.9877
50,0.3,falsify,11,1,0,0.05,0.98,2,350,0.961938,0,1,0.9806,0.7,0.961938,0,0,0.978353,0,0.990165,7.47971,0.46293,10.7417
50,0.3,falsify,13,1,0,0.05,0.98,2,350,0.979661,0,1,0.989726,0.7,0.979661,0,0,0.979727,0,0.990363,7.19736,0.499458,9.94414
50,0.5,spoof,7,1,0,0.05,0.98,2,350,nan,0.00483092,0,nan,nan,nan,266,120,0.376369,0.246715,0.592048,13.0695,0.466304,10.7923
50,0.5,spoof,8,1,0,0.05,0.98,2,350,nan,0.0164835,0,nan,nan,nan,275,165,0.495363,0.320318,0.591142,7.18264,0.489721,11.1093
50,0.3,falsify,14,1,0,0.05,0.98,2,350,0.974729,0,1,0.987203,0.7,0.974729,0,0,0.981229,0,0.991579,5.46081,0.507057,10.09
50,0.3,falsify,15,1,0,0.05,0.98,2,350,0.978541,0,1,0.989154,0.7,0.978541,0,0,0.981061,0,0.991279,11.4613,0.473594,10.1303
50,0.3,falsify,16,1,0,0.05,0.98,2,350,0.970803,0,1,0.985185,0.7,0.970803,0,0,0.979986,0,0.990853,7.07062,0.480447,12.257
50,0.5,spoof,9,1,0,0.05,0.98,2,350,nan,0,nan,nan,nan,nan,246,124,0.478393,0.208374,0.658535,11.9044,0.46972,10.7416
50,0.5,spoof,10,1,0,0.05,0.98,2,350,nan,0,nan,nan,nan,nan,254,101,0.435614,0.249438,0.601155,13.1685,0.479422,10.4832
50,0.3,falsify,17,1,0,0.05,0.98,2,350,0.969582,0,1,0.984556,0.7,0.969582,0,0,0.981461,0,0.991495,10.5121,0.466255,10.7046
50,0.5,spoof,11,1,0,0.05,0.98,2,350,nan,0,nan,nan,nan,nan,249,133,0.535238,0.181386,0.690001,9.08714,0.454151,11.1814
50,0.5,spoof,12,1,0,0.05,0.98,2,350,nan,0,nan,nan,nan,nan,249,130,0.473869,0.238108,0.642494,9.37831,0.445448,11.7463
50,0.5,spoof,13,1,0,0.05,0.98,2,350,nan,0.010929,0,nan,nan,nan,297,125,0.288204,0.213782,0.543651,8.44868,0.525666,10.7165
50,0.3,falsify,18,1,0,0.05,0.98,2,350,0.969582,0,1,0.984556,0.7,0.969582,0,0,0.979449,0,0.991217,7.90039,0.468574,9.66111
50,0.3,falsify,19,1,0,0.05,0.98,2,350,0.959322,0,1,0.979239,0.8,0.959322,0,0,0.979218,0,0.990703,5.75695,0.47679,10.3114
50,0.5,spoof,15,1,0,0.05,0.98,2,350,nan,0.00534759,0,nan,nan,nan,239,100,0.375312,0.242893,0.577621,13.2622,0.469379,10.5826
50,0.3,falsify,20,1,0,0.05,0.98,2,350,0.97651,0,1,0.988115,0.7,0.97651,0,0,0.980804,0,0.991023,7.04753,0.450117,12.1216
50,0.5,spoof,14,1,0,0.05,0.98,2,350,nan,0.00487805,0,nan,nan,nan,260,111,0.411486,0.231885,0.601757,5.39357,0.565098,10.2125
50,0.3,falsify,22,1,0,0.05,0.98,2,350,0.958015,0,1,0.978558,0.7,0.958015,0,0,0.980064,0,0.990839,8.49027,0.464692,9.71057
50,0.3,falsify,21,1,0,0.05,0.98,2,350,0.981203,0,1,0.990512,0.7,0.981203,0,0,0.983757,0,0.992457,7.9192,0.47462,11.4504
50,0.3,falsify,23,1,0,0.05,0.98,2,350,0.981273,0,1,0.990548,0.7,0.981273,0,0,0.980524,0,0.991207,4.24168,0.48129,10.2224
50,0.5,spoof,17,1,0,0.05,0.98,2,350,nan,0,nan,nan,nan,nan,269,114,0.368892,0.197861,0.609973,9.95812,0.445054,10.5088
50,0.5,spoof,16,1,0,0.05,0.98,2,350,nan,0,nan,nan,nan,nan,257,114,0.418838,0.226106,0.621022,5.46269,0.461104,11.5274
50,0.3,falsify,24,1,0,0.05,0.98,2,350,0.98155,0,1,0.990689,0.7,0.98155,0,0,0.97965,0,0.990972,8.83454,0.467591,11.8215
50,0.5,spoof,19,1,0,0.05,0.98,2,350,nan,0,nan,nan,nan,nan,276,122,0.315346,0.256066,0.533845,4.31941,0.465246,9.86992
50,0.5,spoof,18,1,0,0.05,0.98,2,350,nan,0.0046729,0,nan,nan,nan,240,134,0.415212,0.278689,0.584088,9.19203,0.462018,9.82263
50,0.5,spoof,21,1,0,0.05,0.98,2,350,nan,0,nan,nan,nan,nan,257,69,0.253885,0.189633,0.542784,6.65308,0.481126,9.36065
50,0.3,falsify,26,1,0,0.05,0.98,2,350,0.97318,0,1,0.986408,0.699961,0.97318,0,0,0.978408,0,0.990206,6.19758,0.458966,11.809
50,0.3,falsify,25,1,0,0.05,0.98,2,350,0.97931,0,1,0.989547,0.7,0.97931,0,0,0.980917,0,0.991622,8.4437,0.448852,10.3953
50,0.5,spoof,20,1,0,0.05,0.98,2,350,nan,0,nan,nan,nan,nan,281,189,0.552458,0.405635,0.58694,6.30576,0.458204,10.3215
50,0.3,falsify,27,1,0,0.05,0.98,2,350,0.981884,0,1,0.990859,0.7,0.981884,0,0,0.979283,0,0.99065,9.62755,0.516371,10.0134
50,0.5,spoof,22,1,0,0.05,0.98,2,350,nan,0.00657895,0,nan,nan,nan,271,111,0.364705,0.305197,0.552007,8.3865,0.433383,11.2361
50,0.3,falsify,29,1,0,0.05,0.98,2,350,0.985401,0,1,0.992647,0.7,0.985401,0,0,0.983397,0,0.992059,7.41516,0.452779,9.51958
50,0.3,falsify,28,1,0,0.05,0.98,2,350,0.974522,0,1,0.987097,0.7,0.974522,0,0,0.981607,0,0.991825,8.83863,0.432194,11.5402
50,0.5,spoof,23,1,0,0.05,0.98,2,350,nan,0,nan,nan,nan,nan,265,81,0.303629,0.165312,0.611836,3.01481,0.490908,10.757
50,0.3,falsify,30,1,0,0.05,0.98,2,350,0.979094,0,1,0.989437,0.7,0.979094,0,0,0.981286,0,0.991763,11.5511,0.454992,11.6602
50,0.5,spoof,24,1,0,0.05,0.98,2,350,nan,0,nan,nan,nan,nan,262,137,0.433446,0.300424,0.572675,6.80564,0.464403,12.1142
50,0.5,falsify,1,1,0,0.05,0.98,2,350,0.960725,0,1,0.979969,0.7,0.960725,0,0,0.979343,0,0.990693,5.65579,0.475541,9.97314
50,0.5,spoof,26,1,0,0.05,0.98,2,350,nan,0.00584795,0,nan,nan,nan,253,116,0.449343,0.214668,0.644089,3.86513,0.478806,9.75545
50,0.5,spoof,25,1,0,0.05,0.98,2,350,nan,0,nan,nan,nan,nan,244,127,0.503465,0.273019,0.628219,8.7793,0.438029,11.0704
50,0.5,falsify,2,1,0,0.05,0.98,2,350,0.971591,0,1,0.985591,0.7,0.971591,0,0,0.981527,0,0.991204,7.69019,0.51208,10.1599
50,0.5,spoof,27,1,0,0.05,0.98,2,350,nan,0,nan,nan,nan,nan,245,117,0.373194,0.169928,0.625556,11.1904,0.509189,10.1932
50,0.5,falsify,3,1,0,0.05,0.98,2,350,0.968051,0,1,0.983766,0.7,0.968051,0,0,0.979755,0,0.990561,5.79171,0.52169,11.4292
50,0.5,spoof,29,1,0,0.05,0.98,2,350,nan,0,nan,nan,nan,nan,258,101,0.432893,0.214283,0.632741,7.4004,0.45308,11.1463
50,0.5,spoof,28,1,0,0.05,0.98,2,350,nan,0,nan,nan,nan,nan,253,118,0.409595,0.282408,0.583284,8.10108,0.441692,11.0881
50,0.5,falsify,5,1,0,0.05,0.98,2,350,0.983923,0,1,0.991896,0.7,0.983923,0,0,0.979113,0,0.990951,9.20456,0.454916,10.7028
50,0.5,falsify,4,1,0,0.05,0.98,2,350,0.976608,0,1,0.988166,0.7,0.976608,0,0,0.98279,0,0.992011,10.2012,0.478196,11.6007
50,0.5,falsify,6,1,0,0.05,0.98,2,350,0.97205,0,1,0.985827,0.7,0.97205,0,0,0.978734,0,0.990469,5.62339,0.448293,10.9034
50,0.1,falsify,1,1,0,0.05,0.98,2,350,0.944882,0,1,0.97166,0.7,0.944882,0,0,0.9792,0,0.990655,7.10907,0.467759,10.607
50,0.5,falsify,8,1,0,0.05,0.98,2,350,0.977901,0,1,0.988827,0.7,0.977901,0,0,0.977872,0,0.989956,7.18264,0.489721,10.5092
50,0.5,spoof,30,1,0,0.05,0.98,2,350,nan,0,nan,nan,nan,nan,220,115,0.664031,0.222716,0.747607,10.4066,0.48672,11.3381
50,0.5,falsify,7,1,0,0.05,0.98,2,350,0.970588,0,1,0.985075,0.7,0.970588,0,0,0.981325,0,0.991435,13.0695,0.466304,11.5835
50,0.1,falsify,3,1,0,0.05,0.98,2,350,0.963964,0,1,0.981651,0.7,0.963964,0,0,0.980629,0,0.990967,6.36657,0.513547,11.6913
50,0.1,falsify,2,1,0,0.05,0.98,2,350,0.98374,0,1,0.991803,0.899935,0.98374,0,0,0.978322,0,0.989991,9.07102,0.456365,12.0351
50,0.5,falsify,10,1,0,0.05,0.98,2,350,0.964516,0,1,0.981938,0.899948,0.964516,0,0,0.982901,0,0.992685,13.1685,0.479422,10.5499
50,0.5,falsify,9,1,0,0.05,0.98,2,350,0.949853,0,1,0.974281,0.7,0.949853,0,0,0.981066,0,0.991266,11.9044,0.46972,10.6642
50,0.1,falsify,6,1,0,0.05,0.98,2,350,0.980392,0,1,0.990099,0.698767,0.980392,0,0,0.978867,0,0.991054,7.27198,0.444307,11.4635
50,0.1,falsify,5,1,0,0.05,0.98,2,350,0.991304,0,1,0.995633,0.9,0.991304,0,0,0.978796,0,0.991317,9.37939,0.47646,10.7841
50,0.1,falsify,4,1,0,0.05,0.98,2,350,0.97541,0,1,0.987552,0.6,0.97541,0,0,0.977313,0,0.989232,9.32305,0.479272,10.8109
50,0.5,falsify,11,1,0,0.05,0.98,2,350,0.970845,0,1,0.985207,0.7,0.970845,0,0,0.97897,0,0.990647,9.08714,0.454151,10.8869
50,0.5,falsify,12,1,0,0.05,0.98,2,350,0.98017,0,1,0.989986,0.8,0.98017,0,0,0.98018,0,0.990976,9.37831,0.445448,8.94421
50,0.5,falsify,13,1,0,0.05,0.98,2,350,0.974719,0,1,0.987198,0.7,0.974719,0,0,0.980732,0,0.990689,8.44868,0.525666,10.0817
50,0.1,falsify,7,1,0,0.05,0.98,2,350,0.973451,0,1,0.986547,0.7,0.973451,0,0,0.983464,0,0.992157,13.6028,0.477681,9.44897
50,0.5,falsify,14,1,0,0.05,0.98,2,350,0.970501,0,1,0.98503,0.7,0.970501,0,0,0.980281,0,0.991171,5.39357,0.565098,10.3557
50,0.5,falsify,15,1,0,0.05,0.98,2,350,0.972789,0,1,0.986207,0.600143,0.972789,0,0,0.981478,0,0.991393,13.2622,0.469379,9.7812
50,0.1,falsify,8,1,0,0.05,0.98,2,350,0.97931,0,1,0.989547,0.7,0.97931,0,0,0.98008,0,0.991258,11.5427,0.472337,10.4334
50,0.1,falsify,10,1,0,0.05,0.98,2,350,0.971963,0,1,0.985782,0.9,0.971963,0,0,0.983017,0,0.992247,9.75062,0.48112,10.3278
50,0.5,falsify,16,1,0,0.05,0.98,2,350,0.971787,0,1,0.985692,0.7,0.971787,0,0,0.979763,0,0.990628,5.46269,0.461104,10.8694
50,0.5,falsify,17,1,0,0.05,0.98,2,350,0.963746,0,1,0.981538,0.7,0.963746,0,0,0.98115,0,0.991383,9.95812,0.445054,11.2886
50,0.1,falsify,9,1,0,0.05,0.98,2,350,0.950495,0,1,0.974619,0.6,0.950495,0,0,0.980421,0,0.990585,13.2045,0.472868,10.8746
50,0.5,falsify,18,1,0,0.05,0.98,2,350,0.965839,0,1,0.982622,0.7,0.965839,0,0,0.979649,0,0.991171,9.19203,0.462018,11.3071
50,0.1,falsify,11,1,0,0.05,0.98,2,350,0.977612,0,1,0.988679,0.7,0.977612,0,0,0.982383,0,0.992095,6.64612,0.462975,10.5237
50,0.1,falsify,13,1,0,0.05,0.98,2,350,0.976,0,1,0.987854,0.7,0.976,0,0,0.977422,0,0.989251,7.12288,0.487876,12.3315
50,0.1,falsify,12,1,0,0.05,0.98,2,350,0.983471,0,1,0.991667,0.9,0.983471,0,0,0.980779,0,0.991186,8.95016,0.452512,11.4596
50,0.5,falsify,19,1,0,0.05,0.98,2,350,0.961877,0,1,0.980568,0.8,0.961877,0,0,0.978509,0,0.99036,4.31941,0.465246,10.0916
50,0.5,falsify,20,1,0,0.05,0.98,2,350,0.975,0,1,0.987342,0.7,0.975,0,0,0.979864,0,0.990483,6.30576,0.458204,11.4865
50,0.5,falsify,21,1,0,0.05,0.98,2,350,0.963455,0,1,0.981387,0.7,0.963455,0,0,0.983048,0,0.99223,6.65308,0.481126,10.3432
50,0.1,falsify,15,1,0,0.05,0.98,2,350,0.988636,0,1,0.994286,0.600013,0.988636,0,0,0.977062,0,0.989751,11.377,0.481728,10.431
50,0.1,falsify,14,1,0,0.05,0.98,2,350,0.954128,0,1,0.976526,0.7,0.954128,0,0,0.977769,0,0.990141,5.75614,0.504412,10.6972
50,0.5,falsify,22,1,0,0.05,0.98,2,350,0.977987,0,1,0.988871,0.7,0.977987,0,0,0.981882,0,0.991768,8.3865,0.433383,12.3232
50,0.1,falsify,16,1,0,0.05,0.98,2,350,0.964286,0,1,0.981818,0.8,0.964286,0,0,0.976965,0,0.989495,7.05348,0.483752,11.4945
50,0.5,falsify,23,1,0,0.05,0.98,2,350,0.987261,0,1,0.99359,0.7,0.987261,0,0,0.980965,0,0.991448,3.01481,0.490908,10.8763
50,0.5,falsify,24,1,0,0.05,0.98,2,350,0.974441,0,1,0.987055,0.6,0.974441,0,0,0.978778,0,0.990464,6.80564,0.464403,11.2912
50,0.1,falsify,17,1,0,0.05,0.98,2,350,0.990196,0,1,0.995074,0.6,0.990196,0,0,0.98394,0,0.992529,8.56936,0.462141,10.5101
50,0.1,falsify,19,1,0,0.05,0.98,2,350,0.964286,0,1,0.981818,0.8,0.964286,0,0,0.97974,0,0.990774,6.20073,0.466798,10.4344
50,0.5,falsify,25,1,0,0.05,0.98,2,350,0.979228,0,1,0.989505,0.7,0.979228,0,0,0.980534,0,0.991138,8.7793,0.438029,10.8878
50,0.1,falsify,18,1,0,0.05,0.98,2,350,0.97619,0,1,0.987952,0.7,0.97619,0,0,0.975952,0,0.989426,7.54478,0.481599,10.8316
50,0.5,falsify,26,1,0,0.05,0.98,2,350,0.96,0,1,0.979592,0.7,0.96,0,0,0.975968,0,0.989259,3.86513,0.478806,9.89543
50,0.1,falsify,20,1,0,0.05,0.98,2,350,0.966387,0,1,0.982906,0.7,0.966387,0,0,0.981659,0,0.991053,7.41277,0.45771,10.5476
50,0.5,falsify,27,1,0,0.05,0.98,2,350,0.979866,0,1,0.989831,0.7,0.979866,0,0,0.979809,0,0.990897,11.1904,0.509189,11.1632
50,0.5,falsify,29,1,0,0.05,0.98,2,350,0.972561,0,1,0.98609,0.7,0.972561,0,0,0.982472,0,0.991731,7.4004,0.45308,10.1566
50,0.5,falsify,28,1,0,0.05,0.98,2,350,0.977901,0,1,0.988827,0.7,0.977901,0,0,0.980864,0,0.991565,8.10108,0.441692,10.6576
50,0.1,falsify,22,1,0,0.05,0.98,2,350,0.955752,0,1,0.977376,0.6,0.955752,0,0,0.977496,0,0.990062,6.72666,0.487059,10.9945
50,0.1,falsify,21,1,0,0.05,0.98,2,350,0.971429,0,1,0.985507,0.7,0.971429,0,0,0.984795,0,0.993004,9.13041,0.487226,12.1602
50,0.1,falsify,23,1,0,0.05,0.98,2,350,0.983607,0,1,0.991736,0.7,0.983607,0,0,0.978711,0,0.990958,4.13748,0.478695,12.0615
50,0.1,replay,1,1,0,0.05,0.98,2,350,0,0,nan,nan,nan,0,661,579,0.967946,0.205226,0.925207,7.10907,0.467759,9.98805
50,0.5,falsify,30,1,0,0.05,0.98,2,350,0.98,0,1,0.989899,0.7,0.98,0,0,0.980654,0,0.991515,10.4066,0.48672,11.8909
50,0.1,falsify,24,1,0,0.05,0.98,2,350,0.97479,0,1,0.987234,0.700615,0.97479,0,0,0.979933,0,0.99146,10.0793,0.475918,10.9521
50,0.1,falsify,26,1,0,0.05,0.98,2,350,0.980769,0,1,0.990291,0.7,0.980769,0,0,0.981824,0,0.991533,6.12577,0.458402,9.89362
50,0.1,falsify,25,1,0,0.05,0.98,2,350,0.976923,0,1,0.988327,0.7,0.976923,0,0,0.981241,0,0.992246,11.0862,0.447578,11.2241
50,0.1,replay,3,1,0,0.05,0.98,2,350,0,0,nan,nan,nan,0,503,409,0.974535,0.226826,0.921206,6.36657,0.513547,10.1819
50,0.1,replay,2,1,0,0.05,0.98,2,350,nan,0,nan,nan,nan,nan,568,471,0.967431,0.182878,0.929422,9.07102,0.456365,10.318
50,0.1,falsify,27,1,0,0.05,0.98,2,350,0.992126,0,1,0.996047,0.7,0.992126,0,0,0.977919,0,0.989963,9.50265,0.493999,10.7336
50,0.1,replay,4,1,0,0.05,0.98,2,350,nan,0,nan,nan,nan,nan,720,557,0.961108,0.305751,0.893301,9.32305,0.479272,10.8526
50,0.1,replay,6,1,0,0.05,0.98,2,350,0,0,nan,nan,nan,0,499,428,0.960975,0.137059,0.948139,7.27198,0.444307,11.5862
50,0.1,replay,5,1,0,0.05,0.98,2,350,nan,0,nan,nan,nan,nan,625,535,0.976272,0.197297,0.932443,9.37939,0.47646,10.5002
50,0.1,falsify,29,1,0,0.05,0.98,2,350,0.974359,0,1,0.987013,0.601157,0.974359,0,0,0.985718,0,0.993335,8.14366,0.457849,10.0944
50,0.1,falsify,28,1,0,0.05,0.98,2,350,0.979021,0,1,0.989399,0.7,0.979021,0,0,0.982733,0,0.992248,8.49577,0.447732,10.9647
50,0.2,falsify,1,1,0,0.05,0.98,2,350,0.938144,0,1,0.968085,0.7,0.938144,0,0,0.976862,0,0.989533,7.14797,0.465152,9.98332
50,0.1,replay,8,1,0,0.05,0.98,2,350,nan,0,nan,nan,nan,nan,805,715,0.972164,0.256888,0.913471,11.5427,0.472337,10.5359
50,0.1,falsify,30,1,0,0.05,0.98,2,350,1,0,1,1,0.7,1,0,0,0.980328,0,0.991297,11.6071,0.461841,12.1924
50,0.1,replay,7,1,0,0.05,0.98,2,350,0.6,0,1,0.75,0,0.6,651,553,0.973731,0.233485,0.916097,13.6028,0.477681,11.0584
50,0.2,falsify,3,1,0,0.05,0.98,2,350,0.967033,0,1,0.98324,0.7,0.967033,0,0,0.977196,0,0.989174,6.4332,0.531027,11.4253
50,0.2,falsify,2,1,0,0.05,0.98,2,350,0.979339,0,1,0.989562,0.7,0.979339,0,0,0.979768,0,0.99061,8.39515,0.461943,11.1428
50,0.1,replay,10,1,0,0.05,0.98,2,350,0,0,nan,nan,nan,0,585,499,0.963397,0.250498,0.896306,9.75062,0.48112,10.1144
50,0.1,replay,9,1,0,0.05,0.98,2,350,0.5,0,1,0.666667,37.4728,0.5,574,499,0.958598,0.144308,0.945542,13.2045,0.472868,11.8272
50,0.2,falsify,4,1,0,0.05,0.98,2,350,0.977778,0,1,0.988764,0.7,0.977778,0,0,0.983749,0,0.992362,8.85208,0.474318,11.0057
50,0.1,replay,11,1,0,0.05,0.98,2,350,nan,0,nan,nan,nan,nan,705,627,0.973349,0.204318,0.924971,6.64612,0.462975,12.1159
50,0.1,replay,13,1,0,0.05,0.98,2,350,nan,0,nan,nan,nan,nan,697,617,0.961111,0.181124,0.936219,7.12288,0.487876,11.4017
50,0.2,falsify,6,1,0,0.05,0.98,2,350,0.974619,0,1,0.987147,0.698767,0.974619,0,0,0.977751,0,0.990203,7.41388,0.453068,11.2764
50,0.1,replay,12,1,0,0.05,0.98,2,350,0,0,nan,nan,nan,0,625,558,0.95009,0.214422,0.913458,8.95016,0.452512,10.8608
50,0.2,falsify,5,1,0,0.05,0.98,2,350,0.989474,0,1,0.994709,0.8,0.989474,0,0,0.979871,0,0.991573,9.21587,0.482093,11.4922
50,0.1,replay,15,1,0,0.05,0.98,2,350,0.833333,0,1,0.909091,0.7,0.833333,359,309,0.963885,0.0988726,0.960356,11.377,0.481728,11.6383
50,0.2,falsify,7,1,0,0.05,0.98,2,350,0.968468,0,1,0.983982,0.7,0.968468,0,0,0.982936,0,0.992007,13.2911,0.465907,11.8562
50,0.1,replay,14,1,0,0.05,0.98,2,350,nan,0,nan,nan,nan,nan,529,440,0.970862,0.157048,0.949554,5.75614,0.504412,11.6479
50,0.2,falsify,8,1,0,0.05,0.98,2,350,0.979079,0,1,0.989429,0.8,0.979079,0,0,0.980135,0,0.99112,9.73899,0.471405,13.3371
50,0.2,falsify,10,1,0,0.05,0.98,2,350,0.972222,0,1,0.985915,0.8,0.972222,0,0,0.98217,0,0.992175,10.4098,0.483269,12.3222
50,0.1,replay,16,1,0,0.05,0.98,2,350,nan,0,nan,nan,nan,nan,540,468,0.940008,0.194891,0.917519,7.05348,0.483752,13.4931
50,0.2,falsify,11,1,0,0.05,0.98,2,350,0.971963,0,1,0.985782,0.7,0.971963,0,0,0.980638,0,0.991151,7.22705,0.467499,11.7371
50,0.2,falsify,9,1,0,0.05,0.98,2,350,0.970149,0,1,0.984848,0.6,0.970149,0,0,0.979567,0,0.990879,14.2364,0.485539,12.3402
50,0.1,replay,17,1,0,0.05,0.98,2,350,nan,0,nan,nan,nan,nan,438,356,0.977536,0.230346,0.907141,8.56936,0.462141,12.9687
50,0.1,replay,19,1,0,0.05,0.98,2,350,nan,0,nan,nan,nan,nan,528,458,0.963821,0.182007,0.927547,6.20073,0.466798,10.9078
50,0.1,replay,18,1,0,0.05,0.98,2,350,nan,0,nan,nan,nan,nan,700,589,0.957462,0.202329,0.935298,7.54478,0.481599,12.8867
50,0.2,falsify,12,1,0,0.05,0.98,2,350,0.986784,0,1,0.993348,0.8,0.986784,0,0,0.980177,0,0.990759,8.41984,0.450724,11.4276
50,0.1,replay,20,1,0,0.05,0.98,2,350,nan,0,nan,nan,nan,nan,680,562,0.974591,0.22839,0.918147,7.41277,0.45771,12.3299
50,0.2,falsify,13,1,0,0.05,0.98,2,350,0.977477,0,1,0.98861,0.7,0.977477,0,0,0.976946,0,0.989035,6.37507,0.492341,13.1907
50,0.2,falsify,15,1,0,0.05,0.98,2,350,0.974843,0,1,0.987261,0.7,0.974843,0,0,0.979608,0,0.990764,11.1896,0.473024,9.18634
50,0.1,replay,21,1,0,0.05,0.98,2,350,nan,0,nan,nan,nan,nan,550,474,0.976119,0.277704,0.889281,9.13041,0.487226,11.3055
50,0.2,falsify,14,1,0,0.05,0.98,2,350,0.97619,0,1,0.987952,0.6,0.97619,0,0,0.982009,0,0.991959,5.25475,0.496953,11.3058
50,0.2,falsify,17,1,0,0.05,0.98,2,350,0.953846,0,1,0.976378,0.7,0.953846,0,0,0.981073,0,0.991424,9.3814,0.457722,8.97657
50,0.2,falsify,16,1,0,0.05,0.98,2,350,0.980676,0,1,0.990244,0.8,0.980676,0,0,0.980485,0,0.991007,7.0144,0.477763,8.81132
50,0.2,falsify,18,1,0,0.05,0.98,2,350,0.971564,0,1,0.985577,0.7,0.971564,0,0,0.980178,0,0.991246,8.3271,0.469249,9.46369
50,0.2,falsify,19,1,0,0.05,0.98,2,350,0.977376,0,1,0.988558,0.8,0.977376,0,0,0.979906,0,0.990993,6.04974,0.467474,6.72466
50,0.2,falsify,21,1,0,0.05,0.98,2,350,0.980198,0,1,0.99,0.8,0.980198,0,0,0.982577,0,0.992066,10.0508,0.479139,6.28695
50,0.2,falsify,22,1,0,0.05,0.98,2,350,0.957547,0,1,0.978313,0.7,0.957547,0,0,0.977939,0,0.989947,7.67065,0.48107,5.60268
50,0.2,falsify,20,1,0,0.05,0.98,2,350,0.977778,0,1,0.988764,0.7,0.977778,0,0,0.98214,0,0.991632,8.02799,0.44876,6.47903
50,0.2,falsify,23,1,0,0.05,0.98,2,350,0.980583,0,1,0.990196,0.7,0.980583,0,0,0.979731,0,0.991085,4.27783,0.471385,6.34698
50,0.2,falsify,25,1,0,0.05,0.98,2,350,0.981818,0,1,0.990826,0.7,0.981818,0,0,0.979565,0,0.99106,9.81713,0.454047,5.77718
50,0.2,falsify,24,1,0,0.05,0.98,2,350,0.981132,0,1,0.990476,0.7,0.981132,0,0,0.97904,0,0.991122,10.7976,0.475603,5.67564
50,0.2,falsify,26,1,0,0.05,0.98,2,350,0.9801,0,1,0.98995,0.7,0.9801,0,0,0.980144,0,0.990876,6.4356,0.458529,5.42263
50,0.2,falsify,29,1,0,0.05,0.98,2,350,0.981395,0,1,0.99061,0.7,0.981395,0,0,0.98351,0,0.9921,7.90928,0.460789,4.88711
50,0.2,falsify,27,1,0,0.05,0.98,2,350,0.985981,0,1,0.992941,0.7,0.985981,0,0,0.978674,0,0.990145,9.55097,0.517516,5.6248
50,0.2,falsify,28,1,0,0.05,0.98,2,350,0.96748,0,1,0.983471,0.7,0.96748,0,0,0.980989,0,0.991476,9.07158,0.442699,5.42961
50,0.2,falsify,30,1,0,0.05,0.98,2,350,1,0,1,1,0.7,1,0,0,0.979536,0,0.990924,11.6819,0.464122,5.34368
50,0.3,falsify,1,1,0,0.05,0.98,2,350,0.959108,0,1,0.979127,0.7,0.959108,0,0,0.978795,0,0.990426,6.4281,0.467872,5.18019
50,0.3,falsify,2,1,0,0.05,0.98,2,350,0.967949,0,1,0.983713,0.7,0.967949,0,0,0.97814,0,0.989766,9.02852,0.484078,5.46318
50,0.3,falsify,3,1,0,0.05,0.98,2,350,0.964143,0,1,0.981744,0.7,0.964143,0,0,0.980615,0,0.990957,5.76758,0.52818,5.39173
50,0.3,falsify,4,1,0,0.05,0.98,2,350,0.972414,0,1,0.986014,0.7,0.972414,0,0,0.983927,0,0.992436,8.84976,0.479714,5.25997
50,0.3,falsify,5,1,0,0.05,0.98,2,350,0.984848,0,1,0.992366,0.7,0.984848,0,0,0.979936,0,0.991837,8.76626,0.46479,5.35945
50,0.3,falsify,6,1,0,0.05,0.98,2,350,0.97037,0,1,0.984962,0.699311,0.97037,0,0,0.978502,0,0.990406,6.7861,0.455225,5.5629
50,0.3,falsify,8,1,0,0.05,0.98,2,350,0.971154,0,1,0.985366,0.7,0.971154,0,0,0.978906,0,0.990663,9.82029,0.484315,5.37192
50,0.3,falsify,7,1,0,0.05,0.98,2,350,0.978799,0,1,0.989286,0.7,0.978799,0,0,0.982745,0,0.992219,13.2477,0.449593,5.45897
50,0.3,falsify,9,1,0,0.05,0.98,2,350,0.964413,0,1,0.981884,0.7,0.964413,0,0,0.980922,0,0.99148,13.958,0.486999,5.57599
50,0.3,falsify,10,1,0,0.05,0.98,2,350,0.968504,0,1,0.984,0.9,0.968504,0,0,0.980904,0,0.99177,10.9522,0.491149,5.53111
50,0.3,falsify,11,1,0,0.05,0.98,2,350,0.961938,0,1,0.9806,0.7,0.961938,0,0,0.978353,0,0.990165,7.47971,0.46293,5.3619
50,0.3,falsify,12,1,0,0.05,0.98,2,350,0.986395,0,1,0.993151,0.8,0.986395,0,0,0.980434,0,0.990969,7.77202,0.453162,5.35957
50,0.3,falsify,13,1,0,0.05,0.98,2,350,0.979661,0,1,0.989726,0.7,0.979661,0,0,0.979727,0,0.990363,7.19736,0.499458,5.73393
50,0.3,falsify,15,1,0,0.05,0.98,2,350,0.978541,0,1,0.989154,0.7,0.978541,0,0,0.981061,0,0.991279,11.4613,0.473594,5.34954
50,0.3,falsify,14,1,0,0.05,0.98,2,350,0.974729,0,1,0.987203,0.7,0.974729,0,0,0.981229,0,0.991579,5.46081,0.507057,5.56048
50,0.3,falsify,16,1,0,0.05,0.98,2,350,0.970803,0,1,0.985185,0.7,0.970803,0,0,0.979986,0,0.990853,7.07062,0.480447,5.45727
50,0.3,falsify,17,1,0,0.05,0.98,2,350,0.969582,0,1,0.984556,0.7,0.969582,0,0,0.981461,0,0.991495,10.5121,0.466255,5.48648
50,0.3,falsify,18,1,0,0.05,0.98,2,350,0.969582,0,1,0.984556,0.7,0.969582,0,0,0.979449,0,0.991217,7.90039,0.468574,5.47126
50,0.3,falsify,19,1,0,0.05,0.98,2,350,0.959322,0,1,0.979239,0.8,0.959322,0,0,0.979218,0,0.990703,5.75695,0.47679,5.45121
50,0.3,falsify,20,1,0,0.05,0.98,2,350,0.97651,0,1,0.988115,0.7,0.97651,0,0,0.980804,0,0.991023,7.04753,0.450117,5.47128
50,0.3,falsify,22,1,0,0.05,0.98,2,350,0.958015,0,1,0.978558,0.7,0.958015,0,0,0.980064,0,0.990839,8.49027,0.464692,5.11475
50,0.3,falsify,21,1,0,0.05,0.98,2,350,0.981203,0,1,0.990512,0.7,0.981203,0,0,0.983757,0,0.992457,7.9192,0.47462,5.48283
50,0.3,falsify,23,1,0,0.05,0.98,2,350,0.981273,0,1,0.990548,0.7,0.981273,0,0,0.980524,0,0.991207,4.24168,0.48129,5.30191
50,0.3,falsify,24,1,0,0.05,0.98,2,350,0.98155,0,1,0.990689,0.7,0.98155,0,0,0.97965,0,0.990972,8.83454,0.467591,5.5894
50,0.3,falsify,25,1,0,0.05,0.98,2,350,0.97931,0,1,0.989547,0.7,0.97931,0,0,0.980917,0,0.991622,8.4437,0.448852,4.91537
50,0.3,falsify,26,1,0,0.05,0.98,2,350,0.97318,0,1,0.986408,0.699961,0.97318,0,0,0.978408,0,0.990206,6.19758,0.458966,5.1247
50,0.3,falsify,27,1,0,0.05,0.98,2,350,0.981884,0,1,0.990859,0.7,0.981884,0,0,0.979283,0,0.99065,9.62755,0.516371,5.79854
50,0.3,falsify,29,1,0,0.05,0.98,2,350,0.985401,0,1,0.992647,0.7,0.985401,0,0,0.983397,0,0.992059,7.41516,0.452779,5.12477
50,0.3,falsify,28,1,0,0.05,0.98,2,350,0.974522,0,1,0.987097,0.7,0.974522,0,0,0.981607,0,0.991825,8.83863,0.432194,5.50203
50,0.3,falsify,30,1,0,0.05,0.98,2,350,0.979094,0,1,0.989437,0.7,0.979094,0,0,0.981286,0,0.991763,11.5511,0.454992,5.3757
50,0.5,falsify,1,1,0,0.05,0.98,2,350,0.960725,0,1,0.979969,0.7,0.960725,0,0,0.979343,0,0.990693,5.65579,0.475541,5.11976
50,0.5,falsify,2,1,0,0.05,0.98,2,350,0.971591,0,1,0.985591,0.7,0.971591,0,0,0.981527,0,0.991204,7.69019,0.51208,5.55045
50,0.5,falsify,3,1,0,0.05,0.98,2,350,0.968051,0,1,0.983766,0.7,0.968051,0,0,0.979755,0,0.990561,5.79171,0.52169,5.65446
50,0.5,falsify,4,1,0,0.05,0.98,2,350,0.976608,0,1,0.988166,0.7,0.976608,0,0,0.98279,0,0.992011,10.2012,0.478196,5.45987
50,0.5,falsify,5,1,0,0.05,0.98,2,350,0.983923,0,1,0.991896,0.7,0.983923,0,0,0.979113,0,0.990951,9.20456,0.454916,5.09046
50,0.5,falsify,6,1,0,0.05,0.98,2,350,0.97205,0,1,0.985827,0.7,0.97205,0,0,0.978734,0,0.990469,5.62339,0.448293,5.27083
50,0.5,falsify,7,1,0,0.05,0.98,2,350,0.970588,0,1,0.985075,0.7,0.970588,0,0,0.981325,0,0.991435,13.0695,0.466304,5.329
50,0.5,falsify,8,1,0,0.05,0.98,2,350,0.977901,0,1,0.988827,0.7,0.977901,0,0,0.977872,0,0.989956,7.18264,0.489721,5.34168
50,0.5,falsify,9,1,0,0.05,0.98,2,350,0.949853,0,1,0.974281,0.7,0.949853,0,0,0.981066,0,0.991266,11.9044,0.46972,5.28397
50,0.5,falsify,10,1,0,0.05,0.98,2,350,0.964516,0,1,0.981938,0.899948,0.964516,0,0,0.982901,0,0.992685,13.1685,0.479422,5.33115
50,0.5,falsify,13,1,0,0.05,0.98,2,350,0.974719,0,1,0.987198,0.7,0.974719,0,0,0.980732,0,0.990689,8.44868,0.525666,5.35906
50,0.5,falsify,11,1,0,0.05,0.98,2,350,0.970845,0,1,0.985207,0.7,0.970845,0,0,0.97897,0,0.990647,9.08714,0.454151,5.43463
50,0.5,falsify,12,1,0,0.05,0.98,2,350,0.98017,0,1,0.989986,0.8,0.98017,0,0,0.98018,0,0.990976,9.37831,0.445448,5.38354
50,0.5,falsify,14,1,0,0.05,0.98,2,350,0.970501,0,1,0.98503,0.7,0.970501,0,0,0.980281,0,0.991171,5.39357,0.565098,5.39174
50,0.5,falsify,15,1,0,0.05,0.98,2,350,0.972789,0,1,0.986207,0.600143,0.972789,0,0,0.981478,0,0.991393,13.2622,0.469379,5.36401
50,0.5,falsify,16,1,0,0.05,0.98,2,350,0.971787,0,1,0.985692,0.7,0.971787,0,0,0.979763,0,0.990628,5.46269,0.461104,5.64543
50,0.5,falsify,17,1,0,0.05,0.98,2,350,0.963746,0,1,0.981538,0.7,0.963746,0,0,0.98115,0,0.991383,9.95812,0.445054,5.61252
50,0.5,falsify,18,1,0,0.05,0.98,2,350,0.965839,0,1,0.982622,0.7,0.965839,0,0,0.979649,0,0.991171,9.19203,0.462018,5.43416
50,0.5,falsify,19,1,0,0.05,0.98,2,350,0.961877,0,1,0.980568,0.8,0.961877,0,0,0.978509,0,0.99036,4.31941,0.465246,5.51044
50,0.5,falsify,20,1,0,0.05,0.98,2,350,0.975,0,1,0.987342,0.7,0.975,0,0,0.979864,0,0.990483,6.30576,0.458204,6.61375
50,0.5,falsify,21,1,0,0.05,0.98,2,350,0.963455,0,1,0.981387,0.7,0.963455,0,0,0.983048,0,0.99223,6.65308,0.481126,5.67987
50,0.5,falsify,22,1,0,0.05,0.98,2,350,0.977987,0,1,0.988871,0.7,0.977987,0,0,0.981882,0,0.991768,8.3865,0.433383,5.72423
50,0.5,falsify,23,1,0,0.05,0.98,2,350,0.987261,0,1,0.99359,0.7,0.987261,0,0,0.980965,0,0.991448,3.01481,0.490908,5.48672
50,0.5,falsify,24,1,0,0.05,0.98,2,350,0.974441,0,1,0.987055,0.6,0.974441,0,0,0.978778,0,0.990464,6.80564,0.464403,5.24836
50,0.5,falsify,25,1,0,0.05,0.98,2,350,0.979228,0,1,0.989505,0.7,0.979228,0,0,0.980534,0,0.991138,8.7793,0.438029,5.32238
50,0.5,falsify,26,1,0,0.05,0.98,2,350,0.96,0,1,0.979592,0.7,0.96,0,0,0.975968,0,0.989259,3.86513,0.478806,5.28161
50,0.5,falsify,27,1,0,0.05,0.98,2,350,0.979866,0,1,0.989831,0.7,0.979866,0,0,0.979809,0,0.990897,11.1904,0.509189,5.48802
50,0.5,falsify,28,1,0,0.05,0.98,2,350,0.977901,0,1,0.988827,0.7,0.977901,0,0,0.980864,0,0.991565,8.10108,0.441692,5.53902
50,0.5,falsify,29,1,0,0.05,0.98,2,350,0.972561,0,1,0.98609,0.7,0.972561,0,0,0.982472,0,0.991731,7.4004,0.45308,5.19409
50,0.1,replay,1,1,0,0.05,0.98,2,350,0,0,nan,nan,nan,0,661,579,0.967946,0.205226,0.925207,7.10907,0.467759,5.14004
50,0.5,falsify,30,1,0,0.05,0.98,2,350,0.98,0,1,0.989899,0.7,0.98,0,0,0.980654,0,0.991515,10.4066,0.48672,5.61509
50,0.1,replay,3,1,0,0.05,0.98,2,350,0,0,nan,nan,nan,0,503,409,0.974535,0.226826,0.921206,6.36657,0.513547,4.87537
50,0.1,replay,2,1,0,0.05,0.98,2,350,nan,0,nan,nan,nan,nan,568,471,0.967431,0.182878,0.929422,9.07102,0.456365,5.64049
50,0.1,replay,4,1,0,0.05,0.98,2,350,nan,0,nan,nan,nan,nan,720,557,0.961108,0.305751,0.893301,9.32305,0.479272,5.28868
50,0.1,replay,6,1,0,0.05,0.98,2,350,0,0,nan,nan,nan,0,499,428,0.960975,0.137059,0.948139,7.27198,0.444307,5.19977
50,0.1,replay,5,1,0,0.05,0.98,2,350,nan,0,nan,nan,nan,nan,625,535,0.976272,0.197297,0.932443,9.37939,0.47646,5.35997
50,0.1,replay,8,1,0,0.05,0.98,2,350,nan,0,nan,nan,nan,nan,805,715,0.972164,0.256888,0.913471,11.5427,0.472337,5.3036
50,0.1,replay,7,1,0,0.05,0.98,2,350,0.6,0,1,0.75,0,0.6,651,553,0.973731,0.233485,0.916097,13.6028,0.477681,5.38844
50,0.1,replay,9,1,0,0.05,0.98,2,350,0.5,0,1,0.666667,37.4728,0.5,574,499,0.958598,0.144308,0.945542,13.2045,0.472868,5.46861
50,0.1,replay,10,1,0,0.05,0.98,2,350,0,0,nan,nan,nan,0,585,499,0.963397,0.250498,0.896306,9.75062,0.48112,5.40855
50,0.1,replay,11,1,0,0.05,0.98,2,350,nan,0,nan,nan,nan,nan,705,627,0.973349,0.204318,0.924971,6.64612,0.462975,5.14725
50,0.1,replay,12,1,0,0.05,0.98,2,350,0,0,nan,nan,nan,0,625,558,0.95009,0.214422,0.913458,8.95016,0.452512,5.3412
50,0.1,replay,13,1,0,0.05,0.98,2,350,nan,0,nan,nan,nan,nan,697,617,0.961111,0.181124,0.936219,7.12288,0.487876,5.59264
50,0.1,replay,15,1,0,0.05,0.98,2,350,0.833333,0,1,0.909091,0.7,0.833333,359,309,0.963885,0.0988726,0.960356,11.377,0.481728,5.22999
50,0.1,replay,14,1,0,0.05,0.98,2,350,nan,0,nan,nan,nan,nan,529,440,0.970862,0.157048,0.949554,5.75614,0.504412,5.62566
50,0.1,replay,16,1,0,0.05,0.98,2,350,nan,0,nan,nan,nan,nan,540,468,0.940008,0.194891,0.917519,7.05348,0.483752,5.38709
50,0.1,replay,17,1,0,0.05,0.98,2,350,nan,0,nan,nan,nan,nan,438,356,0.977536,0.230346,0.907141,8.56936,0.462141,5.71446
50,0.1,replay,18,1,0,0.05,0.98,2,350,nan,0,nan,nan,nan,nan,700,589,0.957462,0.202329,0.935298,7.54478,0.481599,5.72563
50,0.1,replay,19,1,0,0.05,0.98,2,350,nan,0,nan,nan,nan,nan,528,458,0.963821,0.182007,0.927547,6.20073,0.466798,5.55719
50,0.1,replay,20,1,0,0.05,0.98,2,350,nan,0,nan,nan,nan,nan,680,562,0.974591,0.22839,0.918147,7.41277,0.45771,5.77054
50,0.1,replay,21,1,0,0.05,0.98,2,350,nan,0,nan,nan,nan,nan,550,474,0.976119,0.277704,0.889281,9.13041,0.487226,5.63203
50,0.1,replay,22,1,0,0.05,0.98,2,350,nan,0,nan,nan,nan,nan,551,464,0.971899,0.220495,0.915974,6.72666,0.487059,5.72958
50,0.1,replay,23,1,0,0.05,0.98,2,350,0.8,0,1,0.888889,0.145067,0.8,660,544,0.966007,0.210637,0.929449,4.13748,0.478695,5.77021
50,0.1,replay,25,1,0,0.05,0.98,2,350,0,0,nan,nan,nan,0,683,587,0.97332,0.340487,0.873742,11.0862,0.447578,5.50073
50,0.1,replay,24,1,0,0.05,0.98,2,350,nan,0,nan,nan,nan,nan,617,555,0.974053,0.225046,0.90866,10.0793,0.475918,5.55488
50,0.1,replay,26,1,0,0.05,0.98,2,350,nan,0,nan,nan,nan,nan,536,472,0.975954,0.21729,0.918488,6.12577,0.458402,5.22995
50,0.1,replay,27,1,0,0.05,0.98,2,350,0,0,nan,nan,nan,0,664,586,0.965452,0.238366,0.916057,9.50265,0.493999,5.49422
50,0.1,replay,28,1,0,0.05,0.98,2,350,1,0,1,1,0,1,785,666,0.970757,0.361515,0.859592,8.49577,0.447732,5.16689
50,0.1,replay,29,1,0,0.05,0.98,2,350,nan,0,nan,nan,nan,nan,603,508,0.977841,0.323087,0.878658,8.14366,0.457849,5.14592
50,0.1,replay,30,1,0,0.05,0.98,2,350,nan,0,nan,nan,nan,nan,735,619,0.970266,0.25317,0.910752,11.6071,0.461841,5.53144
50,0.2,replay,1,1,0,0.05,0.98,2,350,0.684211,0,1,0.8125,0.9,0.684211,707,641,0.970178,0.246639,0.91142,7.14797,0.465152,5.38801
50,0.2,replay,2,1,0,0.05,0.98,2,350,nan,0,nan,nan,nan,nan,938,829,0.977433,0.495757,0.820591,8.39515,0.461943,5.37216
50,0.2,replay,3,1,0,0.05,0.98,2,350,0.428571,0,1,0.6,3.49995,0.428571,610,494,0.963222,0.292481,0.892623,6.4332,0.531027,5.3402
50,0.2,replay,4,1,0,0.05,0.98,2,350,0.75,0,1,0.857143,0,0.75,782,711,0.980638,0.516276,0.783752,8.85208,0.474318,5.29815
50,0.2,replay,5,1,0,0.05,0.98,2,350,1,0,1,1,0,1,738,636,0.981205,0.406649,0.857725,9.21587,0.482093,5.3624
50,0.2,replay,6,1,0,0.05,0.98,2,350,0.25,0,1,0.4,0,0.25,781,683,0.966482,0.332989,0.885432,7.41388,0.453068,5.28758
50,0.2,replay,7,1,0,0.05,0.98,2,350,0.6,0,1,0.75,0,0.6,839,749,0.982593,0.518743,0.803387,13.2911,0.465907,5.22791
50,0.2,replay,8,1,0,0.05,0.98,2,350,nan,0,nan,nan,nan,nan,939,829,0.977274,0.449077,0.844665,9.73899,0.471405,5.25302
50,0.2,replay,9,1,0,0.05,0.98,2,350,0.666667,0,1,0.8,37.4728,0.666667,703,605,0.973508,0.344262,0.884438,14.2364,0.485539,5.34473
50,0.2,replay,10,1,0,0.05,0.98,2,350,0.176471,0,1,0.3,0.9,0.176471,657,581,0.973915,0.314215,0.886685,10.4098,0.483269,5.69658
50,0.2,replay,11,1,0,0.05,0.98,2,350,0.5,0,1,0.666667,0.1,0.5,741,690,0.977369,0.279061,0.897026,7.22705,0.467499,5.56829
50,0.2,replay,12,1,0,0.05,0.98,2,350,0,0,nan,nan,nan,0,762,705,0.963211,0.34154,0.860493,8.41984,0.450724,5.45808
50,0.2,replay,13,1,0,0.05,0.98,2,350,0.866667,0,1,0.928571,0.482558,0.866667,719,638,0.973991,0.349991,0.870822,6.37507,0.492341,5.28227
50,0.2,replay,15,1,0,0.05,0.98,2,350,0.8,0,1,0.888889,0.7,0.8,553,489,0.97577,0.226977,0.914484,11.1896,0.473024,5.46014
50,0.2,replay,14,1,0,0.05,0.98,2,350,nan,0,nan,nan,nan,nan,747,676,0.979883,0.379635,0.852149,5.25475,0.496953,5.46981
50,0.2,replay,16,1,0,0.05,0.98,2,350,0.764706,0,1,0.866667,0.8,0.764706,706,625,0.961091,0.438078,0.823721,7.0144,0.477763,5.5296
50,0.2,replay,17,1,0,0.05,0.98,2,350,nan,0,nan,nan,nan,nan,747,659,0.979831,0.439118,0.833785,9.3814,0.457722,5.56476
50,0.2,replay,18,1,0,0.05,0.98,2,350,0.111111,0,1,0.2,0,0.111111,776,697,0.967596,0.35171,0.856229,8.3271,0.469249,5.90209
50,0.2,replay,19,1,0,0.05,0.98,2,350,nan,0,nan,nan,nan,nan,742,662,0.9765,0.416664,0.833637,6.04974,0.467474,5.42251
50,0.2,replay,20,1,0,0.05,0.98,2,350,0.333333,0,1,0.5,0,0.333333,898,815,0.981155,0.505332,0.806163,8.02799,0.44876,5.6191
50,0.2,replay,21,1,0,0.05,0.98,2,350,0.588235,0,1,0.740741,0,0.588235,733,645,0.979933,0.474463,0.826666,10.0508,0.479139,5.69201
50,0.2,replay,22,1,0,0.05,0.98,2,350,0.5,0,1,0.666667,0,0.5,730,636,0.978856,0.346596,0.870162,7.67065,0.48107,5.53738
50,0.2,replay,23,1,0,0.05,0.98,2,350,0.6,0,1,0.75,0.145067,0.6,737,651,0.97873,0.32057,0.883479,4.27783,0.471385,5.49779
50,0.2,replay,24,1,0,0.05,0.98,2,350,nan,0,nan,nan,nan,nan,833,735,0.978815,0.453951,0.828111,10.7976,0.475603,5.79983
50,0.2,replay,25,1,0,0.05,0.98,2,350,0.294118,0,1,0.454545,0,0.294118,752,662,0.959629,0.449955,0.818491,9.81713,0.454047,5.57952
50,0.2,replay,26,1,0,0.05,0.98,2,350,0.869565,0,1,0.930233,1,0.869565,713,640,0.976989,0.344193,0.868871,6.4356,0.458529,5.30338
50,0.2,replay,27,1,0,0.05,0.98,2,350,0,0,nan,nan,nan,0,705,638,0.971177,0.374686,0.86398,9.55097,0.517516,5.50633
50,0.2,replay,28,1,0,0.05,0.98,2,350,0.666667,0,1,0.8,0,0.666667,875,777,0.977015,0.53674,0.787766,9.07158,0.442699,5.31549
50,0.2,replay,29,1,0,0.05,0.98,2,350,0.5,0,1,0.666667,0,0.5,798,690,0.978738,0.493113,0.813322,7.90928,0.460789,5.29403
50,0.2,replay,30,1,0,0.05,0.98,2,350,0,0,nan,nan,nan,0,844,722,0.979132,0.412974,0.857925,11.6819,0.464122,5.29222
50,0.3,replay,1,1,0,0.05,0.98,2,350,0.647059,0,1,0.785714,0.977883,0.647059,766,704,0.977669,0.505601,0.817716,6.4281,0.467872,5.26701
50,0.3,replay,2,1,0,0.05,0.98,2,350,0.333333,0,1,0.5,1.29879,0.333333,804,729,0.981058,0.600536,0.785591,9.02852,0.484078,5.44355
50,0.3,replay,3,1,0,0.05,0.98,2,350,0.48,0,1,0.648649,3.36435,0.48,672,579,0.976815,0.524856,0.79457,5.76758,0.52818,5.32575
50,0.3,replay,4,1,0,0.05,0.98,2,350,0.954545,0,1,0.976744,1,0.954545,703,647,0.984948,0.62971,0.740257,8.84976,0.479714,5.47782
50,0.3,replay,6,1,0,0.05,0.98,2,350,0.758065,0,1,0.862385,0.664099,0.758065,686,623,0.973931,0.492831,0.822445,6.7861,0.455225,4.90188
50,0.3,replay,5,1,0,0.05,0.98,2,350,0.857143,0,1,0.923077,3.57535,0.857143,703,637,0.985607,0.647328,0.752332,8.76626,0.46479,5.24348
50,0.3,replay,7,1,0,0.05,0.98,2,350,0.6,0,1,0.75,0,0.6,779,729,0.987565,0.655934,0.737353,13.2477,0.449593,5.18612
50,0.3,replay,8,1,0,0.05,0.98,2,350,0.941176,0,1,0.969697,0.8,0.941176,872,790,0.982191,0.600127,0.79395,9.82029,0.484315,5.31055
50,0.3,replay,9,1,0,0.05,0.98,2,350,0.791667,0,1,0.883721,1.0405,0.791667,757,670,0.978927,0.638332,0.751364,13.958,0.486999,5.44629
50,0.3,replay,10,1,0,0.05,0.98,2,350,0.545455,0,1,0.705882,0.6,0.545455,622,576,0.980158,0.446973,0.83648,10.9522,0.491149,5.16655
50,0.3,replay,11,1,0,0.05,0.98,2,350,0.862069,0,1,0.925926,0.442382,0.862069,704,644,0.981319,0.350852,0.87067,7.47971,0.46293,5.13363
50,0.3,replay,12,1,0,0.05,0.98,2,350,0.677419,0,1,0.807692,2.00486,0.677419,729,669,0.976007,0.467217,0.823106,7.77202,0.453162,5.36824
50,0.3,replay,13,1,0,0.05,0.98,2,350,0.714286,0,1,0.833333,0.4,0.714286,736,655,0.978642,0.540468,0.803509,7.19736,0.499458,5.34219
50,0.3,replay,14,1,0,0.05,0.98,2,350,0.636364,0,1,0.777778,0.300573,0.636364,740,692,0.978615,0.462987,0.805266,5.46081,0.507057,5.38855
50,0.3,replay,15,1,0,0.05,0.98,2,350,0.533333,0,1,0.695652,0.2,0.533333,677,617,0.980958,0.527081,0.800736,11.4613,0.473594,5.70989
50,0.3,replay,16,1,0,0.05,0.98,2,350,0.75,0,1,0.857143,0.9,0.75,679,624,0.971518,0.523375,0.789019,7.07062,0.480447,5.54167
50,0.3,replay,17,1,0,0.05,0.98,2,350,0.826087,0,1,0.904762,0.9,0.826087,708,642,0.983036,0.548259,0.786527,10.5121,0.466255,5.46143
50,0.3,replay,18,1,0,0.05,0.98,2,350,0.803922,0,1,0.891304,1.3,0.803922,677,614,0.975192,0.426037,0.835875,7.90039,0.468574,5.678
50,0.3,replay,19,1,0,0.05,0.98,2,350,0.645161,0,1,0.784314,0,0.645161,679,625,0.981223,0.55408,0.779688,5.75695,0.47679,6.00994
50,0.3,replay,20,1,0,0.05,0.98,2,350,0.833333,0,1,0.909091,0.7,0.833333,816,747,0.982588,0.592521,0.766277,7.04753,0.450117,6.58515
50,0.3,replay,21,1,0,0.05,0.98,2,350,0.87037,0,1,0.930693,1.3,0.87037,690,639,0.983358,0.685894,0.729179,7.9192,0.47462,6.52446
50,0.3,replay,22,1,0,0.05,0.98,2,350,0.944444,0,1,0.971429,1.2,0.944444,631,585,0.984079,0.438237,0.822032,8.49027,0.464692,6.99757
50,0.3,replay,23,1,0,0.05,0.98,2,350,0.659091,0,1,0.794521,0.754933,0.659091,681,623,0.983673,0.468328,0.826632,4.24168,0.48129,7.25795
50,0.3,replay,24,1,0,0.05,0.98,2,350,0,0,nan,nan,nan,0,748,694,0.982205,0.617167,0.751009,8.83454,0.467591,6.67447
50,0.3,replay,25,1,0,0.05,0.98,2,350,0.387097,0,1,0.55814,0,0.387097,734,675,0.966785,0.640895,0.739868,8.4437,0.448852,6.48262
50,0.3,replay,26,1,0,0.05,0.98,2,350,0.685714,0,1,0.813559,0.9,0.685714,709,632,0.97946,0.40204,0.852696,6.19758,0.458966,7.44741
50,0.3,replay,27,1,0,0.05,0.98,2,350,0.666667,0,1,0.8,2.35896,0.666667,599,560,0.981162,0.444984,0.816443,9.62755,0.516371,6.40937
50,0.3,replay,28,1,0,0.05,0.98,2,350,0.551724,0,1,0.711111,0.6,0.551724,750,690,0.982364,0.627517,0.754034,8.83863,0.432194,6.56901
50,0.3,replay,29,1,0,0.05,0.98,2,350,0.571429,0,1,0.727273,0,0.571429,688,633,0.985362,0.630451,0.740875,7.41516,0.452779,6.85309
50,0.5,replay,1,1,0,0.05,0.98,2,350,0.731707,0,1,0.84507,1.57949,0.731707,456,429,0.984507,0.833878,0.654735,5.65579,0.475541,6.4042
50,0.3,replay,30,1,0,0.05,0.98,2,350,0,0,nan,nan,nan,0,808,750,0.986183,0.684464,0.73478,11.5511,0.454992,5.92466
50,0.5,replay,2,1,0,0.05,0.98,2,350,0.888889,0,1,0.941176,0.5,0.888889,437,421,0.988613,0.771672,0.657658,7.69019,0.51208,5.86608
50,0.5,replay,3,1,0,0.05,0.98,2,350,0.739726,0,1,0.850394,0.356009,0.739726,464,434,0.9823,0.764143,0.68354,5.79171,0.52169,5.465
50,0.5,replay,4,1,0,0.05,0.98,2,350,0.948718,0,1,0.973684,0.764211,0.948718,451,430,0.99008,0.790122,0.676015,10.2012,0.478196,4.97921
50,0.5,replay,6,1,0,0.05,0.98,2,350,0.817308,0,1,0.899471,1.34656,0.817308,429,406,0.980816,0.706059,0.711218,5.62339,0.448293,5.51755
50,0.5,replay,5,1,0,0.05,0.98,2,350,0.795918,0,1,0.886364,0.9,0.795918,418,393,0.989459,0.806622,0.666425,9.20456,0.454916,5.33446
50,0.5,replay,7,1,0,0.05,0.98,2,350,0.72043,0,1,0.8375,0.7,0.72043,456,433,0.990452,0.679174,0.726995,13.0695,0.466304,5.01689
50,0.5,replay,8,1,0,0.05,0.98,2,350,0.746032,0,1,0.854545,0.6,0.746032,518,495,0.988917,0.825663,0.677806,7.18264,0.489721,5.74255
50,0.5,replay,9,1,0,0.05,0.98,2,350,0.636364,0,1,0.777778,1.0405,0.636364,477,449,0.987773,0.846951,0.652586,11.9044,0.46972,5.16698
50,0.5,replay,10,1,0,0.05,0.98,2,350,0.786408,0,1,0.880435,1.05902,0.786408,419,406,0.986168,0.792832,0.664985,13.1685,0.479422,5.02622
50,0.5,replay,11,1,0,0.05,0.98,2,350,0.821429,0,1,0.901961,0.8,0.821429,488,464,0.987667,0.849936,0.667841,9.08714,0.454151,5.12829
50,0.5,replay,12,1,0,0.05,0.98,2,350,0.782609,0,1,0.878049,1.6276,0.782609,488,458,0.98759,0.807679,0.66733,9.37831,0.445448,5.17235
50,0.5,replay,13,1,0,0.05,0.98,2,350,0.906542,0,1,0.95098,1.0596,0.906542,472,452,0.986349,0.864067,0.647912,8.44868,0.525666,5.15145
50,0.5,replay,15,1,0,0.05,0.98,2,350,0.944444,0,1,0.971429,0.4,0.944444,440,414,0.989696,0.802797,0.6801,13.2622,0.469379,5.6573
50,0.5,replay,14,1,0,0.05,0.98,2,350,0.829268,0,1,0.906667,0.4,0.829268,438,408,0.988191,0.581219,0.772876,5.39357,0.565098,5.4155
50,0.5,replay,16,1,0,0.05,0.98,2,350,0.797753,0,1,0.8875,0.7,0.797753,426,396,0.979881,0.692233,0.709837,5.46269,0.461104,6.07581
50,0.5,replay,17,1,0,0.05,0.98,2,350,0.758065,0,1,0.862385,0.955401,0.758065,439,422,0.986679,0.742573,0.683399,9.95812,0.445054,6.27964
50,0.5,replay,18,1,0,0.05,0.98,2,350,0.863636,0,1,0.926829,0.8,0.863636,455,425,0.987014,0.609805,0.750951,9.19203,0.462018,6.15748
50,0.5,replay,19,1,0,0.05,0.98,2,350,0.690476,0,1,0.816901,1.07469,0.690476,435,411,0.984483,0.758892,0.669013,4.31941,0.465246,6.45244
50,0.5,replay,20,1,0,0.05,0.98,2,350,0.75,0,1,0.857143,0.598808,0.75,497,475,0.988641,0.74037,0.702234,6.30576,0.458204,6.54213
50,0.5,replay,21,1,0,0.05,0.98,2,350,0.727273,0,1,0.842105,0.7,0.727273,453,413,0.987105,0.803643,0.66982,6.65308,0.481126,5.80622
50,0.5,replay,22,1,0,0.05,0.98,2,350,0.901961,0,1,0.948454,0.5,0.901961,431,414,0.989306,0.806467,0.646245,8.3865,0.433383,5.93928
50,0.5,replay,23,1,0,0.05,0.98,2,350,0.621212,0,1,0.766355,0.4,0.621212,450,428,0.989421,0.779909,0.684176,3.01481,0.490908,5.77865
50,0.5,replay,24,1,0,0.05,0.98,2,350,0.428571,0,1,0.6,0,0.428571,442,410,0.983755,0.745596,0.675587,6.80564,0.464403,5.49888
50,0.5,replay,25,1,0,0.05,0.98,2,350,0.619718,0,1,0.765217,0.37978,0.619718,454,435,0.966256,0.715352,0.697386,8.7793,0.438029,5.18599
50,0.5,replay,26,1,0,0.05,0.98,2,350,0.768293,0,1,0.868966,0.7,0.768293,455,427,0.981674,0.76953,0.715475,3.86513,0.478806,5.42931
50,0.5,replay,27,1,0,0.05,0.98,2,350,0.813559,0,1,0.897196,0.5,0.813559,304,297,0.985089,0.39653,0.830048,11.1904,0.509189,5.32622
50,0.5,replay,29,1,0,0.05,0.98,2,350,0.909091,0,1,0.952381,0.700117,0.909091,421,400,0.989363,0.665274,0.70819,7.4004,0.45308,5.37789
50,0.5,replay,28,1,0,0.05,0.98,2,350,0.735294,0,1,0.847458,0.671507,0.735294,465,444,0.988065,0.813142,0.666923,8.10108,0.441692,5.31749
50,0.5,replay,30,1,0,0.05,0.98,2,350,0.878378,0,1,0.935252,0.327922,0.878378,446,421,0.988121,0.830014,0.661148,10.4066,0.48672,5.15793
50,0.1,dos,1,1,0,0.05,0.98,2,350,0.833333,0,1,0.909091,2.53,0.863636,0,0,0.951264,0,0.977772,7.12163,0.453948,6.41063
50,0.1,dos,3,1,0,0.05,0.98,2,350,0.823009,0,1,0.902913,2.4,0.920354,0,0,0.958603,0,0.982431,6.34656,0.499169,6.27282
50,0.1,dos,2,1,0,0.05,0.98,2,350,0.888889,0,1,0.941176,2.44,0.928571,0,0,0.953481,0,0.97746,9.03412,0.448515,6.56061
50,0.1,dos,6,1,0,0.05,0.98,2,350,0.828571,0,1,0.90625,2.42,0.87619,0,0,0.949939,0,0.978096,7.30617,0.435772,6.22845
50,0.1,dos,4,1,0,0.05,0.98,2,350,0.857143,0,1,0.923077,2.43911,0.928571,0,0,0.953541,0,0.979918,9.28851,0.468672,6.42598
50,0.1,dos,5,1,0,0.05,0.98,2,350,0.872881,0,1,0.932127,2.62,0.90678,0,0,0.953915,0,0.978733,9.43212,0.469164,6.64556
50,0.1,dos,7,1,0,0.05,0.98,2,350,0.818182,0,1,0.9,2.39,0.867769,0,0,0.962696,0,0.982721,13.5507,0.465975,6.57871
50,0.1,dos,8,1,0,0.05,0.98,2,350,0.85906,0,1,0.924188,2.42,0.90604,0,0,0.947843,0,0.97678,11.6843,0.460872,6.69883
50,0.1,dos,9,1,0,0.05,0.98,2,350,0.855769,0,1,0.92228,2.32,0.903846,0,0,0.959357,0,0.981751,13.223,0.468159,6.69
50,0.1,dos,10,1,0,0.05,0.98,2,350,0.848214,0,1,0.917874,2.5,0.875,0,0,0.963293,0,0.982717,9.79253,0.475494,6.86812
50,0.1,dos,12,1,0,0.05,0.98,2,350,0.886179,0,1,0.939655,2.49,0.943089,0,0,0.956371,0,0.979835,9.01948,0.445368,6.50176
50,0.1,dos,11,1,0,0.05,0.98,2,350,0.848921,0,1,0.918288,2.65,0.913669,0,0,0.953513,0,0.97949,6.81688,0.451014,6.77057
50,0.1,dos,13,1,0,0.05,0.98,2,350,0.839695,0,1,0.912863,2.2692,0.900763,0,0,0.95323,0,0.980474,7.18494,0.477581,6.45791
50,0.1,dos,14,1,0,0.05,0.98,2,350,0.814159,0,1,0.897561,2.25,0.858407,0,0,0.946028,0,0.975622,5.86582,0.49621,6.49276
50,0.1,dos,15,1,0,0.05,0.98,2,350,0.88764,0,1,0.940476,2.26,0.921348,0,0,0.960473,0,0.982085,11.3242,0.483559,6.2282
50,0.1,dos,16,1,0,0.05,0.98,2,350,0.791667,0,1,0.883721,2.4,0.883333,0,0,0.944301,0,0.977359,7.09535,0.475211,6.33598
50,0.1,dos,17,1,0,0.05,0.98,2,350,0.869159,0,1,0.93,2.13,0.906542,0,0,0.959773,0,0.982018,8.62763,0.453911,6.4177
50,0.1,dos,19,1,0,0.05,0.98,2,350,0.788618,0,1,0.881818,2.48,0.837398,0,0,0.946717,0,0.977064,6.21398,0.459856,6.10029
50,0.1,dos,18,1,0,0.05,0.98,2,350,0.758865,0,1,0.862903,2.44,0.822695,0,0,0.942352,0,0.974959,7.5122,0.46689,6.51248
50,0.1,dos,20,1,0,0.05,0.98,2,350,0.856,0,1,0.922414,2.46,0.896,0,0,0.956772,0,0.980503,7.40211,0.444219,6.63863
50,0.1,dos,21,1,0,0.05,0.98,2,350,0.823009,0,1,0.902913,2.3,0.840708,0,0,0.973061,0,0.986703,9.20973,0.478609,6.94364
50,0.1,dos,22,1,0,0.05,0.98,2,350,0.8,0,1,0.888889,2.49,0.858333,0,0,0.951017,0,0.977948,6.79196,0.481382,6.59052
50,0.1,dos,23,1,0,0.05,0.98,2,350,0.849206,0,1,0.918455,2.4,0.904762,0,0,0.947589,0,0.979776,4.16174,0.473465,6.44626
50,0.1,dos,24,1,0,0.05,0.98,2,350,0.870968,0,1,0.931034,2.63,0.903226,0,0,0.961499,0,0.981681,10.1321,0.469685,6.64296
50,0.1,dos,26,1,0,0.05,0.98,2,350,0.82243,0,1,0.902564,2.41,0.906542,0,0,0.945835,0,0.976391,6.22693,0.449732,6.44946
50,0.1,dos,25,1,0,0.05,0.98,2,350,0.852941,0,1,0.920635,2.23,0.911765,0,0,0.959972,0,0.981625,11.2462,0.434626,6.87761
50,0.1,dos,27,1,0,0.05,0.98,2,350,0.847328,0,1,0.917355,2.43,0.908397,0,0,0.953795,0,0.979065,9.56974,0.482622,6.85102
50,0.1,dos,28,1,0,0.05,0.98,2,350,0.842466,0,1,0.914498,2.25,0.90411,0,0,0.961691,0,0.983165,8.48029,0.431946,6.89895
50,0.1,dos,29,1,0,0.05,0.98,2,350,0.801587,0,1,0.889868,2.15,0.825397,0,0,0.967684,0,0.985078,8.20841,0.444351,6.94888
50,0.1,dos,30,1,0,0.05,0.98,2,350,0.880952,0,1,0.936709,2.16049,0.936508,0,0,0.959534,0,0.981211,11.6418,0.450622,6.83649
50,0.2,dos,1,1,0,0.05,0.98,2,350,0.819512,0,1,0.900804,2.53,0.839024,0,0,0.944055,0,0.973248,7.18983,0.444084,6.80122
50,0.2,dos,2,1,0,0.05,0.98,2,350,0.844,0,1,0.915401,2.32,0.892,0,0,0.952943,0,0.978301,8.40883,0.444198,7.11407
50,0.2,dos,3,1,0,0.05,0.98,2,350,0.828877,0,1,0.906433,2.36,0.893048,0,0,0.955156,0,0.98107,6.46068,0.512987,6.80933
50,0.2,dos,4,1,0,0.05,0.98,2,350,0.87013,0,1,0.930556,2.36658,0.935065,0,0,0.960529,0,0.98212,8.85294,0.444238,7.48154
50,0.2,dos,5,1,0,0.05,0.98,2,350,0.79902,0,1,0.888283,2.51046,0.862745,0,0,0.955779,0,0.980304,9.30738,0.45624,7.09915
50,0.2,dos,6,1,0,0.05,0.98,2,350,0.818627,0,1,0.90027,2.32,0.882353,0,0,0.94336,0,0.975183,7.57443,0.437174,6.69405
50,0.2,dos,7,1,0,0.05,0.98,2,350,0.842795,0,1,0.914692,2.39,0.895197,0,0,0.960582,0,0.981943,13.2911,0.442111,6.81055
50,0.2,dos,8,1,0,0.05,0.98,2,350,0.857724,0,1,0.923414,2.31,0.906504,0,0,0.953495,0,0.97927,9.9432,0.449698,7.13339
50,0.2,dos,9,1,0,0.05,0.98,2,350,0.834146,0,1,0.909574,2.36,0.897561,0,0,0.952891,0,0.979001,14.192,0.467305,6.95343
50,0.2,dos,10,1,0,0.05,0.98,2,350,0.826316,0,1,0.904899,2.31,0.878947,0,0,0.953562,0,0.979326,10.498,0.467048,7.28814
50,0.2,dos,11,1,0,0.05,0.98,2,350,0.864253,0,1,0.927184,2.52036,0.914027,0,0,0.944591,0,0.975324,7.33673,0.451729,6.93146
50,0.2,dos,12,1,0,0.05,0.98,2,350,0.875,0,1,0.933333,2.4,0.918103,0,0,0.954645,0,0.978793,8.57578,0.430144,7.42124
50,0.2,dos,13,1,0,0.05,0.98,2,350,0.840517,0,1,0.913349,2.27,0.905172,0,0,0.953379,0,0.979808,6.4018,0.472029,7.08802
50,0.2,dos,14,1,0,0.05,0.98,2,350,0.846154,0,1,0.916667,2.13,0.895928,0,0,0.961145,0,0.98241,5.32469,0.477215,7.31866
50,0.2,dos,15,1,0,0.05,0.98,2,350,0.832335,0,1,0.908497,2.2,0.886228,0,0,0.963844,0,0.983362,11.1872,0.466241,6.7619
50,0.2,dos,17,1,0,0.05,0.98,2,350,0.820388,0,1,0.901333,2.49,0.864078,0,0,0.954404,0,0.97931,9.5311,0.441788,6.54828
50,0.2,dos,16,1,0,0.05,0.98,2,350,0.845455,0,1,0.916256,2.5,0.895455,0,0,0.949825,0,0.977684,7.05823,0.459201,6.85515
50,0.2,dos,18,1,0,0.05,0.98,2,350,0.805195,0,1,0.892086,2.28,0.839827,0,0,0.954728,0,0.978946,8.40353,0.445125,7.10818
50,0.2,dos,19,1,0,0.05,0.98,2,350,0.817797,0,1,0.899767,2.48,0.860169,0,0,0.952215,0,0.978442,6.10729,0.455292,6.83811
50,0.2,dos,20,1,0,0.05,0.98,2,350,0.822785,0,1,0.902778,2.43,0.869198,0,0,0.957497,0,0.981748,7.93016,0.422075,7.50774
50,0.2,dos,21,1,0,0.05,0.98,2,350,0.852381,0,1,0.920308,2.45,0.871429,0,0,0.96567,0,0.983919,10.114,0.455146,7.43245
50,0.2,dos,22,1,0,0.05,0.98,2,350,0.792793,0,1,0.884422,2.3907,0.846847,0,0,0.952685,0,0.978574,7.67654,0.465792,7.1029
50,0.2,dos,23,1,0,0.05,0.98,2,350,0.895735,0,1,0.945,2.36,0.938389,0,0,0.953973,0,0.9806,4.35209,0.459061,7.18555
50,0.2,dos,24,1,0,0.05,0.98,2,350,0.830357,0,1,0.907317,2.62108,0.870536,0,0,0.956608,0,0.979736,10.8841,0.456144,7.39065
50,0.2,dos,25,1,0,0.05,0.98,2,350,0.856522,0,1,0.922717,2.31,0.891304,0,0,0.955527,0,0.97862,9.91276,0.431803,7.59954
50,0.2,dos,26,1,0,0.05,0.98,2,350,0.84466,0,1,0.915789,2.50105,0.912621,0,0,0.949949,0,0.977965,6.54647,0.440928,7.6705
50,0.2,dos,27,1,0,0.05,0.98,2,350,0.816964,0,1,0.899263,2.36067,0.888393,0,0,0.946425,0,0.976778,9.81924,0.495501,7.76578
50,0.2,dos,28,1,0,0.05,0.98,2,350,0.859438,0,1,0.924406,2.19035,0.903614,0,0,0.959783,0,0.981797,8.97069,0.418627,7.63168
50,0.2,dos,29,1,0,0.05,0.98,2,350,0.824324,0,1,0.903704,2.16,0.882883,0,0,0.957428,0,0.981254,7.99646,0.437898,8.05535
50,0.2,dos,30,1,0,0.05,0.98,2,350,0.864486,0,1,0.927318,2.2,0.934579,0,0,0.956119,0,0.980864,11.8127,0.447113,7.75268
50,0.3,dos,1,1,0,0.05,0.98,2,350,0.81338,0,1,0.897087,2.57,0.852113,0,0,0.945925,0,0.975278,6.49377,0.432562,7.80414
50,0.3,dos,3,1,0,0.05,0.98,2,350,0.824427,0,1,0.903766,2.36,0.874046,0,0,0.962637,0,0.983837,5.71206,0.499128,7.21705
50,0.3,dos,2,1,0,0.05,0.98,2,350,0.816514,0,1,0.89899,2.22057,0.868502,0,0,0.945442,0,0.975667,9.01798,0.464522,7.39188
50,0.3,dos,4,1,0,0.05,0.98,2,350,0.81457,0,1,0.89781,2.27,0.887417,0,0,0.953588,0,0.980237,9.13026,0.442118,7.60247
50,0.3,dos,5,1,0,0.05,0.98,2,350,0.842491,0,1,0.914513,2.26,0.897436,0,0,0.958636,0,0.981331,8.74835,0.426257,7.41391
50,0.3,dos,6,1,0,0.05,0.98,2,350,0.847826,0,1,0.917647,2.46,0.894928,0,0,0.949011,0,0.976604,6.97905,0.42504,7.27035
50,0.3,dos,7,1,0,0.05,0.98,2,350,0.859107,0,1,0.924214,2.4,0.90378,0,0,0.963159,0,0.982754,13.0937,0.414121,7.29446
50,0.3,dos,8,1,0,0.05,0.98,2,350,0.84326,0,1,0.914966,2.28,0.887147,0,0,0.947419,0,0.975679,10.119,0.451801,7.38741
50,0.3,dos,10,1,0,0.05,0.98,2,350,0.813688,0,1,0.897275,2.56997,0.870722,0,0,0.9488,0,0.976678,11.0956,0.466959,7.14028
50,0.3,dos,9,1,0,0.05,0.98,2,350,0.808874,0,1,0.89434,2.38,0.870307,0,0,0.950383,0,0.978449,14.0453,0.460293,7.33829
50,0.3,dos,11,1,0,0.05,0.98,2,350,0.843137,0,1,0.914894,2.48,0.879085,0,0,0.937263,0,0.971549,7.70276,0.437863,6.96144
50,0.3,dos,12,1,0,0.05,0.98,2,350,0.860465,0,1,0.925,2.43946,0.906977,0,0,0.947399,0,0.976004,7.98281,0.424125,7.33469
50,0.3,dos,13,1,0,0.05,0.98,2,350,0.811502,0,1,0.895944,2.23,0.878594,0,0,0.953185,0,0.979776,7.35653,0.469165,7.20943
50,0.3,dos,14,1,0,0.05,0.98,2,350,0.848276,0,1,0.91791,2.18,0.9,0,0,0.960761,0,0.981903,5.65948,0.480514,7.36224
50,0.3,dos,15,1,0,0.05,0.98,2,350,0.846473,0,1,0.916854,2.32,0.900415,0,0,0.961167,0,0.982575,11.4826,0.457899,7.18333
50,0.3,dos,16,1,0,0.05,0.98,2,350,0.8157,0,1,0.898496,2.45,0.880546,0,0,0.953441,0,0.979549,7.17814,0.458242,7.15409
50,0.3,dos,17,1,0,0.05,0.98,2,350,0.852941,0,1,0.920635,2.36959,0.893382,0,0,0.951663,0,0.977098,10.6455,0.439755,7.26649
50,0.3,dos,18,1,0,0.05,0.98,2,350,0.811388,0,1,0.895874,2.36938,0.854093,0,0,0.951937,0,0.978107,8.02956,0.43461,7.02625
50,0.3,dos,19,1,0,0.05,0.98,2,350,0.833876,0,1,0.909414,2.41051,0.872964,0,0,0.948904,0,0.977081,5.8515,0.456877,7.13316
50,0.3,dos,20,1,0,0.05,0.98,2,350,0.827362,0,1,0.905526,2.44,0.879479,0,0,0.953113,0,0.979072,6.92696,0.412169,7.40683
50,0.3,dos,21,1,0,0.05,0.98,2,350,0.843636,0,1,0.915187,2.35,0.887273,0,0,0.963881,0,0.983472,7.96573,0.439069,7.47357
50,0.3,dos,22,1,0,0.05,0.98,2,350,0.808118,0,1,0.893878,2.23,0.859779,0,0,0.958213,0,0.981363,8.5679,0.447058,7.25843
50,0.3,dos,23,1,0,0.05,0.98,2,350,0.838129,0,1,0.911937,2.33,0.892086,0,0,0.953104,0,0.979893,4.35937,0.455293,7.34261
50,0.3,dos,24,1,0,0.05,0.98,2,350,0.842857,0,1,0.914729,2.48875,0.885714,0,0,0.959553,0,0.981423,8.98906,0.443831,7.3492
50,0.3,dos,25,1,0,0.05,0.98,2,350,0.851852,0,1,0.92,2.29,0.895623,0,0,0.951959,0,0.977971,8.50587,0.416723,7.19547
50,0.3,dos,26,1,0,0.05,0.98,2,350,0.827839,0,1,0.905812,2.33,0.875458,0,0,0.950878,0,0.978227,6.39811,0.433637,7.08726
50,0.3,dos,27,1,0,0.05,0.98,2,350,0.842105,0,1,0.914286,2.25,0.894737,0,0,0.952928,0,0.978807,10.1236,0.48528,7.13194
50,0.3,dos,28,1,0,0.05,0.98,2,350,0.855385,0,1,0.922056,2.38004,0.892308,0,0,0.959168,0,0.981529,8.77907,0.405845,7.34318
50,0.3,dos,29,1,0,0.05,0.98,2,350,0.8223,0,1,0.902486,2.24,0.878049,0,0,0.958821,0,0.981511,7.63388,0.417773,7.48215
50,0.3,dos,30,1,0,0.05,0.98,2,350,0.869863,0,1,0.930403,2.31,0.924658,0,0,0.954174,0,0.979843,11.7436,0.420385,7.55867
50,0.5,dos,1,1,0,0.05,0.98,2,350,0.843658,0,1,0.9152,2.36225,0.887906,0,0,0.95222,0,0.978432,5.51513,0.417292,7.39223
50,0.5,dos,3,1,0,0.05,0.98,2,350,0.853125,0,1,0.920742,2.17006,0.903125,0,0,0.961531,0,0.983071,5.86212,0.467479,7.36496
50,0.5,dos,2,1,0,0.05,0.98,2,350,0.821918,0,1,0.902256,2.11,0.890411,0,0,0.945718,0,0.976388,7.64115,0.474011,7.68525
50,0.5,dos,4,1,0,0.05,0.98,2,350,0.825352,0,1,0.904321,2.45899,0.884507,0,0,0.949318,0,0.978262,10.4324,0.414965,7.64371
50,0.5,dos,6,1,0,0.05,0.98,2,350,0.825301,0,1,0.90429,2.28,0.876506,0,0,0.946781,0,0.9764,6.23221,0.402383,7.51653
50,0.5,dos,5,1,0,0.05,0.98,2,350,0.82716,0,1,0.905405,2.41005,0.873457,0,0,0.950256,0,0.977038,9.13908,0.399508,7.44477
50,0.5,dos,7,1,0,0.05,0.98,2,350,0.838068,0,1,0.911901,2.5,0.880682,0,0,0.95644,0,0.979879,12.9924,0.417168,7.40851
50,0.5,dos,8,1,0,0.05,0.98,2,350,0.862534,0,1,0.926194,2.26,0.902965,0,0,0.948832,0,0.977082,7.45784,0.450105,7.47134
50,0.5,dos,10,1,0,0.05,0.98,2,350,0.859375,0,1,0.92437,2.3,0.8875,0,0,0.960821,0,0.981499,13.5204,0.424469,7.77452
50,0.5,dos,9,1,0,0.05,0.98,2,350,0.803977,0,1,0.891339,2.32881,0.860795,0,0,0.95246,0,0.979436,12.4416,0.419332,7.48818
50,0.5,dos,11,1,0,0.05,0.98,2,350,0.838983,0,1,0.912442,2.20763,0.89548,0,0,0.950494,0,0.977514,9.52397,0.408652,7.39071
50,0.5,dos,12,1,0,0.05,0.98,2,350,0.84153,0,1,0.913947,2.2607,0.882514,0,0,0.950042,0,0.976544,9.8192,0.395725,7.47028
50,0.5,dos,13,1,0,0.05,0.98,2,350,0.851752,0,1,0.919942,2.29,0.892183,0,0,0.953376,0,0.978699,8.73998,0.467371,7.74647
50,0.5,dos,14,1,0,0.05,0.98,2,350,0.851003,0,1,0.919505,2.25,0.896848,0,0,0.953284,0,0.97895,5.59249,0.516554,7.40523
50,0.5,dos,15,1,0,0.05,0.98,2,350,0.826797,0,1,0.905188,2.27986,0.885621,0,0,0.955713,0,0.98055,13.4054,0.434687,7.46482
50,0.5,dos,16,1,0,0.05,0.98,2,350,0.83631,0,1,0.910859,2.39,0.886905,0,0,0.953338,0,0.978467,5.35902,0.414725,7.71038
50,0.5,dos,17,1,0,0.05,0.98,2,350,0.849112,0,1,0.9184,2.29025,0.905325,0,0,0.952636,0,0.97827,10.2332,0.400663,7.5617
50,0.5,dos,18,1,0,0.05,0.98,2,350,0.850299,0,1,0.919094,2.42,0.889222,0,0,0.952081,0,0.977972,9.55894,0.411536,7.26353
50,0.5,dos,19,1,0,0.05,0.98,2,350,0.809117,0,1,0.894488,2.34883,0.854701,0,0,0.946403,0,0.975444,4.12981,0.420239,7.45187
50,0.5,dos,20,1,0,0.05,0.98,2,350,0.822102,0,1,0.902367,2.41828,0.878706,0,0,0.945391,0,0.97622,6.43121,0.401471,7.48524
50,0.5,dos,21,1,0,0.05,0.98,2,350,0.810726,0,1,0.89547,2.32,0.85489,0,0,0.9624,0,0.983337,6.64308,0.439373,7.61876
50,0.5,dos,22,1,0,0.05,0.98,2,350,0.816817,0,1,0.899174,2.34,0.864865,0,0,0.960696,0,0.982154,8.2054,0.386338,7.60311
50,0.5,dos,23,1,0,0.05,0.98,2,350,0.866044,0,1,0.928214,2.3665,0.909657,0,0,0.953665,0,0.979062,3.16528,0.448409,7.49999
50,0.5,dos,24,1,0,0.05,0.98,2,350,0.842593,0,1,0.914573,2.30961,0.882716,0,0,0.957048,0,0.979694,6.98629,0.434081,7.37223
50,0.5,dos,25,1,0,0.05,0.98,2,350,0.835735,0,1,0.910518,2.32794,0.887608,0,0,0.944787,0,0.975198,9.13687,0.388452,7.47748
50,0.1,constoffset,1,1,0,0.05,0.98,2,350,0,0,nan,nan,nan,0,0,0,0,0,0.5,7.10907,0.467759,5.32024
50,0.5,dos,26,1,0,0.05,0.98,2,350,0.825959,0,1,0.904685,2.36968,0.873156,0,0,0.950247,0,0.977463,4.03186,0.436087,7.23167
50,0.1,constoffset,2,1,0,0.05,0.98,2,350,0,0,nan,nan,nan,0,0,0,0,0,0.5,9.07102,0.456365,5.26376
50,0.5,dos,27,1,0,0.05,0.98,2,350,0.829114,0,1,0.906574,2.42012,0.876582,0,0,0.95253,0,0.979575,11.7762,0.478784,7.43588
50,0.1,constoffset,3,1,0,0.05,0.98,2,350,0,0,nan,nan,nan,0,0,0,0,0,0.5,6.36657,0.513547,5.08114
50,0.1,constoffset,4,1,0,0.05,0.98,2,350,0,0,nan,nan,nan,0,0,0,0,0,0.5,9.32305,0.479272,5.13804
50,0.1,constoffset,5,1,0,0.05,0.98,2,350,0,0,nan,nan,nan,0,0,0,0,0,0.5,9.37939,0.47646,5.5131
50,0.5,dos,28,1,0,0.05,0.98,2,350,0.83871,0,1,0.912281,2.35965,0.900538,0,0,0.945435,0,0.977252,8.5639,0.3924,7.67014
50,0.1,constoffset,6,1,0,0.05,0.98,2,350,0,0,nan,nan,nan,0,0,0,0,0,0.5,7.27198,0.444307,5.72267
50,0.1,constoffset,7,1,0,0.05,0.98,2,350,0,0,nan,nan,nan,0,0,0,0,0,0.5,13.6028,0.477681,5.48698
50,0.1,constoffset,8,1,0,0.05,0.98,2,350,0,0,nan,nan,nan,0,0,0,0,0,0.5,11.5427,0.472337,5.48585
50,0.5,dos,29,1,0,0.05,0.98,2,350,0.833828,0,1,0.909385,2.25083,0.881306,0,0,0.952834,0,0.978826,7.5859,0.40106,7.77914
50,0.1,constoffset,9,1,0,0.05,0.98,2,350,0,0,nan,nan,nan,0,0,0,0,0,0.5,13.2045,0.472868,5.51234
50,0.1,constoffset,10,1,0,0.05,0.98,2,350,0,0,nan,nan,nan,0,0,0,0,0,0.5,9.75062,0.48112,5.52825
50,0.1,constoffset,11,1,0,0.05,0.98,2,350,0,0,nan,nan,nan,0,0,0,0,0,0.5,6.64612,0.462975,5.13835
50,0.1,constoffset,12,1,0,0.05,0.98,2,350,0,0,nan,nan,nan,0,0,0,0,0,0.5,8.95016,0.452512,5.61371
50,0.1,constoffset,13,1,0,0.05,0.98,2,350,0,0,nan,nan,nan,0,0,0,0,0,0.5,7.12288,0.487876,5.39588
50,0.1,constoffset,15,1,0,0.05,0.98,2,350,0,0,nan,nan,nan,0,0,0,0,0,0.5,11.377,0.481728,5.20199
50,0.1,constoffset,14,1,0,0.05,0.98,2,350,0,0,nan,nan,nan,0,0,0,0,0,0.5,5.75614,0.504412,5.25237
50,0.1,constoffset,16,1,0,0.05,0.98,2,350,0,0,nan,nan,nan,0,0,0,0,0,0.5,7.05348,0.483752,5.25659
50,0.1,constoffset,17,1,0,0.05,0.98,2,350,0,0,nan,nan,nan,0,0,0,0,0,0.5,8.56936,0.462141,5.10747
50,0.5,dos,30,1,0,0.05,0.98,2,350,0.840782,0,1,0.913505,2.34984,0.891061,0,0,0.949064,0,0.977208,10.8904,0.427551,7.85097
50,0.1,constoffset,18,1,0,0.05,0.98,2,350,0,0,nan,nan,nan,0,0,0,0,0,0.5,7.54478,0.481599,5.29901
50,0.1,constoffset,19,1,0,0.05,0.98,2,350,0,0,nan,nan,nan,0,0,0,0,0,0.5,6.20073,0.466798,5.36537
50,0.1,constoffset,22,1,0,0.05,0.98,2,350,0,0,nan,nan,nan,0,0,0,0,0,0.5,6.72666,0.487059,4.95643
50,0.1,constoffset,21,1,0,0.05,0.98,2,350,0,0,nan,nan,nan,0,0,0,0,0,0.5,9.13041,0.487226,5.39899
50,0.1,constoffset,20,1,0,0.05,0.98,2,350,0,0,nan,nan,nan,0,0,0,0,0,0.5,7.41277,0.45771,5.63869
50,0.1,constoffset,23,1,0,0.05,0.98,2,350,0,0,nan,nan,nan,0,0,0,0,0,0.5,4.13748,0.478695,5.15775
50,0.1,constoffset,24,1,0,0.05,0.98,2,350,0,0,nan,nan,nan,0,0,0,0,0,0.5,10.0793,0.475918,5.13556
50,0.1,constoffset,25,1,0,0.05,0.98,2,350,0,0,nan,nan,nan,0,0,0,0,0,0.5,11.0862,0.447578,5.17487
50,0.1,constoffset,26,1,0,0.05,0.98,2,350,0,0,nan,nan,nan,0,0,0,0,0,0.5,6.12577,0.458402,5.36616
50,0.1,constoffset,29,1,0,0.05,0.98,2,350,0,0,nan,nan,nan,0,0,0,0,0,0.5,8.14366,0.457849,5.37779
50,0.1,constoffset,27,1,0,0.05,0.98,2,350,0,0,nan,nan,nan,0,0,0,0,0,0.5,9.50265,0.493999,5.53385
50,0.1,constoffset,28,1,0,0.05,0.98,2,350,0,0,nan,nan,nan,0,0,0,0,0,0.5,8.49577,0.447732,5.67756
50,0.1,constoffset,30,1,0,0.05,0.98,2,350,0,0,nan,nan,nan,0,0,0,0,0,0.5,11.6071,0.461841,5.47397
50,0.2,constoffset,1,1,0,0.05,0.98,2,350,0,0,nan,nan,nan,0,0,0,0,0,0.5,7.14797,0.465152,5.6394
50,0.2,constoffset,2,1,0,0.05,0.98,2,350,0,0,nan,nan,nan,0,0,0,0,0,0.5,8.39515,0.461943,5.83132
50,0.2,constoffset,3,1,0,0.05,0.98,2,350,0,0,nan,nan,nan,0,0,0,0,0,0.5,6.4332,0.531027,5.63848
50,0.2,constoffset,5,1,0,0.05,0.98,2,350,0,0,nan,nan,nan,0,0,0,0,0,0.5,9.21587,0.482093,5.44928
50,0.2,constoffset,4,1,0,0.05,0.98,2,350,0,0,nan,nan,nan,0,0,0,0,0,0.5,8.85208,0.474318,5.68153
50,0.2,constoffset,6,1,0,0.05,0.98,2,350,0,0,nan,nan,nan,0,0,0,0,0,0.5,7.41388,0.453068,5.64905
50,0.2,constoffset,7,1,0,0.05,0.98,2,350,0,0,nan,nan,nan,0,0,0,0,0,0.5,13.2911,0.465907,5.56945
50,0.2,constoffset,9,1,0,0.05,0.98,2,350,0,0,nan,nan,nan,0,0,0,0,0,0.5,14.2364,0.485539,5.24507
50,0.2,constoffset,8,1,0,0.05,0.98,2,350,0,0,nan,nan,nan,0,0,0,0,0,0.5,9.73899,0.471405,5.73024
50,0.2,constoffset,10,1,0,0.05,0.98,2,350,0,0,nan,nan,nan,0,0,0,0,0,0.5,10.4098,0.483269,5.26404
50,0.2,constoffset,11,1,0,0.05,0.98,2,350,0,0,nan,nan,nan,0,0,0,0,0,0.5,7.22705,0.467499,5.25925
50,0.2,constoffset,12,1,0,0.05,0.98,2,350,0,0,nan,nan,nan,0,0,0,0,0,0.5,8.41984,0.450724,5.71098
50,0.2,constoffset,13,1,0,0.05,0.98,2,350,0,0,nan,nan,nan,0,0,0,0,0,0.5,6.37507,0.492341,5.79572
50,0.2,constoffset,14,1,0,0.05,0.98,2,350,0,0,nan,nan,nan,0,0,0,0,0,0.5,5.25475,0.496953,5.2575
50,0.2,constoffset,15,1,0,0.05,0.98,2,350,0,0,nan,nan,nan,0,0,0,0,0,0.5,11.1896,0.473024,5.72246
50,0.2,constoffset,16,1,0,0.05,0.98,2,350,0,0,nan,nan,nan,0,0,0,0,0,0.5,7.0144,0.477763,5.27432
50,0.2,constoffset,17,1,0,0.05,0.98,2,350,0,0,nan,nan,nan,0,0,0,0,0,0.5,9.3814,0.457722,5.62738
50,0.2,constoffset,19,1,0,0.05,0.98,2,350,0,0,nan,nan,nan,0,0,0,0,0,0.5,6.04974,0.467474,5.16185
50,0.2,constoffset,18,1,0,0.05,0.98,2,350,0,0,nan,nan,nan,0,0,0,0,0,0.5,8.3271,0.469249,5.30339
50,0.2,constoffset,21,1,0,0.05,0.98,2,350,0,0,nan,nan,nan,0,0,0,0,0,0.5,10.0508,0.479139,5.2298
50,0.2,constoffset,20,1,0,0.05,0.98,2,350,0,0,nan,nan,nan,0,0,0,0,0,0.5,8.02799,0.44876,5.39152
50,0.2,constoffset,23,1,0,0.05,0.98,2,350,0,0,nan,nan,nan,0,0,0,0,0,0.5,4.27783,0.471385,5.09923
50,0.2,constoffset,22,1,0,0.05,0.98,2,350,0,0,nan,nan,nan,0,0,0,0,0,0.5,7.67065,0.48107,5.58921
50,0.2,constoffset,24,1,0,0.05,0.98,2,350,0,0,nan,nan,nan,0,0,0,0,0,0.5,10.7976,0.475603,5.69618
50,0.2,constoffset,25,1,0,0.05,0.98,2,350,0,0,nan,nan,0,0.00454545,0,0,0.00410928,0,0.506719,9.81713,0.454047,5.44341
50,0.2,constoffset,26,1,0,0.05,0.98,2,350,0,0,nan,nan,nan,0,0,0,0,0,0.5,6.4356,0.458529,5.44754
50,0.2,constoffset,27,1,0,0.05,0.98,2,350,0,0,nan,nan,nan,0,0,0,0,0,0.5,9.55097,0.517516,5.45358
50,0.2,constoffset,28,1,0,0.05,0.98,2,350,0,0,nan,nan,nan,0,0,0,0,0,0.5,9.07158,0.442699,5.535
50,0.2,constoffset,29,1,0,0.05,0.98,2,350,0,0,nan,nan,nan,0,0,0,0,0,0.5,7.90928,0.460789,5.13786
50,0.2,constoffset,30,1,0,0.05,0.98,2,350,0,0,nan,nan,nan,0,0,0,0,0,0.5,11.6819,0.464122,5.59626
50,0.3,constoffset,1,1,0,0.05,0.98,2,350,0,0,nan,nan,nan,0,0,0,0,0,0.5,6.4281,0.467872,5.54338
50,0.3,constoffset,3,1,0,0.05,0.98,2,350,0,0,nan,nan,nan,0,0,0,0,0,0.5,5.76758,0.52818,5.46128
50,0.3,constoffset,2,1,0,0.05,0.98,2,350,0,0,nan,nan,nan,0,0,0,0,0,0.5,9.02852,0.484078,5.90587
50,0.3,constoffset,4,1,0,0.05,0.98,2,350,0,0,nan,nan,nan,0,0,0,0,0,0.5,8.84976,0.479714,5.60745
50,0.3,constoffset,5,1,0,0.05,0.98,2,350,0,0,nan,nan,nan,0,0,0,0,0,0.5,8.76626,0.46479,5.42113
50,0.3,constoffset,6,1,0,0.05,0.98,2,350,0,0,nan,nan,nan,0,0,0,0,0,0.5,6.7861,0.455225,5.8412
50,0.3,constoffset,7,1,0,0.05,0.98,2,350,0,0,nan,nan,nan,0,0,0,0,0,0.5,13.2477,0.449593,5.52489
50,0.3,constoffset,8,1,0,0.05,0.98,2,350,0,0,nan,nan,nan,0,0,0,0,0,0.5,9.82029,0.484315,5.68058
50,0.3,constoffset,10,1,0,0.05,0.98,2,350,0,0,nan,nan,nan,0,0,0,0,0,0.5,10.9522,0.491149,5.31407
50,0.3,constoffset,9,1,0,0.05,0.98,2,350,0,0,nan,nan,nan,0,0,0,0,0,0.5,13.958,0.486999,5.86543
50,0.3,constoffset,11,1,0,0.05,0.98,2,350,0,0,nan,nan,nan,0,0,0,0,0,0.5,7.47971,0.46293,5.21136
50,0.3,constoffset,12,1,0,0.05,0.98,2,350,0,0,nan,nan,nan,0,0,0,0,0,0.5,7.77202,0.453162,5.56276
50,0.3,constoffset,13,1,0,0.05,0.98,2,350,0,0,nan,nan,nan,0,0,0,0,0,0.5,7.19736,0.499458,5.24509
50,0.3,constoffset,14,1,0,0.05,0.98,2,350,0,0,nan,nan,nan,0,0,0,0,0,0.5,5.46081,0.507057,5.03768
50,0.3,constoffset,15,1,0,0.05,0.98,2,350,0,0,nan,nan,nan,0,0,0,0,0,0.5,11.4613,0.473594,5.13273
50,0.3,constoffset,17,1,0,0.05,0.98,2,350,0,0,nan,nan,nan,0,0,0,0,0,0.5,10.5121,0.466255,5.21024
50,0.3,constoffset,16,1,0,0.05,0.98,2,350,0,0,nan,nan,nan,0,0,0,0,0,0.5,7.07062,0.480447,5.36337
50,0.3,constoffset,18,1,0,0.05,0.98,2,350,0,0,nan,nan,nan,0,0,0,0,0,0.5,7.90039,0.468574,5.19702
50,0.3,constoffset,19,1,0,0.05,0.98,2,350,0,0,nan,nan,nan,0,0,0,0,0,0.5,5.75695,0.47679,5.14566
50,0.3,constoffset,20,1,0,0.05,0.98,2,350,0,0,nan,nan,nan,0,0,0,0,0,0.5,7.04753,0.450117,5.52945
50,0.3,constoffset,21,1,0,0.05,0.98,2,350,0,0,nan,nan,nan,0,0,0,0,0,0.5,7.9192,0.47462,5.62045
50,0.3,constoffset,22,1,0,0.05,0.98,2,350,0,0,nan,nan,nan,0,0,0,0,0,0.5,8.49027,0.464692,5.15311
50,0.3,constoffset,23,1,0,0.05,0.98,2,350,0,0,nan,nan,nan,0,0,0,0,0,0.5,4.24168,0.48129,5.23022
50,0.3,constoffset,24,1,0,0.05,0.98,2,350,0,0,nan,nan,nan,0,0,0,0,0,0.5,8.83454,0.467591,5.26472
50,0.3,constoffset,26,1,0,0.05,0.98,2,350,0,0,nan,nan,nan,0,0,0,0,0,0.5,6.19758,0.458966,4.97613
50,0.3,constoffset,25,1,0,0.05,0.98,2,350,0,0,nan,nan,0,0.00344828,0,0,0.00313108,0,0.50512,8.4437,0.448852,5.32925
50,0.3,constoffset,27,1,0,0.05,0.98,2,350,0,0,nan,nan,nan,0,0,0,0,0,0.5,9.62755,0.516371,5.41124
50,0.3,constoffset,28,1,0,0.05,0.98,2,350,0,0,nan,nan,nan,0,0,0,0,0,0.5,8.83863,0.432194,5.32073
50,0.3,constoffset,29,1,0,0.05,0.98,2,350,0,0,nan,nan,nan,0,0,0,0,0,0.5,7.41516,0.452779,5.45961
50,0.5,constoffset,1,1,0,0.05,0.98,2,350,0,0,nan,nan,nan,0,0,0,0,0,0.5,5.65579,0.475541,5.66456
50,0.3,constoffset,30,1,0,0.05,0.98,2,350,0,0,nan,nan,nan,0,0,0,0,0,0.5,11.5511,0.454992,5.56815
50,0.5,constoffset,3,1,0,0.05,0.98,2,350,0,0,nan,nan,nan,0,0,0,0,0,0.5,5.79171,0.52169,6.05095
50,0.5,constoffset,2,1,0,0.05,0.98,2,350,0,0,nan,nan,nan,0,0,0,0,0,0.5,7.69019,0.51208,5.82721
50,0.5,constoffset,4,1,0,0.05,0.98,2,350,0,0,nan,nan,nan,0,0,0,0,0,0.5,10.2012,0.478196,5.60765
50,0.5,constoffset,5,1,0,0.05,0.98,2,350,0,0,nan,nan,nan,0,0,0,0,0,0.5,9.20456,0.454916,5.60792
50,0.5,constoffset,6,1,0,0.05,0.98,2,350,0,0,nan,nan,nan,0,0,0,0,0,0.5,5.62339,0.448293,5.60243
50,0.5,constoffset,8,1,0,0.05,0.98,2,350,0,0,nan,nan,nan,0,0,0,0,0,0.5,7.18264,0.489721,5.51788
50,0.5,constoffset,7,1,0,0.05,0.98,2,350,0,0,nan,nan,nan,0,0,0,0,0,0.5,13.0695,0.466304,5.63032
50,0.5,constoffset,10,1,0,0.05,0.98,2,350,0,0,nan,nan,nan,0,0,0,0,0,0.5,13.1685,0.479422,5.65847
50,0.5,constoffset,9,1,0,0.05,0.98,2,350,0,0,nan,nan,nan,0,0,0,0,0,0.5,11.9044,0.46972,5.45552
50,0.5,constoffset,11,1,0,0.05,0.98,2,350,0,0,nan,nan,nan,0,0,0,0,0,0.5,9.08714,0.454151,5.31951
50,0.5,constoffset,12,1,0,0.05,0.98,2,350,0,0,nan,nan,nan,0,0,0,0,0,0.5,9.37831,0.445448,5.302
50,0.5,constoffset,13,1,0,0.05,0.98,2,350,0,0,nan,nan,nan,0,0,0,0,0,0.5,8.44868,0.525666,5.49366
50,0.5,constoffset,14,1,0,0.05,0.98,2,350,0,0,nan,nan,nan,0,0,0,0,0,0.5,5.39357,0.565098,5.5298
50,0.5,constoffset,15,1,0,0.05,0.98,2,350,0,0,nan,nan,nan,0,0,0,0,0,0.5,13.2622,0.469379,5.36601
50,0.5,constoffset,16,1,0,0.05,0.98,2,350,0,0,nan,nan,nan,0,0,0,0,0,0.5,5.46269,0.461104,5.38071
50,0.5,constoffset,17,1,0,0.05,0.98,2,350,0,0,nan,nan,nan,0,0,0,0,0,0.5,9.95812,0.445054,5.1592
50,0.5,constoffset,18,1,0,0.05,0.98,2,350,0,0,nan,nan,nan,0,0,0,0,0,0.5,9.19203,0.462018,5.1811
50,0.5,constoffset,19,1,0,0.05,0.98,2,350,0,0,nan,nan,nan,0,0,0,0,0,0.5,4.31941,0.465246,5.2365
50,0.5,constoffset,20,1,0,0.05,0.98,2,350,0,0,nan,nan,nan,0,0,0,0,0,0.5,6.30576,0.458204,5.20049
50,0.5,constoffset,21,1,0,0.05,0.98,2,350,0,0,nan,nan,nan,0,0,0,0,0,0.5,6.65308,0.481126,5.39132
50,0.5,constoffset,22,1,0,0.05,0.98,2,350,0,0,nan,nan,nan,0,0,0,0,0,0.5,8.3865,0.433383,5.36571
50,0.5,constoffset,23,1,0,0.05,0.98,2,350,0,0,nan,nan,nan,0,0,0,0,0,0.5,3.01481,0.490908,5.30111
50,0.5,constoffset,24,1,0,0.05,0.98,2,350,0,0,nan,nan,nan,0,0,0,0,0,0.5,6.80564,0.464403,5.22766
50,0.5,constoffset,25,1,0,0.05,0.98,2,350,0,0,nan,nan,0,0.00296736,0,0,0.0028025,0,0.504582,8.7793,0.438029,5.4308
50,0.5,constoffset,26,1,0,0.05,0.98,2,350,0,0,nan,nan,nan,0,0,0,0,0,0.5,3.86513,0.478806,5.19367
50,0.5,constoffset,27,1,0,0.05,0.98,2,350,0,0,nan,nan,nan,0,0,0,0,0,0.5,11.1904,0.509189,5.77745
50,0.5,constoffset,28,1,0,0.05,0.98,2,350,0,0,nan,nan,nan,0,0,0,0,0,0.5,8.10108,0.441692,5.56365
50,0.5,constoffset,29,1,0,0.05,0.98,2,350,0,0,nan,nan,nan,0,0,0,0,0,0.5,7.4004,0.45308,5.40414
50,0.1,revheading,1,1,0,0.05,0.98,2,350,0.937008,0,1,0.96748,1.5,0.937008,0,0,0.955185,0,0.991308,7.10907,0.467759,5.2561
50,0.5,constoffset,30,1,0,0.05,0.98,2,350,0,0,nan,nan,nan,0,0,0,0,0,0.5,10.4066,0.48672,5.48387
50,0.1,revheading,3,1,0,0.05,0.98,2,350,0.945946,0,1,0.972222,1.5,0.945946,0,0,0.95647,0,0.992056,6.36657,0.513547,5.71149
50,0.1,revheading,2,1,0,0.05,0.98,2,350,0.96748,0,1,0.983471,1.6,0.96748,0,0,0.953117,0,0.99082,9.07102,0.456365,6.08808
50,0.1,revheading,4,1,0,0.05,0.98,2,350,0.967213,0,1,0.983333,1.3,0.967213,0,0,0.951072,0,0.990173,9.32305,0.479272,5.84837
50,0.1,revheading,6,1,0,0.05,0.98,2,350,0.95098,0,1,0.974874,1.4,0.95098,0,0,0.950603,0,0.991054,7.27198,0.444307,5.52528
50,0.1,revheading,5,1,0,0.05,0.98,2,350,0.956522,0,1,0.977778,1.4,0.956522,0,0,0.955473,0,0.991922,9.37939,0.47646,5.55336
50,0.1,revheading,7,1,0,0.05,0.98,2,350,0.955752,0,1,0.977376,1.4,0.955752,0,0,0.958707,0,0.992677,13.6028,0.477681,5.72679
50,0.1,revheading,8,1,0,0.05,0.98,2,350,0.972414,0,1,0.986014,1.4,0.972414,0,0,0.954245,0,0.99191,11.5427,0.472337,5.82272
50,0.1,revheading,10,1,0,0.05,0.98,2,350,0.943925,0,1,0.971154,1.5,0.943925,0,0,0.958966,0,0.992616,9.75062,0.48112,5.69575
50,0.1,revheading,9,1,0,0.05,0.98,2,350,0.940594,0,1,0.969388,1.2,0.940594,0,0,0.954857,0,0.991146,13.2045,0.472868,5.83677
50,0.1,revheading,11,1,0,0.05,0.98,2,350,0.970149,0,1,0.984848,1.4,0.970149,0,0,0.955913,0,0.992276,6.64612,0.462975,5.77125
50,0.1,revheading,12,1,0,0.05,0.98,2,350,0.983471,0,1,0.991667,1.5,0.983471,0,0,0.953064,0,0.991452,8.95016,0.452512,5.3403
50,0.1,revheading,13,1,0,0.05,0.98,2,350,0.96,0,1,0.979592,1.4,0.96,0,0,0.944258,0,0.989467,7.12288,0.487876,5.69448
50,0.1,revheading,15,1,0,0.05,0.98,2,350,0.954545,0,1,0.976744,1.3,0.954545,0,0,0.946803,0,0.990809,11.377,0.481728,5.40365
50,0.1,revheading,14,1,0,0.05,0.98,2,350,0.926606,0,1,0.961905,1.4,0.926606,0,0,0.949133,0,0.990831,5.75614,0.504412,5.88535
50,0.1,revheading,16,1,0,0.05,0.98,2,350,0.955357,0,1,0.977169,1.5,0.955357,0,0,0.947855,0,0.989875,7.05348,0.483752,5.4899
50,0.1,revheading,17,1,0,0.05,0.98,2,350,0.980392,0,1,0.990099,1.3,0.980392,0,0,0.958122,0,0.992529,8.56936,0.462141,5.51435
50,0.1,revheading,18,1,0,0.05,0.98,2,350,0.968254,0,1,0.983871,1.5,0.968254,0,0,0.946344,0,0.990332,7.54478,0.481599,5.3605
50,0.1,revheading,19,1,0,0.05,0.98,2,350,0.964286,0,1,0.981818,1.5,0.964286,0,0,0.952967,0,0.991317,6.20073,0.466798,5.47824
50,0.1,revheading,20,1,0,0.05,0.98,2,350,0.941176,0,1,0.969697,1.4,0.941176,0,0,0.960186,0,0.991948,7.41277,0.45771,5.08327
50,0.1,revheading,21,1,0,0.05,0.98,2,350,0.914286,0,1,0.955224,1.4,0.914286,0,0,0.963619,0,0.993517,9.13041,0.487226,5.66213
50,0.1,revheading,22,1,0,0.05,0.98,2,350,0.938053,0,1,0.968037,1.4,0.938053,0,0,0.95225,0,0.990918,6.72666,0.487059,5.3729
50,0.1,revheading,23,1,0,0.05,0.98,2,350,0.95082,0,1,0.97479,1.4,0.95082,0,0,0.947465,0,0.99153,4.13748,0.478695,5.57658
50,0.1,revheading,24,1,0,0.05,0.98,2,350,0.983193,0,1,0.991525,1.4,0.983193,0,0,0.957719,0,0.9923,10.0793,0.475918,5.75169
50,0.1,revheading,25,1,0,0.05,0.98,2,350,0.984615,0,1,0.992248,1.4,0.984615,0,0,0.962148,0,0.993163,11.0862,0.447578,5.47584
50,0.1,revheading,26,1,0,0.05,0.98,2,350,0.971154,0,1,0.985366,1.4,0.971154,0,0,0.95552,0,0.991533,6.12577,0.458402,5.52542
50,0.1,revheading,27,1,0,0.05,0.98,2,350,0.984252,0,1,0.992063,1.4,0.984252,0,0,0.94823,0,0.990914,9.50265,0.493999,5.55747
50,0.1,revheading,28,1,0,0.05,0.98,2,350,0.965035,0,1,0.982206,1.3,0.965035,0,0,0.957752,0,0.992432,8.49577,0.447732,5.29114
50,0.1,revheading,29,1,0,0.05,0.98,2,350,0.948718,0,1,0.973684,1.3,0.948718,0,0,0.965117,0,0.993551,8.14366,0.457849,5.49228
50,0.2,revheading,1,1,0,0.05,0.98,2,350,0.93299,0,1,0.965333,1.4,0.93299,0,0,0.948509,0,0.990231,7.14797,0.465152,5.7257
50,0.1,revheading,30,1,0,0.05,0.98,2,350,0.97561,0,1,0.987654,1.3,0.97561,0,0,0.953223,0,0.991887,11.6071,0.461841,5.61019
50,0.2,revheading,2,1,0,0.05,0.98,2,350,0.96281,0,1,0.981053,1.40013,0.96281,0,0,0.95388,0,0.991284,8.39515,0.461943,5.91828
50,0.2,revheading,3,1,0,0.05,0.98,2,350,0.93956,0,1,0.968839,1.4,0.93956,0,0,0.946714,0,0.989788,6.4332,0.531027,5.74321
50,0.2,revheading,4,1,0,0.05,0.98,2,350,0.964444,0,1,0.9819,1.4,0.964444,0,0,0.961972,0,0.992896,8.85208,0.474318,5.85825
50,0.2,revheading,6,1,0,0.05,0.98,2,350,0.949239,0,1,0.973958,1.4,0.949239,0,0,0.947893,0,0.990562,7.41388,0.453068,5.71691
50,0.2,revheading,5,1,0,0.05,0.98,2,350,0.968421,0,1,0.983957,1.4,0.968421,0,0,0.956045,0,0.991846,9.21587,0.482093,5.77465
50,0.2,revheading,7,1,0,0.05,0.98,2,350,0.954955,0,1,0.976959,1.4,0.954955,0,0,0.958615,0,0.992596,13.2911,0.465907,5.54967
50,0.2,revheading,8,1,0,0.05,0.98,2,350,0.970711,0,1,0.985138,1.5,0.970711,0,0,0.953306,0,0.991768,9.73899,0.471405,5.63711
50,0.2,revheading,9,1,0,0.05,0.98,2,350,0.960199,0,1,0.979695,1.4,0.960199,0,0,0.954815,0,0.99162,14.2364,0.485539,5.45372
50,0.2,revheading,10,1,0,0.05,0.98,2,350,0.95,0,1,0.974359,1.5,0.95,0,0,0.958661,0,0.992736,10.4098,0.483269,5.72128
50,0.2,revheading,11,1,0,0.05,0.98,2,350,0.957944,0,1,0.97852,1.4,0.957944,0,0,0.952334,0,0.991059,7.22705,0.467499,5.38064
50,0.2,revheading,12,1,0,0.05,0.98,2,350,0.977974,0,1,0.988864,1.4,0.977974,0,0,0.949627,0,0.991255,8.41984,0.450724,5.49935
50,0.2,revheading,13,1,0,0.05,0.98,2,350,0.968468,0,1,0.983982,1.3,0.968468,0,0,0.945321,0,0.989774,6.37507,0.492341,5.37347
50,0.2,revheading,15,1,0,0.05,0.98,2,350,0.955975,0,1,0.977492,1.3001,0.955975,0,0,0.952019,0,0.991483,11.1896,0.473024,5.39398
50,0.2,revheading,14,1,0,0.05,0.98,2,350,0.957143,0,1,0.978102,1.3,0.957143,0,0,0.956114,0,0.992422,5.25475,0.496953,5.59814
50,0.2,revheading,16,1,0,0.05,0.98,2,350,0.966184,0,1,0.982801,1.4,0.966184,0,0,0.95271,0,0.991496,7.0144,0.477763,5.63909
50,0.2,revheading,17,1,0,0.05,0.98,2,350,0.953846,0,1,0.976378,1.4,0.953846,0,0,0.956527,0,0.99166,9.3814,0.457722,5.55028
50,0.2,revheading,18,1,0,0.05,0.98,2,350,0.966825,0,1,0.983133,1.4,0.966825,0,0,0.955015,0,0.991751,8.3271,0.469249,5.19939
50,0.2,revheading,19,1,0,0.05,0.98,2,350,0.972851,0,1,0.986239,1.5,0.972851,0,0,0.95479,0,0.991541,6.04974,0.467474,5.62122
50,0.2,revheading,20,1,0,0.05,0.98,2,350,0.955556,0,1,0.977273,1.4,0.955556,0,0,0.96006,0,0.992148,8.02799,0.44876,5.88149
50,0.2,revheading,21,1,0,0.05,0.98,2,350,0.940594,0,1,0.969388,1.5,0.940594,0,0,0.961421,0,0.99287,10.0508,0.479139,5.44496
50,0.2,revheading,22,1,0,0.05,0.98,2,350,0.938679,0,1,0.96837,1.4,0.938679,0,0,0.95209,0,0.990772,7.67065,0.48107,5.40923
50,0.2,revheading,23,1,0,0.05,0.98,2,350,0.961165,0,1,0.980198,1.3,0.961165,0,0,0.951267,0,0.991617,4.27783,0.471385,5.5535
50,0.2,revheading,24,1,0,0.05,0.98,2,350,0.962264,0,1,0.980769,1.4,0.962264,0,0,0.954484,0,0.991684,10.7976,0.475603,5.43146
50,0.2,revheading,25,1,0,0.05,0.98,2,350,0.986364,0,1,0.993135,1.4,0.986364,0,0,0.95502,0,0.991476,9.81713,0.454047,5.82723
50,0.2,revheading,26,1,0,0.05,0.98,2,350,0.965174,0,1,0.982278,1.4,0.965174,0,0,0.953977,0,0.991216,6.4356,0.458529,5.27657
50,0.2,revheading,27,1,0,0.05,0.98,2,350,0.981308,0,1,0.990566,1.40009,0.981308,0,0,0.947913,0,0.990856,9.55097,0.517516,5.61636
50,0.2,revheading,28,1,0,0.05,0.98,2,350,0.947154,0,1,0.97286,1.4,0.947154,0,0,0.955706,0,0.991668,9.07158,0.442699,5.38118
50,0.2,revheading,29,1,0,0.05,0.98,2,350,0.962791,0,1,0.981043,1.3,0.962791,0,0,0.958006,0,0.992365,7.90928,0.460789,5.64827
50,0.2,revheading,30,1,0,0.05,0.98,2,350,0.985714,0,1,0.992806,1.4,0.985714,0,0,0.952252,0,0.991502,11.6819,0.464122,5.95033
50,0.3,revheading,1,1,0,0.05,0.98,2,350,0.951673,0,1,0.975238,1.4,0.951673,0,0,0.951763,0,0.99121,6.4281,0.467872,5.63313
50,0.3,revheading,3,1,0,0.05,0.98,2,350,0.936255,0,1,0.967078,1.4,0.936255,0,0,0.954351,0,0.99139,5.76758,0.52818,5.63391
50,0.3,revheading,2,1,0,0.05,0.98,2,350,0.948718,0,1,0.973684,1.39902,0.948718,0,0,0.947302,0,0.990417,9.02852,0.484078,5.85541
50,0.3,revheading,4,1,0,0.05,0.98,2,350,0.948276,0,1,0.973451,1.4,0.948276,0,0,0.960669,0,0.992928,8.84976,0.479714,5.69884
50,0.3,revheading,6,1,0,0.05,0.98,2,350,0.951852,0,1,0.975332,1.4,0.951852,0,0,0.94952,0,0.990808,6.7861,0.455225,5.51105
50,0.3,revheading,5,1,0,0.05,0.98,2,350,0.969697,0,1,0.984615,1.39992,0.969697,0,0,0.957338,0,0.992181,8.76626,0.46479,5.95217
50,0.3,revheading,7,1,0,0.05,0.98,2,350,0.964664,0,1,0.982014,1.4,0.964664,0,0,0.960708,0,0.992936,13.2477,0.449593,5.5776
50,0.3,revheading,8,1,0,0.05,0.98,2,350,0.958333,0,1,0.978723,1.4,0.958333,0,0,0.951759,0,0.991333,9.82029,0.484315,6.01207
50,0.3,revheading,10,1,0,0.05,0.98,2,350,0.948819,0,1,0.973737,1.5,0.948819,0,0,0.956537,0,0.992267,10.9522,0.491149,5.79201
50,0.3,revheading,9,1,0,0.05,0.98,2,350,0.960854,0,1,0.980036,1.4,0.960854,0,0,0.957248,0,0.992174,13.958,0.486999,5.83594
50,0.3,revheading,11,1,0,0.05,0.98,2,350,0.955017,0,1,0.976991,1.4,0.955017,0,0,0.947514,0,0.990289,7.47971,0.46293,5.23591
50,0.3,revheading,12,1,0,0.05,0.98,2,350,0.97619,0,1,0.987952,1.5,0.97619,0,0,0.951881,0,0.991611,7.77202,0.453162,5.43893
50,0.3,revheading,13,1,0,0.05,0.98,2,350,0.959322,0,1,0.979239,1.4,0.959322,0,0,0.94921,0,0.990992,7.19736,0.499458,5.44661
50,0.3,revheading,14,1,0,0.05,0.98,2,350,0.960289,0,1,0.979742,1.3,0.960289,0,0,0.954916,0,0.992136,5.46081,0.507057,5.57823
50,0.3,revheading,15,1,0,0.05,0.98,2,350,0.965665,0,1,0.982533,1.4,0.965665,0,0,0.955259,0,0.99195,11.4613,0.473594,5.7254
50,0.3,revheading,16,1,0,0.05,0.98,2,350,0.956204,0,1,0.977612,1.4,0.956204,0,0,0.953179,0,0.9916,7.07062,0.480447,5.57476
50,0.3,revheading,17,1,0,0.05,0.98,2,350,0.969582,0,1,0.984556,1.4,0.969582,0,0,0.956532,0,0.991855,10.5121,0.466255,5.5759
50,0.3,revheading,18,1,0,0.05,0.98,2,350,0.965779,0,1,0.982592,1.4,0.965779,0,0,0.953956,0,0.991608,7.90039,0.468574,5.53414
50,0.3,revheading,19,1,0,0.05,0.98,2,350,0.952542,0,1,0.975694,1.5,0.952542,0,0,0.951509,0,0.991045,5.75695,0.47679,5.61053
50,0.3,revheading,20,1,0,0.05,0.98,2,350,0.956376,0,1,0.977702,1.4,0.956376,0,0,0.95742,0,0.991818,7.04753,0.450117,5.64696
50,0.3,revheading,21,1,0,0.05,0.98,2,350,0.958647,0,1,0.978887,1.5,0.958647,0,0,0.961288,0,0.993096,7.9192,0.47462,5.49669
50,0.3,revheading,22,1,0,0.05,0.98,2,350,0.938931,0,1,0.968504,1.4,0.938931,0,0,0.955143,0,0.991555,8.49027,0.464692,5.64571
50,0.3,revheading,23,1,0,0.05,0.98,2,350,0.947566,0,1,0.973077,1.3,0.947566,0,0,0.952376,0,0.991667,4.24168,0.48129,5.68489
50,0.3,revheading,24,1,0,0.05,0.98,2,350,0.95941,0,1,0.979284,1.3,0.95941,0,0,0.953715,0,0.9916,8.83454,0.467591,5.27348
50,0.3,revheading,25,1,0,0.05,0.98,2,350,0.97931,0,1,0.989547,1.30003,0.97931,0,0,0.95608,0,0.991982,8.4437,0.448852,5.62846
50,0.3,revheading,26,1,0,0.05,0.98,2,350,0.969349,0,1,0.984436,1.4,0.969349,0,0,0.950153,0,0.990657,6.19758,0.458966,5.24119
50,0.3,revheading,27,1,0,0.05,0.98,2,350,0.974638,0,1,0.987156,1.4,0.974638,0,0,0.95192,0,0.99136,9.62755,0.516371,5.83122
50,0.3,revheading,28,1,0,0.05,0.98,2,350,0.952229,0,1,0.97553,1.4,0.952229,0,0,0.95485,0,0.991617,8.83863,0.432194,5.51975
50,0.3,revheading,29,1,0,0.05,0.98,2,350,0.963504,0,1,0.981413,1.3,0.963504,0,0,0.958251,0,0.99222,7.41516,0.452779,5.60861
50,0.5,revheading,1,1,0,0.05,0.98,2,350,0.954683,0,1,0.976816,1.4,0.954683,0,0,0.953677,0,0.991387,5.65579,0.475541,5.45097
50,0.3,revheading,30,1,0,0.05,0.98,2,350,0.972125,0,1,0.985866,1.3,0.972125,0,0,0.958093,0,0.992617,11.5511,0.454992,5.96166
50,0.5,revheading,2,1,0,0.05,0.98,2,350,0.960227,0,1,0.97971,1.4,0.960227,0,0,0.954028,0,0.99168,7.69019,0.51208,5.8024
50,0.5,revheading,3,1,0,0.05,0.98,2,350,0.952077,0,1,0.97545,1.4,0.952077,0,0,0.955293,0,0.99153,5.79171,0.52169,6.09494
50,0.5,revheading,4,1,0,0.05,0.98,2,350,0.959064,0,1,0.979104,1.4,0.959064,0,0,0.958322,0,0.99246,10.2012,0.478196,5.95226
50,0.5,revheading,5,1,0,0.05,0.98,2,350,0.967846,0,1,0.98366,1.4,0.967846,0,0,0.955357,0,0.991998,9.20456,0.454916,5.70977
50,0.5,revheading,6,1,0,0.05,0.98,2,350,0.953416,0,1,0.976153,1.4,0.953416,0,0,0.950733,0,0.991,5.62339,0.448293,5.90133
50,0.5,revheading,7,1,0,0.05,0.98,2,350,0.952941,0,1,0.975904,1.4,0.952941,0,0,0.955595,0,0.991997,13.0695,0.466304,5.41646
50,0.5,revheading,8,1,0,0.05,0.98,2,350,0.969613,0,1,0.984572,1.3,0.969613,0,0,0.947162,0,0.990841,7.18264,0.489721,6.09697
50,0.5,revheading,9,1,0,0.05,0.98,2,350,0.946903,0,1,0.972727,1.4,0.946903,0,0,0.957834,0,0.991913,11.9044,0.46972,6.10551
50,0.5,revheading,10,1,0,0.05,0.98,2,350,0.954839,0,1,0.976898,1.6,0.954839,0,0,0.961009,0,0.993247,13.1685,0.479422,6.00594
50,0.5,revheading,11,1,0,0.05,0.98,2,350,0.962099,0,1,0.980684,1.4,0.962099,0,0,0.95063,0,0.991078,9.08714,0.454151,6.2567
50,0.5,revheading,12,1,0,0.05,0.98,2,350,0.971671,0,1,0.985632,1.4,0.971671,0,0,0.952099,0,0.991384,9.37831,0.445448,5.43841
50,0.5,revheading,13,1,0,0.05,0.98,2,350,0.957865,0,1,0.978479,1.4,0.957865,0,0,0.952545,0,0.991404,8.44868,0.525666,5.62655
50,0.5,revheading,15,1,0,0.05,0.98,2,350,0.959184,0,1,0.979167,1.4,0.959184,0,0,0.956004,0,0.991925,13.2622,0.469379,5.25813
50,0.5,revheading,14,1,0,0.05,0.98,2,350,0.958702,0,1,0.978916,1.4,0.958702,0,0,0.954234,0,0.991925,5.39357,0.565098,5.59489
50,0.5,revheading,16,1,0,0.05,0.98,2,350,0.968652,0,1,0.984076,1.4,0.968652,0,0,0.951982,0,0.99108,5.46269,0.461104,5.23359
50,0.5,revheading,17,1,0,0.05,0.98,2,350,0.963746,0,1,0.981538,1.4,0.963746,0,0,0.95677,0,0.991849,9.95812,0.445054,5.67355
50,0.5,revheading,18,1,0,0.05,0.98,2,350,0.956522,0,1,0.977778,1.5,0.956522,0,0,0.954587,0,0.991646,9.19203,0.462018,5.41392
50,0.5,revheading,19,1,0,0.05,0.98,2,350,0.953079,0,1,0.975976,1.5,0.953079,0,0,0.951354,0,0.990942,4.31941,0.465246,5.65162
50,0.5,revheading,20,1,0,0.05,0.98,2,350,0.969444,0,1,0.984485,1.4,0.969444,0,0,0.953807,0,0.991188,6.30576,0.458204,5.59183
50,0.5,revheading,21,1,0,0.05,0.98,2,350,0.946844,0,1,0.972696,1.4,0.946844,0,0,0.958996,0,0.992701,6.65308,0.481126,5.43747
50,0.5,revheading,22,1,0,0.05,0.98,2,350,0.965409,0,1,0.9824,1.4,0.965409,0,0,0.956598,0,0.991933,8.3865,0.433383,5.628
50,0.5,revheading,23,1,0,0.05,0.98,2,350,0.971338,0,1,0.98546,1.4,0.971338,0,0,0.954865,0,0.992104,3.01481,0.490908,5.18292
50,0.5,revheading,24,1,0,0.05,0.98,2,350,0.955272,0,1,0.977124,1.3,0.955272,0,0,0.952499,0,0.991081,6.80564,0.464403,5.82842
50,0.5,revheading,26,1,0,0.05,0.98,2,350,0.950769,0,1,0.974763,1.30001,0.950769,0,0,0.946317,0,0.989908,3.86513,0.478806,5.14683
50,0.5,revheading,25,1,0,0.05,0.98,2,350,0.967359,0,1,0.983409,1.4,0.967359,0,0,0.953266,0,0.991403,8.7793,0.438029,5.57215
50,0.5,revheading,27,1,0,0.05,0.98,2,350,0.973154,0,1,0.986395,1.4,0.973154,0,0,0.952522,0,0.991341,11.1904,0.509189,5.42453
50,0.5,revheading,29,1,0,0.05,0.98,2,350,0.948171,0,1,0.973396,1.4,0.948171,0,0,0.956746,0,0.991996,7.4004,0.45308,5.45442
50,0.5,revheading,28,1,0,0.05,0.98,2,350,0.953039,0,1,0.975955,1.4,0.953039,0,0,0.954121,0,0.991531,8.10108,0.441692,5.94283
50,0.5,revheading,30,1,0,0.05,0.98,2,350,0.971429,0,1,0.985507,1.4,0.971429,0,0,0.955878,0,0.992075,10.4066,0.48672,6.22904
50,0.1,slydos,1,1,0,0.05,0.98,2,350,0,0,nan,nan,nan,0,0,0,0,0,0.5,7.16329,0.467675,6.56778
50,0.1,slydos,3,1,0,0.05,0.98,2,350,0,0,nan,nan,nan,0,0,0,0,0,0.5,6.34389,0.512087,6.89574
50,0.1,slydos,2,1,0,0.05,0.98,2,350,0,0,nan,nan,nan,0,0,0,0,0,0.5,9.02004,0.457877,6.75783
50,0.1,slydos,4,1,0,0.05,0.98,2,350,0,0,nan,nan,nan,0,0,0,0,0,0.5,9.32955,0.47782,6.83408
50,0.1,slydos,5,1,0,0.05,0.98,2,350,0,0,nan,nan,nan,0,0,0,0,0,0.5,9.3948,0.478013,6.43403
50,0.1,slydos,6,1,0,0.05,0.98,2,350,0,0,nan,nan,nan,0,0,0,0,0,0.5,7.25974,0.442658,6.73707
50,0.1,slydos,7,1,0,0.05,0.98,2,350,0,0,nan,nan,nan,0,0,0,0,0,0.5,13.6232,0.47651,6.69713
50,0.1,slydos,8,1,0,0.05,0.98,2,350,0,0,nan,nan,nan,0,0,0,0,0,0.5,11.5529,0.472998,7.07616
50,0.1,slydos,10,1,0,0.05,0.98,2,350,0,0,nan,nan,nan,0,0,0,0,0,0.5,9.83531,0.478072,6.61113
50,0.1,slydos,9,1,0,0.05,0.98,2,350,0,0,nan,nan,nan,0,0,0,0,0,0.5,13.151,0.474385,6.78057
50,0.1,slydos,11,1,0,0.05,0.98,2,350,0,0,nan,nan,nan,0,0,0,0,0,0.5,6.77938,0.463018,6.3219
50,0.1,slydos,12,1,0,0.05,0.98,2,350,0,0,nan,nan,nan,0,0,0,0,0,0.5,8.93454,0.450629,6.20143
50,0.1,slydos,13,1,0,0.05,0.98,2,350,0,0,nan,nan,nan,0,0,0,0,0,0.5,7.07881,0.487189,6.18654
50,0.1,slydos,14,1,0,0.05,0.98,2,350,0,0,nan,nan,nan,0,0,0,0,0,0.5,5.81807,0.503065,5.81981
50,0.1,slydos,15,1,0,0.05,0.98,2,350,0,0,nan,nan,nan,0,0,0,0,0,0.5,11.386,0.482785,5.17192
50,0.1,slydos,17,1,0,0.05,0.98,2,350,0,0,nan,nan,nan,0,0,0,0,0,0.5,8.56013,0.46032,4.88615
50,0.1,slydos,16,1,0,0.05,0.98,2,350,0,0,nan,nan,nan,0,0,0,0,0,0.5,7.04012,0.482948,4.89368
50,0.1,slydos,18,1,0,0.05,0.98,2,350,0,0,nan,nan,nan,0,0,0,0,0,0.5,7.56957,0.478211,5.07916
50,0.1,slydos,19,1,0,0.05,0.98,2,350,0,0,nan,nan,nan,0,0,0,0,0,0.5,6.24412,0.466177,4.91552
50,0.1,slydos,20,1,0,0.05,0.98,2,350,0,0,nan,nan,nan,0,0,0,0,0,0.5,7.39912,0.456188,5.01181
50,0.1,slydos,21,1,0,0.05,0.98,2,350,0,0,nan,nan,nan,0,0,0,0,0,0.5,9.16995,0.486033,5.24473
50,0.1,slydos,22,1,0,0.05,0.98,2,350,0,0,nan,nan,nan,0,0,0,0,0,0.5,6.68026,0.490231,5.38265
50,0.1,slydos,23,1,0,0.05,0.98,2,350,0,0,nan,nan,nan,0,0,0,0,0,0.5,4.14557,0.479272,5.14163
50,0.1,slydos,24,1,0,0.05,0.98,2,350,0,0,nan,nan,nan,0,0,0,0,0,0.5,10.0287,0.477325,5.2188
50,0.1,slydos,25,1,0,0.05,0.98,2,350,0,0,nan,nan,nan,0,0,0,0,0,0.5,11.1062,0.447321,5.33813
50,0.1,slydos,26,1,0,0.05,0.98,2,350,0,0,nan,nan,nan,0,0,0,0,0,0.5,6.14784,0.457776,5.28691
50,0.1,slydos,27,1,0,0.05,0.98,2,350,0,0,nan,nan,nan,0,0,0,0,0,0.5,9.50785,0.491075,5.39079
50,0.1,slydos,28,1,0,0.05,0.98,2,350,0,0,nan,nan,nan,0,0,0,0,0,0.5,8.44959,0.443054,5.54536
50,0.2,slydos,1,1,0,0.05,0.98,2,350,0,0,nan,nan,nan,0,0,0,0,0,0.5,7.17365,0.464427,5.09691
50,0.1,slydos,29,1,0,0.05,0.98,2,350,0,0,nan,nan,nan,0,0,0,0,0,0.5,8.15629,0.457668,5.49094
50,0.1,slydos,30,1,0,0.05,0.98,2,350,0,0,nan,nan,nan,0,0,0,0,0,0.5,11.5591,0.458762,5.71579
50,0.2,slydos,3,1,0,0.05,0.98,2,350,0,0,nan,nan,nan,0,0,0,0,0,0.5,6.42302,0.526575,5.567
50,0.2,slydos,2,1,0,0.05,0.98,2,350,0,0,nan,nan,nan,0,0,0,0,0,0.5,8.3814,0.461434,5.94908
50,0.2,slydos,4,1,0,0.05,0.98,2,350,0,0,nan,nan,nan,0,0,0,0,0,0.5,8.74208,0.475808,6.1931
50,0.2,slydos,5,1,0,0.05,0.98,2,350,0,0,nan,nan,nan,0,0,0,0,0,0.5,9.2064,0.479863,5.57377
50,0.2,slydos,6,1,0,0.05,0.98,2,350,0,0,nan,nan,nan,0,0,0,0,0,0.5,7.39623,0.450956,5.35891
50,0.2,slydos,7,1,0,0.05,0.98,2,350,0,0,nan,nan,nan,0,0,0,0,0,0.5,13.3428,0.464179,5.45997
50,0.2,slydos,8,1,0,0.05,0.98,2,350,0,0,nan,nan,nan,0,0,0,0,0,0.5,9.72049,0.472895,6.51067
50,0.2,slydos,9,1,0,0.05,0.98,2,350,0,0,nan,nan,nan,0,0,0,0,0,0.5,14.225,0.487022,5.15538
50,0.2,slydos,10,1,0,0.05,0.98,2,350,0,0,nan,nan,nan,0,0,0,0,0,0.5,10.4461,0.47926,5.61364
50,0.2,slydos,11,1,0,0.05,0.98,2,350,0,0,nan,nan,nan,0,0,0,0,0,0.5,7.30353,0.470422,5.56495
50,0.2,slydos,12,1,0,0.05,0.98,2,350,0,0,nan,nan,nan,0,0,0,0,0,0.5,8.4578,0.446212,5.79009
50,0.2,slydos,13,1,0,0.05,0.98,2,350,0,0,nan,nan,nan,0,0,0,0,0,0.5,6.36779,0.491881,5.57163
50,0.2,slydos,14,1,0,0.05,0.98,2,350,0,0,nan,nan,nan,0,0,0,0,0,0.5,5.34564,0.500731,5.50621
50,0.2,slydos,15,1,0,0.05,0.98,2,350,0,0,nan,nan,nan,0,0,0,0,0,0.5,11.1777,0.47357,5.29241
50,0.2,slydos,16,1,0,0.05,0.98,2,350,0,0,nan,nan,nan,0,0,0,0,0,0.5,7.04626,0.478272,5.32902
50,0.2,slydos,17,1,0,0.05,0.98,2,350,0,0,nan,nan,nan,0,0,0,0,0,0.5,9.39623,0.456807,5.15489
50,0.2,slydos,18,1,0,0.05,0.98,2,350,0,0,nan,nan,nan,0,0,0,0,0,0.5,8.36661,0.466061,5.39819
50,0.2,slydos,19,1,0,0.05,0.98,2,350,0,0,nan,nan,nan,0,0,0,0,0,0.5,6.09526,0.46733,5.31636
50,0.2,slydos,20,1,0,0.05,0.98,2,350,0,0,nan,nan,nan,0,0,0,0,0,0.5,8.06721,0.447485,5.26173
50,0.2,slydos,22,1,0,0.05,0.98,2,350,0,0,nan,nan,nan,0,0,0,0,0,0.5,7.67191,0.480671,5.19686
50,0.2,slydos,21,1,0,0.05,0.98,2,350,0,0,nan,nan,nan,0,0,0,0,0,0.5,10.1458,0.476056,5.38878
50,0.2,slydos,23,1,0,0.05,0.98,2,350,0,0,nan,nan,nan,0,0,0,0,0,0.5,4.23888,0.471268,5.04722
50,0.2,slydos,24,1,0,0.05,0.98,2,350,0,0,nan,nan,nan,0,0,0,0,0,0.5,10.7522,0.475039,5.39107
50,0.2,slydos,25,1,0,0.05,0.98,2,350,0,0,nan,nan,nan,0,0,0,0,0,0.5,9.83504,0.452827,5.26866
50,0.2,slydos,26,1,0,0.05,0.98,2,350,0,0,nan,nan,nan,0,0,0,0,0,0.5,6.39852,0.459357,5.20335
50,0.2,slydos,27,1,0,0.05,0.98,2,350,0,0,nan,nan,nan,0,0,0,0,0,0.5,9.54302,0.514969,5.38428
50,0.2,slydos,29,1,0,0.05,0.98,2,350,0,0,nan,nan,nan,0,0,0,0,0,0.5,7.91298,0.456515,5.42547
50,0.2,slydos,28,1,0,0.05,0.98,2,350,0,0,nan,nan,nan,0,0,0,0,0,0.5,9.00566,0.4399,5.38666
50,0.2,slydos,30,1,0,0.05,0.98,2,350,0,0,nan,nan,nan,0,0,0,0,0,0.5,11.6501,0.460318,5.2269
50,0.3,slydos,1,1,0,0.05,0.98,2,350,0,0,nan,nan,nan,0,0,0,0,0,0.5,6.43983,0.465579,5.23226
50,0.3,slydos,3,1,0,0.05,0.98,2,350,0,0,nan,nan,nan,0,0,0,0,0,0.5,5.7565,0.524444,5.44921
50,0.3,slydos,2,1,0,0.05,0.98,2,350,0,0,nan,nan,nan,0,0,0,0,0,0.5,9.0499,0.484002,5.59638
50,0.3,slydos,6,1,0,0.05,0.98,2,350,0,0,nan,nan,nan,0,0,0,0,0,0.5,6.80318,0.452112,5.17554
50,0.3,slydos,4,1,0,0.05,0.98,2,350,0,0,nan,nan,nan,0,0,0,0,0,0.5,8.74545,0.482378,5.39042
50,0.3,slydos,5,1,0,0.05,0.98,2,350,0,0,nan,nan,nan,0,0,0,0,0,0.5,8.71288,0.461385,5.44643
50,0.3,slydos,7,1,0,0.05,0.98,2,350,0,0,nan,nan,nan,0,0,0,0,0,0.5,13.1888,0.447223,5.15091
50,0.3,slydos,8,1,0,0.05,0.98,2,350,0,0,nan,nan,nan,0,0,0,0,0,0.5,9.80802,0.486705,5.57907
50,0.3,slydos,9,1,0,0.05,0.98,2,350,0,0,nan,nan,nan,0,0,0,0,0,0.5,13.9753,0.484993,5.1273
50,0.3,slydos,10,1,0,0.05,0.98,2,350,0,0,nan,nan,nan,0,0,0,0,0,0.5,10.9627,0.488577,5.31983
50,0.3,slydos,11,1,0,0.05,0.98,2,350,0,0,nan,nan,nan,0,0,0,0,0,0.5,7.59594,0.464179,4.87352
50,0.3,slydos,13,1,0,0.05,0.98,2,350,0,0,nan,nan,nan,0,0,0,0,0,0.5,7.18111,0.49535,5.19299
50,0.3,slydos,12,1,0,0.05,0.98,2,350,0,0,nan,nan,nan,0,0,0,0,0,0.5,7.82209,0.448638,5.40379
50,0.3,slydos,14,1,0,0.05,0.98,2,350,0,0,nan,nan,nan,0,0,0,0,0,0.5,5.55694,0.510471,5.44712
50,0.3,slydos,15,1,0,0.05,0.98,2,350,0,0,nan,nan,nan,0,0,0,0,0,0.5,11.4764,0.47066,5.35213
50,0.3,slydos,18,1,0,0.05,0.98,2,350,0,0,nan,nan,nan,0,0,0,0,0,0.5,7.92427,0.463551,4.74794
50,0.3,slydos,17,1,0,0.05,0.98,2,350,0,0,nan,nan,nan,0,0,0,0,0,0.5,10.5699,0.463155,5.02605
50,0.3,slydos,16,1,0,0.05,0.98,2,350,0,0,nan,nan,nan,0,0,0,0,0,0.5,7.09439,0.480525,5.18364
50,0.3,slydos,19,1,0,0.05,0.98,2,350,0,0,nan,nan,nan,0,0,0,0,0,0.5,5.77027,0.474995,5.21838
50,0.3,slydos,20,1,0,0.05,0.98,2,350,0,0,nan,nan,nan,0,0,0,0,0,0.5,7.02588,0.448351,5.47637
50,0.3,slydos,21,1,0,0.05,0.98,2,350,0,0,nan,nan,nan,0,0,0,0,0,0.5,8.04204,0.470478,5.56704
50,0.3,slydos,22,1,0,0.05,0.98,2,350,0,0,nan,nan,nan,0,0,0,0,0,0.5,8.45782,0.464578,5.33964
50,0.3,slydos,24,1,0,0.05,0.98,2,350,0,0,nan,nan,nan,0,0,0,0,0,0.5,8.81197,0.468012,5.12067
50,0.3,slydos,23,1,0,0.05,0.98,2,350,0,0,nan,nan,nan,0,0,0,0,0,0.5,4.23644,0.480475,5.4574
50,0.3,slydos,25,1,0,0.05,0.98,2,350,0,0,nan,nan,nan,0,0,0,0,0,0.5,8.50473,0.44543,5.27567
50,0.3,slydos,26,1,0,0.05,0.98,2,350,0,0,nan,nan,nan,0,0,0,0,0,0.5,6.11408,0.461256,5.19459
50,0.3,slydos,27,1,0,0.05,0.98,2,350,0,0,nan,nan,nan,0,0,0,0,0,0.5,9.68907,0.511748,5.27201
50,0.3,slydos,28,1,0,0.05,0.98,2,350,0,0,nan,nan,nan,0,0,0,0,0,0.5,8.75545,0.429282,5.59153
50,0.3,slydos,29,1,0,0.05,0.98,2,350,0,0,nan,nan,nan,0,0,0,0,0,0.5,7.43912,0.448874,5.64244
50,0.5,slydos,1,1,0,0.05,0.98,2,350,0,0,nan,nan,nan,0,0,0,0,0,0.5,5.7094,0.471722,5.32824
50,0.3,slydos,30,1,0,0.05,0.98,2,350,0,0,nan,nan,nan,0,0,0,0,0,0.5,11.575,0.449438,5.68469
50,0.5,slydos,2,1,0,0.05,0.98,2,350,0,0,nan,nan,nan,0,0,0,0,0,0.5,7.7356,0.508691,5.5256
50,0.5,slydos,3,1,0,0.05,0.98,2,350,0,0,nan,nan,nan,0,0,0,0,0,0.5,5.68759,0.517918,5.54175
50,0.5,slydos,4,1,0,0.05,0.98,2,350,0,0,nan,nan,nan,0,0,0,0,0,0.5,10.363,0.475035,5.52562
50,0.5,slydos,6,1,0,0.05,0.98,2,350,0,0,nan,nan,nan,0,0,0,0,0,0.5,5.62237,0.44304,5.33029
50,0.5,slydos,5,1,0,0.05,0.98,2,350,0,0,nan,nan,nan,0,0,0,0,0,0.5,9.16748,0.449109,5.32814
50,0.5,slydos,7,1,0,0.05,0.98,2,350,0,0,nan,nan,nan,0,0,0,0,0,0.5,12.9252,0.459741,5.41699
50,0.5,slydos,8,1,0,0.05,0.98,2,350,0,0,nan,nan,nan,0,0,0,0,0,0.5,7.16715,0.486433,5.55689
50,0.5,slydos,9,1,0,0.05,0.98,2,350,0,0,nan,nan,nan,0,0,0,0,0,0.5,12.0387,0.469273,5.10957
50,0.5,slydos,10,1,0,0.05,0.98,2,350,0,0,nan,nan,nan,0,0,0,0,0,0.5,13.1638,0.470562,5.42043
50,0.5,slydos,11,1,0,0.05,0.98,2,350,0,0,nan,nan,nan,0,0,0,0,0,0.5,9.16201,0.453339,5.38475
50,0.5,slydos,12,1,0,0.05,0.98,2,350,0,0,nan,nan,nan,0,0,0,0,0,0.5,9.40297,0.437175,5.38712
50,0.5,slydos,13,1,0,0.05,0.98,2,350,0,0,nan,nan,nan,0,0,0,0,0,0.5,8.35657,0.520686,5.38142
50,0.5,slydos,16,1,0,0.05,0.98,2,350,0,0,nan,nan,nan,0,0,0,0,0,0.5,5.39686,0.455118,5.09966
50,0.5,slydos,15,1,0,0.05,0.98,2,350,0,0,nan,nan,nan,0,0,0,0,0,0.5,13.2082,0.463328,5.3431
50,0.5,slydos,14,1,0,0.05,0.98,2,350,0,0,nan,nan,nan,0,0,0,0,0,0.5,5.50706,0.558273,5.54499
50,0.5,slydos,17,1,0,0.05,0.98,2,350,0,0,nan,nan,nan,0,0,0,0,0,0.5,10.0337,0.444768,5.05679
50,0.5,slydos,18,1,0,0.05,0.98,2,350,0,0,nan,nan,nan,0,0,0,0,0,0.5,9.19148,0.452626,5.16767
50,0.5,slydos,19,1,0,0.05,0.98,2,350,0,0,nan,nan,nan,0,0,0,0,0,0.5,4.32194,0.463837,5.09713
50,0.5,slydos,20,1,0,0.05,0.98,2,350,0,0,nan,nan,nan,0,0,0,0,0,0.5,6.26847,0.449879,5.53071
50,0.5,slydos,21,1,0,0.05,0.98,2,350,0,0,nan,nan,nan,0,0,0,0,0,0.5,6.74151,0.481408,5.38942
50,0.5,slydos,22,1,0,0.05,0.98,2,350,0,0,nan,nan,nan,0,0,0,0,0,0.5,8.37151,0.433496,5.36298
50,0.5,slydos,23,1,0,0.05,0.98,2,350,0,0,nan,nan,nan,0,0,0,0,0,0.5,3.00146,0.490201,5.40604
50,0.5,slydos,24,1,0,0.05,0.98,2,350,0,0,nan,nan,nan,0,0,0,0,0,0.5,6.70231,0.466022,5.36314
50,0.5,slydos,25,1,0,0.05,0.98,2,350,0,0,nan,nan,nan,0,0,0,0,0,0.5,8.81757,0.436404,5.3171
50,0.5,slydos,26,1,0,0.05,0.98,2,350,0,0,nan,nan,nan,0,0,0,0,0,0.5,3.84715,0.483032,5.0923
50,0.5,slydos,27,1,0,0.05,0.98,2,350,0,0,nan,nan,nan,0,0,0,0,0,0.5,11.3374,0.50561,5.78446
50,0.5,slydos,29,1,0,0.05,0.98,2,350,0,0,nan,nan,nan,0,0,0,0,0,0.5,7.47189,0.447143,5.36063
50,0.5,slydos,28,1,0,0.05,0.98,2,350,0,0,nan,nan,nan,0,0,0,0,0,0.5,8.14501,0.440712,5.61279
50,0.5,slydos,30,1,0,0.05,0.98,2,350,0,0,nan,nan,nan,0,0,0,0,0,0.5,10.3895,0.481288,5.58225
50,0.1,mixed,1,1,0,0.05,0.98,2,350,0.911111,0,1,0.953488,2.1,0.911111,288,225,0.870883,0.0598387,0.919074,7.14645,0.463927,5.49935
50,0.1,mixed,3,1,0,0.05,0.98,2,350,0.906977,0,1,0.95122,1.20023,0.930233,204,145,0.914243,0.0332498,0.954658,6.38161,0.508595,5.61074
50,0.1,mixed,2,1,0,0.05,0.98,2,350,0.909091,0,1,0.952381,1.57,0.945455,206,139,0.875337,0.0321184,0.936526,9.04736,0.458428,5.42778
50,0.1,mixed,4,1,0,0.05,0.98,2,350,0.860465,0,1,0.925,1.3,0.883721,197,152,0.750951,0.0265343,0.868605,9.30549,0.479599,5.35359
50,0.1,mixed,5,1,0,0.05,0.98,2,350,0.912281,0,1,0.954128,0.8,0.929825,148,92,0.844508,0.0361813,0.911573,9.34938,0.475799,5.17374
50,0.1,mixed,6,1,0,0.05,0.98,2,350,0.930233,0,1,0.963855,1.5,0.930233,238,167,0.798287,0.0406684,0.911607,7.28488,0.442981,5.39066
50,0.1,mixed,7,1,0,0.05,0.98,2,350,0.882353,0,1,0.9375,1.67,0.901961,230,159,0.872082,0.0338869,0.940106,13.6125,0.474993,5.57522
50,0.1,mixed,8,1,0,0.05,0.98,2,350,0.95082,0,1,0.97479,1.1,0.983607,237,176,0.842187,0.0538355,0.912168,11.5988,0.472278,5.80545
50,0.1,mixed,9,1,0,0.05,0.98,2,350,0.931818,0,1,0.964706,1.73,0.954545,211,144,0.89962,0.0561006,0.940447,13.1723,0.47094,5.21654
50,0.1,mixed,10,1,0,0.05,0.98,2,350,0.811321,0,1,0.895833,1.5,0.849057,149,90,0.914146,0.053497,0.94434,9.82946,0.479913,5.23077
50,0.1,mixed,12,1,0,0.05,0.98,2,350,0.909091,0,1,0.952381,1,0.954545,227,144,0.809296,0.0652231,0.924845,8.9508,0.453144,5.10575
50,0.1,mixed,11,1,0,0.05,0.98,2,350,0.940299,0,1,0.969231,1.3,0.970149,193,150,0.869936,0.0471884,0.930917,6.65084,0.460236,5.48414
50,0.1,mixed,13,1,0,0.05,0.98,2,350,0.927273,0.000968992,0.980769,0.953271,1.3,0.981818,185,113,0.874578,0.0522614,0.932679,7.09397,0.484859,5.61346
50,0.1,mixed,14,1,0,0.05,0.98,2,350,0.863636,0,1,0.926829,0.799466,0.886364,139,76,0.874894,0.0223484,0.936344,5.79599,0.502296,5.34296
50,0.1,mixed,15,1,0,0.05,0.98,2,350,0.861111,0,1,0.925373,1.91,0.888889,98,63,0.742142,0.0420266,0.867287,11.3355,0.483287,5.13257
50,0.1,mixed,16,1,0,0.05,0.98,2,350,0.88,0,1,0.93617,1.6,0.88,198,146,0.860801,0.0723682,0.917105,7.06461,0.482075,5.30405
50,0.1,mixed,17,1,0,0.05,0.98,2,350,0.875,0,1,0.933333,2.05,0.9,152,108,0.758888,0.0535959,0.863033,8.57171,0.462332,5.26939
50,0.1,mixed,18,1,0,0.05,0.98,2,350,0.909091,0,1,0.952381,1.4,0.924242,241,165,0.813625,0.0689212,0.889986,7.69197,0.474492,5.34833
50,0.1,mixed,19,1,0,0.05,0.98,2,350,0.840909,0,1,0.91358,1.3,0.886364,148,119,0.853114,0.0446954,0.917815,6.18646,0.465686,5.30594
50,0.1,mixed,21,1,0,0.05,0.98,2,350,0.884615,0,1,0.938776,1.2,0.903846,144,105,0.841098,0.0224093,0.916547,9.17021,0.487282,5.16607
50,0.1,mixed,22,1,0,0.05,0.98,2,350,0.925,0,1,0.961039,1.1,0.95,158,126,0.936047,0.0929222,0.935618,6.70531,0.487121,5.51403
50,0.1,mixed,20,1,0,0.05,0.98,2,350,0.901961,0,1,0.948454,1.19862,0.901961,279,200,0.874873,0.0550047,0.932442,7.46417,0.456725,5.60328
50,0.1,mixed,23,1,0,0.05,0.98,2,350,0.945455,0,1,0.971963,0.6,0.963636,102,67,0.888419,0.0228577,0.941849,4.134,0.477499,5.4089
50,0.1,mixed,24,1,0,0.05,0.98,2,350,0.890909,0,1,0.942308,2.1,0.890909,130,88,0.908765,0.0991568,0.921701,10.0874,0.474311,5.77742
50,0.1,mixed,25,1,0,0.05,0.98,2,350,0.907407,0,1,0.951456,1.2,0.944444,149,86,0.886056,0.102495,0.912772,11.1086,0.441604,5.12999
50,0.1,mixed,26,1,0,0.05,0.98,2,350,0.913043,0,1,0.954545,1.81,0.934783,90,47,0.829186,0.0283287,0.907148,6.15075,0.457557,5.5502
50,0.1,mixed,27,1,0,0.05,0.98,2,350,0.854545,0,1,0.921569,1,0.927273,196,129,0.852715,0.0357905,0.9231,9.53249,0.489688,5.73323
50,0.1,mixed,29,1,0,0.05,0.98,2,350,0.854167,0,1,0.921348,0.9,0.895833,204,139,0.891196,0.0704444,0.92671,8.24514,0.449551,5.86341
50,0.1,mixed,28,1,0,0.05,0.98,2,350,0.913043,0,1,0.954545,0.9,0.956522,201,132,0.85812,0.0696606,0.908989,8.50211,0.446517,5.65674
50,0.1,mixed,30,1,0,0.05,0.98,2,350,0.953125,0.0010101,0.983871,0.968254,1,0.984375,235,168,0.859142,0.0516614,0.922387,11.5756,0.461687,5.66815
50,0.2,mixed,1,1,0,0.05,0.98,2,350,0.955056,0,1,0.977011,1.6,0.955056,348,271,0.873009,0.0926285,0.911414,7.17409,0.460767,5.76102
50,0.2,mixed,2,1,0,0.05,0.98,2,350,0.963768,0,1,0.98155,0.999974,0.971014,248,173,0.886303,0.0632358,0.926249,8.41253,0.458455,5.83432
50,0.2,mixed,3,1,0,0.05,0.98,2,350,0.898876,0,1,0.946746,0.74724,0.921348,203,147,0.933042,0.0289264,0.961401,6.44851,0.526786,5.57296
50,0.2,mixed,4,1,0,0.05,0.98,2,350,0.933962,0,1,0.965854,1,0.943396,267,212,0.860997,0.0937894,0.904135,8.81877,0.472008,5.55278
50,0.2,mixed,6,1,0,0.05,0.98,2,350,0.924528,0.00172117,0.989899,0.956098,0.7,0.933962,322,262,0.860536,0.145742,0.885356,7.43718,0.451848,5.70034
50,0.2,mixed,5,1,0,0.05,0.98,2,350,0.929204,0,1,0.963303,0.8,0.929204,140,100,0.917269,0.056847,0.940955,9.2171,0.482733,6.01439
50,0.2,mixed,7,1,0,0.05,0.98,2,350,0.900763,0,1,0.947791,1,0.931298,260,176,0.89887,0.122085,0.914057,13.3073,0.461004,5.44639
50,0.2,mixed,8,1,0,0.05,0.98,2,350,0.95935,0,1,0.979253,0.9,0.97561,234,174,0.893028,0.0805627,0.928851,9.71324,0.46781,6.12925
50,0.2,mixed,9,1,0,0.05,0.98,2,350,0.932692,0,1,0.965174,1.1,0.961538,223,157,0.902108,0.0750626,0.934191,14.1804,0.482847,5.64538
50,0.2,mixed,10,1,0,0.05,0.98,2,350,0.902913,0,1,0.94898,0.8,0.932039,276,189,0.865875,0.120591,0.902483,10.4943,0.479774,5.68213
50,0.2,mixed,11,1,0,0.05,0.98,2,350,0.916667,0,1,0.956522,1.4,0.944444,234,192,0.898691,0.0652119,0.939386,7.23316,0.464099,5.7885
50,0.2,mixed,12,1,0,0.05,0.98,2,350,0.933333,0,1,0.965517,1.04305,0.95,239,172,0.87385,0.0821887,0.930337,8.43149,0.448811,5.60189
50,0.2,mixed,14,1,0,0.05,0.98,2,350,0.93578,0,1,0.966825,0.6,0.944954,226,148,0.930567,0.095726,0.946502,5.32874,0.495335,5.63044
50,0.2,mixed,13,1,0,0.05,0.98,2,350,0.931298,0,1,0.964427,0.9,0.946565,256,171,0.888831,0.128676,0.905255,6.36268,0.487515,5.65273
50,0.2,mixed,15,1,0,0.05,0.98,2,350,0.933333,0,1,0.965517,0.9,0.96,121,72,0.833489,0.0503273,0.902061,11.2101,0.473111,5.56529
50,0.2,mixed,16,1,0,0.05,0.98,2,350,0.918919,0.00323102,0.980769,0.948837,1.2,0.918919,280,213,0.878357,0.148651,0.89237,7.03685,0.471103,5.55749
50,0.2,mixed,17,1,0,0.05,0.98,2,350,0.89899,0,1,0.946809,1.2,0.929293,232,178,0.925302,0.154421,0.90443,9.38337,0.453875,5.64181
50,0.2,mixed,18,1,0,0.05,0.98,2,350,0.870229,0,1,0.930612,0.9,0.877863,218,147,0.899663,0.0698359,0.939916,8.44775,0.460419,5.37913
50,0.2,mixed,19,1,0,0.05,0.98,2,350,0.904348,0,1,0.949772,0.8,0.930435,252,181,0.89169,0.118253,0.902572,6.07396,0.465211,5.60715
50,0.2,mixed,21,1,0,0.05,0.98,2,350,0.936,0,1,0.966942,1.1,0.952,201,141,0.882028,0.113264,0.909002,9.99384,0.471645,5.81602
50,0.2,mixed,20,1,0,0.05,0.98,2,350,0.96124,0,1,0.980237,1,0.968992,271,207,0.948683,0.0857384,0.955217,8.10354,0.445995,6.23881
50,0.2,mixed,22,1,0,0.05,0.98,2,350,0.892857,0.0015083,0.990099,0.938967,1,0.919643,162,126,0.899542,0.0967957,0.91457,7.64808,0.477796,5.93682
50,0.2,mixed,23,1,0,0.05,0.98,2,350,0.966667,0,1,0.983051,0.7,0.966667,145,93,0.902781,0.0389024,0.943599,4.27828,0.469554,6.22668
50,0.2,mixed,24,1,0,0.05,0.98,2,350,0.913043,0,1,0.954545,1.39983,0.913043,205,164,0.906976,0.15987,0.888218,10.7618,0.472792,5.94177
50,0.2,mixed,25,1,0,0.05,0.98,2,350,0.935484,0,1,0.966667,0.8,0.951613,200,167,0.926569,0.147061,0.9053,9.89046,0.44527,5.83109
50,0.2,mixed,26,1,0,0.05,0.98,2,350,0.918919,0,1,0.957746,1.2,0.945946,224,173,0.908208,0.0912347,0.929305,6.50041,0.456126,6.06534
50,0.2,mixed,27,1,0,0.05,0.98,2,350,0.862595,0,1,0.92623,1,0.900763,239,195,0.907143,0.103951,0.925529,9.62767,0.510405,5.93931
50,0.2,mixed,28,1,0,0.05,0.98,2,350,0.909774,0,1,0.952756,0.9,0.93985,218,158,0.879526,0.120507,0.902759,9.05582,0.436746,5.93632
50,0.2,mixed,29,1,0,0.05,0.98,2,350,0.854962,0,1,0.921811,0.8,0.89313,219,182,0.924918,0.0966133,0.929213,8.00235,0.449835,5.8335
50,0.2,mixed,30,1,0,0.05,0.98,2,350,0.953125,0,1,0.976,1.1,0.976562,254,207,0.920578,0.100534,0.931805,11.6408,0.462232,5.69612
50,0.3,mixed,1,1,0,0.05,0.98,2,350,0.918699,0,1,0.957627,1.1,0.926829,368,303,0.893005,0.17041,0.893919,6.55621,0.462519,6.05662
50,0.3,mixed,2,1,0,0.05,0.98,2,350,0.88587,0,1,0.939481,1,0.891304,395,300,0.897718,0.204249,0.894648,8.99833,0.484836,5.93287
50,0.3,mixed,3,1,0,0.05,0.98,2,350,0.919643,0,1,0.95814,1,0.946429,329,263,0.922602,0.18997,0.899264,5.78065,0.518576,5.69617
50,0.3,mixed,4,1,0,0.05,0.98,2,350,0.906475,0,1,0.950943,0.999883,0.928058,326,262,0.87741,0.252234,0.843933,8.85137,0.473752,5.8117
50,0.3,mixed,5,1,0,0.05,0.98,2,350,0.931034,0,1,0.964286,0.887942,0.958621,171,107,0.929413,0.0696591,0.938853,8.81243,0.456801,5.87254
50,0.3,mixed,6,1,0,0.05,0.98,2,350,0.928058,0,1,0.962687,1.1,0.942446,404,328,0.923404,0.242616,0.887204,6.82158,0.450475,6.12765
50,0.3,mixed,7,1,0,0.05,0.98,2,350,0.949367,0,1,0.974026,1,0.955696,334,255,0.901331,0.173618,0.891617,13.1726,0.440019,6.18274
50,0.3,mixed,8,1,0,0.05,0.98,2,350,0.950311,0,1,0.974522,0.8,0.962733,322,245,0.893593,0.138578,0.907417,9.85173,0.478181,6.14278
50,0.3,mixed,9,1,0,0.05,0.98,2,350,0.916667,0,1,0.956522,0.9,0.951389,305,248,0.928651,0.224624,0.884855,13.995,0.483851,5.77499
50,0.3,mixed,10,1,0,0.05,0.98,2,350,0.93985,0,1,0.968992,0.800534,0.947368,296,206,0.914623,0.128379,0.933847,11.0084,0.484315,6.04197
50,0.3,mixed,11,1,0,0.05,0.98,2,350,0.927007,0,1,0.962121,1.2,0.956204,292,222,0.91032,0.123753,0.915552,7.46643,0.460257,5.90894
50,0.3,mixed,12,1,0,0.05,0.98,2,350,0.962963,0,1,0.981132,0.9,0.969136,259,208,0.903177,0.16446,0.898102,7.87065,0.447525,6.1174
50,0.3,mixed,13,1,0,0.05,0.98,2,350,0.884146,0.00203666,0.993151,0.935484,0.9,0.920732,319,236,0.909406,0.183035,0.897936,7.21268,0.493905,5.87872
50,0.3,mixed,15,1,0,0.05,0.98,2,350,0.905983,0,1,0.950673,1.1,0.931624,267,202,0.898991,0.171333,0.887594,11.4419,0.47312,6.02724
50,0.3,mixed,14,1,0,0.05,0.98,2,350,0.935065,0,1,0.966443,0.7,0.941558,324,251,0.93784,0.206266,0.909455,5.55506,0.508036,6.51898
50,0.3,mixed,16,1,0,0.05,0.98,2,350,0.932836,0,1,0.965251,1.12895,0.932836,335,273,0.936823,0.225981,0.885832,7.10117,0.473491,6.24921
50,0.3,mixed,17,1,0,0.05,0.98,2,350,0.935714,0,1,0.96679,0.9,0.95,314,245,0.943732,0.227855,0.894772,10.6121,0.460542,5.85141
50,0.3,mixed,18,1,0,0.05,0.98,2,350,0.922581,0,1,0.959732,0.9,0.935484,263,201,0.909338,0.153427,0.913757,8.04513,0.458939,6.03259
50,0.3,mixed,19,1,0,0.05,0.98,2,350,0.932886,0,1,0.965278,0.998673,0.95302,290,232,0.935729,0.183989,0.904739,5.76677,0.473904,6.08053
50,0.3,mixed,20,1,0,0.05,0.98,2,350,0.964912,0.00397614,0.988024,0.976331,0.9,0.97076,344,278,0.948984,0.135356,0.937354,7.12003,0.442358,6.01231
50,0.3,mixed,22,1,0,0.05,0.98,2,350,0.923077,0,1,0.96,0.900661,0.930769,169,92,0.881357,0.0773616,0.913885,8.499,0.460294,5.75596
50,0.3,mixed,21,1,0,0.05,0.98,2,350,0.953947,0,1,0.976431,0.9,0.973684,309,240,0.890202,0.266032,0.849959,7.9601,0.466604,6.18696
50,0.3,mixed,23,1,0,0.05,0.98,2,350,0.939189,0,1,0.968641,0.663744,0.939189,214,141,0.912069,0.0558042,0.945844,4.24267,0.477705,6.13296
50,0.3,mixed,24,1,0,0.05,0.98,2,350,0.910828,0,1,0.953333,1.3,0.917197,358,298,0.915813,0.323956,0.828374,8.80173,0.463339,5.55374
50,0.3,mixed,25,1,0,0.05,0.98,2,350,0.92638,0,1,0.961783,1.2,0.95092,217,161,0.904054,0.152404,0.893263,8.53097,0.433457,6.05083
50,0.3,mixed,26,1,0,0.05,0.98,2,350,0.953846,0,1,0.976378,0.7,0.976923,335,262,0.930689,0.158874,0.925568,6.24913,0.457622,6.15227
50,0.3,mixed,27,1,0,0.05,0.98,2,350,0.883721,0,1,0.938272,0.899081,0.906977,262,189,0.902495,0.141797,0.913252,9.85569,0.507126,5.92489
50,0.3,mixed,28,1,0,0.05,0.98,2,350,0.93125,0,1,0.964401,0.8,0.95,295,229,0.890955,0.196484,0.871158,8.8137,0.429408,5.66396
50,0.3,mixed,29,1,0,0.05,0.98,2,350,0.840909,0,1,0.91358,0.8,0.863636,246,191,0.92317,0.12368,0.921834,7.57002,0.439077,6.06276
50,0.3,mixed,30,1,0,0.05,0.98,2,350,0.944785,0,1,0.971609,0.9,0.95092,499,422,0.923349,0.339264,0.843043,11.5807,0.449618,5.77763
50,0.5,mixed,1,1,0,0.05,0.98,2,350,0.920245,0,1,0.958466,1,0.93865,274,222,0.923057,0.371711,0.818226,5.81191,0.459418,6.36824
50,0.5,mixed,2,1,0,0.05,0.98,2,350,0.947867,0,1,0.973236,0.77,0.952607,237,162,0.904123,0.261418,0.873856,7.7268,0.503498,6.65874
50,0.5,mixed,3,1,0,0.05,0.98,2,350,0.9,0,1,0.947368,0.7,0.911765,242,184,0.919817,0.195253,0.903478,5.83789,0.50626,6.38043
50,0.5,mixed,4,1,0,0.05,0.98,2,350,0.928962,0,1,0.963173,1,0.939891,238,166,0.86396,0.263143,0.848564,10.0295,0.46695,6.57046
50,0.5,mixed,6,1,0,0.05,0.98,2,350,0.964072,0,1,0.981707,0.999974,0.97006,269,193,0.910608,0.28074,0.863057,5.7246,0.436591,6.56561
50,0.5,mixed,5,1,0,0.05,0.98,2,350,0.946746,0.00490196,0.993789,0.969697,0.7,0.95858,143,100,0.940198,0.184482,0.917482,9.13927,0.441003,6.9781
50,0.5,mixed,7,1,0,0.05,0.98,2,350,0.918605,0,1,0.957576,1.1,0.924419,182,110,0.903831,0.142623,0.912609,13.0176,0.452952,6.57905
50,0.5,mixed,8,1,0,0.05,0.98,2,350,0.943878,0,1,0.971129,0.9,0.959184,244,204,0.926684,0.296195,0.868229,7.12124,0.478197,6.73612
50,0.5,mixed,9,1,0,0.05,0.98,2,350,0.903226,0,1,0.949153,1.1,0.94086,251,204,0.889509,0.281483,0.84072,11.99,0.465234,6.30177
50,0.5,mixed,10,1,0,0.05,0.98,2,350,0.952941,0,1,0.975904,0.8,0.958824,202,158,0.952127,0.291918,0.88409,13.3626,0.457734,7.5796
50,0.5,mixed,11,1,0,0.05,0.98,2,350,0.934911,0,1,0.966361,1.37,0.95858,228,177,0.929302,0.234331,0.879295,9.09832,0.448208,7.09807
50,0.5,mixed,12,1,0,0.05,0.98,2,350,0.941799,0,1,0.970027,1.1,0.94709,253,181,0.902814,0.263667,0.87156,9.53204,0.432684,6.95636
50,0.5,mixed,13,1,0,0.05,0.98,2,350,0.901554,0,1,0.948229,1.00003,0.92228,316,264,0.930371,0.392277,0.837828,8.49369,0.521173,7.01881
50,0.5,mixed,14,1,0,0.05,0.98,2,350,0.915789,0,1,0.956044,0.9,0.931579,218,152,0.931515,0.223022,0.899595,5.46127,0.553718,7.23488
50,0.5,mixed,15,1,0,0.05,0.98,2,350,0.934211,0,1,0.965986,1.1,0.953947,257,211,0.925294,0.443499,0.779517,13.2309,0.465378,6.6834
50,0.5,mixed,16,1,0,0.05,0.98,2,350,0.920904,0,1,0.958824,1.2,0.926554,223,171,0.907468,0.247554,0.87379,5.45594,0.455764,6.49738
50,0.5,mixed,17,1,0,0.05,0.98,2,350,0.933333,0,1,0.965517,1.0999,0.933333,242,183,0.93119,0.340469,0.856523,10.1859,0.42904,6.72011
50,0.5,mixed,18,1,0,0.05,0.98,2,350,0.937824,0.00877193,0.989071,0.962766,1,0.948187,205,143,0.926908,0.184606,0.916507,9.57061,0.439177,6.45732
50,0.5,mixed,19,1,0,0.05,0.98,2,350,0.898305,0,1,0.946429,0.8,0.909605,237,187,0.919861,0.266166,0.872581,4.36566,0.45257,6.47511
50,0.5,mixed,20,1,0,0.05,0.98,2,350,0.952153,0,1,0.97549,1.2,0.966507,287,237,0.940217,0.337164,0.851755,6.39221,0.447323,6.65902
50,0.5,mixed,21,1,0,0.05,0.98,2,350,0.898305,0,1,0.946429,0.8,0.915254,246,193,0.93778,0.307111,0.872175,6.66315,0.47003,7.01565
50,0.5,mixed,22,1,0,0.05,0.98,2,350,0.923977,0,1,0.960486,0.8,0.929825,190,152,0.948609,0.285864,0.869725,7.88114,0.406997,7.05704
50,0.5,mixed,23,1,0,0.05,0.98,2,350,0.930233,0,1,0.963855,0.8,0.94186,178,114,0.908411,0.18724,0.894738,3.02222,0.479478,6.27563
50,0.5,mixed,24,1,0,0.05,0.98,2,350,0.911392,0,1,0.953642,1,0.911392,213,165,0.934114,0.423806,0.791684,6.83,0.458976,6.19369
50,0.5,mixed,25,1,0,0.05,0.98,2,350,0.918478,0,1,0.957507,1,0.929348,155,94,0.927086,0.139482,0.921833,8.90448,0.424451,6.72575
50,0.5,mixed,26,1,0,0.05,0.98,2,350,0.924855,0,1,0.960961,0.9,0.953757,256,205,0.928621,0.354504,0.85376,3.94118,0.470982,6.4898
50,0.5,mixed,27,1,0,0.05,0.98,2,350,0.933333,0,1,0.965517,0.8,0.955556,142,79,0.920128,0.0908204,0.93881,11.5472,0.495615,6.61293
50,0.1,mixedhard,2,1,0,0.05,0.98,2,350,0.704225,0,1,0.826446,1.57,0.732394,190,139,0.871075,0.0321184,0.933046,9.04736,0.458428,5.06185
50,0.1,mixedhard,1,1,0,0.05,0.98,2,350,0.644737,0,1,0.784,2.1,0.644737,266,207,0.831355,0.0582874,0.899503,7.14645,0.463927,5.40761
50,0.5,mixed,28,1,0,0.05,0.98,2,350,0.957895,0,1,0.978495,0.700013,0.963158,212,162,0.91065,0.260171,0.861604,8.20916,0.43154,6.28836
50,0.5,mixed,29,1,0,0.05,0.98,2,350,0.927461,0,1,0.962366,0.798795,0.932642,216,178,0.947448,0.274535,0.876676,7.44901,0.44784,6.78844
50,0.1,mixedhard,3,1,0,0.05,0.98,2,350,0.6,0,1,0.75,1.2,0.614286,177,137,0.914182,0.028868,0.955147,6.38161,0.508595,5.78301
50,0.5,mixed,30,1,0,0.05,0.98,2,350,0.936585,0,1,0.967254,1.1,0.936585,285,218,0.921073,0.349112,0.85526,10.5362,0.475514,6.48953
50,0.1,mixedhard,4,1,0,0.05,0.98,2,350,0.486842,0,1,0.654867,1.3,0.5,172,133,0.703253,0.0256071,0.845108,9.30549,0.479599,5.45922
50,0.1,mixedhard,5,1,0,0.05,0.98,2,350,0.641975,0,1,0.781955,0.8,0.654321,126,88,0.833874,0.0341752,0.906329,9.34938,0.475799,4.84192
50,0.1,mixedhard,6,1,0,0.05,0.98,2,350,0.8,0,1,0.888889,1.6,0.814286,211,152,0.798287,0.0356196,0.913005,7.28488,0.442981,5.2389
50,0.1,mixedhard,7,1,0,0.05,0.98,2,350,0.692308,0,1,0.818182,1.67,0.707692,218,157,0.865313,0.0338869,0.935514,13.6125,0.474993,5.60893
50,0.1,mixedhard,8,1,0,0.05,0.98,2,350,0.715789,0,1,0.834356,1.1,0.736842,206,160,0.842099,0.0388217,0.915937,11.5988,0.472278,5.63715
50,0.1,mixedhard,9,1,0,0.05,0.98,2,350,0.585714,0,1,0.738739,1.73,0.6,185,139,0.881826,0.0520083,0.927307,13.1723,0.47094,5.47008
50,0.1,mixedhard,10,1,0,0.05,0.98,2,350,0.565789,0,1,0.722689,1.5,0.592105,128,76,0.859396,0.0416156,0.919487,9.82946,0.479913,5.61043
50,0.1,mixedhard,11,1,0,0.05,0.98,2,350,0.649485,0,1,0.7875,1.3,0.670103,179,139,0.826186,0.0384869,0.904783,6.65084,0.460236,5.62185
50,0.1,mixedhard,12,1,0,0.05,0.98,2,350,0.571429,0,1,0.727273,1,0.6,201,140,0.752886,0.0532612,0.86947,8.9508,0.453144,5.08337
50,0.1,mixedhard,13,1,0,0.05,0.98,2,350,0.621951,0,1,0.766917,1.3,0.658537,160,110,0.874578,0.0434945,0.933869,7.09397,0.484859,5.81583
50,0.1,mixedhard,15,1,0,0.05,0.98,2,350,0.62069,0,1,0.765957,1.7,0.637931,82,60,0.713742,0.039914,0.846057,11.3355,0.483287,5.00418
50,0.1,mixedhard,14,1,0,0.05,0.98,2,350,0.575758,0,1,0.730769,0.799466,0.590909,117,76,0.874894,0.0216591,0.936572,5.79599,0.502296,5.9433
50,0.1,mixedhard,16,1,0,0.05,0.98,2,350,0.621622,0,1,0.766667,1.66,0.621622,180,139,0.829712,0.0669522,0.902512,7.06461,0.482075,5.3921
50,0.1,mixedhard,17,1,0,0.05,0.98,2,350,0.5,0,1,0.666667,2.05,0.514286,127,91,0.701917,0.0535959,0.830528,8.57171,0.462332,5.445
50,0.1,mixedhard,18,1,0,0.05,0.98,2,350,0.7,0,1,0.823529,1.2,0.711111,217,162,0.813625,0.0688012,0.89004,7.69197,0.474492,5.40649
50,0.1,mixedhard,19,1,0,0.05,0.98,2,350,0.560606,0.00100806,0.973684,0.711538,1.3,0.590909,142,114,0.807263,0.0443682,0.89515,6.18646,0.465686,5.47363
50,0.1,mixedhard,21,1,0,0.05,0.98,2,350,0.652778,0,1,0.789916,1.2,0.666667,124,93,0.820738,0.015798,0.909186,9.17021,0.487282,4.96516
50,0.1,mixedhard,20,1,0,0.05,0.98,2,350,0.707692,0,1,0.828829,1.19862,0.707692,269,200,0.870157,0.0550047,0.924705,7.46417,0.456725,5.40237
50,0.1,mixedhard,22,1,0,0.05,0.98,2,350,0.596774,0,1,0.747475,1.1,0.612903,136,109,0.876846,0.0750345,0.91091,6.70531,0.487121,5.47698
50,0.1,mixedhard,23,1,0,0.05,0.98,2,350,0.684211,0,1,0.8125,0.6,0.697368,81,55,0.867819,0.0165783,0.933896,4.134,0.477499,5.47206
50,0.1,mixedhard,24,1,0,0.05,0.98,2,350,0.7,0,1,0.823529,2.1,0.7,115,84,0.896065,0.0919257,0.914179,10.0874,0.474311,5.51986
50,0.1,mixedhard,25,1,0,0.05,0.98,2,350,0.604938,0,1,0.753846,1.2,0.62963,122,81,0.868619,0.0894966,0.902569,11.1086,0.441604,5.50527
50,0.1,mixedhard,26,1,0,0.05,0.98,2,350,0.56,0,1,0.717949,1.81,0.573333,61,38,0.827914,0.0190335,0.907819,6.15075,0.457557,5.49009
50,0.1,mixedhard,27,1,0,0.05,0.98,2,350,0.534091,0,1,0.696296,1,0.579545,163,125,0.852715,0.032514,0.923629,9.53249,0.489688,5.70188
50,0.1,mixedhard,28,1,0,0.05,0.98,2,350,0.729167,0,1,0.843373,0.9,0.760417,174,122,0.858093,0.0618017,0.910156,8.50211,0.446517,5.15393
50,0.1,mixedhard,29,1,0,0.05,0.98,2,350,0.621212,0,1,0.766355,0.9,0.651515,189,136,0.873641,0.0625901,0.918433,8.24514,0.449551,5.23303
50,0.1,mixedhard,30,1,0,0.05,0.98,2,350,0.789474,0,1,0.882353,0.9,0.810526,207,156,0.858793,0.0442537,0.924123,11.5756,0.461687,5.58002
50,0.2,mixedhard,1,1,0,0.05,0.98,2,350,0.652542,0,1,0.789744,1.44263,0.652542,284,213,0.751155,0.0724716,0.855399,7.17715,0.462615,5.48995
50,0.2,mixedhard,2,1,0,0.05,0.98,2,350,0.736486,0,1,0.848249,1.27855,0.743243,391,291,0.809593,0.178319,0.847059,8.39964,0.462059,5.45664
50,0.2,mixedhard,3,1,0,0.05,0.98,2,350,0.622047,0,1,0.76699,1.00013,0.724409,218,174,0.869993,0.0389182,0.937917,6.4286,0.529932,5.58695
50,0.2,mixedhard,4,1,0,0.05,0.98,2,350,0.6875,0,1,0.814815,1,0.729167,305,244,0.777565,0.215099,0.817603,8.86724,0.47358,5.25683
50,0.2,mixedhard,6,1,0,0.05,0.98,2,350,0.786207,0.00302572,0.982759,0.873563,1.1,0.813793,262,186,0.653817,0.0547354,0.824474,7.41145,0.452904,5.26686
50,0.2,mixedhard,5,1,0,0.05,0.98,2,350,0.71223,0,1,0.831933,1.2,0.726619,176,133,0.827806,0.100618,0.887553,9.21052,0.480769,5.54074
50,0.2,mixedhard,7,1,0,0.05,0.98,2,350,0.664,0,1,0.798077,1.3,0.68,255,189,0.741571,0.111348,0.834449,13.2328,0.461898,5.48092
50,0.2,mixedhard,8,1,0,0.05,0.98,2,350,0.666667,0,1,0.8,1.1,0.679245,275,220,0.790287,0.0825264,0.871606,9.75825,0.469875,5.68963
50,0.2,mixedhard,9,1,0,0.05,0.98,2,350,0.751553,0,1,0.858156,1.30003,0.751553,221,168,0.838051,0.123653,0.871547,14.2669,0.484354,5.3916
50,0.2,mixedhard,10,1,0,0.05,0.98,2,350,0.596899,0,1,0.747573,1,0.604651,135,93,0.805529,0.0429522,0.893216,10.4474,0.479126,5.85746
50,0.2,mixedhard,12,1,0,0.05,0.98,2,350,0.678832,0,1,0.808696,1,0.693431,242,202,0.77221,0.072233,0.863721,8.41385,0.448578,5.69268
50,0.2,mixedhard,11,1,0,0.05,0.98,2,350,0.707483,0,1,0.828685,1.2,0.734694,224,168,0.795455,0.0558627,0.883659,7.25514,0.463589,5.70978
50,0.2,mixedhard,13,1,0,0.05,0.98,2,350,0.738095,0,1,0.849315,1.1,0.75,224,151,0.785854,0.0639456,0.873689,6.37577,0.488707,6.01014
50,0.2,mixedhard,14,1,0,0.05,0.98,2,350,0.659091,0,1,0.794521,0.7,0.674242,235,161,0.729251,0.0711656,0.848573,5.281,0.491799,5.69689
50,0.2,mixedhard,15,1,0,0.05,0.98,2,350,0.811321,0,1,0.895833,0.8,0.820755,161,125,0.775279,0.0515373,0.875551,11.1531,0.47204,5.308
50,0.2,mixedhard,16,1,0,0.05,0.98,2,350,0.622222,0,1,0.767123,1.3,0.622222,228,176,0.730408,0.104117,0.827891,7.00661,0.474709,5.46001
50,0.2,mixedhard,17,1,0,0.05,0.98,2,350,0.552846,0,1,0.712042,1.1,0.560976,312,270,0.68406,0.140019,0.786925,9.34867,0.457466,5.49924
50,0.2,mixedhard,18,1,0,0.05,0.98,2,350,0.677632,0,1,0.807843,1.2,0.684211,289,233,0.78158,0.114623,0.863578,8.42338,0.463608,5.50103
50,0.2,mixedhard,19,1,0,0.05,0.98,2,350,0.696296,0,1,0.820961,1.1,0.711111,302,247,0.691106,0.137927,0.800617,6.04224,0.465446,5.44895
50,0.2,mixedhard,20,1,0,0.05,0.98,2,350,0.730159,0,1,0.844037,1.2,0.730159,411,323,0.756593,0.151508,0.835128,8.08421,0.448071,5.5395
50,0.2,mixedhard,21,1,0,0.05,0.98,2,350,0.639098,0,1,0.779817,1,0.646617,242,170,0.703383,0.072516,0.832444,10.1107,0.478637,5.37079
50,0.2,mixedhard,22,1,0,0.05,0.98,2,350,0.90625,0,1,0.95082,1.2,0.921875,199,155,0.874649,0.108272,0.903143,7.68689,0.478138,5.52123
50,0.2,mixedhard,23,1,0,0.05,0.98,2,350,0.671875,0,1,0.803738,0.9,0.671875,149,104,0.759949,0.0500642,0.863001,4.29001,0.472849,4.93889
50,0.2,mixedhard,24,1,0,0.05,0.98,2,350,0.75969,0,1,0.863436,0.9,0.767442,205,140,0.788453,0.189952,0.817417,10.7413,0.475196,5.21527
50,0.2,mixedhard,25,1,0,0.05,0.98,2,350,0.734848,0,1,0.847162,0.9,0.772727,260,215,0.867777,0.150654,0.88007,9.88251,0.447999,5.48737
50,0.2,mixedhard,26,1,0,0.05,0.98,2,350,0.676056,0,1,0.806723,1.4,0.683099,142,115,0.835353,0.103236,0.878719,6.47645,0.45691,5.60347
50,0.2,mixedhard,27,1,0,0.05,0.98,2,350,0.666667,0,1,0.8,0.899831,0.680272,204,172,0.841082,0.0591918,0.905342,9.62204,0.513395,5.67955
50,0.2,mixedhard,29,1,0,0.05,0.98,2,350,0.776923,0,1,0.874459,1.3,0.807692,287,222,0.814986,0.135884,0.866894,7.99067,0.453713,5.80392
50,0.2,mixedhard,28,1,0,0.05,0.98,2,350,0.698225,0,1,0.8223,1,0.710059,285,210,0.800321,0.102641,0.869111,9.02643,0.442345,5.72497
50,0.2,mixedhard,30,1,0,0.05,0.98,2,350,0.810127,0,1,0.895105,1,0.829114,202,165,0.826449,0.0663313,0.907141,11.6688,0.463625,5.55089
50,0.3,mixedhard,1,1,0,0.05,0.98,2,350,0.597884,0,1,0.748344,1.5,0.597884,238,187,0.748954,0.0647937,0.8569,6.46108,0.463352,5.3367
50,0.3,mixedhard,3,1,0,0.05,0.98,2,350,0.601036,0,1,0.750809,1,0.658031,213,161,0.861524,0.0605232,0.921855,5.71243,0.519803,6.04329
50,0.3,mixedhard,2,1,0,0.05,0.98,2,350,0.628319,0,1,0.771739,1.1,0.650442,279,197,0.807532,0.125722,0.86478,9.01018,0.481257,6.00632
50,0.3,mixedhard,4,1,0,0.05,0.98,2,350,0.673077,0,1,0.804598,1.1,0.706731,239,176,0.808739,0.184153,0.844642,8.85374,0.479733,5.16538
50,0.3,mixedhard,6,1,0,0.05,0.98,2,350,0.752294,0,1,0.858639,1.1,0.788991,208,157,0.783193,0.106795,0.870444,6.77148,0.452925,5.73302
50,0.3,mixedhard,5,1,0,0.05,0.98,2,350,0.617647,0,1,0.763636,1.5,0.622549,130,91,0.750271,0.0944775,0.843163,8.72788,0.462004,6.03455
50,0.3,mixedhard,7,1,0,0.05,0.98,2,350,0.597826,0,1,0.748299,1.5,0.608696,245,176,0.750751,0.152029,0.815903,13.1774,0.447352,5.96372
50,0.3,mixedhard,8,1,0,0.05,0.98,2,350,0.622881,0,1,0.767624,1.3,0.635593,235,178,0.79429,0.104532,0.863828,9.80226,0.477144,6.17487
50,0.3,mixedhard,9,1,0,0.05,0.98,2,350,0.73029,0,1,0.844125,1.47076,0.738589,217,150,0.810846,0.14715,0.851436,13.9995,0.484091,5.87526
50,0.3,mixedhard,10,1,0,0.05,0.98,2,350,0.536082,0,1,0.697987,1.1,0.541237,108,66,0.724252,0.0614076,0.842979,11.0152,0.489428,5.83236
50,0.3,mixedhard,11,1,0,0.05,0.98,2,350,0.665072,0,1,0.798851,1.98725,0.703349,173,131,0.793971,0.0450473,0.894047,7.51474,0.458016,5.78861
50,0.3,mixedhard,12,1,0,0.05,0.98,2,350,0.676329,0.00189753,0.992908,0.804598,1.3,0.68599,225,175,0.775935,0.098734,0.86028,7.79801,0.451522,5.72824
50,0.3,mixedhard,13,1,0,0.05,0.98,2,350,0.653846,0.00171233,0.993506,0.78866,1.29979,0.662393,178,128,0.787348,0.0784196,0.872852,7.19275,0.494302,5.81331
50,0.3,mixedhard,14,1,0,0.05,0.98,2,350,0.654639,0,1,0.791277,1.1,0.664948,203,145,0.719319,0.0913812,0.830908,5.51771,0.500503,5.89641
50,0.3,mixedhard,15,1,0,0.05,0.98,2,350,0.670391,0,1,0.802676,1.4,0.681564,149,120,0.807755,0.053935,0.888259,11.3802,0.471006,5.94064
50,0.3,mixedhard,16,1,0,0.05,0.98,2,350,0.658537,0,1,0.794118,1.4,0.673171,176,126,0.773733,0.0924926,0.859927,7.02218,0.478971,5.85852
50,0.3,mixedhard,17,1,0,0.05,0.98,2,350,0.591398,0,1,0.743243,1.65,0.612903,231,177,0.680943,0.128075,0.796377,10.5191,0.46513,5.79766
50,0.3,mixedhard,18,1,0,0.05,0.98,2,350,0.74359,0,1,0.852941,1.37763,0.758974,236,184,0.830558,0.0944103,0.888644,8.03284,0.458117,5.85212
50,0.3,mixedhard,19,1,0,0.05,0.98,2,350,0.617512,0,1,0.763533,1.56,0.631336,248,199,0.742928,0.144542,0.826114,5.76208,0.47472,5.54829
50,0.3,mixedhard,20,1,0,0.05,0.98,2,350,0.597938,0,1,0.748387,1.5,0.597938,400,313,0.704229,0.19006,0.788329,7.03988,0.45086,5.41803
50,0.3,mixedhard,22,1,0,0.05,0.98,2,350,0.766082,0,1,0.86755,1.25057,0.783626,189,151,0.817514,0.110896,0.870187,8.50878,0.465241,5.58237
50,0.3,mixedhard,21,1,0,0.05,0.98,2,350,0.598086,0,1,0.748503,1.3,0.617225,200,139,0.690179,0.0794057,0.818074,7.89651,0.468179,5.69198
50,0.3,mixedhard,23,1,0,0.05,0.98,2,350,0.603175,0,1,0.752475,1.19,0.608466,141,107,0.777931,0.0654546,0.868185,4.27596,0.480546,5.90465
50,0.3,mixedhard,24,1,0,0.05,0.98,2,350,0.692308,0,1,0.818182,1.3,0.71978,196,143,0.863509,0.248965,0.827867,8.83745,0.46478,5.66378
50,0.3,mixedhard,26,1,0,0.05,0.98,2,350,0.595,0,1,0.746082,1.4,0.6,116,75,0.814291,0.0767983,0.881922,6.2837,0.451373,5.61515
50,0.3,mixedhard,25,1,0,0.05,0.98,2,350,0.632653,0,1,0.775,1,0.658163,197,134,0.841976,0.127277,0.881953,8.53851,0.438219,6.11935
50,0.3,mixedhard,27,1,0,0.05,0.98,2,350,0.580189,0,1,0.734328,1.3,0.59434,153,126,0.816322,0.0505054,0.896438,9.75433,0.510706,5.76052
50,0.3,mixedhard,29,1,0,0.05,0.98,2,350,0.681081,0,1,0.810289,1.49997,0.702703,231,159,0.825145,0.158973,0.863713,7.5261,0.440103,6.08625
50,0.3,mixedhard,28,1,0,0.05,0.98,2,350,0.680672,0,1,0.81,1.49085,0.684874,250,177,0.767501,0.124606,0.83592,8.81368,0.432295,5.90206
50,0.3,mixedhard,30,1,0,0.05,0.98,2,350,0.698276,0,1,0.822335,1.2,0.715517,191,145,0.799299,0.0851041,0.882048,11.5705,0.448073,6.28769
50,0.5,mixedhard,1,1,0,0.05,0.98,2,350,0.697095,0,1,0.821516,1.7,0.705394,189,128,0.760222,0.132129,0.831917,5.49344,0.464241,5.90238
50,0.5,mixedhard,3,1,0,0.05,0.98,2,350,0.713115,0,1,0.832536,1.1,0.754098,162,108,0.892763,0.111356,0.921596,5.60614,0.50441,6.42791
50,0.5,mixedhard,2,1,0,0.05,0.98,2,350,0.768966,0,1,0.869396,1.1,0.793103,202,140,0.873755,0.16127,0.894554,7.70246,0.504004,6.49248
50,0.5,mixedhard,4,1,0,0.05,0.98,2,350,0.756863,0,1,0.861607,1.20196,0.784314,190,147,0.857579,0.241314,0.851117,10.226,0.471022,6.45419
50,0.5,mixedhard,6,1,0,0.05,0.98,2,350,0.776062,0,1,0.873913,1.4,0.803089,192,141,0.810818,0.182086,0.84645,5.84461,0.449852,6.31613
50,0.5,mixedhard,5,1,0,0.05,0.98,2,350,0.76834,0,1,0.868996,1.3,0.787645,137,98,0.814358,0.123684,0.867837,9.23541,0.450097,6.51827
50,0.5,mixedhard,7,1,0,0.05,0.98,2,350,0.639676,0,1,0.780247,1.3,0.651822,180,125,0.837579,0.199152,0.843534,12.9766,0.456451,6.46266
50,0.5,mixedhard,8,1,0,0.05,0.98,2,350,0.812721,0,1,0.896686,1.22791,0.844523,177,136,0.92103,0.172822,0.909527,7.17047,0.476282,6.71341
50,0.5,mixedhard,10,1,0,0.05,0.98,2,350,0.737052,0,1,0.848624,1.10001,0.768924,152,117,0.851585,0.201271,0.865897,13.2035,0.464762,5.92547
50,0.5,mixedhard,9,1,0,0.05,0.98,2,350,0.719557,0,1,0.83691,1.14684,0.730627,141,115,0.86398,0.274103,0.827371,12.0273,0.462521,6.17253
50,0.5,mixedhard,11,1,0,0.05,0.98,2,350,0.713781,0,1,0.83299,1.3,0.734982,190,152,0.836242,0.107953,0.890107,9.15051,0.44043,6.18096
50,0.5,mixedhard,12,1,0,0.05,0.98,2,350,0.727612,0,1,0.842333,1.1,0.776119,200,161,0.828736,0.129523,0.878819,9.43613,0.439556,5.90171
50,0.5,mixedhard,13,1,0,0.05,0.98,2,350,0.727273,0,1,0.842105,1.4,0.744108,193,152,0.838232,0.259221,0.821065,8.37864,0.51361,6.46228
50,0.5,mixedhard,14,1,0,0.05,0.98,2,350,0.731618,0,1,0.845011,1.09997,0.75,173,121,0.824734,0.0917423,0.896759,5.4296,0.5608,6.30065
50,0.5,mixedhard,15,1,0,0.05,0.98,2,350,0.718487,0,1,0.836186,1,0.726891,170,116,0.867566,0.173768,0.875886,13.1223,0.459858,6.28172
50,0.5,mixedhard,17,1,0,0.05,0.98,2,350,0.697318,0,1,0.82167,1.3,0.724138,176,136,0.832699,0.18066,0.850602,9.86896,0.442362,5.84269
50,0.5,mixedhard,16,1,0,0.05,0.98,2,350,0.753086,0,1,0.859155,1.6,0.757202,161,125,0.864881,0.188553,0.864853,5.45551,0.452829,6.04768
50,0.5,mixedhard,19,1,0,0.05,0.98,2,350,0.741313,0,1,0.851441,1,0.752896,206,168,0.825147,0.194251,0.847093,4.36207,0.460399,5.81673
50,0.5,mixedhard,18,1,0,0.05,0.98,2,350,0.804082,0,1,0.891403,1.2,0.812245,179,135,0.831789,0.151029,0.87781,9.36512,0.451538,5.92859
50,0.5,mixedhard,20,1,0,0.05,0.98,2,350,0.675373,0,1,0.806236,1.3,0.686567,302,247,0.778625,0.346407,0.768448,6.3477,0.452906,6.04381
50,0.5,mixedhard,22,1,0,0.05,0.98,2,350,0.780083,0.00606061,0.994709,0.874419,1.18013,0.817427,199,162,0.842866,0.314125,0.8042,8.40835,0.431003,6.16341
50,0.5,mixedhard,21,1,0,0.05,0.98,2,350,0.708861,0,1,0.82963,1.3,0.746835,167,124,0.783068,0.120324,0.85702,6.59963,0.47112,5.97302
50,0.5,mixedhard,23,1,0,0.05,0.98,2,350,0.740586,0,1,0.850962,1.2,0.774059,167,123,0.837727,0.0994072,0.898401,3.03668,0.487313,6.43449
50,0.5,mixedhard,24,1,0,0.05,0.98,2,350,0.738776,0,1,0.849765,1.1,0.755102,187,138,0.84456,0.423983,0.75123,6.88036,0.461581,6.06475
50,0.5,mixedhard,25,1,0,0.05,0.98,2,350,0.719368,0,1,0.836782,1.2,0.743083,186,133,0.844015,0.195024,0.862128,8.77238,0.428001,6.81315
50,0.5,mixedhard,26,1,0,0.05,0.98,2,350,0.729084,0,1,0.843318,1.1999,0.749004,168,123,0.857366,0.200927,0.863663,3.93227,0.46958,6.11932
50,0.5,mixedhard,27,1,0,0.05,0.98,2,350,0.732,0,1,0.845266,1.2,0.748,108,79,0.81828,0.0435231,0.905193,11.4255,0.500064,6.30472
50,0,none,1,1,0,0.05,0.98,2,350,nan,0,nan,nan,nan,nan,0,0,nan,0,nan,7.69595,0.470762,5.16195
50,0,none,2,1,0,0.05,0.98,2,350,nan,0,nan,nan,nan,nan,0,0,nan,0,nan,8.73588,0.462865,5.23562
50,0,none,3,1,0,0.05,0.98,2,350,nan,0,nan,nan,nan,nan,0,0,nan,0,nan,6.33097,0.508241,4.75901
50,0.5,mixedhard,28,1,0,0.05,0.98,2,350,0.746377,0,1,0.854772,1.3,0.757246,174,119,0.805751,0.180885,0.843448,8.10187,0.440117,5.75043
50,0.5,mixedhard,29,1,0,0.05,0.98,2,350,0.691667,0,1,0.817734,1.3,0.716667,186,134,0.848575,0.217438,0.856143,7.50175,0.446505,6.34875
50,0.5,mixedhard,30,1,0,0.05,0.98,2,350,0.729927,0,1,0.843882,1.2,0.766423,217,176,0.850686,0.212265,0.865263,10.5129,0.474978,6.20556
50,0,none,4,1,0,0.05,0.98,2,350,nan,0,nan,nan,nan,nan,0,0,nan,0,nan,9.16175,0.475116,5.2869
50,0,none,5,1,0,0.05,0.98,2,350,nan,0,nan,nan,nan,nan,0,0,nan,0,nan,8.85874,0.478449,5.03912
50,0,none,6,1,0,0.05,0.98,2,350,nan,0,nan,nan,nan,nan,0,0,nan,0,nan,7.14061,0.44738,5.0156
50,0,none,7,1,0,0.05,0.98,2,350,nan,0,nan,nan,nan,nan,0,0,nan,0,nan,12.38,0.482541,4.90208
50,0,none,8,1,0,0.05,0.98,2,350,nan,0,nan,nan,nan,nan,0,0,nan,0,nan,11.2363,0.466382,5.04389
50,0,none,9,1,0,0.05,0.98,2,350,nan,0,nan,nan,nan,nan,0,0,nan,0,nan,13.1872,0.477598,4.95932
50,0,none,10,1,0,0.05,0.98,2,350,nan,0,nan,nan,nan,nan,0,0,nan,0,nan,9.14378,0.487873,5.1646
50,0,none,11,1,0,0.05,0.98,2,350,nan,0,nan,nan,nan,nan,0,0,nan,0,nan,7.74678,0.464837,4.9454
50,0,none,12,1,0,0.05,0.98,2,350,nan,0,nan,nan,nan,nan,0,0,nan,0,nan,8.46517,0.456772,5.03254
50,0,none,15,1,0,0.05,0.98,2,350,nan,0,nan,nan,nan,nan,0,0,nan,0,nan,11.9115,0.4787,4.93955
50,0,none,13,1,0,0.05,0.98,2,350,nan,0,nan,nan,nan,nan,0,0,nan,0,nan,6.70239,0.48397,5.10013
50,0,none,14,1,0,0.05,0.98,2,350,nan,0,nan,nan,nan,nan,0,0,nan,0,nan,5.88521,0.490553,5.22822
50,0,none,16,1,0,0.05,0.98,2,350,nan,0,nan,nan,nan,nan,0,0,nan,0,nan,7.15087,0.474088,5.0479
50,0,none,18,1,0,0.05,0.98,2,350,nan,0,nan,nan,nan,nan,0,0,nan,0,nan,7.19533,0.468093,4.88967
50,0,none,17,1,0,0.05,0.98,2,350,nan,0,nan,nan,nan,nan,0,0,nan,0,nan,8.69637,0.471406,5.08996
50,0,none,19,1,0,0.05,0.98,2,350,nan,0,nan,nan,nan,nan,0,0,nan,0,nan,6.70551,0.466669,5.69639
50,0,none,22,1,0,0.05,0.98,2,350,nan,0,nan,nan,nan,nan,0,0,nan,0,nan,6.973,0.479363,5.28911
50,0,none,21,1,0,0.05,0.98,2,350,nan,0,nan,nan,nan,nan,0,0,nan,0,nan,8.56118,0.498691,5.29846
50,0,none,20,1,0,0.05,0.98,2,350,nan,0,nan,nan,nan,nan,0,0,nan,0,nan,7.86266,0.468028,5.16569
50,0,none,23,1,0,0.05,0.98,2,350,nan,0,nan,nan,nan,nan,0,0,nan,0,nan,4.01377,0.474753,5.00352
50,0,none,24,1,0,0.05,0.98,2,350,nan,0,nan,nan,nan,nan,0,0,nan,0,nan,10.2592,0.482444,5.38462
50,0,none,25,1,0,0.05,0.98,2,350,nan,0,nan,nan,nan,nan,0,0,nan,0,nan,9.8904,0.456275,5.15159
50,0,none,26,1,0,0.05,0.98,2,350,nan,0,nan,nan,nan,nan,0,0,nan,0,nan,6.59205,0.455478,4.49254
50,0,none,27,1,0,0.05,0.98,2,350,nan,0,nan,nan,nan,nan,0,0,nan,0,nan,8.6762,0.486564,5.17589
50,0,none,28,1,0,0.05,0.98,2,350,nan,0,nan,nan,nan,nan,0,0,nan,0,nan,9.21777,0.459705,5.31055
50,0,none,29,1,0,0.05,0.98,2,350,nan,0,nan,nan,nan,nan,0,0,nan,0,nan,8.00066,0.475861,5.11412
50,0.3,falsify,2,1,1,0.05,0.98,2,350,0.00320513,0,1,0.00638978,12.0998,0.0416667,0,0,0.00103241,0,0.564346,9.02852,0.484078,5.28337
50,0,none,30,1,0,0.05,0.98,2,350,nan,0,nan,nan,nan,nan,0,0,nan,0,nan,10.8832,0.46548,5.38341
50,0.3,falsify,1,1,1,0.05,0.98,2,350,0.00371747,0,1,0.00740741,8.2,0.0408922,0,0,0.00225269,0,0.563834,6.4281,0.467872,5.41923
50,0.3,falsify,3,1,1,0.05,0.98,2,350,0.00398406,0,1,0.00793651,0.6,0.0517928,0,0,0.00634951,0,0.561763,5.76758,0.52818,5.91277
50,0.3,falsify,5,1,1,0.05,0.98,2,350,0.00757576,0,1,0.0150376,1.3,0.0681818,0,0,0.0043822,0,0.562962,8.76626,0.46479,5.39482
50,0.3,falsify,6,1,1,0.05,0.98,2,350,0,0,nan,nan,6.6,0.0333333,0,0,0.00120548,0,0.565197,6.7861,0.455225,5.59882
50,0.3,falsify,4,1,1,0.05,0.98,2,350,0.00689655,0,1,0.0136986,0.9,0.0310345,0,0,0.0028364,0,0.565407,8.84976,0.479714,5.68226
50,0.3,falsify,7,1,1,0.05,0.98,2,350,0,0,nan,nan,0.8,0.0353357,0,0,0.000993341,0,0.55949,13.2477,0.449593,5.29519
50,0.3,falsify,8,1,1,0.05,0.98,2,350,0.00320513,0,1,0.00638978,25.5,0.0288462,0,0,0.000691623,0,0.563456,9.82029,0.484315,5.52208
50,0.3,falsify,10,1,1,0.05,0.98,2,350,0.011811,0,1,0.0233463,36.8,0.0708661,0,0,0.00193943,0,0.567109,10.9522,0.491149,5.11626
50,0.3,falsify,9,1,1,0.05,0.98,2,350,0,0,nan,nan,1,0.0604982,0,0,0.00602697,0,0.563348,13.958,0.486999,5.76533
50,0.3,falsify,12,1,1,0.05,0.98,2,350,0.00340136,0,1,0.00677966,6.9,0.0714286,0,0,0.00332005,0,0.565516,7.77202,0.453162,5.47552
50,0.3,falsify,11,1,1,0.05,0.98,2,350,0,0,nan,nan,1.9,0.0484429,0,0,0.00513986,0,0.564026,7.47971,0.46293,5.54052
50,0.3,falsify,15,1,1,0.05,0.98,2,350,0,0,nan,nan,1.6,0.0600858,0,0,0.00593456,0,0.563577,11.4613,0.473594,5.15595
50,0.3,falsify,13,1,1,0.05,0.98,2,350,0.00677966,0,1,0.013468,26.7,0.0372881,0,0,0.00104185,0,0.562554,7.19736,0.499458,5.5933
50,0.3,falsify,14,1,1,0.05,0.98,2,350,0.0108303,0,1,0.0214286,9.6,0.0433213,0,0,0.00154281,0,0.561948,5.46081,0.507057,5.59206
50,0.3,falsify,16,1,1,0.05,0.98,2,350,0,0,nan,nan,31.3,0.0218978,0,0,0.000588661,0,0.561425,7.07062,0.480447,5.33383
50,0.3,falsify,17,1,1,0.05,0.98,2,350,0,0,nan,nan,1.6,0.0380228,0,0,0.00166494,0,0.562233,10.5121,0.466255,5.50115
50,0.3,falsify,18,1,1,0.05,0.98,2,350,0.0114068,0,1,0.0225564,7.90062,0.0570342,0,0,0.00322944,0,0.564662,7.90039,0.468574,5.68272
50,0.3,falsify,19,1,1,0.05,0.98,2,350,0.00338983,0,1,0.00675676,1.7,0.020339,0,0,0.00191414,0,0.563645,5.75695,0.47679,5.62819
50,0.3,falsify,21,1,1,0.05,0.98,2,350,0.0037594,0,1,0.00749064,2,0.075188,0,0,0.00415054,0,0.563715,7.9192,0.47462,5.77963
50,0.3,falsify,22,1,1,0.05,0.98,2,350,0.00381679,0,1,0.00760456,37.8,0.0534351,0,0,0.00272278,0,0.561493,8.49027,0.464692,5.26284
50,0.3,falsify,20,1,1,0.05,0.98,2,350,0.0033557,0,1,0.00668896,6.7,0.0503356,0,0,0.00147361,0,0.562609,7.04753,0.450117,5.76382
50,0.3,falsify,24,1,1,0.05,0.98,2,350,0,0,nan,nan,2.2,0.0258303,0,0,0.00129893,0,0.561807,8.83454,0.467591,5.29558
50,0.3,falsify,23,1,1,0.05,0.98,2,350,0.00374532,0,1,0.00746269,10.7,0.0599251,0,0,0.00218013,0,0.564047,4.24168,0.48129,5.52712
50,0.3,falsify,25,1,1,0.05,0.98,2,350,0,0,nan,nan,2.1,0.0655172,0,0,0.00279259,0,0.562431,8.4437,0.448852,5.59265
50,0.3,falsify,26,1,1,0.05,0.98,2,350,0.00383142,0,1,0.00763359,1.6,0.0651341,0,0,0.00455889,0,0.56648,6.19758,0.458966,5.63402
50,0.3,falsify,27,1,1,0.05,0.98,2,350,0.00724638,0,1,0.0143885,2.6,0.0615942,0,0,0.00155835,0,0.562701,9.62755,0.516371,5.62398
50,0.3,falsify,29,1,1,0.05,0.98,2,350,0,0,nan,nan,1.4,0.0656934,0,0,0.0018448,0,0.560778,7.41516,0.452779,5.57974
50,0.3,falsify,28,1,1,0.05,0.98,2,350,0.00636943,0,1,0.0126582,2.1,0.0509554,0,0,0.00283844,0,0.562465,8.83863,0.432194,5.70903
50,0.3,falsify,30,1,1,0.05,0.98,2,350,0,0,nan,nan,7.00014,0.0383275,0,0,0.000683268,0,0.560944,11.5511,0.454992,5.85573
50,0.3,dos,1,1,1,0.05,0.98,2,350,0,0,nan,nan,nan,0,0,0,0,0,0.5,6.49377,0.432562,7.30298
50,0.3,dos,3,1,1,0.05,0.98,2,350,0,0,nan,nan,nan,0,0,0,0,0,0.5,5.71206,0.499128,7.25099
50,0.3,dos,5,1,1,0.05,0.98,2,350,0,0,nan,nan,nan,0,0,0,0,0,0.5,8.74835,0.426257,7.44389
50,0.3,dos,6,1,1,0.05,0.98,2,350,0,0,nan,nan,nan,0,0,0,0,0,0.5,6.97905,0.42504,7.28536
50,0.3,dos,2,1,1,0.05,0.98,2,350,0,0,nan,nan,nan,0,0,0,0,0,0.5,9.01798,0.464522,7.37032
50,0.3,dos,4,1,1,0.05,0.98,2,350,0,0,nan,nan,nan,0,0,0,0,0,0.5,9.13026,0.442118,7.68031
50,0.3,dos,7,1,1,0.05,0.98,2,350,0,0,nan,nan,nan,0,0,0,0,0,0.5,13.0937,0.414121,7.61544
50,0.3,dos,8,1,1,0.05,0.98,2,350,0,0,nan,nan,nan,0,0,0,0,0,0.5,10.119,0.451801,7.32872
50,0.3,dos,9,1,1,0.05,0.98,2,350,0,0,nan,nan,nan,0,0,0,0,0,0.5,14.0453,0.460293,7.45028
50,0.3,dos,11,1,1,0.05,0.98,2,350,0,0,nan,nan,nan,0,0,0,0,0,0.5,7.70276,0.437863,7.24535
50,0.3,dos,10,1,1,0.05,0.98,2,350,0,0,nan,nan,nan,0,0,0,0,0,0.5,11.0956,0.466959,7.55139
50,0.3,dos,12,1,1,0.05,0.98,2,350,0,0,nan,nan,nan,0,0,0,0,0,0.5,7.98281,0.424125,7.52402
50,0.3,dos,13,1,1,0.05,0.98,2,350,0,0,nan,nan,nan,0,0,0,0,0,0.5,7.35653,0.469165,7.43195
50,0.3,dos,14,1,1,0.05,0.98,2,350,0,0,nan,nan,nan,0,0,0,0,0,0.5,5.65948,0.480514,7.46275
50,0.3,dos,15,1,1,0.05,0.98,2,350,0,0,nan,nan,nan,0,0,0,0,0,0.5,11.4826,0.457899,7.52711
50,0.3,dos,16,1,1,0.05,0.98,2,350,0,0,nan,nan,nan,0,0,0,0,0,0.5,7.17814,0.458242,7.36031
50,0.3,dos,18,1,1,0.05,0.98,2,350,0,0,nan,nan,nan,0,0,0,0,0,0.5,8.02956,0.43461,7.29653
50,0.3,dos,17,1,1,0.05,0.98,2,350,0,0,nan,nan,nan,0,0,0,0,0,0.5,10.6455,0.439755,7.47583
50,0.3,dos,19,1,1,0.05,0.98,2,350,0,0,nan,nan,nan,0,0,0,0,0,0.5,5.8515,0.456877,7.2178
50,0.3,dos,20,1,1,0.05,0.98,2,350,0,0,nan,nan,nan,0,0,0,0,0,0.5,6.92696,0.412169,7.58028
50,0.3,dos,21,1,1,0.05,0.98,2,350,0,0,nan,nan,nan,0,0,0,0,0,0.5,7.96573,0.439069,7.83285
50,0.3,dos,22,1,1,0.05,0.98,2,350,0,0,nan,nan,nan,0,0,0,0,0,0.5,8.5679,0.447058,7.57241
50,0.3,dos,23,1,1,0.05,0.98,2,350,0,0,nan,nan,nan,0,0,0,0,0,0.5,4.35937,0.455293,7.62452
50,0.3,dos,24,1,1,0.05,0.98,2,350,0,0,nan,nan,nan,0,0,0,0,0,0.5,8.98906,0.443831,7.37667
50,0.3,dos,25,1,1,0.05,0.98,2,350,0,0,nan,nan,nan,0,0,0,0,0,0.5,8.50587,0.416723,7.29531
50,0.3,dos,26,1,1,0.05,0.98,2,350,0,0,nan,nan,nan,0,0,0,0,0,0.5,6.39811,0.433637,7.44426
50,0.3,dos,27,1,1,0.05,0.98,2,350,0,0,nan,nan,nan,0,0,0,0,0,0.5,10.1236,0.48528,7.80603
50,0.3,mixedhard,1,1,1,0.05,0.98,2,350,0,0,nan,nan,4.55737,0.015873,238,0,0.00348132,0,0.50389,6.46108,0.463352,5.72508
50,0.3,dos,28,1,1,0.05,0.98,2,350,0,0,nan,nan,nan,0,0,0,0,0,0.5,8.77907,0.405845,7.65634
50,0.3,mixedhard,2,1,1,0.05,0.98,2,350,0.00442478,0,1,0.00881057,52.2,0.00884956,279,0,0.00123767,0.000490007,0.505713,9.01018,0.481257,6.27998
50,0.3,mixedhard,3,1,1,0.05,0.98,2,350,0,0,nan,nan,nan,0,213,0,0,0,0.502196,5.71243,0.519803,6.66919
50,0.3,dos,29,1,1,0.05,0.98,2,350,0,0,nan,nan,nan,0,0,0,0,0,0.5,7.63388,0.417773,7.30096
50,0.3,mixedhard,4,1,1,0.05,0.98,2,350,0,0,nan,nan,nan,0,239,0,0,0,0.505067,8.85374,0.479733,6.08343
50,0.3,mixedhard,5,1,1,0.05,0.98,2,350,0.00490196,0,1,0.0097561,9.99077,0.0441176,130,0,0.000848375,0,0.508457,8.72788,0.462004,6.37972
50,0.3,mixedhard,6,1,1,0.05,0.98,2,350,0,0,nan,nan,11.6,0.00458716,208,0,4.83945e-05,2.21705e-05,0.505438,6.77148,0.452925,6.2605
50,0.3,mixedhard,7,1,1,0.05,0.98,2,350,0,0,nan,nan,1.7,0.00543478,245,0,0.000420135,0.000497265,0.502527,13.1774,0.447352,6.37634
50,0.3,mixedhard,8,1,1,0.05,0.98,2,350,0.00423729,0,1,0.00843882,44.3,0.00847458,235,0,4.80931e-05,0,0.502821,9.80226,0.477144,6.66916
50,0.3,dos,30,1,1,0.05,0.98,2,350,0,0,nan,nan,nan,0,0,0,0,0,0.5,11.7436,0.420385,7.82843
50,0.3,mixedhard,9,1,1,0.05,0.98,2,350,0,0,nan,nan,6.92049,0.0248963,217,0,0.000793682,0,0.505784,13.9995,0.484091,6.14526
50,0.3,mixedhard,10,1,1,0.05,0.98,2,350,0.0154639,0,1,0.0304569,31.4,0.0515464,108,0,0.0165083,0,0.515144,11.0152,0.489428,6.0933
50,0.3,mixedhard,11,1,1,0.05,0.98,2,350,0,0,nan,nan,3.37475,0.0143541,173,0,5.84203e-05,0,0.505092,7.51474,0.458016,5.84509
50,0.3,mixedhard,12,1,1,0.05,0.98,2,350,0,0,nan,nan,48.4,0.00966184,225,1,0.00186459,0.000349501,0.506497,7.79801,0.451522,5.85749
50,0.3,mixedhard,13,1,1,0.05,0.98,2,350,0,0,nan,nan,0.236731,0.0128205,178,0,0.000130631,0,0.503902,7.19275,0.494302,6.88808
50,0.3,mixedhard,14,1,1,0.05,0.98,2,350,0,0,nan,nan,48.2,0.0206186,203,0,0.000216141,1.82872e-05,0.511267,5.51771,0.500503,6.28316
50,0.3,mixedhard,15,1,1,0.05,0.98,2,350,0,0,nan,nan,5.74028,0.0446927,149,0,0.00522652,0,0.511104,11.3802,0.471006,6.40112
50,0.3,mixedhard,16,1,1,0.05,0.98,2,350,0,0,nan,nan,2.7,0.00487805,176,0,4.11845e-05,0,0.504438,7.02218,0.478971,6.26737
50,0.3,mixedhard,17,1,1,0.05,0.98,2,350,0,0,nan,nan,nan,0,231,0,0,0,0.502264,10.5191,0.46513,6.10105
50,0.3,mixedhard,19,1,1,0.05,0.98,2,350,0,0,nan,nan,0.6,0.00460829,248,0,2.02626e-05,0,0.503424,5.76208,0.47472,6.20646
50,0.3,mixedhard,18,1,1,0.05,0.98,2,350,0,0,nan,nan,5.3,0.0307692,236,0,0.000278265,0,0.504703,8.03284,0.458117,6.56805
50,0.3,mixedhard,20,1,1,0.05,0.98,2,350,0,0,nan,nan,nan,0,400,0,0,0,0.506173,7.03988,0.45086,6.27887
50,0.3,mixedhard,21,1,1,0.05,0.98,2,350,0.00478469,0,1,0.00952381,49,0.0334928,200,0,0.00167416,0.0013968,0.504516,7.89651,0.468179,6.1503
50,0.3,mixedhard,25,1,1,0.05,0.98,2,350,0,0,nan,nan,3.7,0.0561224,197,0,0.00105369,0,0.520772,8.53851,0.438219,5.95851
50,0.3,mixedhard,22,1,1,0.05,0.98,2,350,0,0,nan,nan,16.4,0.0116959,189,0,7.34844e-05,0,0.505437,8.50878,0.465241,5.98725
50,0.3,mixedhard,23,1,1,0.05,0.98,2,350,0,0,nan,nan,3.42963,0.0634921,141,0,0.000763197,0,0.525102,4.27596,0.480546,6.1863
50,0.3,mixedhard,24,1,1,0.05,0.98,2,350,0,0,nan,nan,15.6,0.00549451,196,0,0.000925843,0.000539343,0.503771,8.83745,0.46478,6.19271
50,0.3,mixedhard,26,1,1,0.05,0.98,2,350,0,0,nan,nan,21.8991,0.005,116,0,1.89132e-05,0,0.503173,6.2837,0.451373,6.19623
50,0.3,mixedhard,27,1,1,0.05,0.98,2,350,0,0,nan,nan,19.2,0.00471698,153,0,0.00033396,5.6684e-05,0.503248,9.75433,0.510706,6.13919
50,0.3,mixedhard,28,1,1,0.05,0.98,2,350,0,0,nan,nan,nan,0,250,0,0,0,0.504939,8.81368,0.432295,6.16693
50,0.3,mixedhard,29,1,1,0.05,0.98,2,350,0,0,nan,nan,30.7459,0.0162162,231,0,0.000160753,0.000194317,0.503356,7.5261,0.440103,6.34919
50,0.3,mixedhard,1,1,0,0.05,0.98,0,350,0.597884,0,1,0.748344,1.5,0.597884,238,187,0.748954,0.0647937,0.857449,6.46108,0.463352,5.86733
50,0.3,mixedhard,30,1,1,0.05,0.98,2,350,0.00431034,0,1,0.00858369,3.39997,0.00862069,191,0,0.000125164,0,0.50533,11.5705,0.448073,6.56617
50,0.3,mixedhard,3,1,0,0.05,0.98,0,350,0.601036,0,1,0.750809,1,0.658031,213,161,0.861557,0.060541,0.921856,5.71243,0.519803,5.91017
50,0.3,mixedhard,2,1,0,0.05,0.98,0,350,0.628319,0,1,0.771739,1.1,0.650442,279,197,0.807532,0.125722,0.864799,9.01018,0.481257,5.9492
50,0.3,mixedhard,4,1,0,0.05,0.98,0,350,0.673077,0,1,0.804598,1.1,0.706731,239,177,0.808739,0.184212,0.844644,8.85374,0.479733,6.15241
50,0.3,mixedhard,5,1,0,0.05,0.98,0,350,0.617647,0,1,0.763636,1.5,0.622549,130,91,0.750271,0.0944775,0.843167,8.72788,0.462004,6.73663
50,0.3,mixedhard,6,1,0,0.05,0.98,0,350,0.752294,0,1,0.858639,1.1,0.788991,208,157,0.783217,0.106884,0.870429,6.77148,0.452925,6.33561
50,0.3,mixedhard,7,1,0,0.05,0.98,0,350,0.597826,0,1,0.748299,1.5,0.608696,245,176,0.750797,0.152029,0.815932,13.1774,0.447352,7.05352
50,0.3,mixedhard,9,1,0,0.05,0.98,0,350,0.73029,0,1,0.844125,1.4,0.738589,217,150,0.810925,0.14715,0.851438,13.9995,0.484091,6.85822
50,0.3,mixedhard,8,1,0,0.05,0.98,0,350,0.622881,0,1,0.767624,1.3,0.635593,235,178,0.794338,0.104753,0.863776,9.80226,0.477144,7.10285
50,0.3,mixedhard,10,1,0,0.05,0.98,0,350,0.536082,0,1,0.697987,1.1,0.541237,108,66,0.725012,0.0614076,0.842996,11.0152,0.489428,6.67067
50,0.3,mixedhard,13,1,0,0.05,0.98,0,350,0.653846,0.00171233,0.993506,0.78866,1.29979,0.662393,178,129,0.787414,0.0787484,0.872796,7.19275,0.494302,5.44029
50,0.3,mixedhard,11,1,0,0.05,0.98,0,350,0.665072,0,1,0.798851,1.98725,0.703349,173,131,0.794029,0.0450473,0.894086,7.51474,0.458016,6.16203
50,0.3,mixedhard,12,1,0,0.05,0.98,0,350,0.676329,0.00189753,0.992908,0.804598,1.3,0.68599,225,175,0.775935,0.098734,0.860452,7.79801,0.451522,5.70241
50,0.3,mixedhard,16,1,0,0.05,0.98,0,350,0.658537,0,1,0.794118,1.3,0.673171,176,126,0.773856,0.0924926,0.859961,7.02218,0.478971,5.67627
50,0.3,mixedhard,14,1,0,0.05,0.98,0,350,0.654639,0,1,0.791277,1.1,0.664948,203,145,0.719319,0.0913812,0.830948,5.51771,0.500503,5.75877
50,0.3,mixedhard,15,1,0,0.05,0.98,0,350,0.670391,0,1,0.802676,1.4,0.681564,149,120,0.807755,0.053935,0.888279,11.3802,0.471006,5.80935
50,0.3,mixedhard,17,1,0,0.05,0.98,0,350,0.591398,0,1,0.743243,1.65,0.612903,231,177,0.680989,0.128075,0.796386,10.5191,0.46513,5.65344
50,0.3,mixedhard,19,1,0,0.05,0.98,0,350,0.617512,0,1,0.763533,1.5,0.631336,248,199,0.742969,0.144542,0.826158,5.76208,0.47472,5.43061
50,0.3,mixedhard,18,1,0,0.05,0.98,0,350,0.74359,0,1,0.852941,1.37763,0.758974,236,184,0.830622,0.0944103,0.888675,8.03284,0.458117,5.81881
50,0.3,mixedhard,20,1,0,0.05,0.98,0,350,0.597938,0,1,0.748387,1.4,0.597938,400,313,0.704491,0.19006,0.788573,7.03988,0.45086,5.73562
50,0.3,mixedhard,23,1,0,0.05,0.98,0,350,0.603175,0,1,0.752475,1.19,0.608466,141,107,0.777931,0.0654546,0.868187,4.27596,0.480546,5.5191
50,0.3,mixedhard,22,1,0,0.05,0.98,0,350,0.766082,0,1,0.86755,1.2,0.783626,189,151,0.817587,0.110896,0.870229,8.50878,0.465241,5.63133
50,0.3,mixedhard,21,1,0,0.05,0.98,0,350,0.598086,0,1,0.748503,1.3,0.617225,200,139,0.690179,0.0794057,0.818117,7.89651,0.468179,5.71558
50,0.3,mixedhard,24,1,0,0.05,0.98,0,350,0.692308,0,1,0.818182,1.3,0.71978,196,143,0.86367,0.248965,0.827947,8.83745,0.46478,5.8465
50,0.3,mixedhard,25,1,0,0.05,0.98,0,350,0.632653,0,1,0.775,0.9,0.658163,197,134,0.842762,0.127277,0.882001,8.53851,0.438219,6.01322
50,0.3,mixedhard,26,1,0,0.05,0.98,0,350,0.595,0,1,0.746082,1.39995,0.6,116,75,0.814329,0.0767983,0.881951,6.2837,0.451373,5.73062
50,0.3,mixedhard,27,1,0,0.05,0.98,0,350,0.580189,0,1,0.734328,1.3,0.59434,153,126,0.816322,0.0505054,0.896439,9.75433,0.510706,5.83791
50,0.3,mixedhard,30,1,0,0.05,0.98,0,350,0.698276,0,1,0.822335,1.2,0.715517,191,145,0.799299,0.0851041,0.882008,11.5705,0.448073,5.71487
50,0.3,mixedhard,28,1,0,0.05,0.98,0,350,0.680672,0,1,0.81,1.49085,0.684874,250,177,0.767565,0.124606,0.835925,8.81368,0.432295,5.71767
50,0.3,mixedhard,29,1,0,0.05,0.98,0,350,0.681081,0,1,0.810289,1.49997,0.702703,231,159,0.825145,0.158973,0.863713,7.5261,0.440103,6.1016
50,0.3,mixedhard,1,1,0,0.05,0.98,1,350,0.597884,0,1,0.748344,1.5,0.597884,238,187,0.748954,0.0647937,0.857449,6.46108,0.463352,5.77777
50,0.3,mixedhard,2,1,0,0.05,0.98,1,350,0.628319,0,1,0.771739,1.1,0.650442,279,197,0.807532,0.125722,0.86478,9.01018,0.481257,5.76511
50,0.3,mixedhard,3,1,0,0.05,0.98,1,350,0.601036,0,1,0.750809,1,0.658031,213,161,0.861557,0.060541,0.921856,5.71243,0.519803,6.06898
50,0.3,mixedhard,4,1,0,0.05,0.98,1,350,0.673077,0,1,0.804598,1.1,0.706731,239,177,0.808739,0.184212,0.844638,8.85374,0.479733,5.89344
50,0.3,mixedhard,6,1,0,0.05,0.98,1,350,0.752294,0,1,0.858639,1.1,0.788991,208,157,0.783193,0.106795,0.870426,6.77148,0.452925,5.92583
50,0.3,mixedhard,5,1,0,0.05,0.98,1,350,0.617647,0,1,0.763636,1.5,0.622549,130,91,0.750271,0.0944775,0.843164,8.72788,0.462004,6.01303
50,0.3,mixedhard,7,1,0,0.05,0.98,1,350,0.597826,0,1,0.748299,1.5,0.608696,245,176,0.750797,0.152029,0.815913,13.1774,0.447352,5.8328
50,0.3,mixedhard,8,1,0,0.05,0.98,1,350,0.622881,0,1,0.767624,1.3,0.635593,235,178,0.794338,0.104753,0.863776,9.80226,0.477144,6.20818
50,0.3,mixedhard,9,1,0,0.05,0.98,1,350,0.73029,0,1,0.844125,1.4,0.738589,217,150,0.810925,0.14715,0.851438,13.9995,0.484091,5.50129
50,0.3,mixedhard,10,1,0,0.05,0.98,1,350,0.536082,0,1,0.697987,1.1,0.541237,108,66,0.724252,0.0614076,0.842983,11.0152,0.489428,5.53943
50,0.3,mixedhard,12,1,0,0.05,0.98,1,350,0.676329,0.00189753,0.992908,0.804598,1.3,0.68599,225,175,0.775935,0.098734,0.860314,7.79801,0.451522,5.45075
50,0.3,mixedhard,11,1,0,0.05,0.98,1,350,0.665072,0,1,0.798851,1.98725,0.703349,173,131,0.793971,0.0450473,0.894066,7.51474,0.458016,5.69329
50,0.3,mixedhard,14,1,0,0.05,0.98,1,350,0.654639,0,1,0.791277,1.1,0.664948,203,145,0.719319,0.0913812,0.830948,5.51771,0.500503,5.49085
50,0.3,mixedhard,13,1,0,0.05,0.98,1,350,0.653846,0.00171233,0.993506,0.78866,1.29979,0.662393,178,128,0.787414,0.0784196,0.872853,7.19275,0.494302,5.95549
50,0.3,mixedhard,15,1,0,0.05,0.98,1,350,0.670391,0,1,0.802676,1.4,0.681564,149,120,0.807755,0.053935,0.888279,11.3802,0.471006,5.80055
50,0.3,mixedhard,17,1,0,0.05,0.98,1,350,0.591398,0,1,0.743243,1.65,0.612903,231,177,0.680989,0.128075,0.796378,10.5191,0.46513,5.36607
50,0.3,mixedhard,16,1,0,0.05,0.98,1,350,0.658537,0,1,0.794118,1.3,0.673171,176,126,0.773856,0.0924926,0.85996,7.02218,0.478971,5.62367
50,0.3,mixedhard,19,1,0,0.05,0.98,1,350,0.617512,0,1,0.763533,1.5,0.631336,248,199,0.742969,0.144542,0.826156,5.76208,0.47472,5.84558
50,0.3,mixedhard,18,1,0,0.05,0.98,1,350,0.74359,0,1,0.852941,1.37763,0.758974,236,184,0.830558,0.0944103,0.888644,8.03284,0.458117,5.73851
50,0.3,mixedhard,20,1,0,0.05,0.98,1,350,0.597938,0,1,0.748387,1.4364,0.597938,400,313,0.704447,0.19006,0.788536,7.03988,0.45086,5.63525
50,0.3,mixedhard,21,1,0,0.05,0.98,1,350,0.598086,0,1,0.748503,1.3,0.617225,200,139,0.690179,0.0794057,0.818106,7.89651,0.468179,5.79955
50,0.3,mixedhard,22,1,0,0.05,0.98,1,350,0.766082,0,1,0.86755,1.2,0.783626,189,151,0.817587,0.110896,0.870193,8.50878,0.465241,5.94538
50,0.3,mixedhard,23,1,0,0.05,0.98,1,350,0.603175,0,1,0.752475,1.19,0.608466,141,107,0.777931,0.0654546,0.868187,4.27596,0.480546,5.53582
50,0.3,mixedhard,24,1,0,0.05,0.98,1,350,0.692308,0,1,0.818182,1.3,0.71978,196,143,0.86367,0.248965,0.827947,8.83745,0.46478,5.61601
50,0.3,mixedhard,25,1,0,0.05,0.98,1,350,0.632653,0,1,0.775,0.9,0.658163,197,134,0.842139,0.127277,0.881921,8.53851,0.438219,6.26627
50,0.3,mixedhard,26,1,0,0.05,0.98,1,350,0.595,0,1,0.746082,1.39995,0.6,116,75,0.814329,0.0767983,0.881923,6.2837,0.451373,5.97075
50,0.3,mixedhard,27,1,0,0.05,0.98,1,350,0.580189,0,1,0.734328,1.3,0.59434,153,126,0.816322,0.0505054,0.896439,9.75433,0.510706,5.86956
50,0.3,mixedhard,28,1,0,0.05,0.98,1,350,0.680672,0,1,0.81,1.49085,0.684874,250,177,0.767517,0.124606,0.835924,8.81368,0.432295,6.11091
50,0.3,mixedhard,29,1,0,0.05,0.98,1,350,0.681081,0,1,0.810289,1.49997,0.702703,231,159,0.825145,0.158973,0.863713,7.5261,0.440103,6.59218
50,0.3,mixedhard,30,1,0,0.05,0.98,1,350,0.698276,0,1,0.822335,1.2,0.715517,191,145,0.799299,0.0851041,0.882087,11.5705,0.448073,6.33239
50,0.3,mixedhard,1,1,0,0.05,0.98,2,350,0.597884,0,1,0.748344,1.5,0.597884,238,187,0.748954,0.0647937,0.8569,6.46108,0.463352,6.28541
50,0.3,mixedhard,2,1,0,0.05,0.98,2,350,0.628319,0,1,0.771739,1.1,0.650442,279,197,0.807532,0.125722,0.86478,9.01018,0.481257,6.05678
50,0.3,mixedhard,3,1,0,0.05,0.98,2,350,0.601036,0,1,0.750809,1,0.658031,213,161,0.861524,0.0605232,0.921855,5.71243,0.519803,6.51151
50,0.3,mixedhard,4,1,0,0.05,0.98,2,350,0.673077,0,1,0.804598,1.1,0.706731,239,176,0.808739,0.184153,0.844642,8.85374,0.479733,6.13121
50,0.3,mixedhard,5,1,0,0.05,0.98,2,350,0.617647,0,1,0.763636,1.5,0.622549,130,91,0.750271,0.0944775,0.843163,8.72788,0.462004,6.66822
50,0.3,mixedhard,6,1,0,0.05,0.98,2,350,0.752294,0,1,0.858639,1.1,0.788991,208,157,0.783193,0.106795,0.870444,6.77148,0.452925,6.26193
50,0.3,mixedhard,7,1,0,0.05,0.98,2,350,0.597826,0,1,0.748299,1.5,0.608696,245,176,0.750751,0.152029,0.815903,13.1774,0.447352,6.89749
50,0.3,mixedhard,8,1,0,0.05,0.98,2,350,0.622881,0,1,0.767624,1.3,0.635593,235,178,0.79429,0.104532,0.863828,9.80226,0.477144,7.09393
50,0.3,mixedhard,10,1,0,0.05,0.98,2,350,0.536082,0,1,0.697987,1.1,0.541237,108,66,0.724252,0.0614076,0.842979,11.0152,0.489428,6.87461
50,0.3,mixedhard,9,1,0,0.05,0.98,2,350,0.73029,0,1,0.844125,1.47076,0.738589,217,150,0.810846,0.14715,0.851436,13.9995,0.484091,7.35029
50,0.3,mixedhard,11,1,0,0.05,0.98,2,350,0.665072,0,1,0.798851,1.98725,0.703349,173,131,0.793971,0.0450473,0.894047,7.51474,0.458016,6.84294
50,0.3,mixedhard,12,1,0,0.05,0.98,2,350,0.676329,0.00189753,0.992908,0.804598,1.3,0.68599,225,175,0.775935,0.098734,0.86028,7.79801,0.451522,6.67484
50,0.3,mixedhard,13,1,0,0.05,0.98,2,350,0.653846,0.00171233,0.993506,0.78866,1.29979,0.662393,178,128,0.787348,0.0784196,0.872852,7.19275,0.494302,7.69588
50,0.3,mixedhard,14,1,0,0.05,0.98,2,350,0.654639,0,1,0.791277,1.1,0.664948,203,145,0.719319,0.0913812,0.830908,5.51771,0.500503,6.95778
50,0.3,mixedhard,15,1,0,0.05,0.98,2,350,0.670391,0,1,0.802676,1.4,0.681564,149,120,0.807755,0.053935,0.888259,11.3802,0.471006,6.75049
50,0.3,mixedhard,17,1,0,0.05,0.98,2,350,0.591398,0,1,0.743243,1.65,0.612903,231,177,0.680943,0.128075,0.796377,10.5191,0.46513,6.17304
50,0.3,mixedhard,16,1,0,0.05,0.98,2,350,0.658537,0,1,0.794118,1.4,0.673171,176,126,0.773733,0.0924926,0.859927,7.02218,0.478971,6.39679
50,0.3,mixedhard,18,1,0,0.05,0.98,2,350,0.74359,0,1,0.852941,1.37763,0.758974,236,184,0.830558,0.0944103,0.888644,8.03284,0.458117,6.47382
50,0.3,mixedhard,19,1,0,0.05,0.98,2,350,0.617512,0,1,0.763533,1.56,0.631336,248,199,0.742928,0.144542,0.826114,5.76208,0.47472,6.25662
50,0.3,mixedhard,20,1,0,0.05,0.98,2,350,0.597938,0,1,0.748387,1.5,0.597938,400,313,0.704229,0.19006,0.788329,7.03988,0.45086,6.41168
50,0.3,mixedhard,22,1,0,0.05,0.98,2,350,0.766082,0,1,0.86755,1.25057,0.783626,189,151,0.817514,0.110896,0.870187,8.50878,0.465241,6.07649
50,0.3,mixedhard,21,1,0,0.05,0.98,2,350,0.598086,0,1,0.748503,1.3,0.617225,200,139,0.690179,0.0794057,0.818074,7.89651,0.468179,6.47107
50,0.3,mixedhard,23,1,0,0.05,0.98,2,350,0.603175,0,1,0.752475,1.19,0.608466,141,107,0.777931,0.0654546,0.868185,4.27596,0.480546,6.16288
50,0.3,mixedhard,24,1,0,0.05,0.98,2,350,0.692308,0,1,0.818182,1.3,0.71978,196,143,0.863509,0.248965,0.827867,8.83745,0.46478,6.33304
50,0.3,mixedhard,25,1,0,0.05,0.98,2,350,0.632653,0,1,0.775,1,0.658163,197,134,0.841976,0.127277,0.881953,8.53851,0.438219,7.02947
50,0.3,mixedhard,26,1,0,0.05,0.98,2,350,0.595,0,1,0.746082,1.4,0.6,116,75,0.814291,0.0767983,0.881922,6.2837,0.451373,6.61439
50,0.3,mixedhard,27,1,0,0.05,0.98,2,350,0.580189,0,1,0.734328,1.3,0.59434,153,126,0.816322,0.0505054,0.896438,9.75433,0.510706,6.45476
50,0.3,mixedhard,29,1,0,0.05,0.98,2,350,0.681081,0,1,0.810289,1.49997,0.702703,231,159,0.825145,0.158973,0.863713,7.5261,0.440103,6.54975
50,0.3,mixedhard,28,1,0,0.05,0.98,2,350,0.680672,0,1,0.81,1.49085,0.684874,250,177,0.767501,0.124606,0.83592,8.81368,0.432295,6.50751
50,0.3,mixedhard,30,1,0,0.05,0.98,2,350,0.698276,0,1,0.822335,1.2,0.715517,191,145,0.799299,0.0851041,0.882048,11.5705,0.448073,6.22848
50,0.3,mixedhard,1,1,0,0.05,0.98,4,350,0.597884,0,1,0.748344,1.7,0.597884,238,187,0.748054,0.0647937,0.860864,6.46108,0.463352,5.97304
50,0.3,mixedhard,3,1,0,0.05,0.98,4,350,0.595855,0,1,0.746753,1.00013,0.65285,213,161,0.861147,0.0605232,0.921543,5.71243,0.519803,6.45431
50,0.3,mixedhard,2,1,0,0.05,0.98,4,350,0.628319,0,1,0.771739,1.1,0.650442,279,196,0.807178,0.124969,0.867591,9.01018,0.481257,6.41585
50,0.3,mixedhard,4,1,0,0.05,0.98,4,350,0.673077,0,1,0.804598,1.2845,0.706731,239,176,0.807959,0.184153,0.844042,8.85374,0.479733,6.06435
50,0.3,mixedhard,6,1,0,0.05,0.98,4,350,0.752294,0,1,0.858639,1.4,0.788991,208,158,0.781983,0.107194,0.869868,6.77148,0.452925,5.84978
50,0.3,mixedhard,5,1,0,0.05,0.98,4,350,0.617647,0,1,0.763636,1.74,0.622549,130,91,0.7487,0.0944775,0.843202,8.72788,0.462004,6.76496
50,0.3,mixedhard,8,1,0,0.05,0.98,4,350,0.622881,0,1,0.767624,1.5,0.635593,235,178,0.793873,0.104532,0.863229,9.80226,0.477144,6.9586
50,0.3,mixedhard,10,1,0,0.05,0.98,4,350,0.536082,0,1,0.697987,1.4,0.541237,108,66,0.722732,0.0614076,0.840555,11.0152,0.489428,6.21422
50,0.3,mixedhard,7,1,0,0.05,0.98,4,350,0.592391,0,1,0.744027,1.6,0.603261,245,177,0.750222,0.153119,0.815964,13.1774,0.447352,7.10348
50,0.3,mixedhard,9,1,0,0.05,0.98,4,350,0.73029,0,1,0.844125,1.5,0.738589,217,150,0.810449,0.147084,0.851172,13.9995,0.484091,6.67977
50,0.3,mixedhard,11,1,0,0.05,0.98,4,350,0.665072,0,1,0.798851,2,0.708134,173,131,0.79401,0.0450473,0.893289,7.51474,0.458016,6.76705
50,0.3,mixedhard,12,1,0,0.05,0.98,4,350,0.681159,0.00189753,0.992958,0.808023,1.3,0.690821,225,175,0.775402,0.0984039,0.860851,7.79801,0.451522,6.41749
50,0.3,mixedhard,13,1,0,0.05,0.98,4,350,0.653846,0.00171233,0.993506,0.78866,1.5,0.662393,178,127,0.786581,0.0780359,0.871875,7.19275,0.494302,6.91536
50,0.3,mixedhard,14,1,0,0.05,0.98,4,350,0.654639,0,1,0.791277,1.19937,0.664948,203,145,0.717806,0.0913629,0.829404,5.51771,0.500503,6.13254
50,0.3,mixedhard,15,1,0,0.05,0.98,4,350,0.670391,0,1,0.802676,1.6,0.681564,149,119,0.807177,0.0537463,0.887949,11.3802,0.471006,6.26031
50,0.3,mixedhard,16,1,0,0.05,0.98,4,350,0.658537,0,1,0.794118,1.6,0.673171,176,126,0.772765,0.0926363,0.856967,7.02218,0.478971,6.3239
50,0.3,mixedhard,17,1,0,0.05,0.98,4,350,0.591398,0,1,0.743243,1.8,0.612903,231,177,0.680391,0.128304,0.795965,10.5191,0.46513,5.97666
50,0.3,mixedhard,19,1,0,0.05,0.98,4,350,0.617512,0,1,0.763533,1.6,0.631336,248,199,0.742138,0.144542,0.825014,5.76208,0.47472,6.07332
50,0.3,mixedhard,18,1,0,0.05,0.98,4,350,0.74359,0,1,0.852941,1.37763,0.758974,236,184,0.83028,0.0944103,0.889147,8.03284,0.458117,6.09655
50,0.3,mixedhard,20,1,0,0.05,0.98,4,350,0.592784,0,1,0.744337,1.8,0.597938,400,312,0.702612,0.189528,0.789797,7.03988,0.45086,6.11286
50,0.3,mixedhard,22,1,0,0.05,0.98,4,350,0.766082,0,1,0.86755,1.3,0.783626,189,151,0.816681,0.110896,0.869735,8.50878,0.465241,6.62276
50,0.3,mixedhard,21,1,0,0.05,0.98,4,350,0.598086,0,1,0.748503,1.6,0.617225,200,139,0.688021,0.0787285,0.816994,7.89651,0.468179,6.16549
50,0.3,mixedhard,23,1,0,0.05,0.98,4,350,0.603175,0,1,0.752475,1.3,0.608466,141,107,0.777274,0.0654546,0.871564,4.27596,0.480546,6.90721
50,0.3,mixedhard,24,1,0,0.05,0.98,4,350,0.686813,0,1,0.814332,1.69,0.714286,196,143,0.861818,0.249022,0.826595,8.83745,0.46478,6.55082
50,0.3,mixedhard,26,1,0,0.05,0.98,4,350,0.595,0,1,0.746082,1.6,0.6,116,75,0.813061,0.0767983,0.881133,6.2837,0.451373,6.9471
50,0.3,mixedhard,25,1,0,0.05,0.98,4,350,0.632653,0,1,0.775,1,0.658163,197,134,0.841575,0.126595,0.881347,8.53851,0.438219,7.45743
50,0.3,mixedhard,27,1,0,0.05,0.98,4,350,0.580189,0,1,0.734328,1.3,0.59434,153,126,0.81539,0.05094,0.894075,9.75433,0.510706,7.05047
50,0.3,mixedhard,29,1,0,0.05,0.98,4,350,0.681081,0,1,0.810289,1.5,0.702703,231,159,0.824823,0.158973,0.864076,7.5261,0.440103,6.58099
50,0.3,mixedhard,28,1,0,0.05,0.98,4,350,0.676471,0,1,0.807018,1.5,0.680672,250,177,0.767198,0.124606,0.835929,8.81368,0.432295,6.85221
50,0.3,mixedhard,30,1,0,0.05,0.98,4,350,0.698276,0,1,0.822335,1.29813,0.715517,191,144,0.798517,0.085031,0.881763,11.5705,0.448073,6.60741
50,0.3,mixedhard,1,1,0,0.05,0.98,8,350,0.603175,0.0205339,0.919355,0.728435,2.4,0.624339,238,192,0.745316,0.0803458,0.856526,6.46108,0.463352,6.51139
50,0.3,mixedhard,3,1,0,0.05,0.98,8,350,0.595855,0.0191205,0.92,0.72327,1.3,0.647668,213,168,0.857465,0.0804551,0.91586,5.71243,0.519803,6.22114
50,0.3,mixedhard,2,1,0,0.05,0.98,8,350,0.641593,0.00936768,0.973154,0.773333,1.43584,0.690265,279,202,0.812188,0.146215,0.862818,9.01018,0.481257,6.0986
50,0.3,mixedhard,4,1,0,0.05,0.98,8,350,0.668269,0.017316,0.945578,0.783099,1.50175,0.725962,239,179,0.809358,0.203908,0.844949,8.85374,0.479733,5.8925
50,0.3,mixedhard,6,1,0,0.05,0.98,8,350,0.756881,0.0309917,0.916667,0.829146,1.70001,0.793578,208,162,0.779684,0.126084,0.860273,6.77148,0.452925,5.65274
50,0.3,mixedhard,5,1,0,0.05,0.98,8,350,0.617647,0.016158,0.933333,0.743363,2.4,0.647059,130,92,0.748069,0.10641,0.841932,8.72788,0.462004,6.19844
50,0.3,mixedhard,7,1,0,0.05,0.98,8,350,0.597826,0.0191571,0.916667,0.723684,2,0.61413,245,179,0.748588,0.16775,0.816404,13.1774,0.447352,6.30399
50,0.3,mixedhard,8,1,0,0.05,0.98,8,350,0.644068,0.0265655,0.915663,0.756219,2.07,0.677966,235,179,0.794915,0.119229,0.858722,9.80226,0.477144,6.37071
50,0.3,mixedhard,9,1,0,0.05,0.98,8,350,0.73029,0.0152091,0.956522,0.828235,1.8,0.742739,217,154,0.803524,0.160797,0.845921,13.9995,0.484091,6.1263
50,0.3,mixedhard,10,1,0,0.05,0.98,8,350,0.520619,0.00772201,0.961905,0.675585,1.9,0.541237,108,66,0.715653,0.0719554,0.844133,11.0152,0.489428,5.97228
50,0.3,mixedhard,11,1,0,0.05,0.98,8,350,0.679426,0.0251678,0.904459,0.775956,2.3,0.760766,173,134,0.801975,0.0686367,0.894005,7.51474,0.458016,6.02946
50,0.3,mixedhard,12,1,0,0.05,0.98,8,350,0.676329,0.0151803,0.945946,0.788732,2.1,0.695652,225,176,0.768476,0.11951,0.852816,7.79801,0.451522,6.0635
50,0.3,mixedhard,13,1,0,0.05,0.98,8,350,0.649573,0.0239726,0.915663,0.76,1.50003,0.662393,178,128,0.779608,0.0870963,0.862294,7.19275,0.494302,6.75463
50,0.3,mixedhard,14,1,0,0.05,0.98,8,350,0.649485,0.00567108,0.976744,0.780186,1.5,0.685567,203,149,0.711689,0.103945,0.830519,5.51771,0.500503,6.35515
50,0.3,mixedhard,15,1,0,0.05,0.98,8,350,0.715084,0.0176471,0.934307,0.810127,2.1,0.748603,149,120,0.813932,0.0756391,0.891062,11.3802,0.471006,6.63614
50,0.3,mixedhard,17,1,0,0.05,0.98,8,350,0.569892,0.0317164,0.861789,0.686084,2.3,0.623656,231,179,0.681081,0.1395,0.800634,10.5191,0.46513,6.31568
50,0.3,mixedhard,16,1,0,0.05,0.98,8,350,0.663415,0.0212355,0.92517,0.772727,2.1,0.682927,176,125,0.765907,0.106337,0.849411,7.02218,0.478971,6.40392
50,0.3,mixedhard,18,1,0,0.05,0.98,8,350,0.74359,0.0220994,0.923567,0.823864,1.66922,0.769231,236,184,0.826127,0.112477,0.882953,8.03284,0.458117,6.54172
50,0.3,mixedhard,19,1,0,0.05,0.98,8,350,0.617512,0.0286344,0.911565,0.736264,2.04,0.645161,248,200,0.737417,0.166148,0.814631,5.76208,0.47472,6.25664
50,0.3,mixedhard,20,1,0,0.05,0.98,8,350,0.592784,0.00645161,0.974576,0.737179,2.3,0.603093,400,316,0.697785,0.206031,0.783003,7.03988,0.45086,6.08601
50,0.3,mixedhard,21,1,0,0.05,0.98,8,350,0.617225,0.01222,0.955556,0.75,1.8,0.660287,200,140,0.697178,0.103596,0.816598,7.89651,0.468179,6.17036
50,0.3,mixedhard,22,1,0,0.05,0.98,8,350,0.766082,0.00831601,0.97037,0.856209,1.7,0.80117,189,151,0.817906,0.117941,0.866313,8.50878,0.465241,6.2747
50,0.3,mixedhard,23,1,0,0.05,0.98,8,350,0.62963,0.0214425,0.915385,0.746082,1.7,0.661376,141,108,0.782107,0.0808171,0.873812,4.27596,0.480546,6.68198
50,0.3,mixedhard,24,1,0,0.05,0.98,8,350,0.681319,0.0340681,0.879433,0.767802,2.1,0.71978,196,147,0.851313,0.265492,0.820723,8.83745,0.46478,6.38435
50,0.3,mixedhard,25,1,0,0.05,0.98,8,350,0.637755,0.026,0.905797,0.748503,1.2,0.678571,197,135,0.840996,0.139639,0.879381,8.53851,0.438219,6.97813
50,0.3,mixedhard,26,1,0,0.05,0.98,8,350,0.595,0.0204429,0.908397,0.719033,1.94,0.62,116,78,0.811719,0.0958592,0.876588,6.2837,0.451373,6.54712
50,0.3,mixedhard,27,1,0,0.05,0.98,8,350,0.599057,0.0247619,0.907143,0.721591,2.2,0.683962,153,128,0.81481,0.0737837,0.897357,9.75433,0.510706,6.61934
50,0.3,mixedhard,29,1,0,0.05,0.98,8,350,0.681081,0.0151188,0.947368,0.792453,1.98,0.72973,231,159,0.82665,0.173223,0.863082,7.5261,0.440103,6.68216
50,0.3,mixedhard,28,1,0,0.05,0.98,8,350,0.663866,0.0253906,0.923977,0.772616,1.7789,0.676471,250,183,0.765891,0.145941,0.829616,8.81368,0.432295,6.46843
50,0.3,mixedhard,1,0,0,0.05,0.98,2,350,nan,nan,nan,nan,nan,nan,0,0,nan,nan,nan,6.46108,0.463352,0
50,0.3,mixedhard,30,1,0,0.05,0.98,8,350,0.702586,0.0209059,0.931429,0.800983,1.6,0.75,191,147,0.805088,0.0996166,0.884385,11.5705,0.448073,6.85357
50,0.3,mixedhard,2,0,0,0.05,0.98,2,350,nan,nan,nan,nan,nan,nan,0,0,nan,nan,nan,9.01018,0.481257,0
50,0.3,mixedhard,3,0,0,0.05,0.98,2,350,nan,nan,nan,nan,nan,nan,0,0,nan,nan,nan,5.71243,0.519803,0
50,0.3,mixedhard,4,0,0,0.05,0.98,2,350,nan,nan,nan,nan,nan,nan,0,0,nan,nan,nan,8.85374,0.479733,0
50,0.3,mixedhard,5,0,0,0.05,0.98,2,350,nan,nan,nan,nan,nan,nan,0,0,nan,nan,nan,8.72788,0.462004,0
50,0.3,mixedhard,6,0,0,0.05,0.98,2,350,nan,nan,nan,nan,nan,nan,0,0,nan,nan,nan,6.77148,0.452925,0
50,0.3,mixedhard,7,0,0,0.05,0.98,2,350,nan,nan,nan,nan,nan,nan,0,0,nan,nan,nan,13.1774,0.447352,0
50,0.3,mixedhard,8,0,0,0.05,0.98,2,350,nan,nan,nan,nan,nan,nan,0,0,nan,nan,nan,9.80226,0.477144,0
50,0.3,mixedhard,9,0,0,0.05,0.98,2,350,nan,nan,nan,nan,nan,nan,0,0,nan,nan,nan,13.9995,0.484091,0
50,0.3,mixedhard,10,0,0,0.05,0.98,2,350,nan,nan,nan,nan,nan,nan,0,0,nan,nan,nan,11.0152,0.489428,0
50,0.3,mixedhard,12,0,0,0.05,0.98,2,350,nan,nan,nan,nan,nan,nan,0,0,nan,nan,nan,7.79801,0.451522,0
50,0.3,mixedhard,11,0,0,0.05,0.98,2,350,nan,nan,nan,nan,nan,nan,0,0,nan,nan,nan,7.51474,0.458016,0
50,0.3,mixedhard,13,0,0,0.05,0.98,2,350,nan,nan,nan,nan,nan,nan,0,0,nan,nan,nan,7.19275,0.494302,0
50,0.3,mixedhard,14,0,0,0.05,0.98,2,350,nan,nan,nan,nan,nan,nan,0,0,nan,nan,nan,5.51771,0.500503,0
50,0.3,mixedhard,15,0,0,0.05,0.98,2,350,nan,nan,nan,nan,nan,nan,0,0,nan,nan,nan,11.3802,0.471006,0
50,0.3,mixedhard,16,0,0,0.05,0.98,2,350,nan,nan,nan,nan,nan,nan,0,0,nan,nan,nan,7.02218,0.478971,0
50,0.3,mixedhard,17,0,0,0.05,0.98,2,350,nan,nan,nan,nan,nan,nan,0,0,nan,nan,nan,10.5191,0.46513,0
50,0.3,mixedhard,18,0,0,0.05,0.98,2,350,nan,nan,nan,nan,nan,nan,0,0,nan,nan,nan,8.03284,0.458117,0
50,0.3,mixedhard,19,0,0,0.05,0.98,2,350,nan,nan,nan,nan,nan,nan,0,0,nan,nan,nan,5.76208,0.47472,0
50,0.3,mixedhard,20,0,0,0.05,0.98,2,350,nan,nan,nan,nan,nan,nan,0,0,nan,nan,nan,7.03988,0.45086,0
50,0.3,mixedhard,22,0,0,0.05,0.98,2,350,nan,nan,nan,nan,nan,nan,0,0,nan,nan,nan,8.50878,0.465241,0
50,0.3,mixedhard,21,0,0,0.05,0.98,2,350,nan,nan,nan,nan,nan,nan,0,0,nan,nan,nan,7.89651,0.468179,0
50,0.3,mixedhard,23,0,0,0.05,0.98,2,350,nan,nan,nan,nan,nan,nan,0,0,nan,nan,nan,4.27596,0.480546,0
50,0.3,mixedhard,24,0,0,0.05,0.98,2,350,nan,nan,nan,nan,nan,nan,0,0,nan,nan,nan,8.83745,0.46478,0
50,0.3,mixedhard,26,0,0,0.05,0.98,2,350,nan,nan,nan,nan,nan,nan,0,0,nan,nan,nan,6.2837,0.451373,0
50,0.3,mixedhard,25,0,0,0.05,0.98,2,350,nan,nan,nan,nan,nan,nan,0,0,nan,nan,nan,8.53851,0.438219,0
50,0.3,mixedhard,27,0,0,0.05,0.98,2,350,nan,nan,nan,nan,nan,nan,0,0,nan,nan,nan,9.75433,0.510706,0
50,0.3,mixedhard,29,0,0,0.05,0.98,2,350,nan,nan,nan,nan,nan,nan,0,0,nan,nan,nan,7.5261,0.440103,0
50,0.3,mixedhard,28,0,0,0.05,0.98,2,350,nan,nan,nan,nan,nan,nan,0,0,nan,nan,nan,8.81368,0.432295,0
50,0.3,mixedhard,30,0,0,0.05,0.98,2,350,nan,nan,nan,nan,nan,nan,0,0,nan,nan,nan,11.5705,0.448073,0
