experiment_id,mode,stage,family,arm,replicate,seed,serial,wall_duration_s,schema,n,frac,n_attackers,attack,run,sim_time,interval,detector,score_model,null_ev,naive_th,prior,threshold,decay,decay_half_life_s,warmup,attack_start_s,comm_range,gps_sigma,detector_gps_sigma,spd_sigma,clock_sigma,bsm_bytes,sent,received,invalid_bsm,assigned_attacker_rx,attack_active_rx,malicious_rx,malicious_expected_pairs,malicious_expected_pairs_observed,malicious_observed_pairs_any_range,malicious_zero_reception_pairs,pairs,stream_tp,stream_fp,stream_tn,stream_fn,stream_tpr,stream_fpr,stream_precision,stream_f1,owner_tp,owner_fp,owner_tn,owner_fn,owner_tpr,owner_fpr,owner_precision,owner_f1,clean_fp,clean_tn,clean_fpr,victim_pairs,victim_pairs_alerted,victim_ids,victim_ids_alerted,contested_tp,contested_fp,contested_tn,contested_fn,contested_tpr,contested_fpr,contested_precision,contested_f1,victim_pairs_contested,victim_ids_contested,final_stream_tp,final_stream_fp,final_stream_tn,final_stream_fn,final_stream_tpr,final_stream_fpr,final_stream_precision,final_stream_f1,final_owner_tp,final_owner_fp,final_owner_tn,final_owner_fn,final_owner_tpr,final_owner_fpr,final_owner_precision,final_owner_f1,median_ttd,ttd_detected_frac,stream_auc,owner_auc,latency_sum_s,latency_n,latency_ms,pdr_rx,pdr_expected,pdr,det_calls,det_nanos,det_us,eval_window_start_s,onset_blank_s,eligible_pairs,ineligible_pairs,track_stream_tp,track_stream_fp,track_stream_tn,track_stream_fn,track_stream_tpr,track_stream_fpr,victim_pairs_track_alerted,victim_ids_track_alerted
validation__threshold_selection__validation_none__seed_10001,full,validation,threshold_selection,validation_none,1,10001,0,36.5682949,v6,70,0,0,none,10001,60,0.10000000000000001,1,reference,0,0,0.050000000000000003,0,0.9799999999999881,3.43096184915,5,10,300,2,2,0.5,0.02,320,41300,210129,0,0,0,0,0,0,0,0,2497,0,2419,0,0,nan,1,0,0,0,2419,0,0,nan,1,0,0,2419,0,1,0,0,0,0,0,0,2419,0,nan,0,nan,nan,0,0,0,2419,0,0,nan,1,0,0,0,2419,0,0,nan,1,0,0,nan,nan,nan,nan,241.27718575399598,198705,1.2142481857728591,198705,432373,0.45956847444220617,210129,578385004,2.7525234689167131,10,0,2419,78,0,2419,0,0,nan,1,0,0
validation__threshold_selection__validation_none__seed_10002,full,validation,threshold_selection,validation_none,2,10002,0,38.8303108,v6,70,0,0,none,10002,60,0.10000000000000001,1,reference,0,0,0.050000000000000003,0,0.9799999999999881,3.43096184915,5,10,300,2,2,0.5,0.02,320,41300,237573,0,0,0,0,0,0,0,0,2518,0,2425,0,0,nan,1,0,0,0,2425,0,0,nan,1,0,0,2425,0,1,0,0,0,0,0,0,2425,0,nan,0,nan,nan,0,0,0,2425,0,0,nan,1,0,0,0,2425,0,0,nan,1,0,0,nan,nan,nan,nan,266.19936750599595,224545,1.185505655908597,224545,449298,0.49976852779224479,237573,675417150,2.8429878395272188,10,0,2425,93,0,2425,0,0,nan,1,0,0
validation__threshold_selection__validation_none__seed_10003,full,validation,threshold_selection,validation_none,3,10003,0,37.3056589,v6,70,0,0,none,10003,60,0.10000000000000001,1,reference,0,0,0.050000000000000003,0,0.9799999999999881,3.43096184915,5,10,300,2,2,0.5,0.02,320,41300,215442,0,0,0,0,0,0,0,0,2484,0,2403,0,0,nan,1,0,0,0,2403,0,0,nan,1,0,0,2403,0,1,0,0,0,0,0,0,2403,0,nan,0,nan,nan,0,0,0,2403,0,0,nan,1,0,0,0,2403,0,0,nan,1,0,0,nan,nan,nan,nan,243.16627593100296,204119,1.1912966256497579,204119,435476,0.46872617549532009,215442,610445534,2.8334564940912172,10,0,2403,81,0,2403,0,0,nan,1,0,0
validation__threshold_selection__validation_none__seed_10004,full,validation,threshold_selection,validation_none,4,10004,0,36.9810492,v6,70,0,0,none,10004,60,0.10000000000000001,1,reference,0,0,0.050000000000000003,0,0.9799999999999881,3.43096184915,5,10,300,2,2,0.5,0.02,320,41300,263216,0,0,0,0,0,0,0,0,2934,0,2825,0,0,nan,1,0,0,0,2825,0,0,nan,1,0,0,2825,0,1,0,0,0,0,0,0,2825,0,nan,0,nan,nan,0,0,0,2825,0,0,nan,1,0,0,0,2825,0,0,nan,1,0,0,nan,nan,nan,nan,300.00269133999535,248751,1.2060361218246172,248751,528916,0.47030341301832429,263216,729382968,2.7710434320102122,10,0,2825,109,0,2825,0,0,nan,1,0,0
validation__threshold_selection__validation_none__seed_10005,full,validation,threshold_selection,validation_none,5,10005,0,36.9349245,v6,70,0,0,none,10005,60,0.10000000000000001,1,reference,0,0,0.050000000000000003,0,0.9799999999999881,3.43096184915,5,10,300,2,2,0.5,0.02,320,41300,213132,0,0,0,0,0,0,0,0,2551,0,2441,0,0,nan,1,0,0,0,2441,0,0,nan,1,0,0,2441,0,1,0,0,0,0,0,0,2441,0,nan,0,nan,nan,0,0,0,2441,0,0,nan,1,0,0,0,2441,0,0,nan,1,0,0,nan,nan,nan,nan,237.99712884300735,200211,1.1887315324483037,200211,433081,0.462294582306774,213132,584057467,2.7403555871478709,10,0,2441,110,0,2441,0,0,nan,1,0,0
validation__threshold_selection__validation_none__seed_10006,full,validation,threshold_selection,validation_none,6,10006,0,37.5332118,v6,70,0,0,none,10006,60,0.10000000000000001,1,reference,0,0,0.050000000000000003,0,0.9799999999999881,3.43096184915,5,10,300,2,2,0.5,0.02,320,41300,223956,0,0,0,0,0,0,0,0,2643,0,2525,0,0,nan,1,0,0,0,2525,0,0,nan,1,0,0,2525,0,1,0,0,0,0,0,0,2525,0,nan,0,nan,nan,0,0,0,2525,0,0,nan,1,0,0,0,2525,0,0,nan,1,0,0,nan,nan,nan,nan,250.06390456299818,210857,1.1859407302721665,210857,441780,0.47728960115894792,223956,630807245,2.816657044240833,10,0,2525,118,0,2525,0,0,nan,1,0,0
validation__threshold_selection__validation_none__seed_10007,full,validation,threshold_selection,validation_none,7,10007,0,38.8802171,v6,70,0,0,none,10007,60,0.10000000000000001,1,reference,0,0,0.050000000000000003,0,0.9799999999999881,3.43096184915,5,10,300,2,2,0.5,0.02,320,41300,216614,0,0,0,0,0,0,0,0,2584,0,2513,0,0,nan,1,0,0,0,2513,0,0,nan,1,0,0,2513,0,1,0,0,0,0,0,0,2513,0,nan,0,nan,nan,0,0,0,2513,0,0,nan,1,0,0,0,2513,0,0,nan,1,0,0,nan,nan,nan,nan,248.74132616600332,204498,1.2163508991090541,204498,439357,0.46544837114237397,216614,623459293,2.8782040542162557,10,0,2513,71,0,2513,0,0,nan,1,0,0
validation__threshold_selection__validation_none__seed_10008,full,validation,threshold_selection,validation_none,8,10008,0,39.9549175,v6,70,0,0,none,10008,60,0.10000000000000001,1,reference,0,0,0.050000000000000003,0,0.9799999999999881,3.43096184915,5,10,300,2,2,0.5,0.02,320,41300,208859,0,0,0,0,0,0,0,0,2340,0,2233,0,0,nan,1,0,0,0,2233,0,0,nan,1,0,0,2233,0,1,0,0,0,0,0,0,2233,0,nan,0,nan,nan,0,0,0,2233,0,0,nan,1,0,0,0,2233,0,0,nan,1,0,0,nan,nan,nan,nan,229.7467298810007,195993,1.1722190582367773,195993,409702,0.47837940747177216,208859,655466943,3.1383227105367735,10,0,2233,107,0,2233,0,0,nan,1,0,0
validation__threshold_selection__validation_none__seed_10009,full,validation,threshold_selection,validation_none,9,10009,0,37.5481588,v6,70,0,0,none,10009,60,0.10000000000000001,1,reference,0,0,0.050000000000000003,0,0.9799999999999881,3.43096184915,5,10,300,2,2,0.5,0.02,320,41300,211678,0,0,0,0,0,0,0,0,2455,0,2370,0,0,nan,1,0,0,0,2370,0,0,nan,1,0,0,2370,0,1,0,0,0,0,0,0,2370,0,nan,0,nan,nan,0,0,0,2370,0,0,nan,1,0,0,0,2370,0,0,nan,1,0,0,nan,nan,nan,nan,239.00152963501398,199577,1.1975404462188228,199577,428323,0.46594976221216233,211678,645986818,3.0517428263683519,10,0,2370,85,0,2370,0,0,nan,1,0,0
validation__threshold_selection__validation_none__seed_10010,full,validation,threshold_selection,validation_none,10,10010,0,43.6751134,v6,70,0,0,none,10010,60,0.10000000000000001,1,reference,0,0,0.050000000000000003,0,0.9799999999999881,3.43096184915,5,10,300,2,2,0.5,0.02,320,41300,219667,0,0,0,0,0,0,0,0,2557,0,2475,0,0,nan,1,0,0,0,2475,0,0,nan,1,0,0,2475,0,1,0,0,0,0,0,0,2475,0,nan,0,nan,nan,0,0,0,2475,0,0,nan,1,0,0,0,2475,0,0,nan,1,0,0,nan,nan,nan,nan,244.16131840600323,206975,1.1796657490325075,206975,440284,0.47009430276821323,219667,683513881,3.1115910947024359,10,0,2475,82,0,2475,0,0,nan,1,0,0
validation__threshold_selection__validation_none__seed_10011,full,validation,threshold_selection,validation_none,11,10011,0,42.8574146,v6,70,0,0,none,10011,60,0.10000000000000001,1,reference,0,0,0.050000000000000003,0,0.9799999999999881,3.43096184915,5,10,300,2,2,0.5,0.02,320,41300,205732,0,0,0,0,0,0,0,0,2532,0,2387,0,0,nan,1,0,0,0,2387,0,0,nan,1,0,0,2387,0,1,0,0,0,0,0,0,2387,0,nan,0,nan,nan,0,0,0,2387,0,0,nan,1,0,0,0,2387,0,0,nan,1,0,0,nan,nan,nan,nan,230.37965475501431,192068,1.1994692231658284,192068,422952,0.45411299627380886,205732,639814019,3.1099392364824139,10,0,2387,145,0,2387,0,0,nan,1,0,0
validation__threshold_selection__validation_none__seed_10012,full,validation,threshold_selection,validation_none,12,10012,0,44.5799104,v6,70,0,0,none,10012,60,0.10000000000000001,1,reference,0,0,0.050000000000000003,0,0.9799999999999881,3.43096184915,5,10,300,2,2,0.5,0.02,320,41300,230273,0,0,0,0,0,0,0,0,2559,0,2359,0,0,nan,1,0,0,0,2359,0,0,nan,1,0,0,2359,0,1,0,0,0,0,0,0,2359,0,nan,0,nan,nan,0,0,0,2359,0,0,nan,1,0,0,0,2359,0,0,nan,1,0,0,nan,nan,nan,nan,262.84413862400049,213232,1.2326674168229932,213232,463116,0.46042892061600116,230273,754092300,3.2747751581818103,10,0,2359,200,0,2359,0,0,nan,1,0,0
validation__threshold_selection__validation_none__seed_10013,full,validation,threshold_selection,validation_none,13,10013,0,43.0513394,v6,70,0,0,none,10013,60,0.10000000000000001,1,reference,0,0,0.050000000000000003,0,0.9799999999999881,3.43096184915,5,10,300,2,2,0.5,0.02,320,41300,228464,0,0,0,0,0,0,0,0,2670,0,2564,0,0,nan,1,0,0,0,2564,0,0,nan,1,0,0,2564,0,1,0,0,0,0,0,0,2564,0,nan,0,nan,nan,0,0,0,2564,0,0,nan,1,0,0,0,2564,0,0,nan,1,0,0,nan,nan,nan,nan,251.05036665900849,214634,1.169667278525343,214634,450645,0.47628177390185178,228464,714504971,3.1274291398207157,10,0,2564,106,0,2564,0,0,nan,1,0,0
validation__threshold_selection__validation_none__seed_10014,full,validation,threshold_selection,validation_none,14,10014,0,44.9107438,v6,70,0,0,none,10014,60,0.10000000000000001,1,reference,0,0,0.050000000000000003,0,0.9799999999999881,3.43096184915,5,10,300,2,2,0.5,0.02,320,41300,234367,0,0,0,0,0,0,0,0,2808,0,2662,0,0,nan,1,0,0,0,2662,0,0,nan,1,0,0,2662,0,1,0,0,0,0,0,0,2662,0,nan,0,nan,nan,0,0,0,2662,0,0,nan,1,0,0,0,2662,0,0,nan,1,0,0,nan,nan,nan,nan,262.982621227994,219157,1.1999736318164329,219157,476412,0.4600157006960362,234367,751917353,3.2082902157726987,10,0,2662,146,0,2662,0,0,nan,1,0,0
validation__threshold_selection__validation_none__seed_10015,full,validation,threshold_selection,validation_none,15,10015,0,41.4219248,v6,70,0,0,none,10015,60,0.10000000000000001,1,reference,0,0,0.050000000000000003,0,0.9799999999999881,3.43096184915,5,10,300,2,2,0.5,0.02,320,41300,243421,0,0,0,0,0,0,0,0,2782,0,2695,0,0,nan,1,0,0,0,2695,0,0,nan,1,0,0,2695,0,1,0,0,0,0,0,0,2695,0,nan,0,nan,nan,0,0,0,2695,0,0,nan,1,0,0,0,2695,0,0,nan,1,0,0,nan,nan,nan,nan,276.50277580801651,229804,1.2032113270787999,229804,491488,0.46756787551272871,243421,769782108,3.1623488031024438,10,0,2695,87,0,2695,0,0,nan,1,0,0
validation__threshold_selection__validation_none__seed_10016,full,validation,threshold_selection,validation_none,16,10016,0,42.7168285,v6,70,0,0,none,10016,60,0.10000000000000001,1,reference,0,0,0.050000000000000003,0,0.9799999999999881,3.43096184915,5,10,300,2,2,0.5,0.02,320,41300,214982,0,0,0,0,0,0,0,0,2515,0,2436,0,0,nan,1,0,0,0,2436,0,0,nan,1,0,0,2436,0,1,0,0,0,0,0,0,2436,0,nan,0,nan,nan,0,0,0,2436,0,0,nan,1,0,0,0,2436,0,0,nan,1,0,0,nan,nan,nan,nan,248.03571205000239,203372,1.2196158372342425,203372,433841,0.46877081695828654,214982,690380461,3.2113407680643031,10,0,2436,79,0,2436,0,0,nan,1,0,0
validation__threshold_selection__validation_none__seed_10017,full,validation,threshold_selection,validation_none,17,10017,0,43.3927978,v6,70,0,0,none,10017,60,0.10000000000000001,1,reference,0,0,0.050000000000000003,0,0.9799999999999881,3.43096184915,5,10,300,2,2,0.5,0.02,320,41300,224251,0,0,0,0,0,0,0,0,2577,0,2424,0,0,nan,1,0,0,0,2424,0,0,nan,1,0,0,2424,0,1,0,0,0,0,0,0,2424,0,nan,0,nan,nan,0,0,0,2424,0,0,nan,1,0,0,0,2424,0,0,nan,1,0,0,nan,nan,nan,nan,253.47726650001343,208820,1.2138553131884564,208820,443315,0.47104203557289964,224251,722259475,3.2207636755243012,10,0,2424,153,0,2424,0,0,nan,1,0,0
validation__threshold_selection__validation_none__seed_10018,full,validation,threshold_selection,validation_none,18,10018,0,39.8248984,v6,70,0,0,none,10018,60,0.10000000000000001,1,reference,0,0,0.050000000000000003,0,0.9799999999999881,3.43096184915,5,10,300,2,2,0.5,0.02,320,41300,191644,0,0,0,0,0,0,0,0,2454,0,2328,0,0,nan,1,0,0,0,2328,0,0,nan,1,0,0,2328,0,1,0,0,0,0,0,0,2328,0,nan,0,nan,nan,0,0,0,2328,0,0,nan,1,0,0,0,2328,0,0,nan,1,0,0,nan,nan,nan,nan,213.5547491130024,180108,1.1857038505396895,180108,395629,0.45524468630964871,191644,597361254,3.117036035565945,10,0,2328,126,0,2328,0,0,nan,1,0,0
validation__threshold_selection__validation_none__seed_10019,full,validation,threshold_selection,validation_none,19,10019,0,39.3778133,v6,70,0,0,none,10019,60,0.10000000000000001,1,reference,0,0,0.050000000000000003,0,0.9799999999999881,3.43096184915,5,10,300,2,2,0.5,0.02,320,41300,235231,0,0,0,0,0,0,0,0,2623,0,2495,0,0,nan,1,0,0,0,2495,0,0,nan,1,0,0,2495,0,1,0,0,0,0,0,0,2495,0,nan,0,nan,nan,0,0,0,2495,0,0,nan,1,0,0,0,2495,0,0,nan,1,0,0,nan,nan,nan,nan,264.86596697800678,220843,1.1993405585778438,220843,462167,0.47784242492432388,235231,709551795,3.0164042791978951,10,0,2495,128,0,2495,0,0,nan,1,0,0
validation__threshold_selection__validation_none__seed_10020,full,validation,threshold_selection,validation_none,20,10020,0,40.6522376,v6,70,0,0,none,10020,60,0.10000000000000001,1,reference,0,0,0.050000000000000003,0,0.9799999999999881,3.43096184915,5,10,300,2,2,0.5,0.02,320,41300,212756,0,0,0,0,0,0,0,0,2493,0,2403,0,0,nan,1,0,0,0,2403,0,0,nan,1,0,0,2403,0,1,0,0,0,0,0,0,2403,0,nan,0,nan,nan,0,0,0,2403,0,0,nan,1,0,0,0,2403,0,0,nan,1,0,0,nan,nan,nan,nan,236.28115969998998,200358,1.1792948606992981,200358,420081,0.47695087376006057,212756,675603765,3.1754863082592264,10,0,2403,90,0,2403,0,0,nan,1,0,0
validation__threshold_selection__validation_none__seed_10021,full,validation,threshold_selection,validation_none,21,10021,0,43.3232582,v6,70,0,0,none,10021,60,0.10000000000000001,1,reference,0,0,0.050000000000000003,0,0.9799999999999881,3.43096184915,5,10,300,2,2,0.5,0.02,320,41300,213414,0,0,0,0,0,0,0,0,2578,0,2496,0,0,nan,1,0,0,0,2496,0,0,nan,1,0,0,2496,0,1,0,0,0,0,0,0,2496,0,nan,0,nan,nan,0,0,0,2496,0,0,nan,1,0,0,0,2496,0,0,nan,1,0,0,nan,nan,nan,nan,241.98426860598681,202152,1.1970411799338458,202152,436406,0.46322002905551252,213414,673639605,3.1564920998622399,10,0,2496,82,0,2496,0,0,nan,1,0,0
validation__threshold_selection__validation_none__seed_10022,full,validation,threshold_selection,validation_none,22,10022,0,45.4713106,v6,70,0,0,none,10022,60,0.10000000000000001,1,reference,0,0,0.050000000000000003,0,0.9799999999999881,3.43096184915,5,10,300,2,2,0.5,0.02,320,41300,231203,0,0,0,0,0,0,0,0,2786,0,2718,0,0,nan,1,0,0,0,2718,0,0,nan,1,0,0,2718,0,1,0,0,0,0,0,0,2718,0,nan,0,nan,nan,0,0,0,2718,0,0,nan,1,0,0,0,2718,0,0,nan,1,0,0,nan,nan,nan,nan,262.75948786400278,219072,1.19942068299008,219072,482557,0.45398160217342198,231203,752874958,3.256337322612596,10,0,2718,68,0,2718,0,0,nan,1,0,0
validation__threshold_selection__validation_none__seed_10023,full,validation,threshold_selection,validation_none,23,10023,0,44.6343425,v6,70,0,0,none,10023,60,0.10000000000000001,1,reference,0,0,0.050000000000000003,0,0.9799999999999881,3.43096184915,5,10,300,2,2,0.5,0.02,320,41300,244505,0,0,0,0,0,0,0,0,2729,0,2619,0,0,nan,1,0,0,0,2619,0,0,nan,1,0,0,2619,0,1,0,0,0,0,0,0,2619,0,nan,0,nan,nan,0,0,0,2619,0,0,nan,1,0,0,0,2619,0,0,nan,1,0,0,nan,nan,nan,nan,271.31133853100965,230209,1.1785435779270561,230209,478482,0.48112363683482345,244505,790600482,3.2334736794748573,10,0,2619,110,0,2619,0,0,nan,1,0,0
validation__threshold_selection__validation_none__seed_10024,full,validation,threshold_selection,validation_none,24,10024,0,40.4365523,v6,70,0,0,none,10024,60,0.10000000000000001,1,reference,0,0,0.050000000000000003,0,0.9799999999999881,3.43096184915,5,10,300,2,2,0.5,0.02,320,41300,201896,0,0,0,0,0,0,0,0,2485,0,2397,0,0,nan,1,0,0,0,2397,0,0,nan,1,0,0,2397,0,1,0,0,0,0,0,0,2397,0,nan,0,nan,nan,0,0,0,2397,0,0,nan,1,0,0,0,2397,0,0,nan,1,0,0,nan,nan,nan,nan,221.74791279200878,190460,1.1642755055760201,190460,405797,0.46934797447985077,201896,651936326,3.2290700459642592,10,0,2397,88,0,2397,0,0,nan,1,0,0
validation__threshold_selection__validation_none__seed_10025,full,validation,threshold_selection,validation_none,25,10025,0,32.0845313,v6,70,0,0,none,10025,60,0.10000000000000001,1,reference,0,0,0.050000000000000003,0,0.9799999999999881,3.43096184915,5,10,300,2,2,0.5,0.02,320,41300,243608,0,0,0,0,0,0,0,0,2954,0,2873,0,0,nan,1,0,0,0,2873,0,0,nan,1,0,0,2873,0,1,0,0,0,0,0,0,2873,0,nan,0,nan,nan,0,0,0,2873,0,0,nan,1,0,0,0,2873,0,0,nan,1,0,0,nan,nan,nan,nan,280.35278108201635,231205,1.2125723106421415,231205,501790,0.46076047749058369,243608,672050527,2.7587375086204067,10,0,2873,81,0,2873,0,0,nan,1,0,0
validation__threshold_selection__validation_none__seed_10026,full,validation,threshold_selection,validation_none,26,10026,0,44.8058985,v6,70,0,0,none,10026,60,0.10000000000000001,1,reference,0,0,0.050000000000000003,0,0.9799999999999881,3.43096184915,5,10,300,2,2,0.5,0.02,320,41300,229777,0,0,0,0,0,0,0,0,2808,0,2694,0,0,nan,1,0,0,0,2694,0,0,nan,1,0,0,2694,0,1,0,0,0,0,0,0,2694,0,nan,0,nan,nan,0,0,0,2694,0,0,nan,1,0,0,0,2694,0,0,nan,1,0,0,nan,nan,nan,nan,260.90576569099949,217201,1.2012180684757414,217201,475783,0.45651273794986369,229777,735975653,3.2029996605404372,10,0,2694,114,0,2694,0,0,nan,1,0,0
validation__threshold_selection__validation_none__seed_10027,full,validation,threshold_selection,validation_none,27,10027,0,42.5719507,v6,70,0,0,none,10027,60,0.10000000000000001,1,reference,0,0,0.050000000000000003,0,0.9799999999999881,3.43096184915,5,10,300,2,2,0.5,0.02,320,41300,240735,0,0,0,0,0,0,0,0,2747,0,2578,0,0,nan,1,0,0,0,2578,0,0,nan,1,0,0,2578,0,1,0,0,0,0,0,0,2578,0,nan,0,nan,nan,0,0,0,2578,0,0,nan,1,0,0,0,2578,0,0,nan,1,0,0,nan,nan,nan,nan,265.10359428699667,224945,1.1785262810331267,224945,486272,0.46259089563042904,240735,769616131,3.1969432404926579,10,0,2578,169,0,2578,0,0,nan,1,0,0
validation__threshold_selection__validation_none__seed_10028,full,validation,threshold_selection,validation_none,28,10028,0,42.4766853,v6,70,0,0,none,10028,60,0.10000000000000001,1,reference,0,0,0.050000000000000003,0,0.9799999999999881,3.43096184915,5,10,300,2,2,0.5,0.02,320,41300,214219,0,0,0,0,0,0,0,0,2485,0,2374,0,0,nan,1,0,0,0,2374,0,0,nan,1,0,0,2374,0,1,0,0,0,0,0,0,2374,0,nan,0,nan,nan,0,0,0,2374,0,0,nan,1,0,0,0,2374,0,0,nan,1,0,0,nan,nan,nan,nan,244.02429987499247,200432,1.2174917172656685,200432,440846,0.45465309881455201,214219,678511859,3.1673747846829645,10,0,2374,111,0,2374,0,0,nan,1,0,0
validation__threshold_selection__validation_none__seed_10029,full,validation,threshold_selection,validation_none,29,10029,0,39.4819731,v6,70,0,0,none,10029,60,0.10000000000000001,1,reference,0,0,0.050000000000000003,0,0.9799999999999881,3.43096184915,5,10,300,2,2,0.5,0.02,320,41300,209800,0,0,0,0,0,0,0,0,2514,0,2412,0,0,nan,1,0,0,0,2412,0,0,nan,1,0,0,2412,0,1,0,0,0,0,0,0,2412,0,nan,0,nan,nan,0,0,0,2412,0,0,nan,1,0,0,0,2412,0,0,nan,1,0,0,nan,nan,nan,nan,245.07214066400962,197510,1.240808772538148,197510,417961,0.47255605188043859,209800,658548495,3.1389346758817922,10,0,2412,102,0,2412,0,0,nan,1,0,0
validation__threshold_selection__validation_none__seed_10030,full,validation,threshold_selection,validation_none,30,10030,0,43.1494563,v6,70,0,0,none,10030,60,0.10000000000000001,1,reference,0,0,0.050000000000000003,0,0.9799999999999881,3.43096184915,5,10,300,2,2,0.5,0.02,320,41300,217802,0,0,0,0,0,0,0,0,2703,0,2585,0,0,nan,1,0,0,0,2585,0,0,nan,1,0,0,2585,0,1,0,0,0,0,0,0,2585,0,nan,0,nan,nan,0,0,0,2585,0,0,nan,1,0,0,0,2585,0,0,nan,1,0,0,nan,nan,nan,nan,251.73667870300355,204845,1.2289129766555376,204845,455918,0.44930228681473422,217802,696378116,3.197298996336122,10,0,2585,118,0,2585,0,0,nan,1,0,0
validation__threshold_selection__validation_none__seed_10031,full,validation,threshold_selection,validation_none,31,10031,0,42.3514954,v6,70,0,0,none,10031,60,0.10000000000000001,1,reference,0,0,0.050000000000000003,0,0.9799999999999881,3.43096184915,5,10,300,2,2,0.5,0.02,320,41300,206314,0,0,0,0,0,0,0,0,2523,0,2393,0,0,nan,1,0,0,0,2393,0,0,nan,1,0,0,2393,0,1,0,0,0,0,0,0,2393,0,nan,0,nan,nan,0,0,0,2393,0,0,nan,1,0,0,0,2393,0,0,nan,1,0,0,nan,nan,nan,nan,235.69602779799985,193463,1.2183002837648536,193463,419851,0.46078966109405478,206314,661540877,3.2064759395872313,10,0,2393,130,0,2393,0,0,nan,1,0,0
validation__threshold_selection__validation_none__seed_10032,full,validation,threshold_selection,validation_none,32,10032,0,36.3566189,v6,70,0,0,none,10032,60,0.10000000000000001,1,reference,0,0,0.050000000000000003,0,0.9799999999999881,3.43096184915,5,10,300,2,2,0.5,0.02,320,41300,220734,0,0,0,0,0,0,0,0,2572,0,2456,0,0,nan,1,0,0,0,2456,0,0,nan,1,0,0,2456,0,1,0,0,0,0,0,0,2456,0,nan,0,nan,nan,0,0,0,2456,0,0,nan,1,0,0,0,2456,0,0,nan,1,0,0,nan,nan,nan,nan,250.61353251299607,207283,1.2090404544173718,207283,442465,0.4684732125704858,220734,640303278,2.9007913506754734,10,0,2456,116,0,2456,0,0,nan,1,0,0
validation__threshold_selection__validation_none__seed_10033,full,validation,threshold_selection,validation_none,33,10033,0,35.0807116,v6,70,0,0,none,10033,60,0.10000000000000001,1,reference,0,0,0.050000000000000003,0,0.9799999999999881,3.43096184915,5,10,300,2,2,0.5,0.02,320,41300,226948,0,0,0,0,0,0,0,0,2505,0,2426,0,0,nan,1,0,0,0,2426,0,0,nan,1,0,0,2426,0,1,0,0,0,0,0,0,2426,0,nan,0,nan,nan,0,0,0,2426,0,0,nan,1,0,0,0,2426,0,0,nan,1,0,0,nan,nan,nan,nan,254.41870253998727,214744,1.1847534857317887,214744,453770,0.47324415452762414,226948,663048165,2.9215862884889932,10,0,2426,79,0,2426,0,0,nan,1,0,0
validation__threshold_selection__validation_none__seed_10034,full,validation,threshold_selection,validation_none,34,10034,0,43.3927319,v6,70,0,0,none,10034,60,0.10000000000000001,1,reference,0,0,0.050000000000000003,0,0.9799999999999881,3.43096184915,5,10,300,2,2,0.5,0.02,320,41300,222489,0,0,0,0,0,0,0,0,2676,0,2582,0,0,nan,1,0,0,0,2582,0,0,nan,1,0,0,2582,0,1,0,0,0,0,0,0,2582,0,nan,0,nan,nan,0,0,0,2582,0,0,nan,1,0,0,0,2582,0,0,nan,1,0,0,nan,nan,nan,nan,248.2420799550041,209991,1.1821558064631537,209991,458961,0.45753560760064582,222489,704108633,3.1646896385888739,10,0,2582,94,0,2582,0,0,nan,1,0,0
validation__threshold_selection__validation_none__seed_10035,full,validation,threshold_selection,validation_none,35,10035,0,43.0693006,v6,70,0,0,none,10035,60,0.10000000000000001,1,reference,0,0,0.050000000000000003,0,0.9799999999999881,3.43096184915,5,10,300,2,2,0.5,0.02,320,41300,224385,0,0,0,0,0,0,0,0,2550,0,2465,0,0,nan,1,0,0,0,2465,0,0,nan,1,0,0,2465,0,1,0,0,0,0,0,0,2465,0,nan,0,nan,nan,0,0,0,2465,0,0,nan,1,0,0,0,2465,0,0,nan,1,0,0,nan,nan,nan,nan,248.01134183799661,212069,1.1694841859866203,212069,434332,0.48826473757402172,224385,724673286,3.2295977271207965,10,0,2465,85,0,2465,0,0,nan,1,0,0
validation__threshold_selection__validation_none__seed_10036,full,validation,threshold_selection,validation_none,36,10036,0,41.5144256,v6,70,0,0,none,10036,60,0.10000000000000001,1,reference,0,0,0.050000000000000003,0,0.9799999999999881,3.43096184915,5,10,300,2,2,0.5,0.02,320,41300,222644,0,0,0,0,0,0,0,0,2593,0,2496,0,0,nan,1,0,0,0,2496,0,0,nan,1,0,0,2496,0,1,0,0,0,0,0,0,2496,0,nan,0,nan,nan,0,0,0,2496,0,0,nan,1,0,0,0,2496,0,0,nan,1,0,0,nan,nan,nan,nan,251.86690905999197,210303,1.1976382127691567,210303,436536,0.48175408213755566,222644,701297386,3.1498598030937282,10,0,2496,97,0,2496,0,0,nan,1,0,0
validation__threshold_selection__validation_none__seed_10037,full,validation,threshold_selection,validation_none,37,10037,0,39.4647317,v6,70,0,0,none,10037,60,0.10000000000000001,1,reference,0,0,0.050000000000000003,0,0.9799999999999881,3.43096184915,5,10,300,2,2,0.5,0.02,320,41300,203724,0,0,0,0,0,0,0,0,2465,0,2364,0,0,nan,1,0,0,0,2364,0,0,nan,1,0,0,2364,0,1,0,0,0,0,0,0,2364,0,nan,0,nan,nan,0,0,0,2364,0,0,nan,1,0,0,0,2364,0,0,nan,1,0,0,nan,nan,nan,nan,231.81757597899121,192045,1.2071002940924846,192045,413779,0.46412456891239046,203724,625630338,3.0709702244212758,10,0,2364,101,0,2364,0,0,nan,1,0,0
validation__threshold_selection__validation_none__seed_10038,full,validation,threshold_selection,validation_none,38,10038,0,41.2592356,v6,70,0,0,none,10038,60,0.10000000000000001,1,reference,0,0,0.050000000000000003,0,0.9799999999999881,3.43096184915,5,10,300,2,2,0.5,0.02,320,41300,249205,0,0,0,0,0,0,0,0,2904,0,2848,0,0,nan,1,0,0,0,2848,0,0,nan,1,0,0,2848,0,1,0,0,0,0,0,0,2848,0,nan,0,nan,nan,0,0,0,2848,0,0,nan,1,0,0,0,2848,0,0,nan,1,0,0,nan,nan,nan,nan,288.76012292199874,236006,1.2235287362270397,236006,515743,0.45760388410506786,249205,766199074,3.0745734395377298,10,0,2848,56,0,2848,0,0,nan,1,0,0
validation__threshold_selection__validation_none__seed_10039,full,validation,threshold_selection,validation_none,39,10039,0,42.1574706,v6,70,0,0,none,10039,60,0.10000000000000001,1,reference,0,0,0.050000000000000003,0,0.9799999999999881,3.43096184915,5,10,300,2,2,0.5,0.02,320,41300,222572,0,0,0,0,0,0,0,0,2687,0,2577,0,0,nan,1,0,0,0,2577,0,0,nan,1,0,0,2577,0,1,0,0,0,0,0,0,2577,0,nan,0,nan,nan,0,0,0,2577,0,0,nan,1,0,0,0,2577,0,0,nan,1,0,0,nan,nan,nan,nan,246.96156118100302,209056,1.181317738696823,209056,458586,0.45587087263893794,222572,705790777,3.1710672366694821,10,0,2577,110,0,2577,0,0,nan,1,0,0
validation__threshold_selection__validation_none__seed_10040,full,validation,threshold_selection,validation_none,40,10040,0,40.3004318,v6,70,0,0,none,10040,60,0.10000000000000001,1,reference,0,0,0.050000000000000003,0,0.9799999999999881,3.43096184915,5,10,300,2,2,0.5,0.02,320,41300,222844,0,0,0,0,0,0,0,0,2518,0,2439,0,0,nan,1,0,0,0,2439,0,0,nan,1,0,0,2439,0,1,0,0,0,0,0,0,2439,0,nan,0,nan,nan,0,0,0,2439,0,0,nan,1,0,0,0,2439,0,0,nan,1,0,0,nan,nan,nan,nan,258.70810318599865,210948,1.2264069969186655,210948,446613,0.47232839169482305,222844,690009846,3.0963806339861066,10,0,2439,79,0,2439,0,0,nan,1,0,0
validation__threshold_selection__validation_none__seed_10041,full,validation,threshold_selection,validation_none,41,10041,0,40.6849639,v6,70,0,0,none,10041,60,0.10000000000000001,1,reference,0,0,0.050000000000000003,0,0.9799999999999881,3.43096184915,5,10,300,2,2,0.5,0.02,320,41300,209280,0,0,0,0,0,0,0,0,2502,0,2405,0,0,nan,1,0,0,0,2405,0,0,nan,1,0,0,2405,0,1,0,0,0,0,0,0,2405,0,nan,0,nan,nan,0,0,0,2405,0,0,nan,1,0,0,0,2405,0,0,nan,1,0,0,nan,nan,nan,nan,234.17323910001087,197691,1.1845417297702518,197691,419052,0.47175768162423759,209280,673557150,3.2184496846330277,10,0,2405,97,0,2405,0,0,nan,1,0,0
validation__threshold_selection__validation_none__seed_10042,full,validation,threshold_selection,validation_none,42,10042,0,44.1046359,v6,70,0,0,none,10042,60,0.10000000000000001,1,reference,0,0,0.050000000000000003,0,0.9799999999999881,3.43096184915,5,10,300,2,2,0.5,0.02,320,41300,230334,0,0,0,0,0,0,0,0,2596,0,2518,0,0,nan,1,0,0,0,2518,0,0,nan,1,0,0,2518,0,1,0,0,0,0,0,0,2518,0,nan,0,nan,nan,0,0,0,2518,0,0,nan,1,0,0,0,2518,0,0,nan,1,0,0,nan,nan,nan,nan,258.72721867400213,217585,1.1890857305145213,217585,453531,0.47975772328683153,230334,742027054,3.221526366059722,10,0,2518,78,0,2518,0,0,nan,1,0,0
validation__threshold_selection__validation_none__seed_10043,full,validation,threshold_selection,validation_none,43,10043,0,39.6830545,v6,70,0,0,none,10043,60,0.10000000000000001,1,reference,0,0,0.050000000000000003,0,0.9799999999999881,3.43096184915,5,10,300,2,2,0.5,0.02,320,41300,219326,0,0,0,0,0,0,0,0,2464,0,2364,0,0,nan,1,0,0,0,2364,0,0,nan,1,0,0,2364,0,1,0,0,0,0,0,0,2364,0,nan,0,nan,nan,0,0,0,2364,0,0,nan,1,0,0,0,2364,0,0,nan,1,0,0,nan,nan,nan,nan,242.77863060200295,206225,1.177251209125969,206225,428871,0.4808555486381686,219326,668057009,3.0459544650429042,10,0,2364,100,0,2364,0,0,nan,1,0,0
validation__threshold_selection__validation_none__seed_10044,full,validation,threshold_selection,validation_none,44,10044,0,39.0087369,v6,70,0,0,none,10044,60,0.10000000000000001,1,reference,0,0,0.050000000000000003,0,0.9799999999999881,3.43096184915,5,10,300,2,2,0.5,0.02,320,41300,239874,0,0,0,0,0,0,0,0,2666,0,2561,0,0,nan,1,0,0,0,2561,0,0,nan,1,0,0,2561,0,1,0,0,0,0,0,0,2561,0,nan,0,nan,nan,0,0,0,2561,0,0,nan,1,0,0,0,2561,0,0,nan,1,0,0,nan,nan,nan,nan,277.469148881997,226095,1.227223728441571,226095,467749,0.48336821671451996,239874,745321534,3.1071376389271035,10,0,2561,105,0,2561,0,0,nan,1,0,0
validation__threshold_selection__validation_none__seed_10045,full,validation,threshold_selection,validation_none,45,10045,0,44.3424691,v6,70,0,0,none,10045,60,0.10000000000000001,1,reference,0,0,0.050000000000000003,0,0.9799999999999881,3.43096184915,5,10,300,2,2,0.5,0.02,320,41300,224361,0,0,0,0,0,0,0,0,2704,0,2549,0,0,nan,1,0,0,0,2549,0,0,nan,1,0,0,2549,0,1,0,0,0,0,0,0,2549,0,nan,0,nan,nan,0,0,0,2549,0,0,nan,1,0,0,0,2549,0,0,nan,1,0,0,nan,nan,nan,nan,259.558405859012,209140,1.2410749060868891,209140,450041,0.46471321501818724,224361,713831283,3.1816192787516546,10,0,2549,155,0,2549,0,0,nan,1,0,0
validation__threshold_selection__validation_none__seed_10046,full,validation,threshold_selection,validation_none,46,10046,0,40.7539364,v6,70,0,0,none,10046,60,0.10000000000000001,1,reference,0,0,0.050000000000000003,0,0.9799999999999881,3.43096184915,5,10,300,2,2,0.5,0.02,320,41300,210463,0,0,0,0,0,0,0,0,2566,0,2447,0,0,nan,1,0,0,0,2447,0,0,nan,1,0,0,2447,0,1,0,0,0,0,0,0,2447,0,nan,0,nan,nan,0,0,0,2447,0,0,nan,1,0,0,0,2447,0,0,nan,1,0,0,nan,nan,nan,nan,245.52925276500224,197514,1.2430979716121502,197514,425201,0.46451913330401384,210463,661269012,3.1419727553061585,10,0,2447,119,0,2447,0,0,nan,1,0,0
validation__threshold_selection__validation_none__seed_10047,full,validation,threshold_selection,validation_none,47,10047,0,31.8341412,v6,70,0,0,none,10047,60,0.10000000000000001,1,reference,0,0,0.050000000000000003,0,0.9799999999999881,3.43096184915,5,10,300,2,2,0.5,0.02,320,41300,215601,0,0,0,0,0,0,0,0,2555,0,2450,0,0,nan,1,0,0,0,2450,0,0,nan,1,0,0,2450,0,1,0,0,0,0,0,0,2450,0,nan,0,nan,nan,0,0,0,2450,0,0,nan,1,0,0,0,2450,0,0,nan,1,0,0,nan,nan,nan,nan,244.35985717000352,203193,1.2025997803566242,203193,430802,0.47166215570029851,215601,601038277,2.7877341802681803,10,0,2450,105,0,2450,0,0,nan,1,0,0
validation__threshold_selection__validation_none__seed_10048,full,validation,threshold_selection,validation_none,48,10048,0,41.6121458,v6,70,0,0,none,10048,60,0.10000000000000001,1,reference,0,0,0.050000000000000003,0,0.9799999999999881,3.43096184915,5,10,300,2,2,0.5,0.02,320,41300,204370,0,0,0,0,0,0,0,0,2505,0,2407,0,0,nan,1,0,0,0,2407,0,0,nan,1,0,0,2407,0,1,0,0,0,0,0,0,2407,0,nan,0,nan,nan,0,0,0,2407,0,0,nan,1,0,0,0,2407,0,0,nan,1,0,0,nan,nan,nan,nan,227.16443156399714,191123,1.1885771548374457,191123,402722,0.47457799673223711,204370,642888080,3.1457067084210011,10,0,2407,98,0,2407,0,0,nan,1,0,0
validation__threshold_selection__validation_none__seed_10049,full,validation,threshold_selection,validation_none,49,10049,0,41.2380512,v6,70,0,0,none,10049,60,0.10000000000000001,1,reference,0,0,0.050000000000000003,0,0.9799999999999881,3.43096184915,5,10,300,2,2,0.5,0.02,320,41300,217987,0,0,0,0,0,0,0,0,2598,0,2488,0,0,nan,1,0,0,0,2488,0,0,nan,1,0,0,2488,0,1,0,0,0,0,0,0,2488,0,nan,0,nan,nan,0,0,0,2488,0,0,nan,1,0,0,0,2488,0,0,nan,1,0,0,nan,nan,nan,nan,248.72523855300633,205285,1.2116094140000797,205285,443829,0.46253174082811171,217987,690037078,3.1654964653855506,10,0,2488,110,0,2488,0,0,nan,1,0,0
validation__threshold_selection__validation_none__seed_10050,full,validation,threshold_selection,validation_none,50,10050,0,44.3466353,v6,70,0,0,none,10050,60,0.10000000000000001,1,reference,0,0,0.050000000000000003,0,0.9799999999999881,3.43096184915,5,10,300,2,2,0.5,0.02,320,41300,227633,0,0,0,0,0,0,0,0,2684,0,2548,0,0,nan,1,0,0,0,2548,0,0,nan,1,0,0,2548,0,1,0,0,0,0,0,0,2548,0,nan,0,nan,nan,0,0,0,2548,0,0,nan,1,0,0,0,2548,0,0,nan,1,0,0,nan,nan,nan,nan,253.51099126300213,212706,1.1918375187488934,212706,458792,0.46362185914314114,227633,732963568,3.2199354575127508,10,0,2548,136,0,2548,0,0,nan,1,0,0
validation__threshold_selection__validation_none__seed_10051,full,validation,threshold_selection,validation_none,51,10051,0,43.6078011,v6,70,0,0,none,10051,60,0.10000000000000001,1,reference,0,0,0.050000000000000003,0,0.9799999999999881,3.43096184915,5,10,300,2,2,0.5,0.02,320,41300,239320,0,0,0,0,0,0,0,0,2561,0,2462,0,0,nan,1,0,0,0,2462,0,0,nan,1,0,0,2462,0,1,0,0,0,0,0,0,2462,0,nan,0,nan,nan,0,0,0,2462,0,0,nan,1,0,0,0,2462,0,0,nan,1,0,0,nan,nan,nan,nan,262.9009727079993,224096,1.1731622729008966,224096,469415,0.47739420342340999,239320,759276894,3.1726428798261739,10,0,2462,99,0,2462,0,0,nan,1,0,0
validation__threshold_selection__validation_none__seed_10052,full,validation,threshold_selection,validation_none,52,10052,0,39.7906227,v6,70,0,0,none,10052,60,0.10000000000000001,1,reference,0,0,0.050000000000000003,0,0.9799999999999881,3.43096184915,5,10,300,2,2,0.5,0.02,320,41300,214124,0,0,0,0,0,0,0,0,2592,0,2514,0,0,nan,1,0,0,0,2514,0,0,nan,1,0,0,2514,0,1,0,0,0,0,0,0,2514,0,nan,0,nan,nan,0,0,0,2514,0,0,nan,1,0,0,0,2514,0,0,nan,1,0,0,nan,nan,nan,nan,243.93048112399225,203092,1.2010836523545598,203092,440251,0.4613095711310139,214124,663175193,3.0971548868879712,10,0,2514,78,0,2514,0,0,nan,1,0,0
validation__threshold_selection__validation_none__seed_10053,full,validation,threshold_selection,validation_none,53,10053,0,41.4918094,v6,70,0,0,none,10053,60,0.10000000000000001,1,reference,0,0,0.050000000000000003,0,0.9799999999999881,3.43096184915,5,10,300,2,2,0.5,0.02,320,41300,216526,0,0,0,0,0,0,0,0,2472,0,2397,0,0,nan,1,0,0,0,2397,0,0,nan,1,0,0,2397,0,1,0,0,0,0,0,0,2397,0,nan,0,nan,nan,0,0,0,2397,0,0,nan,1,0,0,0,2397,0,0,nan,1,0,0,nan,nan,nan,nan,247.52683629099312,204726,1.2090639991549346,204726,441850,0.46333823695824372,216526,692357617,3.1975726564015408,10,0,2397,75,0,2397,0,0,nan,1,0,0
validation__threshold_selection__validation_none__seed_10054,full,validation,threshold_selection,validation_none,54,10054,0,30.7833004,v6,70,0,0,none,10054,60,0.10000000000000001,1,reference,0,0,0.050000000000000003,0,0.9799999999999881,3.43096184915,5,10,300,2,2,0.5,0.02,320,41300,219549,0,0,0,0,0,0,0,0,2659,0,2521,0,0,nan,1,0,0,0,2521,0,0,nan,1,0,0,2521,0,1,0,0,0,0,0,0,2521,0,nan,0,nan,nan,0,0,0,2521,0,0,nan,1,0,0,0,2521,0,0,nan,1,0,0,nan,nan,nan,nan,244.68833029499535,205317,1.1917587452329585,205317,450093,0.45616572575001169,219549,614562700,2.7992051888188971,10,0,2521,138,0,2521,0,0,nan,1,0,0
validation__threshold_selection__validation_none__seed_10055,full,validation,threshold_selection,validation_none,55,10055,0,39.0802889,v6,70,0,0,none,10055,60,0.10000000000000001,1,reference,0,0,0.050000000000000003,0,0.9799999999999881,3.43096184915,5,10,300,2,2,0.5,0.02,320,41300,208637,0,0,0,0,0,0,0,0,2524,0,2400,0,0,nan,1,0,0,0,2400,0,0,nan,1,0,0,2400,0,1,0,0,0,0,0,0,2400,0,nan,0,nan,nan,0,0,0,2400,0,0,nan,1,0,0,0,2400,0,0,nan,1,0,0,nan,nan,nan,nan,238.63099764099951,194930,1.2241881580105654,194930,423205,0.46060419891069337,208637,650422963,3.1174861745519729,10,0,2400,124,0,2400,0,0,nan,1,0,0
validation__threshold_selection__validation_none__seed_10056,full,validation,threshold_selection,validation_none,56,10056,0,35.7194794,v6,70,0,0,none,10056,60,0.10000000000000001,1,reference,0,0,0.050000000000000003,0,0.9799999999999881,3.43096184915,5,10,300,2,2,0.5,0.02,320,41300,205554,0,0,0,0,0,0,0,0,2401,0,2287,0,0,nan,1,0,0,0,2287,0,0,nan,1,0,0,2287,0,1,0,0,0,0,0,0,2287,0,nan,0,nan,nan,0,0,0,2287,0,0,nan,1,0,0,0,2287,0,0,nan,1,0,0,nan,nan,nan,nan,225.753016799005,192431,1.1731634549475136,192431,405066,0.47506085428053701,205554,623913127,3.0352760199266373,10,0,2287,114,0,2287,0,0,nan,1,0,0
validation__threshold_selection__validation_none__seed_10057,full,validation,threshold_selection,validation_none,57,10057,0,43.0341171,v6,70,0,0,none,10057,60,0.10000000000000001,1,reference,0,0,0.050000000000000003,0,0.9799999999999881,3.43096184915,5,10,300,2,2,0.5,0.02,320,41300,216207,0,0,0,0,0,0,0,0,2602,0,2517,0,0,nan,1,0,0,0,2517,0,0,nan,1,0,0,2517,0,1,0,0,0,0,0,0,2517,0,nan,0,nan,nan,0,0,0,2517,0,0,nan,1,0,0,0,2517,0,0,nan,1,0,0,nan,nan,nan,nan,247.02206551001115,203910,1.2114269310480659,203910,444973,0.4582525231868001,216207,688188441,3.1830072153075526,10,0,2517,85,0,2517,0,0,nan,1,0,0
validation__threshold_selection__validation_none__seed_10058,full,validation,threshold_selection,validation_none,58,10058,0,43.1031,v6,70,0,0,none,10058,60,0.10000000000000001,1,reference,0,0,0.050000000000000003,0,0.9799999999999881,3.43096184915,5,10,300,2,2,0.5,0.02,320,41300,217934,0,0,0,0,0,0,0,0,2574,0,2444,0,0,nan,1,0,0,0,2444,0,0,nan,1,0,0,2444,0,1,0,0,0,0,0,0,2444,0,nan,0,nan,nan,0,0,0,2444,0,0,nan,1,0,0,0,2444,0,0,nan,1,0,0,nan,nan,nan,nan,242.09310176998878,203497,1.1896642297920303,203497,435060,0.4677446788948651,217934,688829977,3.1607274541833768,10,0,2444,130,0,2444,0,0,nan,1,0,0
validation__threshold_selection__validation_none__seed_10059,full,validation,threshold_selection,validation_none,59,10059,0,42.0985029,v6,70,0,0,none,10059,60,0.10000000000000001,1,reference,0,0,0.050000000000000003,0,0.9799999999999881,3.43096184915,5,10,300,2,2,0.5,0.02,320,41300,206653,0,0,0,0,0,0,0,0,2554,0,2455,0,0,nan,1,0,0,0,2455,0,0,nan,1,0,0,2455,0,1,0,0,0,0,0,0,2455,0,nan,0,nan,nan,0,0,0,2455,0,0,nan,1,0,0,0,2455,0,0,nan,1,0,0,nan,nan,nan,nan,236.11496604300044,194029,1.2169055452690085,194029,424738,0.45682043989471155,206653,665521485,3.2204782171079054,10,0,2455,99,0,2455,0,0,nan,1,0,0
validation__threshold_selection__validation_none__seed_10060,full,validation,threshold_selection,validation_none,60,10060,0,44.3179329,v6,70,0,0,none,10060,60,0.10000000000000001,1,reference,0,0,0.050000000000000003,0,0.9799999999999881,3.43096184915,5,10,300,2,2,0.5,0.02,320,41300,235686,0,0,0,0,0,0,0,0,2683,0,2609,0,0,nan,1,0,0,0,2609,0,0,nan,1,0,0,2609,0,1,0,0,0,0,0,0,2609,0,nan,0,nan,nan,0,0,0,2609,0,0,nan,1,0,0,0,2609,0,0,nan,1,0,0,nan,nan,nan,nan,268.81070058100318,222326,1.209083510615057,222326,471742,0.47128727143226595,235686,762698538,3.2360790967643389,10,0,2609,74,0,2609,0,0,nan,1,0,0
validation__threshold_selection__validation_none__seed_10061,full,validation,threshold_selection,validation_none,61,10061,0,34.1127401,v6,70,0,0,none,10061,60,0.10000000000000001,1,reference,0,0,0.050000000000000003,0,0.9799999999999881,3.43096184915,5,10,300,2,2,0.5,0.02,320,41300,236551,0,0,0,0,0,0,0,0,2656,0,2522,0,0,nan,1,0,0,0,2522,0,0,nan,1,0,0,2522,0,1,0,0,0,0,0,0,2522,0,nan,0,nan,nan,0,0,0,2522,0,0,nan,1,0,0,0,2522,0,0,nan,1,0,0,nan,nan,nan,nan,268.9710809119868,222411,1.2093425276267218,222411,460429,0.48305167571981783,236551,682692329,2.8860259690299346,10,0,2522,134,0,2522,0,0,nan,1,0,0
validation__threshold_selection__validation_none__seed_10062,full,validation,threshold_selection,validation_none,62,10062,0,38.4334724,v6,70,0,0,none,10062,60,0.10000000000000001,1,reference,0,0,0.050000000000000003,0,0.9799999999999881,3.43096184915,5,10,300,2,2,0.5,0.02,320,41300,210832,0,0,0,0,0,0,0,0,2440,0,2327,0,0,nan,1,0,0,0,2327,0,0,nan,1,0,0,2327,0,1,0,0,0,0,0,0,2327,0,nan,0,nan,nan,0,0,0,2327,0,0,nan,1,0,0,0,2327,0,0,nan,1,0,0,nan,nan,nan,nan,241.02991947600313,197823,1.2184120121320732,197823,425010,0.46545493047222419,210832,645902951,3.0635906835774454,10,0,2327,113,0,2327,0,0,nan,1,0,0
validation__threshold_selection__validation_none__seed_10063,full,validation,threshold_selection,validation_none,63,10063,0,42.1763576,v6,70,0,0,none,10063,60,0.10000000000000001,1,reference,0,0,0.050000000000000003,0,0.9799999999999881,3.43096184915,5,10,300,2,2,0.5,0.02,320,41300,209680,0,0,0,0,0,0,0,0,2548,0,2447,0,0,nan,1,0,0,0,2447,0,0,nan,1,0,0,2447,0,1,0,0,0,0,0,0,2447,0,nan,0,nan,nan,0,0,0,2447,0,0,nan,1,0,0,0,2447,0,0,nan,1,0,0,nan,nan,nan,nan,232.35184971101822,197224,1.1781114352767321,197224,431706,0.45684794744571539,209680,655688872,3.1270930560854637,10,0,2447,101,0,2447,0,0,nan,1,0,0
validation__threshold_selection__validation_none__seed_10064,full,validation,threshold_selection,validation_none,64,10064,0,43.0365567,v6,70,0,0,none,10064,60,0.10000000000000001,1,reference,0,0,0.050000000000000003,0,0.9799999999999881,3.43096184915,5,10,300,2,2,0.5,0.02,320,41300,225451,0,0,0,0,0,0,0,0,2684,0,2527,0,0,nan,1,0,0,0,2527,0,0,nan,1,0,0,2527,0,1,0,0,0,0,0,0,2527,0,nan,0,nan,nan,0,0,0,2527,0,0,nan,1,0,0,0,2527,0,0,nan,1,0,0,nan,nan,nan,nan,257.96539428000091,209815,1.2294897613612035,209815,457032,0.45908163979765093,225451,727128814,3.2252188457802364,10,0,2527,157,0,2527,0,0,nan,1,0,0
validation__threshold_selection__validation_none__seed_10065,full,validation,threshold_selection,validation_none,65,10065,0,39.2685563,v6,70,0,0,none,10065,60,0.10000000000000001,1,reference,0,0,0.050000000000000003,0,0.9799999999999881,3.43096184915,5,10,300,2,2,0.5,0.02,320,41300,232711,0,0,0,0,0,0,0,0,2736,0,2623,0,0,nan,1,0,0,0,2623,0,0,nan,1,0,0,2623,0,1,0,0,0,0,0,0,2623,0,nan,0,nan,nan,0,0,0,2623,0,0,nan,1,0,0,0,2623,0,0,nan,1,0,0,nan,nan,nan,nan,258.46572708901414,219170,1.1792933662865088,219170,461223,0.47519312783620937,232711,709064243,3.0469734692386696,10,0,2623,113,0,2623,0,0,nan,1,0,0
validation__threshold_selection__validation_none__seed_10066,full,validation,threshold_selection,validation_none,66,10066,0,41.0869703,v6,70,0,0,none,10066,60,0.10000000000000001,1,reference,0,0,0.050000000000000003,0,0.9799999999999881,3.43096184915,5,10,300,2,2,0.5,0.02,320,41300,218114,0,0,0,0,0,0,0,0,2559,0,2475,0,0,nan,1,0,0,0,2475,0,0,nan,1,0,0,2475,0,1,0,0,0,0,0,0,2475,0,nan,0,nan,nan,0,0,0,2475,0,0,nan,1,0,0,0,2475,0,0,nan,1,0,0,nan,nan,nan,nan,249.26215923599617,206317,1.2081513362253045,206317,429085,0.48083013855063683,218114,685243774,3.1416771688199745,10,0,2475,84,0,2475,0,0,nan,1,0,0
validation__threshold_selection__validation_none__seed_10067,full,validation,threshold_selection,validation_none,67,10067,0,42.3267938,v6,70,0,0,none,10067,60,0.10000000000000001,1,reference,0,0,0.050000000000000003,0,0.9799999999999881,3.43096184915,5,10,300,2,2,0.5,0.02,320,41300,231518,0,0,0,0,0,0,0,0,2682,0,2611,0,0,nan,1,0,0,0,2611,0,0,nan,1,0,0,2611,0,1,0,0,0,0,0,0,2611,0,nan,0,nan,nan,0,0,0,2611,0,0,nan,1,0,0,0,2611,0,0,nan,1,0,0,nan,nan,nan,nan,257.07368280399669,218481,1.1766409106695626,218481,457159,0.47791031129213252,231518,729208591,3.1496842189376202,10,0,2611,71,0,2611,0,0,nan,1,0,0
validation__threshold_selection__validation_none__seed_10068,full,validation,threshold_selection,validation_none,68,10068,0,37.220766,v6,70,0,0,none,10068,60,0.10000000000000001,1,reference,0,0,0.050000000000000003,0,0.9799999999999881,3.43096184915,5,10,300,2,2,0.5,0.02,320,41300,214429,0,0,0,0,0,0,0,0,2488,0,2365,0,0,nan,1,0,0,0,2365,0,0,nan,1,0,0,2365,0,1,0,0,0,0,0,0,2365,0,nan,0,nan,nan,0,0,0,2365,0,0,nan,1,0,0,0,2365,0,0,nan,1,0,0,nan,nan,nan,nan,236.8643233400104,200879,1.1791392994788423,200879,425569,0.47202451306368648,214429,664653770,3.0996449640673602,10,0,2365,123,0,2365,0,0,nan,1,0,0
validation__threshold_selection__validation_none__seed_10069,full,validation,threshold_selection,validation_none,69,10069,0,39.4798752,v6,70,0,0,none,10069,60,0.10000000000000001,1,reference,0,0,0.050000000000000003,0,0.9799999999999881,3.43096184915,5,10,300,2,2,0.5,0.02,320,41300,222538,0,0,0,0,0,0,0,0,2685,0,2612,0,0,nan,1,0,0,0,2612,0,0,nan,1,0,0,2612,0,1,0,0,0,0,0,0,2612,0,nan,0,nan,nan,0,0,0,2612,0,0,nan,1,0,0,0,2612,0,0,nan,1,0,0,nan,nan,nan,nan,256.61801363200527,210633,1.2183181820132898,210633,455017,0.46291237470248364,222538,690713572,3.1038005733852199,10,0,2612,73,0,2612,0,0,nan,1,0,0
validation__threshold_selection__validation_none__seed_10070,full,validation,threshold_selection,validation_none,70,10070,0,44.1720867,v6,70,0,0,none,10070,60,0.10000000000000001,1,reference,0,0,0.050000000000000003,0,0.9799999999999881,3.43096184915,5,10,300,2,2,0.5,0.02,320,41300,217846,0,0,0,0,0,0,0,0,2622,0,2526,0,0,nan,1,0,0,0,2526,0,0,nan,1,0,0,2526,0,1,0,0,0,0,0,0,2526,0,nan,0,nan,nan,0,0,0,2526,0,0,nan,1,0,0,0,2526,0,0,nan,1,0,0,nan,nan,nan,nan,240.17601545900396,205074,1.1711675563894204,205074,444812,0.46103522386985962,217846,714265102,3.2787616114135676,10,0,2526,96,0,2526,0,0,nan,1,0,0
validation__threshold_selection__validation_none__seed_10071,full,validation,threshold_selection,validation_none,71,10071,0,40.7915206,v6,70,0,0,none,10071,60,0.10000000000000001,1,reference,0,0,0.050000000000000003,0,0.9799999999999881,3.43096184915,5,10,300,2,2,0.5,0.02,320,41300,207921,0,0,0,0,0,0,0,0,2570,0,2470,0,0,nan,1,0,0,0,2470,0,0,nan,1,0,0,2470,0,1,0,0,0,0,0,0,2470,0,nan,0,nan,nan,0,0,0,2470,0,0,nan,1,0,0,0,2470,0,0,nan,1,0,0,nan,nan,nan,nan,235.75967721700701,195928,1.203297523666893,195928,428772,0.45695148004067432,207921,645919663,3.1065628916752033,10,0,2470,100,0,2470,0,0,nan,1,0,0
validation__threshold_selection__validation_none__seed_10072,full,validation,threshold_selection,validation_none,72,10072,0,41.6078537,v6,70,0,0,none,10072,60,0.10000000000000001,1,reference,0,0,0.050000000000000003,0,0.9799999999999881,3.43096184915,5,10,300,2,2,0.5,0.02,320,41300,209567,0,0,0,0,0,0,0,0,2352,0,2274,0,0,nan,1,0,0,0,2274,0,0,nan,1,0,0,2274,0,1,0,0,0,0,0,0,2274,0,nan,0,nan,nan,0,0,0,2274,0,0,nan,1,0,0,0,2274,0,0,nan,1,0,0,nan,nan,nan,nan,239.584917144999,197181,1.2150507257037899,197181,425168,0.46377196778685131,209567,674820190,3.2200689516956391,10,0,2274,78,0,2274,0,0,nan,1,0,0
validation__threshold_selection__validation_none__seed_10073,full,validation,threshold_selection,validation_none,73,10073,0,43.3078705,v6,70,0,0,none,10073,60,0.10000000000000001,1,reference,0,0,0.050000000000000003,0,0.9799999999999881,3.43096184915,5,10,300,2,2,0.5,0.02,320,41300,221156,0,0,0,0,0,0,0,0,2701,0,2601,0,0,nan,1,0,0,0,2601,0,0,nan,1,0,0,2601,0,1,0,0,0,0,0,0,2601,0,nan,0,nan,nan,0,0,0,2601,0,0,nan,1,0,0,0,2601,0,0,nan,1,0,0,nan,nan,nan,nan,254.20505055501462,208586,1.2187061957898164,208586,456922,0.45650242273298286,221156,718446269,3.2485949691620393,10,0,2601,100,0,2601,0,0,nan,1,0,0
validation__threshold_selection__validation_none__seed_10074,full,validation,threshold_selection,validation_none,74,10074,0,30.0018928,v6,70,0,0,none,10074,60,0.10000000000000001,1,reference,0,0,0.050000000000000003,0,0.9799999999999881,3.43096184915,5,10,300,2,2,0.5,0.02,320,41300,210762,0,0,0,0,0,0,0,0,2513,0,2394,0,0,nan,1,0,0,0,2394,0,0,nan,1,0,0,2394,0,1,0,0,0,0,0,0,2394,0,nan,0,nan,nan,0,0,0,2394,0,0,nan,1,0,0,0,2394,0,0,nan,1,0,0,nan,nan,nan,nan,235.65360410499602,197883,1.1908734156294174,197883,413024,0.47910775160765479,210762,606309023,2.8767473406021957,10,0,2394,119,0,2394,0,0,nan,1,0,0
validation__threshold_selection__validation_none__seed_10075,full,validation,threshold_selection,validation_none,75,10075,0,42.7838819,v6,70,0,0,none,10075,60,0.10000000000000001,1,reference,0,0,0.050000000000000003,0,0.9799999999999881,3.43096184915,5,10,300,2,2,0.5,0.02,320,41300,219247,0,0,0,0,0,0,0,0,2582,0,2476,0,0,nan,1,0,0,0,2476,0,0,nan,1,0,0,2476,0,1,0,0,0,0,0,0,2476,0,nan,0,nan,nan,0,0,0,2476,0,0,nan,1,0,0,0,2476,0,0,nan,1,0,0,nan,nan,nan,nan,244.70509336399618,205627,1.1900435904039652,205627,441776,0.46545534388468363,219247,691894673,3.1557771508846186,10,0,2476,106,0,2476,0,0,nan,1,0,0
validation__threshold_selection__validation_none__seed_10076,full,validation,threshold_selection,validation_none,76,10076,0,38.8669367,v6,70,0,0,none,10076,60,0.10000000000000001,1,reference,0,0,0.050000000000000003,0,0.9799999999999881,3.43096184915,5,10,300,2,2,0.5,0.02,320,41300,216276,0,0,0,0,0,0,0,0,2599,0,2460,0,0,nan,1,0,0,0,2460,0,0,nan,1,0,0,2460,0,1,0,0,0,0,0,0,2460,0,nan,0,nan,nan,0,0,0,2460,0,0,nan,1,0,0,0,2460,0,0,nan,1,0,0,nan,nan,nan,nan,239.02652294400667,201361,1.1870547074359317,201361,441800,0.45577410593028522,216276,660476765,3.0538606456564761,10,0,2460,139,0,2460,0,0,nan,1,0,0
validation__threshold_selection__validation_none__seed_10077,full,validation,threshold_selection,validation_none,77,10077,0,44.5905118,v6,70,0,0,none,10077,60,0.10000000000000001,1,reference,0,0,0.050000000000000003,0,0.9799999999999881,3.43096184915,5,10,300,2,2,0.5,0.02,320,41300,230930,0,0,0,0,0,0,0,0,2762,0,2648,0,0,nan,1,0,0,0,2648,0,0,nan,1,0,0,2648,0,1,0,0,0,0,0,0,2648,0,nan,0,nan,nan,0,0,0,2648,0,0,nan,1,0,0,0,2648,0,0,nan,1,0,0,nan,nan,nan,nan,257.03821688001142,216933,1.1848737484846077,216933,468350,0.46318565175616527,230930,730678708,3.164070099164249,10,0,2648,114,0,2648,0,0,nan,1,0,0
validation__threshold_selection__validation_none__seed_10078,full,validation,threshold_selection,validation_none,78,10078,0,43.2698049,v6,70,0,0,none,10078,60,0.10000000000000001,1,reference,0,0,0.050000000000000003,0,0.9799999999999881,3.43096184915,5,10,300,2,2,0.5,0.02,320,41300,223017,0,0,0,0,0,0,0,0,2523,0,2415,0,0,nan,1,0,0,0,2415,0,0,nan,1,0,0,2415,0,1,0,0,0,0,0,0,2415,0,nan,0,nan,nan,0,0,0,2415,0,0,nan,1,0,0,0,2415,0,0,nan,1,0,0,nan,nan,nan,nan,239.73392054401501,208736,1.1485029920282799,208736,436741,0.47794001479137521,223017,716054911,3.210763802759431,10,0,2415,108,0,2415,0,0,nan,1,0,0
validation__threshold_selection__validation_none__seed_10079,full,validation,threshold_selection,validation_none,79,10079,0,42.4460419,v6,70,0,0,none,10079,60,0.10000000000000001,1,reference,0,0,0.050000000000000003,0,0.9799999999999881,3.43096184915,5,10,300,2,2,0.5,0.02,320,41300,221968,0,0,0,0,0,0,0,0,2721,0,2600,0,0,nan,1,0,0,0,2600,0,0,nan,1,0,0,2600,0,1,0,0,0,0,0,0,2600,0,nan,0,nan,nan,0,0,0,2600,0,0,nan,1,0,0,0,2600,0,0,nan,1,0,0,nan,nan,nan,nan,241.91863641900397,208315,1.16131165023644,208315,448678,0.46428619187925418,221968,696152311,3.1362732961507964,10,0,2600,121,0,2600,0,0,nan,1,0,0
validation__threshold_selection__validation_none__seed_10080,full,validation,threshold_selection,validation_none,80,10080,0,44.4437165,v6,70,0,0,none,10080,60,0.10000000000000001,1,reference,0,0,0.050000000000000003,0,0.9799999999999881,3.43096184915,5,10,300,2,2,0.5,0.02,320,41300,233664,0,0,0,0,0,0,0,0,2733,0,2659,0,0,nan,1,0,0,0,2659,0,0,nan,1,0,0,2659,0,1,0,0,0,0,0,0,2659,0,nan,0,nan,nan,0,0,0,2659,0,0,nan,1,0,0,0,2659,0,0,nan,1,0,0,nan,nan,nan,nan,268.43470847400823,221657,1.2110364593674381,221657,460733,0.48109642678080361,233664,753590637,3.2251037258627777,10,0,2659,74,0,2659,0,0,nan,1,0,0
validation__threshold_selection__validation_none__seed_10081,full,validation,threshold_selection,validation_none,81,10081,0,33.4873676,v6,70,0,0,none,10081,60,0.10000000000000001,1,reference,0,0,0.050000000000000003,0,0.9799999999999881,3.43096184915,5,10,300,2,2,0.5,0.02,320,41300,228555,0,0,0,0,0,0,0,0,2620,0,2565,0,0,nan,1,0,0,0,2565,0,0,nan,1,0,0,2565,0,1,0,0,0,0,0,0,2565,0,nan,0,nan,nan,0,0,0,2565,0,0,nan,1,0,0,0,2565,0,0,nan,1,0,0,nan,nan,nan,nan,260.40238480899774,216968,1.2001879761485461,216968,467421,0.46418111295812553,228555,655993592,2.8701782590623703,10,0,2565,55,0,2565,0,0,nan,1,0,0
validation__threshold_selection__validation_none__seed_10082,full,validation,threshold_selection,validation_none,82,10082,0,42.9213968,v6,70,0,0,none,10082,60,0.10000000000000001,1,reference,0,0,0.050000000000000003,0,0.9799999999999881,3.43096184915,5,10,300,2,2,0.5,0.02,320,41300,214781,0,0,0,0,0,0,0,0,2628,0,2519,0,0,nan,1,0,0,0,2519,0,0,nan,1,0,0,2519,0,1,0,0,0,0,0,0,2519,0,nan,0,nan,nan,0,0,0,2519,0,0,nan,1,0,0,0,2519,0,0,nan,1,0,0,nan,nan,nan,nan,238.1546014749951,201996,1.1790065222825952,201996,439188,0.45993059919669937,214781,694812208,3.2349798538976913,10,0,2519,109,0,2519,0,0,nan,1,0,0
validation__threshold_selection__validation_none__seed_10083,full,validation,threshold_selection,validation_none,83,10083,0,38.1674536,v6,70,0,0,none,10083,60,0.10000000000000001,1,reference,0,0,0.050000000000000003,0,0.9799999999999881,3.43096184915,5,10,300,2,2,0.5,0.02,320,41300,208476,0,0,0,0,0,0,0,0,2381,0,2253,0,0,nan,1,0,0,0,2253,0,0,nan,1,0,0,2253,0,1,0,0,0,0,0,0,2253,0,nan,0,nan,nan,0,0,0,2253,0,0,nan,1,0,0,0,2253,0,0,nan,1,0,0,nan,nan,nan,nan,236.37484828399877,195077,1.2117002428989516,195077,415636,0.46934577370583874,208476,654413438,3.1390348913064337,10,0,2253,128,0,2253,0,0,nan,1,0,0
validation__threshold_selection__validation_none__seed_10084,full,validation,threshold_selection,validation_none,84,10084,0,40.1218097,v6,70,0,0,none,10084,60,0.10000000000000001,1,reference,0,0,0.050000000000000003,0,0.9799999999999881,3.43096184915,5,10,300,2,2,0.5,0.02,320,41300,204191,0,0,0,0,0,0,0,0,2391,0,2308,0,0,nan,1,0,0,0,2308,0,0,nan,1,0,0,2308,0,1,0,0,0,0,0,0,2308,0,nan,0,nan,nan,0,0,0,2308,0,0,nan,1,0,0,0,2308,0,0,nan,1,0,0,nan,nan,nan,nan,227.11482446600758,192750,1.1782870270609991,192750,408447,0.47190945214434188,204191,667245629,3.2677523935922741,10,0,2308,83,0,2308,0,0,nan,1,0,0
validation__threshold_selection__validation_none__seed_10085,full,validation,threshold_selection,validation_none,85,10085,0,45.5961801,v6,70,0,0,none,10085,60,0.10000000000000001,1,reference,0,0,0.050000000000000003,0,0.9799999999999881,3.43096184915,5,10,300,2,2,0.5,0.02,320,41300,236956,0,0,0,0,0,0,0,0,2794,0,2714,0,0,nan,1,0,0,0,2714,0,0,nan,1,0,0,2714,0,1,0,0,0,0,0,0,2714,0,nan,0,nan,nan,0,0,0,2714,0,0,nan,1,0,0,0,2714,0,0,nan,1,0,0,nan,nan,nan,nan,277.44240790500533,224501,1.2358181384715672,224501,475232,0.47240295266312032,236956,798424756,3.3695063893718666,10,0,2714,80,0,2714,0,0,nan,1,0,0
validation__threshold_selection__validation_none__seed_10086,full,validation,threshold_selection,validation_none,86,10086,0,37.5743844,v6,70,0,0,none,10086,60,0.10000000000000001,1,reference,0,0,0.050000000000000003,0,0.9799999999999881,3.43096184915,5,10,300,2,2,0.5,0.02,320,41300,233452,0,0,0,0,0,0,0,0,2693,0,2632,0,0,nan,1,0,0,0,2632,0,0,nan,1,0,0,2632,0,1,0,0,0,0,0,0,2632,0,nan,0,nan,nan,0,0,0,2632,0,0,nan,1,0,0,0,2632,0,0,nan,1,0,0,nan,nan,nan,nan,263.38938146600219,221362,1.1898581575247884,221362,478917,0.46221370300072873,233452,688702745,2.9500828650000859,10,0,2632,61,0,2632,0,0,nan,1,0,0
validation__threshold_selection__validation_none__seed_10087,full,validation,threshold_selection,validation_none,87,10087,0,42.1075083,v6,70,0,0,none,10087,60,0.10000000000000001,1,reference,0,0,0.050000000000000003,0,0.9799999999999881,3.43096184915,5,10,300,2,2,0.5,0.02,320,41300,219441,0,0,0,0,0,0,0,0,2414,0,2360,0,0,nan,1,0,0,0,2360,0,0,nan,1,0,0,2360,0,1,0,0,0,0,0,0,2360,0,nan,0,nan,nan,0,0,0,2360,0,0,nan,1,0,0,0,2360,0,0,nan,1,0,0,nan,nan,nan,nan,239.63340979400471,207366,1.1556060771486392,207366,429186,0.48316114691532341,219441,699072922,3.1856987618539834,10,0,2360,54,0,2360,0,0,nan,1,0,0
validation__threshold_selection__validation_none__seed_10088,full,validation,threshold_selection,validation_none,88,10088,0,36.5173452,v6,70,0,0,none,10088,60,0.10000000000000001,1,reference,0,0,0.050000000000000003,0,0.9799999999999881,3.43096184915,5,10,300,2,2,0.5,0.02,320,41300,225235,0,0,0,0,0,0,0,0,2792,0,2661,0,0,nan,1,0,0,0,2661,0,0,nan,1,0,0,2661,0,1,0,0,0,0,0,0,2661,0,nan,0,nan,nan,0,0,0,2661,0,0,nan,1,0,0,0,2661,0,0,nan,1,0,0,nan,nan,nan,nan,252.43560671800145,211642,1.1927481630205794,211642,471651,0.44872585873877086,225235,660558965,2.9327545230536995,10,0,2661,131,0,2661,0,0,nan,1,0,0
validation__threshold_selection__validation_none__seed_10089,full,validation,threshold_selection,validation_none,89,10089,0,42.5086076,v6,70,0,0,none,10089,60,0.10000000000000001,1,reference,0,0,0.050000000000000003,0,0.9799999999999881,3.43096184915,5,10,300,2,2,0.5,0.02,320,41300,220645,0,0,0,0,0,0,0,0,2519,0,2429,0,0,nan,1,0,0,0,2429,0,0,nan,1,0,0,2429,0,1,0,0,0,0,0,0,2429,0,nan,0,nan,nan,0,0,0,2429,0,0,nan,1,0,0,0,2429,0,0,nan,1,0,0,nan,nan,nan,nan,250.58749000800418,207359,1.2084717326376198,207359,433092,0.4787874169922326,220645,711589276,3.2250414738607263,10,0,2429,90,0,2429,0,0,nan,1,0,0
validation__threshold_selection__validation_none__seed_10090,full,validation,threshold_selection,validation_none,90,10090,0,35.4394674,v6,70,0,0,none,10090,60,0.10000000000000001,1,reference,0,0,0.050000000000000003,0,0.9799999999999881,3.43096184915,5,10,300,2,2,0.5,0.02,320,41300,201436,0,0,0,0,0,0,0,0,2438,0,2349,0,0,nan,1,0,0,0,2349,0,0,nan,1,0,0,2349,0,1,0,0,0,0,0,0,2349,0,nan,0,nan,nan,0,0,0,2349,0,0,nan,1,0,0,0,2349,0,0,nan,1,0,0,nan,nan,nan,nan,230.16006834700318,190177,1.2102413454150773,190177,402246,0.472787796522526,201436,605702253,3.0069215681407497,10,0,2349,89,0,2349,0,0,nan,1,0,0
validation__threshold_selection__validation_none__seed_10091,full,validation,threshold_selection,validation_none,91,10091,0,40.4641853,v6,70,0,0,none,10091,60,0.10000000000000001,1,reference,0,0,0.050000000000000003,0,0.9799999999999881,3.43096184915,5,10,300,2,2,0.5,0.02,320,41300,222255,0,0,0,0,0,0,0,0,2493,0,2374,0,0,nan,1,0,0,0,2374,0,0,nan,1,0,0,2374,0,1,0,0,0,0,0,0,2374,0,nan,0,nan,nan,0,0,0,2374,0,0,nan,1,0,0,0,2374,0,0,nan,1,0,0,nan,nan,nan,nan,251.41033369000078,208774,1.2042224304271643,208774,434736,0.48023168083618561,222255,699968756,3.1493948662572269,10,0,2374,119,0,2374,0,0,nan,1,0,0
validation__threshold_selection__validation_none__seed_10092,full,validation,threshold_selection,validation_none,92,10092,0,39.1934166,v6,70,0,0,none,10092,60,0.10000000000000001,1,reference,0,0,0.050000000000000003,0,0.9799999999999881,3.43096184915,5,10,300,2,2,0.5,0.02,320,41300,219540,0,0,0,0,0,0,0,0,2751,0,2671,0,0,nan,1,0,0,0,2671,0,0,nan,1,0,0,2671,0,1,0,0,0,0,0,0,2671,0,nan,0,nan,nan,0,0,0,2671,0,0,nan,1,0,0,0,2671,0,0,nan,1,0,0,nan,nan,nan,nan,247.56550239700343,207650,1.1922249092078181,207650,453539,0.45784375764818463,219540,661916474,3.0150153684977683,10,0,2671,80,0,2671,0,0,nan,1,0,0
validation__threshold_selection__validation_none__seed_10093,full,validation,threshold_selection,validation_none,93,10093,0,39.7469538,v6,70,0,0,none,10093,60,0.10000000000000001,1,reference,0,0,0.050000000000000003,0,0.9799999999999881,3.43096184915,5,10,300,2,2,0.5,0.02,320,41300,198929,0,0,0,0,0,0,0,0,2416,0,2306,0,0,nan,1,0,0,0,2306,0,0,nan,1,0,0,2306,0,1,0,0,0,0,0,0,2306,0,nan,0,nan,nan,0,0,0,2306,0,0,nan,1,0,0,0,2306,0,0,nan,1,0,0,nan,nan,nan,nan,222.59896150999523,186534,1.1933425622674432,186534,406721,0.45862888810757252,198929,631446741,3.1742317158383142,10,0,2306,110,0,2306,0,0,nan,1,0,0
validation__threshold_selection__validation_none__seed_10094,full,validation,threshold_selection,validation_none,94,10094,0,43.407906,v6,70,0,0,none,10094,60,0.10000000000000001,1,reference,0,0,0.050000000000000003,0,0.9799999999999881,3.43096184915,5,10,300,2,2,0.5,0.02,320,41300,240743,0,0,0,0,0,0,0,0,2735,0,2624,0,0,nan,1,0,0,0,2624,0,0,nan,1,0,0,2624,0,1,0,0,0,0,0,0,2624,0,nan,0,nan,nan,0,0,0,2624,0,0,nan,1,0,0,0,2624,0,0,nan,1,0,0,nan,nan,nan,nan,273.47155830399458,226824,1.2056553023665688,226824,469148,0.48348069265988558,240743,753957244,3.1317930074810065,10,0,2624,111,0,2624,0,0,nan,1,0,0
validation__threshold_selection__validation_none__seed_10095,full,validation,threshold_selection,validation_none,95,10095,0,45.0306077,v6,70,0,0,none,10095,60,0.10000000000000001,1,reference,0,0,0.050000000000000003,0,0.9799999999999881,3.43096184915,5,10,300,2,2,0.5,0.02,320,41300,227931,0,0,0,0,0,0,0,0,2753,0,2672,0,0,nan,1,0,0,0,2672,0,0,nan,1,0,0,2672,0,1,0,0,0,0,0,0,2672,0,nan,0,nan,nan,0,0,0,2672,0,0,nan,1,0,0,0,2672,0,0,nan,1,0,0,nan,nan,nan,nan,255.54779459398918,215611,1.1852261461334959,215611,467828,0.46087664697281905,227931,733162725,3.2165994314068729,10,0,2672,81,0,2672,0,0,nan,1,0,0
validation__threshold_selection__validation_none__seed_10096,full,validation,threshold_selection,validation_none,96,10096,0,41.8359436,v6,70,0,0,none,10096,60,0.10000000000000001,1,reference,0,0,0.050000000000000003,0,0.9799999999999881,3.43096184915,5,10,300,2,2,0.5,0.02,320,41300,201633,0,0,0,0,0,0,0,0,2496,0,2418,0,0,nan,1,0,0,0,2418,0,0,nan,1,0,0,2418,0,1,0,0,0,0,0,0,2418,0,nan,0,nan,nan,0,0,0,2418,0,0,nan,1,0,0,0,2418,0,0,nan,1,0,0,nan,nan,nan,nan,229.85790935899931,190398,1.2072496000955855,190398,419556,0.45380831164373764,201633,639537397,3.1717893251600682,10,0,2418,78,0,2418,0,0,nan,1,0,0
validation__threshold_selection__validation_none__seed_10097,full,validation,threshold_selection,validation_none,97,10097,0,34.105732,v6,70,0,0,none,10097,60,0.10000000000000001,1,reference,0,0,0.050000000000000003,0,0.9799999999999881,3.43096184915,5,10,300,2,2,0.5,0.02,320,41300,220076,0,0,0,0,0,0,0,0,2521,0,2444,0,0,nan,1,0,0,0,2444,0,0,nan,1,0,0,2444,0,1,0,0,0,0,0,0,2444,0,nan,0,nan,nan,0,0,0,2444,0,0,nan,1,0,0,0,2444,0,0,nan,1,0,0,nan,nan,nan,nan,245.21063797301485,207035,1.1843921944261349,207035,441378,0.46906506441190998,220076,673509941,3.0603516103527872,10,0,2444,77,0,2444,0,0,nan,1,0,0
validation__threshold_selection__validation_none__seed_10098,full,validation,threshold_selection,validation_none,98,10098,0,41.3350753,v6,70,0,0,none,10098,60,0.10000000000000001,1,reference,0,0,0.050000000000000003,0,0.9799999999999881,3.43096184915,5,10,300,2,2,0.5,0.02,320,41300,240331,0,0,0,0,0,0,0,0,2672,0,2604,0,0,nan,1,0,0,0,2604,0,0,nan,1,0,0,2604,0,1,0,0,0,0,0,0,2604,0,nan,0,nan,nan,0,0,0,2604,0,0,nan,1,0,0,0,2604,0,0,nan,1,0,0,nan,nan,nan,nan,270.17848249900953,226582,1.1924092933198998,226582,485355,0.46683767551585953,240331,739169756,3.0756321739600798,10,0,2604,68,0,2604,0,0,nan,1,0,0
validation__threshold_selection__validation_none__seed_10099,full,validation,threshold_selection,validation_none,99,10099,0,42.8063609,v6,70,0,0,none,10099,60,0.10000000000000001,1,reference,0,0,0.050000000000000003,0,0.9799999999999881,3.43096184915,5,10,300,2,2,0.5,0.02,320,41300,234194,0,0,0,0,0,0,0,0,2771,0,2656,0,0,nan,1,0,0,0,2656,0,0,nan,1,0,0,2656,0,1,0,0,0,0,0,0,2656,0,nan,0,nan,nan,0,0,0,2656,0,0,nan,1,0,0,0,2656,0,0,nan,1,0,0,nan,nan,nan,nan,266.61102464599378,220654,1.2082764175858756,220654,479977,0.45971786148086263,234194,750089477,3.2028552268631989,10,0,2656,115,0,2656,0,0,nan,1,0,0
validation__threshold_selection__validation_none__seed_10100,full,validation,threshold_selection,validation_none,100,10100,0,42.5609107,v6,70,0,0,none,10100,60,0.10000000000000001,1,reference,0,0,0.050000000000000003,0,0.9799999999999881,3.43096184915,5,10,300,2,2,0.5,0.02,320,41300,224314,0,0,0,0,0,0,0,0,2570,0,2481,0,0,nan,1,0,0,0,2481,0,0,nan,1,0,0,2481,0,1,0,0,0,0,0,0,2481,0,nan,0,nan,nan,0,0,0,2481,0,0,nan,1,0,0,0,2481,0,0,nan,1,0,0,nan,nan,nan,nan,253.03998055001426,211714,1.1951972025941329,211714,440253,0.48089166910844444,224314,706698503,3.1504877225674721,10,0,2481,89,0,2481,0,0,nan,1,0,0
validation__threshold_selection__validation_none__seed_10101,full,validation,threshold_selection,validation_none,101,10101,0,43.6459102,v6,70,0,0,none,10101,60,0.10000000000000001,1,reference,0,0,0.050000000000000003,0,0.9799999999999881,3.43096184915,5,10,300,2,2,0.5,0.02,320,41300,230397,0,0,0,0,0,0,0,0,2576,0,2459,0,0,nan,1,0,0,0,2459,0,0,nan,1,0,0,2459,0,1,0,0,0,0,0,0,2459,0,nan,0,nan,nan,0,0,0,2459,0,0,nan,1,0,0,0,2459,0,0,nan,1,0,0,nan,nan,nan,nan,265.82641008799754,216028,1.230518312848323,216028,450141,0.47991184984260488,230397,763913848,3.3156414710260984,10,0,2459,117,0,2459,0,0,nan,1,0,0
validation__threshold_selection__validation_none__seed_10102,full,validation,threshold_selection,validation_none,102,10102,0,39.4649382,v6,70,0,0,none,10102,60,0.10000000000000001,1,reference,0,0,0.050000000000000003,0,0.9799999999999881,3.43096184915,5,10,300,2,2,0.5,0.02,320,41300,208463,0,0,0,0,0,0,0,0,2449,0,2360,0,0,nan,1,0,0,0,2360,0,0,nan,1,0,0,2360,0,1,0,0,0,0,0,0,2360,0,nan,0,nan,nan,0,0,0,2360,0,0,nan,1,0,0,0,2360,0,0,nan,1,0,0,nan,nan,nan,nan,231.22609456799535,196295,1.1779520342749197,196295,421775,0.46540216940311779,208463,654322967,3.1387966545622001,10,0,2360,89,0,2360,0,0,nan,1,0,0
validation__threshold_selection__validation_none__seed_10103,full,validation,threshold_selection,validation_none,103,10103,0,37.874496,v6,70,0,0,none,10103,60,0.10000000000000001,1,reference,0,0,0.050000000000000003,0,0.9799999999999881,3.43096184915,5,10,300,2,2,0.5,0.02,320,41300,217558,0,0,0,0,0,0,0,0,2469,0,2332,0,0,nan,1,0,0,0,2332,0,0,nan,1,0,0,2332,0,1,0,0,0,0,0,0,2332,0,nan,0,nan,nan,0,0,0,2332,0,0,nan,1,0,0,0,2332,0,0,nan,1,0,0,nan,nan,nan,nan,240.90863363899948,203769,1.1822634141552417,203769,431240,0.47251878304424449,217558,681532662,3.1326481306134455,10,0,2332,137,0,2332,0,0,nan,1,0,0
validation__threshold_selection__validation_none__seed_10104,full,validation,threshold_selection,validation_none,104,10104,0,42.45438,v6,70,0,0,none,10104,60,0.10000000000000001,1,reference,0,0,0.050000000000000003,0,0.9799999999999881,3.43096184915,5,10,300,2,2,0.5,0.02,320,41300,218191,0,0,0,0,0,0,0,0,2591,0,2485,0,0,nan,1,0,0,0,2485,0,0,nan,1,0,0,2485,0,1,0,0,0,0,0,0,2485,0,nan,0,nan,nan,0,0,0,2485,0,0,nan,1,0,0,0,2485,0,0,nan,1,0,0,nan,nan,nan,nan,240.34433156200095,205565,1.1691889745919828,205565,433334,0.47438003941532397,218191,691146284,3.1676204976373912,10,0,2485,106,0,2485,0,0,nan,1,0,0
validation__threshold_selection__validation_none__seed_10105,full,validation,threshold_selection,validation_none,105,10105,0,32.9057322,v6,70,0,0,none,10105,60,0.10000000000000001,1,reference,0,0,0.050000000000000003,0,0.9799999999999881,3.43096184915,5,10,300,2,2,0.5,0.02,320,41300,221250,0,0,0,0,0,0,0,0,2554,0,2479,0,0,nan,1,0,0,0,2479,0,0,nan,1,0,0,2479,0,1,0,0,0,0,0,0,2479,0,nan,0,nan,nan,0,0,0,2479,0,0,nan,1,0,0,0,2479,0,0,nan,1,0,0,nan,nan,nan,nan,247.78528566000222,208963,1.1857854532142158,208963,444993,0.46958716204524564,221250,632179810,2.857309875706215,10,0,2479,75,0,2479,0,0,nan,1,0,0
validation__threshold_selection__validation_none__seed_10106,full,validation,threshold_selection,validation_none,106,10106,0,44.4523582,v6,70,0,0,none,10106,60,0.10000000000000001,1,reference,0,0,0.050000000000000003,0,0.9799999999999881,3.43096184915,5,10,300,2,2,0.5,0.02,320,41300,232589,0,0,0,0,0,0,0,0,2721,0,2663,0,0,nan,1,0,0,0,2663,0,0,nan,1,0,0,2663,0,1,0,0,0,0,0,0,2663,0,nan,0,nan,nan,0,0,0,2663,0,0,nan,1,0,0,0,2663,0,0,nan,1,0,0,nan,nan,nan,nan,264.41692987399927,221052,1.1961752432640251,221052,468221,0.47211039231474028,232589,747874223,3.2154324710110966,10,0,2663,58,0,2663,0,0,nan,1,0,0
validation__threshold_selection__validation_none__seed_10107,full,validation,threshold_selection,validation_none,107,10107,0,36.7114626,v6,70,0,0,none,10107,60,0.10000000000000001,1,reference,0,0,0.050000000000000003,0,0.9799999999999881,3.43096184915,5,10,300,2,2,0.5,0.02,320,41300,213092,0,0,0,0,0,0,0,0,2453,0,2367,0,0,nan,1,0,0,0,2367,0,0,nan,1,0,0,2367,0,1,0,0,0,0,0,0,2367,0,nan,0,nan,nan,0,0,0,2367,0,0,nan,1,0,0,0,2367,0,0,nan,1,0,0,nan,nan,nan,nan,237.56384086998983,201105,1.1812925629397073,201105,426129,0.47193455502911091,213092,649683644,3.0488410827248327,10,0,2367,86,0,2367,0,0,nan,1,0,0
validation__threshold_selection__validation_none__seed_10108,full,validation,threshold_selection,validation_none,108,10108,0,45.246355,v6,70,0,0,none,10108,60,0.10000000000000001,1,reference,0,0,0.050000000000000003,0,0.9799999999999881,3.43096184915,5,10,300,2,2,0.5,0.02,320,41300,241907,0,0,0,0,0,0,0,0,2716,0,2620,0,0,nan,1,0,0,0,2620,0,0,nan,1,0,0,2620,0,1,0,0,0,0,0,0,2620,0,nan,0,nan,nan,0,0,0,2620,0,0,nan,1,0,0,0,2620,0,0,nan,1,0,0,nan,nan,nan,nan,283.50976416499765,228530,1.2405800733601613,228530,472200,0.48396865734858113,241907,786962004,3.2531592884868976,10,0,2620,96,0,2620,0,0,nan,1,0,0
validation__threshold_selection__validation_none__seed_10109,full,validation,threshold_selection,validation_none,109,10109,0,42.5762055,v6,70,0,0,none,10109,60,0.10000000000000001,1,reference,0,0,0.050000000000000003,0,0.9799999999999881,3.43096184915,5,10,300,2,2,0.5,0.02,320,41300,225704,0,0,0,0,0,0,0,0,2660,0,2516,0,0,nan,1,0,0,0,2516,0,0,nan,1,0,0,2516,0,1,0,0,0,0,0,0,2516,0,nan,0,nan,nan,0,0,0,2516,0,0,nan,1,0,0,0,2516,0,0,nan,1,0,0,nan,nan,nan,nan,256.73687676898885,211488,1.2139548190393255,211488,444767,0.47550290376759069,225704,711314979,3.1515390910218692,10,0,2516,144,0,2516,0,0,nan,1,0,0
validation__threshold_selection__validation_none__seed_10110,full,validation,threshold_selection,validation_none,110,10110,0,43.3095576,v6,70,0,0,none,10110,60,0.10000000000000001,1,reference,0,0,0.050000000000000003,0,0.9799999999999881,3.43096184915,5,10,300,2,2,0.5,0.02,320,41300,224595,0,0,0,0,0,0,0,0,2585,0,2488,0,0,nan,1,0,0,0,2488,0,0,nan,1,0,0,2488,0,1,0,0,0,0,0,0,2488,0,nan,0,nan,nan,0,0,0,2488,0,0,nan,1,0,0,0,2488,0,0,nan,1,0,0,nan,nan,nan,nan,252.03192898799136,211734,1.1903233726656626,211734,442319,0.47869071868945262,224595,710853593,3.1650463857165119,10,0,2488,97,0,2488,0,0,nan,1,0,0
validation__threshold_selection__validation_none__seed_10111,full,validation,threshold_selection,validation_none,111,10111,0,43.4671619,v6,70,0,0,none,10111,60,0.10000000000000001,1,reference,0,0,0.050000000000000003,0,0.9799999999999881,3.43096184915,5,10,300,2,2,0.5,0.02,320,41300,224215,0,0,0,0,0,0,0,0,2632,0,2539,0,0,nan,1,0,0,0,2539,0,0,nan,1,0,0,2539,0,1,0,0,0,0,0,0,2539,0,nan,0,nan,nan,0,0,0,2539,0,0,nan,1,0,0,0,2539,0,0,nan,1,0,0,nan,nan,nan,nan,263.84767834099159,211476,1.2476483305008208,211476,457655,0.46208606920059869,224215,710483391,3.1687594094953506,10,0,2539,93,0,2539,0,0,nan,1,0,0
validation__threshold_selection__validation_none__seed_10112,full,validation,threshold_selection,validation_none,112,10112,0,33.3185951,v6,70,0,0,none,10112,60,0.10000000000000001,1,reference,0,0,0.050000000000000003,0,0.9799999999999881,3.43096184915,5,10,300,2,2,0.5,0.02,320,41300,223159,0,0,0,0,0,0,0,0,2531,0,2482,0,0,nan,1,0,0,0,2482,0,0,nan,1,0,0,2482,0,1,0,0,0,0,0,0,2482,0,nan,0,nan,nan,0,0,0,2482,0,0,nan,1,0,0,0,2482,0,0,nan,1,0,0,nan,nan,nan,nan,249.09255266699307,211211,1.1793540708911614,211211,449275,0.47011518557676257,223159,641788006,2.8759225753834707,10,0,2482,49,0,2482,0,0,nan,1,0,0
validation__threshold_selection__validation_none__seed_10113,full,validation,threshold_selection,validation_none,113,10113,0,41.7109391,v6,70,0,0,none,10113,60,0.10000000000000001,1,reference,0,0,0.050000000000000003,0,0.9799999999999881,3.43096184915,5,10,300,2,2,0.5,0.02,320,41300,220520,0,0,0,0,0,0,0,0,2443,0,2284,0,0,nan,1,0,0,0,2284,0,0,nan,1,0,0,2284,0,1,0,0,0,0,0,0,2284,0,nan,0,nan,nan,0,0,0,2284,0,0,nan,1,0,0,0,2284,0,0,nan,1,0,0,nan,nan,nan,nan,244.87493164400172,205531,1.1914257783205537,205531,426415,0.48199758451273994,220520,713991209,3.2377616950843464,10,0,2284,159,0,2284,0,0,nan,1,0,0
validation__threshold_selection__validation_none__seed_10114,full,validation,threshold_selection,validation_none,114,10114,0,38.0568377,v6,70,0,0,none,10114,60,0.10000000000000001,1,reference,0,0,0.050000000000000003,0,0.9799999999999881,3.43096184915,5,10,300,2,2,0.5,0.02,320,41300,211733,0,0,0,0,0,0,0,0,2513,0,2350,0,0,nan,1,0,0,0,2350,0,0,nan,1,0,0,2350,0,1,0,0,0,0,0,0,2350,0,nan,0,nan,nan,0,0,0,2350,0,0,nan,1,0,0,0,2350,0,0,nan,1,0,0,nan,nan,nan,nan,230.12081963000983,196711,1.1698421523453686,196711,418595,0.46993155675533632,211733,648278893,3.0617754105406338,10,0,2350,163,0,2350,0,0,nan,1,0,0
validation__threshold_selection__validation_none__seed_10115,full,validation,threshold_selection,validation_none,115,10115,0,41.9482908,v6,70,0,0,none,10115,60,0.10000000000000001,1,reference,0,0,0.050000000000000003,0,0.9799999999999881,3.43096184915,5,10,300,2,2,0.5,0.02,320,41300,212969,0,0,0,0,0,0,0,0,2528,0,2431,0,0,nan,1,0,0,0,2431,0,0,nan,1,0,0,2431,0,1,0,0,0,0,0,0,2431,0,nan,0,nan,nan,0,0,0,2431,0,0,nan,1,0,0,0,2431,0,0,nan,1,0,0,nan,nan,nan,nan,241.2055536300025,200195,1.2048530364394838,200195,426584,0.46929795772931004,212969,670431271,3.1480228155271424,10,0,2431,97,0,2431,0,0,nan,1,0,0
validation__threshold_selection__validation_none__seed_10116,full,validation,threshold_selection,validation_none,116,10116,0,31.6450785,v6,70,0,0,none,10116,60,0.10000000000000001,1,reference,0,0,0.050000000000000003,0,0.9799999999999881,3.43096184915,5,10,300,2,2,0.5,0.02,320,41300,222763,0,0,0,0,0,0,0,0,2534,0,2431,0,0,nan,1,0,0,0,2431,0,0,nan,1,0,0,2431,0,1,0,0,0,0,0,0,2431,0,nan,0,nan,nan,0,0,0,2431,0,0,nan,1,0,0,0,2431,0,0,nan,1,0,0,nan,nan,nan,nan,246.35288881200358,209014,1.1786430038753557,209014,445648,0.46901141708254046,222763,625016464,2.8057463043683195,10,0,2431,103,0,2431,0,0,nan,1,0,0
validation__threshold_selection__validation_none__seed_10117,full,validation,threshold_selection,validation_none,117,10117,0,43.1416546,v6,70,0,0,none,10117,60,0.10000000000000001,1,reference,0,0,0.050000000000000003,0,0.9799999999999881,3.43096184915,5,10,300,2,2,0.5,0.02,320,41300,217176,0,0,0,0,0,0,0,0,2642,0,2554,0,0,nan,1,0,0,0,2554,0,0,nan,1,0,0,2554,0,1,0,0,0,0,0,0,2554,0,nan,0,nan,nan,0,0,0,2554,0,0,nan,1,0,0,0,2554,0,0,nan,1,0,0,nan,nan,nan,nan,243.69937362301303,204767,1.1901301167815763,204767,448115,0.45695189850819545,217176,713113662,3.2835748977787604,10,0,2554,88,0,2554,0,0,nan,1,0,0
validation__threshold_selection__validation_none__seed_10118,full,validation,threshold_selection,validation_none,118,10118,0,38.070364,v6,70,0,0,none,10118,60,0.10000000000000001,1,reference,0,0,0.050000000000000003,0,0.9799999999999881,3.43096184915,5,10,300,2,2,0.5,0.02,320,41300,214032,0,0,0,0,0,0,0,0,2429,0,2334,0,0,nan,1,0,0,0,2334,0,0,nan,1,0,0,2334,0,1,0,0,0,0,0,0,2334,0,nan,0,nan,nan,0,0,0,2334,0,0,nan,1,0,0,0,2334,0,0,nan,1,0,0,nan,nan,nan,nan,239.69433271500571,201090,1.1919753976577936,201090,419259,0.47963192203387406,214032,644572973,3.0115729096583688,10,0,2334,95,0,2334,0,0,nan,1,0,0
validation__threshold_selection__validation_none__seed_10119,full,validation,threshold_selection,validation_none,119,10119,0,44.5168072,v6,70,0,0,none,10119,60,0.10000000000000001,1,reference,0,0,0.050000000000000003,0,0.9799999999999881,3.43096184915,5,10,300,2,2,0.5,0.02,320,41300,224370,0,0,0,0,0,0,0,0,2727,0,2613,0,0,nan,1,0,0,0,2613,0,0,nan,1,0,0,2613,0,1,0,0,0,0,0,0,2613,0,nan,0,nan,nan,0,0,0,2613,0,0,nan,1,0,0,0,2613,0,0,nan,1,0,0,nan,nan,nan,nan,249.73024407000764,211702,1.179631009957429,211702,457702,0.46253239007039515,224370,718018976,3.2001558853679191,10,0,2613,114,0,2613,0,0,nan,1,0,0
validation__threshold_selection__validation_none__seed_10120,full,validation,threshold_selection,validation_none,120,10120,0,44.3940263,v6,70,0,0,none,10120,60,0.10000000000000001,1,reference,0,0,0.050000000000000003,0,0.9799999999999881,3.43096184915,5,10,300,2,2,0.5,0.02,320,41300,235628,0,0,0,0,0,0,0,0,2688,0,2545,0,0,nan,1,0,0,0,2545,0,0,nan,1,0,0,2545,0,1,0,0,0,0,0,0,2545,0,nan,0,nan,nan,0,0,0,2545,0,0,nan,1,0,0,0,2545,0,0,nan,1,0,0,nan,nan,nan,nan,258.6518306039917,221334,1.1686041484995151,221334,458047,0.48321242143273507,235628,752565408,3.1938708812195498,10,0,2545,143,0,2545,0,0,nan,1,0,0
validation__threshold_selection__validation_none__seed_10121,full,validation,threshold_selection,validation_none,121,10121,0,43.6977718,v6,70,0,0,none,10121,60,0.10000000000000001,1,reference,0,0,0.050000000000000003,0,0.9799999999999881,3.43096184915,5,10,300,2,2,0.5,0.02,320,41300,234774,0,0,0,0,0,0,0,0,2652,0,2583,0,0,nan,1,0,0,0,2583,0,0,nan,1,0,0,2583,0,1,0,0,0,0,0,0,2583,0,nan,0,nan,nan,0,0,0,2583,0,0,nan,1,0,0,0,2583,0,0,nan,1,0,0,nan,nan,nan,nan,267.20438105801065,222200,1.2025399687579237,222200,471594,0.47116799620012129,234774,759447173,3.2348010128889908,10,0,2583,69,0,2583,0,0,nan,1,0,0
validation__threshold_selection__validation_none__seed_10122,full,validation,threshold_selection,validation_none,122,10122,0,43.1100367,v6,70,0,0,none,10122,60,0.10000000000000001,1,reference,0,0,0.050000000000000003,0,0.9799999999999881,3.43096184915,5,10,300,2,2,0.5,0.02,320,41300,214851,0,0,0,0,0,0,0,0,2607,0,2497,0,0,nan,1,0,0,0,2497,0,0,nan,1,0,0,2497,0,1,0,0,0,0,0,0,2497,0,nan,0,nan,nan,0,0,0,2497,0,0,nan,1,0,0,0,2497,0,0,nan,1,0,0,nan,nan,nan,nan,234.28445048899772,201361,1.1635046036173724,201361,425890,0.47280048838902061,214851,702636623,3.2703437405457736,10,0,2497,110,0,2497,0,0,nan,1,0,0
validation__threshold_selection__validation_none__seed_10123,full,validation,threshold_selection,validation_none,123,10123,0,28.1983419,v6,70,0,0,none,10123,60,0.10000000000000001,1,reference,0,0,0.050000000000000003,0,0.9799999999999881,3.43096184915,5,10,300,2,2,0.5,0.02,320,41300,218604,0,0,0,0,0,0,0,0,2558,0,2486,0,0,nan,1,0,0,0,2486,0,0,nan,1,0,0,2486,0,1,0,0,0,0,0,0,2486,0,nan,0,nan,nan,0,0,0,2486,0,0,nan,1,0,0,0,2486,0,0,nan,1,0,0,nan,nan,nan,nan,250.90142828000549,205316,1.2220256983381981,205316,439775,0.46686601102836678,218604,588791944,2.6934179795429176,10,0,2486,72,0,2486,0,0,nan,1,0,0
validation__threshold_selection__validation_none__seed_10124,full,validation,threshold_selection,validation_none,124,10124,0,43.4606447,v6,70,0,0,none,10124,60,0.10000000000000001,1,reference,0,0,0.050000000000000003,0,0.9799999999999881,3.43096184915,5,10,300,2,2,0.5,0.02,320,41300,223275,0,0,0,0,0,0,0,0,2691,0,2608,0,0,nan,1,0,0,0,2608,0,0,nan,1,0,0,2608,0,1,0,0,0,0,0,0,2608,0,nan,0,nan,nan,0,0,0,2608,0,0,nan,1,0,0,0,2608,0,0,nan,1,0,0,nan,nan,nan,nan,255.18452539500882,210491,1.2123298639609714,210491,463468,0.45416512035350876,223275,722555431,3.2361680931586605,10,0,2608,83,0,2608,0,0,nan,1,0,0
validation__threshold_selection__validation_none__seed_10125,full,validation,threshold_selection,validation_none,125,10125,0,36.9659144,v6,70,0,0,none,10125,60,0.10000000000000001,1,reference,0,0,0.050000000000000003,0,0.9799999999999881,3.43096184915,5,10,300,2,2,0.5,0.02,320,41300,221918,0,0,0,0,0,0,0,0,2517,0,2434,0,0,nan,1,0,0,0,2434,0,0,nan,1,0,0,2434,0,1,0,0,0,0,0,0,2434,0,nan,0,nan,nan,0,0,0,2434,0,0,nan,1,0,0,0,2434,0,0,nan,1,0,0,nan,nan,nan,nan,246.56649314599477,209643,1.1761255713092962,209643,442333,0.47394836017208752,221918,652192507,2.9388896213916849,10,0,2434,83,0,2434,0,0,nan,1,0,0
validation__threshold_selection__validation_none__seed_10126,full,validation,threshold_selection,validation_none,126,10126,0,42.0427799,v6,70,0,0,none,10126,60,0.10000000000000001,1,reference,0,0,0.050000000000000003,0,0.9799999999999881,3.43096184915,5,10,300,2,2,0.5,0.02,320,41300,207931,0,0,0,0,0,0,0,0,2529,0,2431,0,0,nan,1,0,0,0,2431,0,0,nan,1,0,0,2431,0,1,0,0,0,0,0,0,2431,0,nan,0,nan,nan,0,0,0,2431,0,0,nan,1,0,0,0,2431,0,0,nan,1,0,0,nan,nan,nan,nan,228.6994297590019,195484,1.1699138024544304,195484,423843,0.46121795098656815,207931,664205596,3.1943558007223549,10,0,2431,98,0,2431,0,0,nan,1,0,0
validation__threshold_selection__validation_none__seed_10127,full,validation,threshold_selection,validation_none,127,10127,0,42.5640126,v6,70,0,0,none,10127,60,0.10000000000000001,1,reference,0,0,0.050000000000000003,0,0.9799999999999881,3.43096184915,5,10,300,2,2,0.5,0.02,320,41300,211274,0,0,0,0,0,0,0,0,2467,0,2394,0,0,nan,1,0,0,0,2394,0,0,nan,1,0,0,2394,0,1,0,0,0,0,0,0,2394,0,nan,0,nan,nan,0,0,0,2394,0,0,nan,1,0,0,0,2394,0,0,nan,1,0,0,nan,nan,nan,nan,241.93920391100909,200164,1.2087048815521728,200164,428067,0.46759969817808894,211274,686150277,3.2476796813616442,10,0,2394,73,0,2394,0,0,nan,1,0,0
validation__threshold_selection__validation_none__seed_10128,full,validation,threshold_selection,validation_none,128,10128,0,40.9271762,v6,70,0,0,none,10128,60,0.10000000000000001,1,reference,0,0,0.050000000000000003,0,0.9799999999999881,3.43096184915,5,10,300,2,2,0.5,0.02,320,41300,208308,0,0,0,0,0,0,0,0,2478,0,2362,0,0,nan,1,0,0,0,2362,0,0,nan,1,0,0,2362,0,1,0,0,0,0,0,0,2362,0,nan,0,nan,nan,0,0,0,2362,0,0,nan,1,0,0,0,2362,0,0,nan,1,0,0,nan,nan,nan,nan,231.69956053899617,195139,1.1873565024879504,195139,428298,0.45561501571335844,208308,654519185,3.1420741642183687,10,0,2362,116,0,2362,0,0,nan,1,0,0
validation__threshold_selection__validation_none__seed_10129,full,validation,threshold_selection,validation_none,129,10129,0,41.6448049,v6,70,0,0,none,10129,60,0.10000000000000001,1,reference,0,0,0.050000000000000003,0,0.9799999999999881,3.43096184915,5,10,300,2,2,0.5,0.02,320,41300,221816,0,0,0,0,0,0,0,0,2527,0,2436,0,0,nan,1,0,0,0,2436,0,0,nan,1,0,0,2436,0,1,0,0,0,0,0,0,2436,0,nan,0,nan,nan,0,0,0,2436,0,0,nan,1,0,0,0,2436,0,0,nan,1,0,0,nan,nan,nan,nan,253.8512618529968,208540,1.2172785166059115,208540,434809,0.4796128874977289,221816,695665927,3.1362296993904857,10,0,2436,91,0,2436,0,0,nan,1,0,0
validation__threshold_selection__validation_none__seed_10130,full,validation,threshold_selection,validation_none,130,10130,0,40.9165381,v6,70,0,0,none,10130,60,0.10000000000000001,1,reference,0,0,0.050000000000000003,0,0.9799999999999881,3.43096184915,5,10,300,2,2,0.5,0.02,320,41300,198688,0,0,0,0,0,0,0,0,2409,0,2349,0,0,nan,1,0,0,0,2349,0,0,nan,1,0,0,2349,0,1,0,0,0,0,0,0,2349,0,nan,0,nan,nan,0,0,0,2349,0,0,nan,1,0,0,0,2349,0,0,nan,1,0,0,nan,nan,nan,nan,219.45554567799402,187763,1.1687901539600136,187763,410776,0.45709340370420865,198688,633451519,3.188172003341923,10,0,2349,60,0,2349,0,0,nan,1,0,0
validation__threshold_selection__validation_none__seed_10131,full,validation,threshold_selection,validation_none,131,10131,0,29.4438235,v6,70,0,0,none,10131,60,0.10000000000000001,1,reference,0,0,0.050000000000000003,0,0.9799999999999881,3.43096184915,5,10,300,2,2,0.5,0.02,320,41300,219297,0,0,0,0,0,0,0,0,2545,0,2431,0,0,nan,1,0,0,0,2431,0,0,nan,1,0,0,2431,0,1,0,0,0,0,0,0,2431,0,nan,0,nan,nan,0,0,0,2431,0,0,nan,1,0,0,0,2431,0,0,nan,1,0,0,nan,nan,nan,nan,244.53947685699512,206430,1.1846121051058234,206430,437784,0.47153390713228444,219297,595300258,2.7145845953205012,10,0,2431,114,0,2431,0,0,nan,1,0,0
validation__threshold_selection__validation_none__seed_10132,full,validation,threshold_selection,validation_none,132,10132,0,40.7727172,v6,70,0,0,none,10132,60,0.10000000000000001,1,reference,0,0,0.050000000000000003,0,0.9799999999999881,3.43096184915,5,10,300,2,2,0.5,0.02,320,41300,227962,0,0,0,0,0,0,0,0,2617,0,2482,0,0,nan,1,0,0,0,2482,0,0,nan,1,0,0,2482,0,1,0,0,0,0,0,0,2482,0,nan,0,nan,nan,0,0,0,2482,0,0,nan,1,0,0,0,2482,0,0,nan,1,0,0,nan,nan,nan,nan,254.71798025600657,213504,1.1930361035671773,213504,454515,0.46974027259826406,227962,710238956,3.1156024074187805,10,0,2482,135,0,2482,0,0,nan,1,0,0
validation__threshold_selection__validation_none__seed_10133,full,validation,threshold_selection,validation_none,133,10133,0,41.1753237,v6,70,0,0,none,10133,60,0.10000000000000001,1,reference,0,0,0.050000000000000003,0,0.9799999999999881,3.43096184915,5,10,300,2,2,0.5,0.02,320,41300,218050,0,0,0,0,0,0,0,0,2549,0,2442,0,0,nan,1,0,0,0,2442,0,0,nan,1,0,0,2442,0,1,0,0,0,0,0,0,2442,0,nan,0,nan,nan,0,0,0,2442,0,0,nan,1,0,0,0,2442,0,0,nan,1,0,0,nan,nan,nan,nan,243.79556303600697,205077,1.1888001240314954,205077,424846,0.48270902868333465,218050,698451225,3.2031700298096766,10,0,2442,107,0,2442,0,0,nan,1,0,0
validation__threshold_selection__validation_none__seed_10134,full,validation,threshold_selection,validation_none,134,10134,0,44.7606048,v6,70,0,0,none,10134,60,0.10000000000000001,1,reference,0,0,0.050000000000000003,0,0.9799999999999881,3.43096184915,5,10,300,2,2,0.5,0.02,320,41300,234869,0,0,0,0,0,0,0,0,2617,0,2516,0,0,nan,1,0,0,0,2516,0,0,nan,1,0,0,2516,0,1,0,0,0,0,0,0,2516,0,nan,0,nan,nan,0,0,0,2516,0,0,nan,1,0,0,0,2516,0,0,nan,1,0,0,nan,nan,nan,nan,259.08668449101077,220521,1.1748844077934111,220521,448936,0.49120810093198142,234869,758677949,3.2302174786796045,10,0,2516,101,0,2516,0,0,nan,1,0,0
validation__threshold_selection__validation_none__seed_10135,full,validation,threshold_selection,validation_none,135,10135,0,40.7082402,v6,70,0,0,none,10135,60,0.10000000000000001,1,reference,0,0,0.050000000000000003,0,0.9799999999999881,3.43096184915,5,10,300,2,2,0.5,0.02,320,41300,207466,0,0,0,0,0,0,0,0,2501,0,2432,0,0,nan,1,0,0,0,2432,0,0,nan,1,0,0,2432,0,1,0,0,0,0,0,0,2432,0,nan,0,nan,nan,0,0,0,2432,0,0,nan,1,0,0,0,2432,0,0,nan,1,0,0,nan,nan,nan,nan,233.36740514699704,195982,1.1907593817136117,195982,423287,0.46300028113313191,207466,647469025,3.1208440178149672,10,0,2432,69,0,2432,0,0,nan,1,0,0
validation__threshold_selection__validation_none__seed_10136,full,validation,threshold_selection,validation_none,136,10136,0,32.2609297,v6,70,0,0,none,10136,60,0.10000000000000001,1,reference,0,0,0.050000000000000003,0,0.9799999999999881,3.43096184915,5,10,300,2,2,0.5,0.02,320,41300,222310,0,0,0,0,0,0,0,0,2695,0,2616,0,0,nan,1,0,0,0,2616,0,0,nan,1,0,0,2616,0,1,0,0,0,0,0,0,2616,0,nan,0,nan,nan,0,0,0,2616,0,0,nan,1,0,0,0,2616,0,0,nan,1,0,0,nan,nan,nan,nan,250.17867183399449,210202,1.1901821668394901,210202,457513,0.45944486823325237,222310,620822332,2.7925974180198825,10,0,2616,79,0,2616,0,0,nan,1,0,0
validation__threshold_selection__validation_none__seed_10137,full,validation,threshold_selection,validation_none,137,10137,0,44.919471,v6,70,0,0,none,10137,60,0.10000000000000001,1,reference,0,0,0.050000000000000003,0,0.9799999999999881,3.43096184915,5,10,300,2,2,0.5,0.02,320,41300,233224,0,0,0,0,0,0,0,0,2631,0,2526,0,0,nan,1,0,0,0,2526,0,0,nan,1,0,0,2526,0,1,0,0,0,0,0,0,2526,0,nan,0,nan,nan,0,0,0,2526,0,0,nan,1,0,0,0,2526,0,0,nan,1,0,0,nan,nan,nan,nan,256.01189561300833,219881,1.1643202259995558,219881,460316,0.477674032621069,233224,768297640,3.2942477618083905,10,0,2526,105,0,2526,0,0,nan,1,0,0
validation__threshold_selection__validation_none__seed_10138,full,validation,threshold_selection,validation_none,138,10138,0,44.2672271,v6,70,0,0,none,10138,60,0.10000000000000001,1,reference,0,0,0.050000000000000003,0,0.9799999999999881,3.43096184915,5,10,300,2,2,0.5,0.02,320,41300,230810,0,0,0,0,0,0,0,0,2730,0,2667,0,0,nan,1,0,0,0,2667,0,0,nan,1,0,0,2667,0,1,0,0,0,0,0,0,2667,0,nan,0,nan,nan,0,0,0,2667,0,0,nan,1,0,0,0,2667,0,0,nan,1,0,0,nan,nan,nan,nan,266.39524787800156,217836,1.2229165421601642,217836,463365,0.47011750995435564,230810,745230413,3.2287613751570556,10,0,2667,63,0,2667,0,0,nan,1,0,0
validation__threshold_selection__validation_none__seed_10139,full,validation,threshold_selection,validation_none,139,10139,0,43.8788362,v6,70,0,0,none,10139,60,0.10000000000000001,1,reference,0,0,0.050000000000000003,0,0.9799999999999881,3.43096184915,5,10,300,2,2,0.5,0.02,320,41300,220745,0,0,0,0,0,0,0,0,2627,0,2570,0,0,nan,1,0,0,0,2570,0,0,nan,1,0,0,2570,0,1,0,0,0,0,0,0,2570,0,nan,0,nan,nan,0,0,0,2570,0,0,nan,1,0,0,0,2570,0,0,nan,1,0,0,nan,nan,nan,nan,251.60309938700445,209759,1.1994865506939127,209759,462421,0.45361045454250565,220745,710717959,3.2196333280482006,10,0,2570,57,0,2570,0,0,nan,1,0,0
validation__threshold_selection__validation_none__seed_10140,full,validation,threshold_selection,validation_none,140,10140,0,43.5630287,v6,70,0,0,none,10140,60,0.10000000000000001,1,reference,0,0,0.050000000000000003,0,0.9799999999999881,3.43096184915,5,10,300,2,2,0.5,0.02,320,41300,233033,0,0,0,0,0,0,0,0,2602,0,2445,0,0,nan,1,0,0,0,2445,0,0,nan,1,0,0,2445,0,1,0,0,0,0,0,0,2445,0,nan,0,nan,nan,0,0,0,2445,0,0,nan,1,0,0,0,2445,0,0,nan,1,0,0,nan,nan,nan,nan,259.41523065199334,217025,1.1953241822462544,217025,446289,0.48628803309066548,233033,749117309,3.2146404543562497,10,0,2445,157,0,2445,0,0,nan,1,0,0
validation__threshold_selection__validation_none__seed_10141,full,validation,threshold_selection,validation_none,141,10141,0,40.5660087,v6,70,0,0,none,10141,60,0.10000000000000001,1,reference,0,0,0.050000000000000003,0,0.9799999999999881,3.43096184915,5,10,300,2,2,0.5,0.02,320,41300,239505,0,0,0,0,0,0,0,0,2828,0,2728,0,0,nan,1,0,0,0,2728,0,0,nan,1,0,0,2728,0,1,0,0,0,0,0,0,2728,0,nan,0,nan,nan,0,0,0,2728,0,0,nan,1,0,0,0,2728,0,0,nan,1,0,0,nan,nan,nan,nan,285.75306269800126,226526,1.26145812267908,226526,484147,0.46788681949903643,239505,740706909,3.0926573933738335,10,0,2728,100,0,2728,0,0,nan,1,0,0
validation__threshold_selection__validation_none__seed_10142,full,validation,threshold_selection,validation_none,142,10142,0,39.6951666,v6,70,0,0,none,10142,60,0.10000000000000001,1,reference,0,0,0.050000000000000003,0,0.9799999999999881,3.43096184915,5,10,300,2,2,0.5,0.02,320,41300,205237,0,0,0,0,0,0,0,0,2495,0,2396,0,0,nan,1,0,0,0,2396,0,0,nan,1,0,0,2396,0,1,0,0,0,0,0,0,2396,0,nan,0,nan,nan,0,0,0,2396,0,0,nan,1,0,0,0,2396,0,0,nan,1,0,0,nan,nan,nan,nan,230.41941957600983,193955,1.1880045349488788,193955,419460,0.46239212320602679,205237,648008488,3.1573667905884419,10,0,2396,99,0,2396,0,0,nan,1,0,0
validation__threshold_selection__validation_none__seed_10143,full,validation,threshold_selection,validation_none,143,10143,0,41.7883354,v6,70,0,0,none,10143,60,0.10000000000000001,1,reference,0,0,0.050000000000000003,0,0.9799999999999881,3.43096184915,5,10,300,2,2,0.5,0.02,320,41300,209374,0,0,0,0,0,0,0,0,2565,0,2498,0,0,nan,1,0,0,0,2498,0,0,nan,1,0,0,2498,0,1,0,0,0,0,0,0,2498,0,nan,0,nan,nan,0,0,0,2498,0,0,nan,1,0,0,0,2498,0,0,nan,1,0,0,nan,nan,nan,nan,244.88205235900364,198569,1.2332340514330213,198569,426952,0.46508506811070099,209374,663434995,3.1686598861367696,10,0,2498,67,0,2498,0,0,nan,1,0,0
validation__threshold_selection__validation_none__seed_10144,full,validation,threshold_selection,validation_none,144,10144,0,28.608005,v6,70,0,0,none,10144,60,0.10000000000000001,1,reference,0,0,0.050000000000000003,0,0.9799999999999881,3.43096184915,5,10,300,2,2,0.5,0.02,320,41300,220168,0,0,0,0,0,0,0,0,2543,0,2462,0,0,nan,1,0,0,0,2462,0,0,nan,1,0,0,2462,0,1,0,0,0,0,0,0,2462,0,nan,0,nan,nan,0,0,0,2462,0,0,nan,1,0,0,0,2462,0,0,nan,1,0,0,nan,nan,nan,nan,249.2252093070054,205790,1.2110656946742087,205790,440890,0.46676041643040211,220168,587510888,2.6684662984629917,10,0,2462,81,0,2462,0,0,nan,1,0,0
validation__threshold_selection__validation_none__seed_10145,full,validation,threshold_selection,validation_none,145,10145,0,42.9418467,v6,70,0,0,none,10145,60,0.10000000000000001,1,reference,0,0,0.050000000000000003,0,0.9799999999999881,3.43096184915,5,10,300,2,2,0.5,0.02,320,41300,217815,0,0,0,0,0,0,0,0,2541,0,2462,0,0,nan,1,0,0,0,2462,0,0,nan,1,0,0,2462,0,1,0,0,0,0,0,0,2462,0,nan,0,nan,nan,0,0,0,2462,0,0,nan,1,0,0,0,2462,0,0,nan,1,0,0,nan,nan,nan,nan,248.19894406600872,206149,1.2039784042901431,206149,422607,0.48780308892185886,217815,711775861,3.2678000183642082,10,0,2462,79,0,2462,0,0,nan,1,0,0
validation__threshold_selection__validation_none__seed_10146,full,validation,threshold_selection,validation_none,146,10146,0,44.7910777,v6,70,0,0,none,10146,60,0.10000000000000001,1,reference,0,0,0.050000000000000003,0,0.9799999999999881,3.43096184915,5,10,300,2,2,0.5,0.02,320,41300,224585,0,0,0,0,0,0,0,0,2674,0,2603,0,0,nan,1,0,0,0,2603,0,0,nan,1,0,0,2603,0,1,0,0,0,0,0,0,2603,0,nan,0,nan,nan,0,0,0,2603,0,0,nan,1,0,0,0,2603,0,0,nan,1,0,0,nan,nan,nan,nan,260.33603377401454,213111,1.2215982927864566,213111,463249,0.46003553164712713,224585,750119492,3.3400248992586326,10,0,2603,71,0,2603,0,0,nan,1,0,0
validation__threshold_selection__validation_none__seed_10147,full,validation,threshold_selection,validation_none,147,10147,0,40.2383418,v6,70,0,0,none,10147,60,0.10000000000000001,1,reference,0,0,0.050000000000000003,0,0.9799999999999881,3.43096184915,5,10,300,2,2,0.5,0.02,320,41300,210764,0,0,0,0,0,0,0,0,2487,0,2402,0,0,nan,1,0,0,0,2402,0,0,nan,1,0,0,2402,0,1,0,0,0,0,0,0,2402,0,nan,0,nan,nan,0,0,0,2402,0,0,nan,1,0,0,0,2402,0,0,nan,1,0,0,nan,nan,nan,nan,232.288294694006,198506,1.1701827385268253,198506,431429,0.46011278796742916,210764,658527472,3.1244779563872389,10,0,2402,85,0,2402,0,0,nan,1,0,0
validation__threshold_selection__validation_none__seed_10148,full,validation,threshold_selection,validation_none,148,10148,0,40.4689926,v6,70,0,0,none,10148,60,0.10000000000000001,1,reference,0,0,0.050000000000000003,0,0.9799999999999881,3.43096184915,5,10,300,2,2,0.5,0.02,320,41300,229873,0,0,0,0,0,0,0,0,2705,0,2590,0,0,nan,1,0,0,0,2590,0,0,nan,1,0,0,2590,0,1,0,0,0,0,0,0,2590,0,nan,0,nan,nan,0,0,0,2590,0,0,nan,1,0,0,0,2590,0,0,nan,1,0,0,nan,nan,nan,nan,265.64119787600208,215620,1.2319877463871722,215620,463759,0.46493976397223558,229873,710708192,3.0917427971097085,10,0,2590,115,0,2590,0,0,nan,1,0,0
validation__threshold_selection__validation_none__seed_10149,full,validation,threshold_selection,validation_none,149,10149,0,40.2019277,v6,70,0,0,none,10149,60,0.10000000000000001,1,reference,0,0,0.050000000000000003,0,0.9799999999999881,3.43096184915,5,10,300,2,2,0.5,0.02,320,41300,220830,0,0,0,0,0,0,0,0,2700,0,2628,0,0,nan,1,0,0,0,2628,0,0,nan,1,0,0,2628,0,1,0,0,0,0,0,0,2628,0,nan,0,nan,nan,0,0,0,2628,0,0,nan,1,0,0,0,2628,0,0,nan,1,0,0,nan,nan,nan,nan,253.63992520199807,208937,1.2139540876053454,208937,450276,0.46401984560580622,220830,690679529,3.1276526241905538,10,0,2628,72,0,2628,0,0,nan,1,0,0
validation__threshold_selection__validation_none__seed_10150,full,validation,threshold_selection,validation_none,150,10150,0,38.9388876,v6,70,0,0,none,10150,60,0.10000000000000001,1,reference,0,0,0.050000000000000003,0,0.9799999999999881,3.43096184915,5,10,300,2,2,0.5,0.02,320,41300,219590,0,0,0,0,0,0,0,0,2486,0,2381,0,0,nan,1,0,0,0,2381,0,0,nan,1,0,0,2381,0,1,0,0,0,0,0,0,2381,0,nan,0,nan,nan,0,0,0,2381,0,0,nan,1,0,0,0,2381,0,0,nan,1,0,0,nan,nan,nan,nan,251.23140107100045,205838,1.2205297421807462,205838,441841,0.46586441729038275,219590,681555725,3.1037648572339358,10,0,2381,105,0,2381,0,0,nan,1,0,0
validation__threshold_selection__validation_none__seed_10151,full,validation,threshold_selection,validation_none,151,10151,0,41.6329013,v6,70,0,0,none,10151,60,0.10000000000000001,1,reference,0,0,0.050000000000000003,0,0.9799999999999881,3.43096184915,5,10,300,2,2,0.5,0.02,320,41300,204319,0,0,0,0,0,0,0,0,2494,0,2368,0,0,nan,1,0,0,0,2368,0,0,nan,1,0,0,2368,0,1,0,0,0,0,0,0,2368,0,nan,0,nan,nan,0,0,0,2368,0,0,nan,1,0,0,0,2368,0,0,nan,1,0,0,nan,nan,nan,nan,230.98373683899959,192314,1.2010760362688082,192314,415282,0.46309254915936643,204319,650251936,3.1825328824044754,10,0,2368,126,0,2368,0,0,nan,1,0,0
validation__threshold_selection__validation_none__seed_10152,full,validation,threshold_selection,validation_none,152,10152,0,34.6603571,v6,70,0,0,none,10152,60,0.10000000000000001,1,reference,0,0,0.050000000000000003,0,0.9799999999999881,3.43096184915,5,10,300,2,2,0.5,0.02,320,41300,209296,0,0,0,0,0,0,0,0,2459,0,2383,0,0,nan,1,0,0,0,2383,0,0,nan,1,0,0,2383,0,1,0,0,0,0,0,0,2383,0,nan,0,nan,nan,0,0,0,2383,0,0,nan,1,0,0,0,2383,0,0,nan,1,0,0,nan,nan,nan,nan,239.52648543700718,197437,1.2131793201730536,197437,433545,0.45540140008534291,209296,610469228,2.9167744629615471,10,0,2383,76,0,2383,0,0,nan,1,0,0
validation__threshold_selection__validation_none__seed_10153,full,validation,threshold_selection,validation_none,153,10153,0,39.2984891,v6,70,0,0,none,10153,60,0.10000000000000001,1,reference,0,0,0.050000000000000003,0,0.9799999999999881,3.43096184915,5,10,300,2,2,0.5,0.02,320,41300,222725,0,0,0,0,0,0,0,0,2656,0,2551,0,0,nan,1,0,0,0,2551,0,0,nan,1,0,0,2551,0,1,0,0,0,0,0,0,2551,0,nan,0,nan,nan,0,0,0,2551,0,0,nan,1,0,0,0,2551,0,0,nan,1,0,0,nan,nan,nan,nan,256.01048028699188,209824,1.2201201020235619,209824,454186,0.46197813230702839,222725,683966575,3.0709016724660456,10,0,2551,105,0,2551,0,0,nan,1,0,0
validation__threshold_selection__validation_none__seed_10154,full,validation,threshold_selection,validation_none,154,10154,0,34.6093341,v6,70,0,0,none,10154,60,0.10000000000000001,1,reference,0,0,0.050000000000000003,0,0.9799999999999881,3.43096184915,5,10,300,2,2,0.5,0.02,320,41300,200750,0,0,0,0,0,0,0,0,2384,0,2288,0,0,nan,1,0,0,0,2288,0,0,nan,1,0,0,2288,0,1,0,0,0,0,0,0,2288,0,nan,0,nan,nan,0,0,0,2288,0,0,nan,1,0,0,0,2288,0,0,nan,1,0,0,nan,nan,nan,nan,219.97308946900364,188696,1.1657538552433735,188696,406165,0.46457966589932664,200750,593576139,2.9567927222914072,10,0,2288,96,0,2288,0,0,nan,1,0,0
validation__threshold_selection__validation_none__seed_10155,full,validation,threshold_selection,validation_none,155,10155,0,38.4250701,v6,70,0,0,none,10155,60,0.10000000000000001,1,reference,0,0,0.050000000000000003,0,0.9799999999999881,3.43096184915,5,10,300,2,2,0.5,0.02,320,41300,242376,0,0,0,0,0,0,0,0,2714,0,2605,0,0,nan,1,0,0,0,2605,0,0,nan,1,0,0,2605,0,1,0,0,0,0,0,0,2605,0,nan,0,nan,nan,0,0,0,2605,0,0,nan,1,0,0,0,2605,0,0,nan,1,0,0,nan,nan,nan,nan,267.15971403500282,227573,1.173951716745848,227573,471338,0.48282336667105136,242376,722376919,2.9803978900551211,10,0,2605,109,0,2605,0,0,nan,1,0,0
validation__threshold_selection__validation_none__seed_10156,full,validation,threshold_selection,validation_none,156,10156,0,41.8172704,v6,70,0,0,none,10156,60,0.10000000000000001,1,reference,0,0,0.050000000000000003,0,0.9799999999999881,3.43096184915,5,10,300,2,2,0.5,0.02,320,41300,226815,0,0,0,0,0,0,0,0,2522,0,2472,0,0,nan,1,0,0,0,2472,0,0,nan,1,0,0,2472,0,1,0,0,0,0,0,0,2472,0,nan,0,nan,nan,0,0,0,2472,0,0,nan,1,0,0,0,2472,0,0,nan,1,0,0,nan,nan,nan,nan,251.15916056001339,214996,1.1682038761652003,214996,442579,0.48577993985254608,226815,734364169,3.2377231179595705,10,0,2472,50,0,2472,0,0,nan,1,0,0
validation__threshold_selection__validation_none__seed_10157,full,validation,threshold_selection,validation_none,157,10157,0,43.0409958,v6,70,0,0,none,10157,60,0.10000000000000001,1,reference,0,0,0.050000000000000003,0,0.9799999999999881,3.43096184915,5,10,300,2,2,0.5,0.02,320,41300,221491,0,0,0,0,0,0,0,0,2516,0,2450,0,0,nan,1,0,0,0,2450,0,0,nan,1,0,0,2450,0,1,0,0,0,0,0,0,2450,0,nan,0,nan,nan,0,0,0,2450,0,0,nan,1,0,0,0,2450,0,0,nan,1,0,0,nan,nan,nan,nan,254.68717852499447,209856,1.213628290470582,209856,442308,0.47445671342141676,221491,711333173,3.2115669395144724,10,0,2450,66,0,2450,0,0,nan,1,0,0
validation__threshold_selection__validation_none__seed_10158,full,validation,threshold_selection,validation_none,158,10158,0,44.7860705,v6,70,0,0,none,10158,60,0.10000000000000001,1,reference,0,0,0.050000000000000003,0,0.9799999999999881,3.43096184915,5,10,300,2,2,0.5,0.02,320,41300,241463,0,0,0,0,0,0,0,0,2884,0,2789,0,0,nan,1,0,0,0,2789,0,0,nan,1,0,0,2789,0,1,0,0,0,0,0,0,2789,0,nan,0,nan,nan,0,0,0,2789,0,0,nan,1,0,0,0,2789,0,0,nan,1,0,0,nan,nan,nan,nan,272.36265696299921,227393,1.1977618350740753,227393,489453,0.46458597659019352,241463,758469843,3.141143127518502,10,0,2789,95,0,2789,0,0,nan,1,0,0
validation__threshold_selection__validation_none__seed_10159,full,validation,threshold_selection,validation_none,159,10159,0,40.9158774,v6,70,0,0,none,10159,60,0.10000000000000001,1,reference,0,0,0.050000000000000003,0,0.9799999999999881,3.43096184915,5,10,300,2,2,0.5,0.02,320,41300,214847,0,0,0,0,0,0,0,0,2603,0,2484,0,0,nan,1,0,0,0,2484,0,0,nan,1,0,0,2484,0,1,0,0,0,0,0,0,2484,0,nan,0,nan,nan,0,0,0,2484,0,0,nan,1,0,0,0,2484,0,0,nan,1,0,0,nan,nan,nan,nan,235.42031730900618,201878,1.1661514246674038,201878,429187,0.47037305416986069,214847,676085896,3.1468249312301313,10,0,2484,119,0,2484,0,0,nan,1,0,0
validation__threshold_selection__validation_none__seed_10160,full,validation,threshold_selection,validation_none,160,10160,0,43.1630048,v6,70,0,0,none,10160,60,0.10000000000000001,1,reference,0,0,0.050000000000000003,0,0.9799999999999881,3.43096184915,5,10,300,2,2,0.5,0.02,320,41300,223065,0,0,0,0,0,0,0,0,2593,0,2527,0,0,nan,1,0,0,0,2527,0,0,nan,1,0,0,2527,0,1,0,0,0,0,0,0,2527,0,nan,0,nan,nan,0,0,0,2527,0,0,nan,1,0,0,0,2527,0,0,nan,1,0,0,nan,nan,nan,nan,252.54928266699807,211130,1.1961790492445321,211130,460458,0.4585217327096065,223065,704246422,3.1571354627574926,10,0,2527,66,0,2527,0,0,nan,1,0,0
validation__threshold_selection__validation_none__seed_10161,full,validation,threshold_selection,validation_none,161,10161,0,44.2262715,v6,70,0,0,none,10161,60,0.10000000000000001,1,reference,0,0,0.050000000000000003,0,0.9799999999999881,3.43096184915,5,10,300,2,2,0.5,0.02,320,41300,226764,0,0,0,0,0,0,0,0,2660,0,2551,0,0,nan,1,0,0,0,2551,0,0,nan,1,0,0,2551,0,1,0,0,0,0,0,0,2551,0,nan,0,nan,nan,0,0,0,2551,0,0,nan,1,0,0,0,2551,0,0,nan,1,0,0,nan,nan,nan,nan,253.07328027900533,213645,1.1845504471389703,213645,451917,0.47275273999429096,226764,734229721,3.2378583946305413,10,0,2551,109,0,2551,0,0,nan,1,0,0
validation__threshold_selection__validation_none__seed_10162,full,validation,threshold_selection,validation_none,162,10162,0,38.9078134,v6,70,0,0,none,10162,60,0.10000000000000001,1,reference,0,0,0.050000000000000003,0,0.9799999999999881,3.43096184915,5,10,300,2,2,0.5,0.02,320,41300,203511,0,0,0,0,0,0,0,0,2431,0,2347,0,0,nan,1,0,0,0,2347,0,0,nan,1,0,0,2347,0,1,0,0,0,0,0,0,2347,0,nan,0,nan,nan,0,0,0,2347,0,0,nan,1,0,0,0,2347,0,0,nan,1,0,0,nan,nan,nan,nan,228.70481521599982,191669,1.1932279879166678,191669,425797,0.45014173420667597,203511,612741447,3.0108517328301665,10,0,2347,84,0,2347,0,0,nan,1,0,0
validation__threshold_selection__validation_none__seed_10163,full,validation,threshold_selection,validation_none,163,10163,0,34.1517343,v6,70,0,0,none,10163,60,0.10000000000000001,1,reference,0,0,0.050000000000000003,0,0.9799999999999881,3.43096184915,5,10,300,2,2,0.5,0.02,320,41300,222618,0,0,0,0,0,0,0,0,2661,0,2581,0,0,nan,1,0,0,0,2581,0,0,nan,1,0,0,2581,0,1,0,0,0,0,0,0,2581,0,nan,0,nan,nan,0,0,0,2581,0,0,nan,1,0,0,0,2581,0,0,nan,1,0,0,nan,nan,nan,nan,257.98886652199957,210950,1.2229858569424015,210950,443138,0.47603681020359345,222618,641570703,2.8819354364876153,10,0,2581,80,0,2581,0,0,nan,1,0,0
validation__threshold_selection__validation_none__seed_10164,full,validation,threshold_selection,validation_none,164,10164,0,41.0574404,v6,70,0,0,none,10164,60,0.10000000000000001,1,reference,0,0,0.050000000000000003,0,0.9799999999999881,3.43096184915,5,10,300,2,2,0.5,0.02,320,41300,218580,0,0,0,0,0,0,0,0,2704,0,2575,0,0,nan,1,0,0,0,2575,0,0,nan,1,0,0,2575,0,1,0,0,0,0,0,0,2575,0,nan,0,nan,nan,0,0,0,2575,0,0,nan,1,0,0,0,2575,0,0,nan,1,0,0,nan,nan,nan,nan,245.70228350100018,205899,1.1933146032812212,205899,459108,0.44847617554039571,218580,672135085,3.0750072513496201,10,0,2575,129,0,2575,0,0,nan,1,0,0
validation__threshold_selection__validation_none__seed_10165,full,validation,threshold_selection,validation_none,165,10165,0,43.2055276,v6,70,0,0,none,10165,60,0.10000000000000001,1,reference,0,0,0.050000000000000003,0,0.9799999999999881,3.43096184915,5,10,300,2,2,0.5,0.02,320,41300,230788,0,0,0,0,0,0,0,0,2536,0,2443,0,0,nan,1,0,0,0,2443,0,0,nan,1,0,0,2443,0,1,0,0,0,0,0,0,2443,0,nan,0,nan,nan,0,0,0,2443,0,0,nan,1,0,0,0,2443,0,0,nan,1,0,0,nan,nan,nan,nan,267.36669758400069,217967,1.2266384250092937,217967,438247,0.49736107720075667,230788,736673581,3.1919925689377266,10,0,2443,93,0,2443,0,0,nan,1,0,0
validation__threshold_selection__validation_none__seed_10166,full,validation,threshold_selection,validation_none,166,10166,0,39.7526349,v6,70,0,0,none,10166,60,0.10000000000000001,1,reference,0,0,0.050000000000000003,0,0.9799999999999881,3.43096184915,5,10,300,2,2,0.5,0.02,320,41300,207790,0,0,0,0,0,0,0,0,2492,0,2422,0,0,nan,1,0,0,0,2422,0,0,nan,1,0,0,2422,0,1,0,0,0,0,0,0,2422,0,nan,0,nan,nan,0,0,0,2422,0,0,nan,1,0,0,0,2422,0,0,nan,1,0,0,nan,nan,nan,nan,233.55963562900769,197297,1.1837971972660897,197297,410655,0.48044465548940107,207790,654943261,3.1519479330092883,10,0,2422,70,0,2422,0,0,nan,1,0,0
validation__threshold_selection__validation_none__seed_10167,full,validation,threshold_selection,validation_none,167,10167,0,39.2801205,v6,70,0,0,none,10167,60,0.10000000000000001,1,reference,0,0,0.050000000000000003,0,0.9799999999999881,3.43096184915,5,10,300,2,2,0.5,0.02,320,41300,205392,0,0,0,0,0,0,0,0,2575,0,2453,0,0,nan,1,0,0,0,2453,0,0,nan,1,0,0,2453,0,1,0,0,0,0,0,0,2453,0,nan,0,nan,nan,0,0,0,2453,0,0,nan,1,0,0,0,2453,0,0,nan,1,0,0,nan,nan,nan,nan,229.41530494400237,192135,1.1940318262888197,192135,421426,0.45591634118445468,205392,630275984,3.0686491392069799,10,0,2453,122,0,2453,0,0,nan,1,0,0
validation__threshold_selection__validation_none__seed_10168,full,validation,threshold_selection,validation_none,168,10168,0,39.7499596,v6,70,0,0,none,10168,60,0.10000000000000001,1,reference,0,0,0.050000000000000003,0,0.9799999999999881,3.43096184915,5,10,300,2,2,0.5,0.02,320,41300,217494,0,0,0,0,0,0,0,0,2429,0,2363,0,0,nan,1,0,0,0,2363,0,0,nan,1,0,0,2363,0,1,0,0,0,0,0,0,2363,0,nan,0,nan,nan,0,0,0,2363,0,0,nan,1,0,0,0,2363,0,0,nan,1,0,0,nan,nan,nan,nan,245.33146191699655,205811,1.1920230790239421,205811,427630,0.48128288473680519,217494,669612700,3.0787640118807875,10,0,2363,66,0,2363,0,0,nan,1,0,0
validation__threshold_selection__validation_none__seed_10169,full,validation,threshold_selection,validation_none,169,10169,0,38.5515483,v6,70,0,0,none,10169,60,0.10000000000000001,1,reference,0,0,0.050000000000000003,0,0.9799999999999881,3.43096184915,5,10,300,2,2,0.5,0.02,320,41300,215060,0,0,0,0,0,0,0,0,2455,0,2369,0,0,nan,1,0,0,0,2369,0,0,nan,1,0,0,2369,0,1,0,0,0,0,0,0,2369,0,nan,0,nan,nan,0,0,0,2369,0,0,nan,1,0,0,0,2369,0,0,nan,1,0,0,nan,nan,nan,nan,248.07678880900525,203425,1.2195000064348298,203425,432262,0.47060579000698649,215060,672290821,3.1260616618618058,10,0,2369,86,0,2369,0,0,nan,1,0,0
validation__threshold_selection__validation_none__seed_10170,full,validation,threshold_selection,validation_none,170,10170,0,43.4390665,v6,70,0,0,none,10170,60,0.10000000000000001,1,reference,0,0,0.050000000000000003,0,0.9799999999999881,3.43096184915,5,10,300,2,2,0.5,0.02,320,41300,223604,0,0,0,0,0,0,0,0,2635,0,2506,0,0,nan,1,0,0,0,2506,0,0,nan,1,0,0,2506,0,1,0,0,0,0,0,0,2506,0,nan,0,nan,nan,0,0,0,2506,0,0,nan,1,0,0,0,2506,0,0,nan,1,0,0,nan,nan,nan,nan,250.9478682720015,208370,1.2043378042520587,208370,446714,0.46645057016346031,223604,720140814,3.2206079229351889,10,0,2506,129,0,2506,0,0,nan,1,0,0
validation__threshold_selection__validation_none__seed_10171,full,validation,threshold_selection,validation_none,171,10171,0,42.3439552,v6,70,0,0,none,10171,60,0.10000000000000001,1,reference,0,0,0.050000000000000003,0,0.9799999999999881,3.43096184915,5,10,300,2,2,0.5,0.02,320,41300,222791,0,0,0,0,0,0,0,0,2598,0,2505,0,0,nan,1,0,0,0,2505,0,0,nan,1,0,0,2505,0,1,0,0,0,0,0,0,2505,0,nan,0,nan,nan,0,0,0,2505,0,0,nan,1,0,0,0,2505,0,0,nan,1,0,0,nan,nan,nan,nan,252.42663603999841,209862,1.20282202609333,209862,442988,0.47374195237794253,222791,694894166,3.119040562679821,10,0,2505,93,0,2505,0,0,nan,1,0,0
validation__threshold_selection__validation_none__seed_10172,full,validation,threshold_selection,validation_none,172,10172,0,39.5253617,v6,70,0,0,none,10172,60,0.10000000000000001,1,reference,0,0,0.050000000000000003,0,0.9799999999999881,3.43096184915,5,10,300,2,2,0.5,0.02,320,41300,225148,0,0,0,0,0,0,0,0,2672,0,2550,0,0,nan,1,0,0,0,2550,0,0,nan,1,0,0,2550,0,1,0,0,0,0,0,0,2550,0,nan,0,nan,nan,0,0,0,2550,0,0,nan,1,0,0,0,2550,0,0,nan,1,0,0,nan,nan,nan,nan,254.89182875500552,211289,1.2063658247945019,211289,451051,0.46843705035572475,225148,702740215,3.12123676426173,10,0,2550,122,0,2550,0,0,nan,1,0,0
validation__threshold_selection__validation_none__seed_10173,full,validation,threshold_selection,validation_none,173,10173,0,43.8230017,v6,70,0,0,none,10173,60,0.10000000000000001,1,reference,0,0,0.050000000000000003,0,0.9799999999999881,3.43096184915,5,10,300,2,2,0.5,0.02,320,41300,229137,0,0,0,0,0,0,0,0,2651,0,2541,0,0,nan,1,0,0,0,2541,0,0,nan,1,0,0,2541,0,1,0,0,0,0,0,0,2541,0,nan,0,nan,nan,0,0,0,2541,0,0,nan,1,0,0,0,2541,0,0,nan,1,0,0,nan,nan,nan,nan,254.85108269600516,214749,1.1867393221668328,214749,463056,0.46376464185757232,229137,742493312,3.2403902992532854,10,0,2541,110,0,2541,0,0,nan,1,0,0
validation__threshold_selection__validation_none__seed_10174,full,validation,threshold_selection,validation_none,174,10174,0,43.1063122,v6,70,0,0,none,10174,60,0.10000000000000001,1,reference,0,0,0.050000000000000003,0,0.9799999999999881,3.43096184915,5,10,300,2,2,0.5,0.02,320,41300,217149,0,0,0,0,0,0,0,0,2516,0,2450,0,0,nan,1,0,0,0,2450,0,0,nan,1,0,0,2450,0,1,0,0,0,0,0,0,2450,0,nan,0,nan,nan,0,0,0,2450,0,0,nan,1,0,0,0,2450,0,0,nan,1,0,0,nan,nan,nan,nan,240.99348782399707,205658,1.1718167434478459,205658,445448,0.46168800847685926,217149,694965324,3.200407664783167,10,0,2450,66,0,2450,0,0,nan,1,0,0
validation__threshold_selection__validation_none__seed_10175,full,validation,threshold_selection,validation_none,175,10175,0,35.7260264,v6,70,0,0,none,10175,60,0.10000000000000001,1,reference,0,0,0.050000000000000003,0,0.9799999999999881,3.43096184915,5,10,300,2,2,0.5,0.02,320,41300,201355,0,0,0,0,0,0,0,0,2353,0,2260,0,0,nan,1,0,0,0,2260,0,0,nan,1,0,0,2260,0,1,0,0,0,0,0,0,2260,0,nan,0,nan,nan,0,0,0,2260,0,0,nan,1,0,0,0,2260,0,0,nan,1,0,0,nan,nan,nan,nan,227.43284009899725,188969,1.2035457672898584,188969,412145,0.45850125562605393,201355,596529372,2.9625754115865015,10,0,2260,93,0,2260,0,0,nan,1,0,0
validation__threshold_selection__validation_none__seed_10176,full,validation,threshold_selection,validation_none,176,10176,0,40.3084839,v6,70,0,0,none,10176,60,0.10000000000000001,1,reference,0,0,0.050000000000000003,0,0.9799999999999881,3.43096184915,5,10,300,2,2,0.5,0.02,320,41300,213296,0,0,0,0,0,0,0,0,2609,0,2499,0,0,nan,1,0,0,0,2499,0,0,nan,1,0,0,2499,0,1,0,0,0,0,0,0,2499,0,nan,0,nan,nan,0,0,0,2499,0,0,nan,1,0,0,0,2499,0,0,nan,1,0,0,nan,nan,nan,nan,241.91295792200313,200657,1.2056043792242639,200657,437995,0.45812623431774335,213296,657086394,3.0806315824019204,10,0,2499,110,0,2499,0,0,nan,1,0,0
validation__threshold_selection__validation_none__seed_10177,full,validation,threshold_selection,validation_none,177,10177,0,32.0504955,v6,70,0,0,none,10177,60,0.10000000000000001,1,reference,0,0,0.050000000000000003,0,0.9799999999999881,3.43096184915,5,10,300,2,2,0.5,0.02,320,41300,207472,0,0,0,0,0,0,0,0,2585,0,2440,0,0,nan,1,0,0,0,2440,0,0,nan,1,0,0,2440,0,1,0,0,0,0,0,0,2440,0,nan,0,nan,nan,0,0,0,2440,0,0,nan,1,0,0,0,2440,0,0,nan,1,0,0,nan,nan,nan,nan,227.20954444600113,193757,1.1726520561631382,193757,417722,0.4638419810304461,207472,583599433,2.8129069609393071,10,0,2440,145,0,2440,0,0,nan,1,0,0
validation__threshold_selection__validation_none__seed_10178,full,validation,threshold_selection,validation_none,178,10178,0,43.6028655,v6,70,0,0,none,10178,60,0.10000000000000001,1,reference,0,0,0.050000000000000003,0,0.9799999999999881,3.43096184915,5,10,300,2,2,0.5,0.02,320,41300,234702,0,0,0,0,0,0,0,0,2618,0,2548,0,0,nan,1,0,0,0,2548,0,0,nan,1,0,0,2548,0,1,0,0,0,0,0,0,2548,0,nan,0,nan,nan,0,0,0,2548,0,0,nan,1,0,0,0,2548,0,0,nan,1,0,0,nan,nan,nan,nan,262.91567276700658,222087,1.1838408946359156,222087,464562,0.47805675022924821,234702,757777115,3.2286777061976464,10,0,2548,70,0,2548,0,0,nan,1,0,0
validation__threshold_selection__validation_none__seed_10179,full,validation,threshold_selection,validation_none,179,10179,0,43.970037,v6,70,0,0,none,10179,60,0.10000000000000001,1,reference,0,0,0.050000000000000003,0,0.9799999999999881,3.43096184915,5,10,300,2,2,0.5,0.02,320,41300,221983,0,0,0,0,0,0,0,0,2631,0,2532,0,0,nan,1,0,0,0,2532,0,0,nan,1,0,0,2532,0,1,0,0,0,0,0,0,2532,0,nan,0,nan,nan,0,0,0,2532,0,0,nan,1,0,0,0,2532,0,0,nan,1,0,0,nan,nan,nan,nan,251.41716622599813,208469,1.206017039588611,208469,431387,0.48325285648385324,221983,708294167,3.1907586031362762,10,0,2532,99,0,2532,0,0,nan,1,0,0
validation__threshold_selection__validation_none__seed_10180,full,validation,threshold_selection,validation_none,180,10180,0,43.5314694,v6,70,0,0,none,10180,60,0.10000000000000001,1,reference,0,0,0.050000000000000003,0,0.9799999999999881,3.43096184915,5,10,300,2,2,0.5,0.02,320,41300,220251,0,0,0,0,0,0,0,0,2658,0,2569,0,0,nan,1,0,0,0,2569,0,0,nan,1,0,0,2569,0,1,0,0,0,0,0,0,2569,0,nan,0,nan,nan,0,0,0,2569,0,0,nan,1,0,0,0,2569,0,0,nan,1,0,0,nan,nan,nan,nan,243.40814921099127,207661,1.1721418523988196,207661,435532,0.47679849012242498,220251,722399769,3.2798932536061129,10,0,2569,89,0,2569,0,0,nan,1,0,0
validation__threshold_selection__validation_none__seed_10181,full,validation,threshold_selection,validation_none,181,10181,0,39.4200611,v6,70,0,0,none,10181,60,0.10000000000000001,1,reference,0,0,0.050000000000000003,0,0.9799999999999881,3.43096184915,5,10,300,2,2,0.5,0.02,320,41300,223302,0,0,0,0,0,0,0,0,2645,0,2548,0,0,nan,1,0,0,0,2548,0,0,nan,1,0,0,2548,0,1,0,0,0,0,0,0,2548,0,nan,0,nan,nan,0,0,0,2548,0,0,nan,1,0,0,0,2548,0,0,nan,1,0,0,nan,nan,nan,nan,249.52235447900006,210469,1.1855539508383659,210469,439487,0.47889698671405523,223302,682158669,3.0548703952494831,10,0,2548,97,0,2548,0,0,nan,1,0,0
validation__threshold_selection__validation_none__seed_10182,full,validation,threshold_selection,validation_none,182,10182,0,41.9138616,v6,70,0,0,none,10182,60,0.10000000000000001,1,reference,0,0,0.050000000000000003,0,0.9799999999999881,3.43096184915,5,10,300,2,2,0.5,0.02,320,41300,227420,0,0,0,0,0,0,0,0,2677,0,2607,0,0,nan,1,0,0,0,2607,0,0,nan,1,0,0,2607,0,1,0,0,0,0,0,0,2607,0,nan,0,nan,nan,0,0,0,2607,0,0,nan,1,0,0,0,2607,0,0,nan,1,0,0,nan,nan,nan,nan,255.67417293000261,215516,1.1863349956847873,215516,469557,0.45897729136185811,227420,710755071,3.1252971198663269,10,0,2607,70,0,2607,0,0,nan,1,0,0
validation__threshold_selection__validation_none__seed_10183,full,validation,threshold_selection,validation_none,183,10183,0,44.8671652,v6,70,0,0,none,10183,60,0.10000000000000001,1,reference,0,0,0.050000000000000003,0,0.9799999999999881,3.43096184915,5,10,300,2,2,0.5,0.02,320,41300,234432,0,0,0,0,0,0,0,0,2751,0,2679,0,0,nan,1,0,0,0,2679,0,0,nan,1,0,0,2679,0,1,0,0,0,0,0,0,2679,0,nan,0,nan,nan,0,0,0,2679,0,0,nan,1,0,0,0,2679,0,0,nan,1,0,0,nan,nan,nan,nan,272.32997096800142,221766,1.2280059656033901,221766,483663,0.45851346908901447,234432,763711503,3.2577101376945126,10,0,2679,72,0,2679,0,0,nan,1,0,0
validation__threshold_selection__validation_none__seed_10184,full,validation,threshold_selection,validation_none,184,10184,0,30.016668,v6,70,0,0,none,10184,60,0.10000000000000001,1,reference,0,0,0.050000000000000003,0,0.9799999999999881,3.43096184915,5,10,300,2,2,0.5,0.02,320,41300,216786,0,0,0,0,0,0,0,0,2460,0,2334,0,0,nan,1,0,0,0,2334,0,0,nan,1,0,0,2334,0,1,0,0,0,0,0,0,2334,0,nan,0,nan,nan,0,0,0,2334,0,0,nan,1,0,0,0,2334,0,0,nan,1,0,0,nan,nan,nan,nan,238.41639373599543,202386,1.1780280935242331,202386,424217,0.47708130508678342,216786,605779522,2.7943664351018977,10,0,2334,126,0,2334,0,0,nan,1,0,0
validation__threshold_selection__validation_none__seed_10185,full,validation,threshold_selection,validation_none,185,10185,0,41.2029745,v6,70,0,0,none,10185,60,0.10000000000000001,1,reference,0,0,0.050000000000000003,0,0.9799999999999881,3.43096184915,5,10,300,2,2,0.5,0.02,320,41300,201919,0,0,0,0,0,0,0,0,2326,0,2265,0,0,nan,1,0,0,0,2265,0,0,nan,1,0,0,2265,0,1,0,0,0,0,0,0,2265,0,nan,0,nan,nan,0,0,0,2265,0,0,nan,1,0,0,0,2265,0,0,nan,1,0,0,nan,nan,nan,nan,225.58154783100287,190466,1.1843664897199653,190466,411004,0.46341641443878889,201919,639891383,3.1690498813880814,10,0,2265,61,0,2265,0,0,nan,1,0,0
validation__threshold_selection__validation_none__seed_10186,full,validation,threshold_selection,validation_none,186,10186,0,43.4276413,v6,70,0,0,none,10186,60,0.10000000000000001,1,reference,0,0,0.050000000000000003,0,0.9799999999999881,3.43096184915,5,10,300,2,2,0.5,0.02,320,41300,222980,0,0,0,0,0,0,0,0,2708,0,2589,0,0,nan,1,0,0,0,2589,0,0,nan,1,0,0,2589,0,1,0,0,0,0,0,0,2589,0,nan,0,nan,nan,0,0,0,2589,0,0,nan,1,0,0,0,2589,0,0,nan,1,0,0,nan,nan,nan,nan,256.41145109600438,209363,1.2247218997435285,209363,465396,0.44985990425358191,222980,709035453,3.1798163646963853,10,0,2589,119,0,2589,0,0,nan,1,0,0
validation__threshold_selection__validation_none__seed_10187,full,validation,threshold_selection,validation_none,187,10187,0,41.3000535,v6,70,0,0,none,10187,60,0.10000000000000001,1,reference,0,0,0.050000000000000003,0,0.9799999999999881,3.43096184915,5,10,300,2,2,0.5,0.02,320,41300,216511,0,0,0,0,0,0,0,0,2613,0,2507,0,0,nan,1,0,0,0,2507,0,0,nan,1,0,0,2507,0,1,0,0,0,0,0,0,2507,0,nan,0,nan,nan,0,0,0,2507,0,0,nan,1,0,0,0,2507,0,0,nan,1,0,0,nan,nan,nan,nan,247.22402571600844,204228,1.2105295342264941,204228,433439,0.4711804890653587,216511,683904825,3.1587532504122193,10,0,2507,106,0,2507,0,0,nan,1,0,0
validation__threshold_selection__validation_none__seed_10188,full,validation,threshold_selection,validation_none,188,10188,0,43.7956542,v6,70,0,0,none,10188,60,0.10000000000000001,1,reference,0,0,0.050000000000000003,0,0.9799999999999881,3.43096184915,5,10,300,2,2,0.5,0.02,320,41300,228694,0,0,0,0,0,0,0,0,2683,0,2608,0,0,nan,1,0,0,0,2608,0,0,nan,1,0,0,2608,0,1,0,0,0,0,0,0,2608,0,nan,0,nan,nan,0,0,0,2608,0,0,nan,1,0,0,0,2608,0,0,nan,1,0,0,nan,nan,nan,nan,269.10118788799912,217072,1.2396863155450686,217072,469628,0.46222116228163568,228694,748907297,3.2747133593360558,10,0,2608,75,0,2608,0,0,nan,1,0,0
validation__threshold_selection__validation_none__seed_10189,full,validation,threshold_selection,validation_none,189,10189,0,42.5694552,v6,70,0,0,none,10189,60,0.10000000000000001,1,reference,0,0,0.050000000000000003,0,0.9799999999999881,3.43096184915,5,10,300,2,2,0.5,0.02,320,41300,224448,0,0,0,0,0,0,0,0,2479,0,2383,0,0,nan,1,0,0,0,2383,0,0,nan,1,0,0,2383,0,1,0,0,0,0,0,0,2383,0,nan,0,nan,nan,0,0,0,2383,0,0,nan,1,0,0,0,2383,0,0,nan,1,0,0,nan,nan,nan,nan,250.1833305559918,211539,1.1826818248927704,211539,431983,0.48969288143283418,224448,723261240,3.2224000213857997,10,0,2383,96,0,2383,0,0,nan,1,0,0
validation__threshold_selection__validation_none__seed_10190,full,validation,threshold_selection,validation_none,190,10190,0,32.6249378,v6,70,0,0,none,10190,60,0.10000000000000001,1,reference,0,0,0.050000000000000003,0,0.9799999999999881,3.43096184915,5,10,300,2,2,0.5,0.02,320,41300,201631,0,0,0,0,0,0,0,0,2345,0,2245,0,0,nan,1,0,0,0,2245,0,0,nan,1,0,0,2245,0,1,0,0,0,0,0,0,2245,0,nan,0,nan,nan,0,0,0,2245,0,0,nan,1,0,0,0,2245,0,0,nan,1,0,0,nan,nan,nan,nan,233.59945398200367,189769,1.2309674076482653,189769,412531,0.46001149004559655,201631,582781572,2.8903371604564772,10,0,2245,100,0,2245,0,0,nan,1,0,0
validation__threshold_selection__validation_none__seed_10191,full,validation,threshold_selection,validation_none,191,10191,0,36.0267106,v6,70,0,0,none,10191,60,0.10000000000000001,1,reference,0,0,0.050000000000000003,0,0.9799999999999881,3.43096184915,5,10,300,2,2,0.5,0.02,320,41300,219392,0,0,0,0,0,0,0,0,2666,0,2554,0,0,nan,1,0,0,0,2554,0,0,nan,1,0,0,2554,0,1,0,0,0,0,0,0,2554,0,nan,0,nan,nan,0,0,0,2554,0,0,nan,1,0,0,0,2554,0,0,nan,1,0,0,nan,nan,nan,nan,239.69984625101085,205816,1.1646317402486244,205816,448621,0.45877477871076033,219392,639561915,2.9151560448876892,10,0,2554,112,0,2554,0,0,nan,1,0,0
validation__threshold_selection__validation_none__seed_10192,full,validation,threshold_selection,validation_none,192,10192,0,46.806787,v6,70,0,0,none,10192,60,0.10000000000000001,1,reference,0,0,0.050000000000000003,0,0.9799999999999881,3.43096184915,5,10,300,2,2,0.5,0.02,320,41300,247418,0,0,0,0,0,0,0,0,2792,0,2725,0,0,nan,1,0,0,0,2725,0,0,nan,1,0,0,2725,0,1,0,0,0,0,0,0,2725,0,nan,0,nan,nan,0,0,0,2725,0,0,nan,1,0,0,0,2725,0,0,nan,1,0,0,nan,nan,nan,nan,289.95090395900831,234609,1.2358899443713085,234609,517806,0.45308281479936502,247418,819403840,3.3118198352585506,10,0,2725,67,0,2725,0,0,nan,1,0,0
validation__threshold_selection__validation_none__seed_10193,full,validation,threshold_selection,validation_none,193,10193,0,31.0866592,v6,70,0,0,none,10193,60,0.10000000000000001,1,reference,0,0,0.050000000000000003,0,0.9799999999999881,3.43096184915,5,10,300,2,2,0.5,0.02,320,41300,230384,0,0,0,0,0,0,0,0,2462,0,2388,0,0,nan,1,0,0,0,2388,0,0,nan,1,0,0,2388,0,1,0,0,0,0,0,0,2388,0,nan,0,nan,nan,0,0,0,2388,0,0,nan,1,0,0,0,2388,0,0,nan,1,0,0,nan,nan,nan,nan,264.48897405001873,217845,1.2141154217449046,217845,457325,0.47634614333351555,230384,629422281,2.7320572652614765,10,0,2388,74,0,2388,0,0,nan,1,0,0
validation__threshold_selection__validation_none__seed_10194,full,validation,threshold_selection,validation_none,194,10194,0,44.7332848,v6,70,0,0,none,10194,60,0.10000000000000001,1,reference,0,0,0.050000000000000003,0,0.9799999999999881,3.43096184915,5,10,300,2,2,0.5,0.02,320,41300,231096,0,0,0,0,0,0,0,0,2777,0,2647,0,0,nan,1,0,0,0,2647,0,0,nan,1,0,0,2647,0,1,0,0,0,0,0,0,2647,0,nan,0,nan,nan,0,0,0,2647,0,0,nan,1,0,0,0,2647,0,0,nan,1,0,0,nan,nan,nan,nan,253.21410199300672,216654,1.1687487975897364,216654,466142,0.46478111820003348,231096,739366775,3.1993923520960985,10,0,2647,130,0,2647,0,0,nan,1,0,0
validation__threshold_selection__validation_none__seed_10195,full,validation,threshold_selection,validation_none,195,10195,0,38.9834187,v6,70,0,0,none,10195,60,0.10000000000000001,1,reference,0,0,0.050000000000000003,0,0.9799999999999881,3.43096184915,5,10,300,2,2,0.5,0.02,320,41300,210859,0,0,0,0,0,0,0,0,2623,0,2528,0,0,nan,1,0,0,0,2528,0,0,nan,1,0,0,2528,0,1,0,0,0,0,0,0,2528,0,nan,0,nan,nan,0,0,0,2528,0,0,nan,1,0,0,0,2528,0,0,nan,1,0,0,nan,nan,nan,nan,238.73305553299997,199373,1.1974191868156669,199373,438649,0.45451602534144614,210859,646444402,3.065766232411232,10,0,2528,95,0,2528,0,0,nan,1,0,0
validation__threshold_selection__validation_none__seed_10196,full,validation,threshold_selection,validation_none,196,10196,0,42.2665229,v6,70,0,0,none,10196,60,0.10000000000000001,1,reference,0,0,0.050000000000000003,0,0.9799999999999881,3.43096184915,5,10,300,2,2,0.5,0.02,320,41300,210415,0,0,0,0,0,0,0,0,2451,0,2321,0,0,nan,1,0,0,0,2321,0,0,nan,1,0,0,2321,0,1,0,0,0,0,0,0,2321,0,nan,0,nan,nan,0,0,0,2321,0,0,nan,1,0,0,0,2321,0,0,nan,1,0,0,nan,nan,nan,nan,233.69079049700198,196284,1.1905748328799188,196284,417335,0.47032719517893301,210415,670495740,3.1865396478387948,10,0,2321,130,0,2321,0,0,nan,1,0,0
validation__threshold_selection__validation_none__seed_10197,full,validation,threshold_selection,validation_none,197,10197,0,38.4926972,v6,70,0,0,none,10197,60,0.10000000000000001,1,reference,0,0,0.050000000000000003,0,0.9799999999999881,3.43096184915,5,10,300,2,2,0.5,0.02,320,41300,235035,0,0,0,0,0,0,0,0,2761,0,2627,0,0,nan,1,0,0,0,2627,0,0,nan,1,0,0,2627,0,1,0,0,0,0,0,0,2627,0,nan,0,nan,nan,0,0,0,2627,0,0,nan,1,0,0,0,2627,0,0,nan,1,0,0,nan,nan,nan,nan,265.58299814600241,221092,1.2012329625043079,221092,476082,0.46439899008994251,235035,722022743,3.0719796753674986,10,0,2627,134,0,2627,0,0,nan,1,0,0
validation__threshold_selection__validation_none__seed_10198,full,validation,threshold_selection,validation_none,198,10198,0,42.5955,v6,70,0,0,none,10198,60,0.10000000000000001,1,reference,0,0,0.050000000000000003,0,0.9799999999999881,3.43096184915,5,10,300,2,2,0.5,0.02,320,41300,214407,0,0,0,0,0,0,0,0,2494,0,2374,0,0,nan,1,0,0,0,2374,0,0,nan,1,0,0,2374,0,1,0,0,0,0,0,0,2374,0,nan,0,nan,nan,0,0,0,2374,0,0,nan,1,0,0,0,2374,0,0,nan,1,0,0,nan,nan,nan,nan,243.36351376899188,201653,1.2068430113561011,201653,423370,0.47630441457826489,214407,693467288,3.2343500352134025,10,0,2374,120,0,2374,0,0,nan,1,0,0
validation__threshold_selection__validation_none__seed_10199,full,validation,threshold_selection,validation_none,199,10199,0,34.6628017,v6,70,0,0,none,10199,60,0.10000000000000001,1,reference,0,0,0.050000000000000003,0,0.9799999999999881,3.43096184915,5,10,300,2,2,0.5,0.02,320,41300,221965,0,0,0,0,0,0,0,0,2622,0,2516,0,0,nan,1,0,0,0,2516,0,0,nan,1,0,0,2516,0,1,0,0,0,0,0,0,2516,0,nan,0,nan,nan,0,0,0,2516,0,0,nan,1,0,0,0,2516,0,0,nan,1,0,0,nan,nan,nan,nan,255.03983568900588,208769,1.2216365250061354,208769,448728,0.46524620705639053,221965,641978418,2.8922506611402699,10,0,2516,106,0,2516,0,0,nan,1,0,0
validation__threshold_selection__validation_none__seed_10200,full,validation,threshold_selection,validation_none,200,10200,0,41.3576213,v6,70,0,0,none,10200,60,0.10000000000000001,1,reference,0,0,0.050000000000000003,0,0.9799999999999881,3.43096184915,5,10,300,2,2,0.5,0.02,320,41300,199669,0,0,0,0,0,0,0,0,2428,0,2327,0,0,nan,1,0,0,0,2327,0,0,nan,1,0,0,2327,0,1,0,0,0,0,0,0,2327,0,nan,0,nan,nan,0,0,0,2327,0,0,nan,1,0,0,0,2327,0,0,nan,1,0,0,nan,nan,nan,nan,220.20628040200555,187299,1.1756938392730636,187299,400407,0.46777154245555147,199669,627117984,3.1407879240142438,10,0,2327,101,0,2327,0,0,nan,1,0,0
validation__threshold_selection__validation_none__seed_10201,full,validation,threshold_selection,validation_none,201,10201,0,39.8862109,v6,70,0,0,none,10201,60,0.10000000000000001,1,reference,0,0,0.050000000000000003,0,0.9799999999999881,3.43096184915,5,10,300,2,2,0.5,0.02,320,41300,213505,0,0,0,0,0,0,0,0,2490,0,2377,0,0,nan,1,0,0,0,2377,0,0,nan,1,0,0,2377,0,1,0,0,0,0,0,0,2377,0,nan,0,nan,nan,0,0,0,2377,0,0,nan,1,0,0,0,2377,0,0,nan,1,0,0,nan,nan,nan,nan,242.78951711699466,199947,1.2142693669672198,199947,424860,0.47061855670103092,213505,664003190,3.1100123650499985,10,0,2377,113,0,2377,0,0,nan,1,0,0
validation__threshold_selection__validation_none__seed_10202,full,validation,threshold_selection,validation_none,202,10202,0,42.4300377,v6,70,0,0,none,10202,60,0.10000000000000001,1,reference,0,0,0.050000000000000003,0,0.9799999999999881,3.43096184915,5,10,300,2,2,0.5,0.02,320,41300,218115,0,0,0,0,0,0,0,0,2530,0,2427,0,0,nan,1,0,0,0,2427,0,0,nan,1,0,0,2427,0,1,0,0,0,0,0,0,2427,0,nan,0,nan,nan,0,0,0,2427,0,0,nan,1,0,0,0,2427,0,0,nan,1,0,0,nan,nan,nan,nan,242.2567191730009,205070,1.1813367102599157,205070,435442,0.47094676214053766,218115,698886177,3.2042096004401346,10,0,2427,103,0,2427,0,0,nan,1,0,0
validation__threshold_selection__validation_none__seed_10203,full,validation,threshold_selection,validation_none,203,10203,0,35.316254,v6,70,0,0,none,10203,60,0.10000000000000001,1,reference,0,0,0.050000000000000003,0,0.9799999999999881,3.43096184915,5,10,300,2,2,0.5,0.02,320,41300,220474,0,0,0,0,0,0,0,0,2624,0,2545,0,0,nan,1,0,0,0,2545,0,0,nan,1,0,0,2545,0,1,0,0,0,0,0,0,2545,0,nan,0,nan,nan,0,0,0,2545,0,0,nan,1,0,0,0,2545,0,0,nan,1,0,0,nan,nan,nan,nan,246.63854867800012,208369,1.1836623906531207,208369,454350,0.45860900187080444,220474,636746003,2.8880775193446846,10,0,2545,79,0,2545,0,0,nan,1,0,0
validation__threshold_selection__validation_none__seed_10204,full,validation,threshold_selection,validation_none,204,10204,0,42.2135424,v6,70,0,0,none,10204,60,0.10000000000000001,1,reference,0,0,0.050000000000000003,0,0.9799999999999881,3.43096184915,5,10,300,2,2,0.5,0.02,320,41300,223774,0,0,0,0,0,0,0,0,2575,0,2456,0,0,nan,1,0,0,0,2456,0,0,nan,1,0,0,2456,0,1,0,0,0,0,0,0,2456,0,nan,0,nan,nan,0,0,0,2456,0,0,nan,1,0,0,0,2456,0,0,nan,1,0,0,nan,nan,nan,nan,258.32068720199862,210398,1.2277715909942044,210398,448927,0.46866862541125842,223774,703066499,3.1418596396364187,10,0,2456,119,0,2456,0,0,nan,1,0,0
validation__threshold_selection__validation_none__seed_10205,full,validation,threshold_selection,validation_none,205,10205,0,39.7858397,v6,70,0,0,none,10205,60,0.10000000000000001,1,reference,0,0,0.050000000000000003,0,0.9799999999999881,3.43096184915,5,10,300,2,2,0.5,0.02,320,41300,219273,0,0,0,0,0,0,0,0,2485,0,2324,0,0,nan,1,0,0,0,2324,0,0,nan,1,0,0,2324,0,1,0,0,0,0,0,0,2324,0,nan,0,nan,nan,0,0,0,2324,0,0,nan,1,0,0,0,2324,0,0,nan,1,0,0,nan,nan,nan,nan,239.6091666610034,204296,1.1728529518982427,204296,421664,0.48449950671624803,219273,677197225,3.0883748797161528,10,0,2324,161,0,2324,0,0,nan,1,0,0
validation__threshold_selection__validation_none__seed_10206,full,validation,threshold_selection,validation_none,206,10206,0,43.3051947,v6,70,0,0,none,10206,60,0.10000000000000001,1,reference,0,0,0.050000000000000003,0,0.9799999999999881,3.43096184915,5,10,300,2,2,0.5,0.02,320,41300,217474,0,0,0,0,0,0,0,0,2544,0,2469,0,0,nan,1,0,0,0,2469,0,0,nan,1,0,0,2469,0,1,0,0,0,0,0,0,2469,0,nan,0,nan,nan,0,0,0,2469,0,0,nan,1,0,0,0,2469,0,0,nan,1,0,0,nan,nan,nan,nan,244.19849607798943,205319,1.1893614135953781,205319,449386,0.45688784252290904,217474,707426486,3.2529244231494339,10,0,2469,75,0,2469,0,0,nan,1,0,0
validation__threshold_selection__validation_none__seed_10207,full,validation,threshold_selection,validation_none,207,10207,0,33.3883091,v6,70,0,0,none,10207,60,0.10000000000000001,1,reference,0,0,0.050000000000000003,0,0.9799999999999881,3.43096184915,5,10,300,2,2,0.5,0.02,320,41300,222351,0,0,0,0,0,0,0,0,2566,0,2439,0,0,nan,1,0,0,0,2439,0,0,nan,1,0,0,2439,0,1,0,0,0,0,0,0,2439,0,nan,0,nan,nan,0,0,0,2439,0,0,nan,1,0,0,0,2439,0,0,nan,1,0,0,nan,nan,nan,nan,257.46657703600505,207851,1.2387074252036558,207851,445888,0.46615069255059566,222351,631824666,2.8415643104820756,10,0,2439,127,0,2439,0,0,nan,1,0,0
validation__threshold_selection__validation_none__seed_10208,full,validation,threshold_selection,validation_none,208,10208,0,41.6830434,v6,70,0,0,none,10208,60,0.10000000000000001,1,reference,0,0,0.050000000000000003,0,0.9799999999999881,3.43096184915,5,10,300,2,2,0.5,0.02,320,41300,237096,0,0,0,0,0,0,0,0,2655,0,2591,0,0,nan,1,0,0,0,2591,0,0,nan,1,0,0,2591,0,1,0,0,0,0,0,0,2591,0,nan,0,nan,nan,0,0,0,2591,0,0,nan,1,0,0,0,2591,0,0,nan,1,0,0,nan,nan,nan,nan,275.14809091601438,224342,1.226467139082358,224342,475980,0.47132652632463551,237096,735645162,3.1027312227958297,10,0,2591,64,0,2591,0,0,nan,1,0,0
validation__threshold_selection__validation_none__seed_10209,full,validation,threshold_selection,validation_none,209,10209,0,42.3274937,v6,70,0,0,none,10209,60,0.10000000000000001,1,reference,0,0,0.050000000000000003,0,0.9799999999999881,3.43096184915,5,10,300,2,2,0.5,0.02,320,41300,215751,0,0,0,0,0,0,0,0,2529,0,2443,0,0,nan,1,0,0,0,2443,0,0,nan,1,0,0,2443,0,1,0,0,0,0,0,0,2443,0,nan,0,nan,nan,0,0,0,2443,0,0,nan,1,0,0,0,2443,0,0,nan,1,0,0,nan,nan,nan,nan,244.5054808219902,204089,1.1980336070145388,204089,432122,0.47229486117346492,215751,688847100,3.1927875189454511,10,0,2443,86,0,2443,0,0,nan,1,0,0
validation__threshold_selection__validation_none__seed_10210,full,validation,threshold_selection,validation_none,210,10210,0,36.6625088,v6,70,0,0,none,10210,60,0.10000000000000001,1,reference,0,0,0.050000000000000003,0,0.9799999999999881,3.43096184915,5,10,300,2,2,0.5,0.02,320,41300,218677,0,0,0,0,0,0,0,0,2445,0,2324,0,0,nan,1,0,0,0,2324,0,0,nan,1,0,0,2324,0,1,0,0,0,0,0,0,2324,0,nan,0,nan,nan,0,0,0,2324,0,0,nan,1,0,0,0,2324,0,0,nan,1,0,0,nan,nan,nan,nan,252.85079104700441,204452,1.2367244685647703,204452,429498,0.47602549953666839,218677,652322735,2.9830422723926158,10,0,2324,121,0,2324,0,0,nan,1,0,0
validation__threshold_selection__validation_none__seed_10211,full,validation,threshold_selection,validation_none,211,10211,0,42.0824625,v6,70,0,0,none,10211,60,0.10000000000000001,1,reference,0,0,0.050000000000000003,0,0.9799999999999881,3.43096184915,5,10,300,2,2,0.5,0.02,320,41300,207554,0,0,0,0,0,0,0,0,2417,0,2345,0,0,nan,1,0,0,0,2345,0,0,nan,1,0,0,2345,0,1,0,0,0,0,0,0,2345,0,nan,0,nan,nan,0,0,0,2345,0,0,nan,1,0,0,0,2345,0,0,nan,1,0,0,nan,nan,nan,nan,243.36927175199997,196984,1.2354773573082076,196984,435416,0.45240413765226817,207554,652121500,3.1419365562696937,10,0,2345,72,0,2345,0,0,nan,1,0,0
validation__threshold_selection__validation_none__seed_10212,full,validation,threshold_selection,validation_none,212,10212,0,41.4525009,v6,70,0,0,none,10212,60,0.10000000000000001,1,reference,0,0,0.050000000000000003,0,0.9799999999999881,3.43096184915,5,10,300,2,2,0.5,0.02,320,41300,195535,0,0,0,0,0,0,0,0,2520,0,2432,0,0,nan,1,0,0,0,2432,0,0,nan,1,0,0,2432,0,1,0,0,0,0,0,0,2432,0,nan,0,nan,nan,0,0,0,2432,0,0,nan,1,0,0,0,2432,0,0,nan,1,0,0,nan,nan,nan,nan,224.58430272799524,184952,1.2142842614732212,184952,423934,0.43627545797223155,195535,629577851,3.2197706344132762,10,0,2432,88,0,2432,0,0,nan,1,0,0
validation__threshold_selection__validation_none__seed_10213,full,validation,threshold_selection,validation_none,213,10213,0,41.7391233,v6,70,0,0,none,10213,60,0.10000000000000001,1,reference,0,0,0.050000000000000003,0,0.9799999999999881,3.43096184915,5,10,300,2,2,0.5,0.02,320,41300,211680,0,0,0,0,0,0,0,0,2466,0,2347,0,0,nan,1,0,0,0,2347,0,0,nan,1,0,0,2347,0,1,0,0,0,0,0,0,2347,0,nan,0,nan,nan,0,0,0,2347,0,0,nan,1,0,0,0,2347,0,0,nan,1,0,0,nan,nan,nan,nan,231.53729789500056,197708,1.1711073800503802,197708,415108,0.47628087148404752,211680,669646223,3.1634836687452759,10,0,2347,119,0,2347,0,0,nan,1,0,0
validation__threshold_selection__validation_none__seed_10214,full,validation,threshold_selection,validation_none,214,10214,0,36.4735711,v6,70,0,0,none,10214,60,0.10000000000000001,1,reference,0,0,0.050000000000000003,0,0.9799999999999881,3.43096184915,5,10,300,2,2,0.5,0.02,320,41300,217082,0,0,0,0,0,0,0,0,2572,0,2473,0,0,nan,1,0,0,0,2473,0,0,nan,1,0,0,2473,0,1,0,0,0,0,0,0,2473,0,nan,0,nan,nan,0,0,0,2473,0,0,nan,1,0,0,0,2473,0,0,nan,1,0,0,nan,nan,nan,nan,257.88048043400119,203916,1.2646407365483885,203916,427517,0.47697752370081192,217082,654947775,3.0170524271934109,10,0,2473,99,0,2473,0,0,nan,1,0,0
validation__threshold_selection__validation_none__seed_10215,full,validation,threshold_selection,validation_none,215,10215,0,43.0175565,v6,70,0,0,none,10215,60,0.10000000000000001,1,reference,0,0,0.050000000000000003,0,0.9799999999999881,3.43096184915,5,10,300,2,2,0.5,0.02,320,41300,232187,0,0,0,0,0,0,0,0,2556,0,2472,0,0,nan,1,0,0,0,2472,0,0,nan,1,0,0,2472,0,1,0,0,0,0,0,0,2472,0,nan,0,nan,nan,0,0,0,2472,0,0,nan,1,0,0,0,2472,0,0,nan,1,0,0,nan,nan,nan,nan,262.15511254900304,218357,1.200580299917122,218357,466721,0.4678533856415289,232187,745262148,3.2097496759077813,10,0,2472,84,0,2472,0,0,nan,1,0,0
validation__threshold_selection__validation_none__seed_10216,full,validation,threshold_selection,validation_none,216,10216,0,44.4615703,v6,70,0,0,none,10216,60,0.10000000000000001,1,reference,0,0,0.050000000000000003,0,0.9799999999999881,3.43096184915,5,10,300,2,2,0.5,0.02,320,41300,235374,0,0,0,0,0,0,0,0,2730,0,2658,0,0,nan,1,0,0,0,2658,0,0,nan,1,0,0,2658,0,1,0,0,0,0,0,0,2658,0,nan,0,nan,nan,0,0,0,2658,0,0,nan,1,0,0,0,2658,0,0,nan,1,0,0,nan,nan,nan,nan,261.55355944899276,222801,1.1739335076996635,222801,478220,0.465896449332943,235374,765549253,3.252480108253248,10,0,2658,72,0,2658,0,0,nan,1,0,0
validation__threshold_selection__validation_none__seed_10217,full,validation,threshold_selection,validation_none,217,10217,0,41.8766567,v6,70,0,0,none,10217,60,0.10000000000000001,1,reference,0,0,0.050000000000000003,0,0.9799999999999881,3.43096184915,5,10,300,2,2,0.5,0.02,320,41300,212602,0,0,0,0,0,0,0,0,2556,0,2450,0,0,nan,1,0,0,0,2450,0,0,nan,1,0,0,2450,0,1,0,0,0,0,0,0,2450,0,nan,0,nan,nan,0,0,0,2450,0,0,nan,1,0,0,0,2450,0,0,nan,1,0,0,nan,nan,nan,nan,245.22513072899704,199648,1.228287439538573,199648,433927,0.46009582256923398,212602,672766471,3.1644409318821087,10,0,2450,106,0,2450,0,0,nan,1,0,0
validation__threshold_selection__validation_none__seed_10218,full,validation,threshold_selection,validation_none,218,10218,0,31.5162584,v6,70,0,0,none,10218,60,0.10000000000000001,1,reference,0,0,0.050000000000000003,0,0.9799999999999881,3.43096184915,5,10,300,2,2,0.5,0.02,320,41300,219688,0,0,0,0,0,0,0,0,2647,0,2516,0,0,nan,1,0,0,0,2516,0,0,nan,1,0,0,2516,0,1,0,0,0,0,0,0,2516,0,nan,0,nan,nan,0,0,0,2516,0,0,nan,1,0,0,0,2516,0,0,nan,1,0,0,nan,nan,nan,nan,247.30367047399432,206262,1.1989783405280388,206262,437842,0.47108774398070535,219688,624654575,2.8433713948872947,10,0,2516,131,0,2516,0,0,nan,1,0,0
validation__threshold_selection__validation_none__seed_10219,full,validation,threshold_selection,validation_none,219,10219,0,44.2899745,v6,70,0,0,none,10219,60,0.10000000000000001,1,reference,0,0,0.050000000000000003,0,0.9799999999999881,3.43096184915,5,10,300,2,2,0.5,0.02,320,41300,233583,0,0,0,0,0,0,0,0,2675,0,2575,0,0,nan,1,0,0,0,2575,0,0,nan,1,0,0,2575,0,1,0,0,0,0,0,0,2575,0,nan,0,nan,nan,0,0,0,2575,0,0,nan,1,0,0,0,2575,0,0,nan,1,0,0,nan,nan,nan,nan,267.1369302819968,221044,1.2085237793470838,221044,461851,0.47860457160426201,233583,753840737,3.2272928124050124,10,0,2575,100,0,2575,0,0,nan,1,0,0
validation__threshold_selection__validation_none__seed_10220,full,validation,threshold_selection,validation_none,220,10220,0,41.9563685,v6,70,0,0,none,10220,60,0.10000000000000001,1,reference,0,0,0.050000000000000003,0,0.9799999999999881,3.43096184915,5,10,300,2,2,0.5,0.02,320,41300,207963,0,0,0,0,0,0,0,0,2453,0,2380,0,0,nan,1,0,0,0,2380,0,0,nan,1,0,0,2380,0,1,0,0,0,0,0,0,2380,0,nan,0,nan,nan,0,0,0,2380,0,0,nan,1,0,0,0,2380,0,0,nan,1,0,0,nan,nan,nan,nan,235.59712154400412,196142,1.2011559051299778,196142,429547,0.45662523542243338,207963,673473996,3.2384318171982516,10,0,2380,73,0,2380,0,0,nan,1,0,0
validation__threshold_selection__validation_none__seed_10221,full,validation,threshold_selection,validation_none,221,10221,0,42.7388759,v6,70,0,0,none,10221,60,0.10000000000000001,1,reference,0,0,0.050000000000000003,0,0.9799999999999881,3.43096184915,5,10,300,2,2,0.5,0.02,320,41300,218017,0,0,0,0,0,0,0,0,2615,0,2515,0,0,nan,1,0,0,0,2515,0,0,nan,1,0,0,2515,0,1,0,0,0,0,0,0,2515,0,nan,0,nan,nan,0,0,0,2515,0,0,nan,1,0,0,0,2515,0,0,nan,1,0,0,nan,nan,nan,nan,245.68801705899509,204995,1.1985073638820218,204995,444599,0.46107840998292843,218017,692849788,3.1779622139557921,10,0,2515,100,0,2515,0,0,nan,1,0,0
validation__threshold_selection__validation_none__seed_10222,full,validation,threshold_selection,validation_none,222,10222,0,41.7477394,v6,70,0,0,none,10222,60,0.10000000000000001,1,reference,0,0,0.050000000000000003,0,0.9799999999999881,3.43096184915,5,10,300,2,2,0.5,0.02,320,41300,206245,0,0,0,0,0,0,0,0,2536,0,2421,0,0,nan,1,0,0,0,2421,0,0,nan,1,0,0,2421,0,1,0,0,0,0,0,0,2421,0,nan,0,nan,nan,0,0,0,2421,0,0,nan,1,0,0,0,2421,0,0,nan,1,0,0,nan,nan,nan,nan,234.80281959201122,193946,1.2106608003877946,193946,423225,0.45825742808198949,206245,664271322,3.2207875196974474,10,0,2421,115,0,2421,0,0,nan,1,0,0
validation__threshold_selection__validation_none__seed_10223,full,validation,threshold_selection,validation_none,223,10223,0,39.9604554,v6,70,0,0,none,10223,60,0.10000000000000001,1,reference,0,0,0.050000000000000003,0,0.9799999999999881,3.43096184915,5,10,300,2,2,0.5,0.02,320,41300,201747,0,0,0,0,0,0,0,0,2509,0,2429,0,0,nan,1,0,0,0,2429,0,0,nan,1,0,0,2429,0,1,0,0,0,0,0,0,2429,0,nan,0,nan,nan,0,0,0,2429,0,0,nan,1,0,0,0,2429,0,0,nan,1,0,0,nan,nan,nan,nan,229.601315423996,189960,1.2086824353758476,189960,418282,0.45414337695621615,201747,625014683,3.0980122777538206,10,0,2429,80,0,2429,0,0,nan,1,0,0
validation__threshold_selection__validation_none__seed_10224,full,validation,threshold_selection,validation_none,224,10224,0,28.8959448,v6,70,0,0,none,10224,60,0.10000000000000001,1,reference,0,0,0.050000000000000003,0,0.9799999999999881,3.43096184915,5,10,300,2,2,0.5,0.02,320,41300,220950,0,0,0,0,0,0,0,0,2639,0,2570,0,0,nan,1,0,0,0,2570,0,0,nan,1,0,0,2570,0,1,0,0,0,0,0,0,2570,0,nan,0,nan,nan,0,0,0,2570,0,0,nan,1,0,0,0,2570,0,0,nan,1,0,0,nan,nan,nan,nan,250.17827398801171,208715,1.1986597704430046,208715,447293,0.46661807808304623,220950,593089227,2.684268961303462,10,0,2570,69,0,2570,0,0,nan,1,0,0
validation__threshold_selection__validation_none__seed_10225,full,validation,threshold_selection,validation_none,225,10225,0,44.7489275,v6,70,0,0,none,10225,60,0.10000000000000001,1,reference,0,0,0.050000000000000003,0,0.9799999999999881,3.43096184915,5,10,300,2,2,0.5,0.02,320,41300,234238,0,0,0,0,0,0,0,0,2673,0,2563,0,0,nan,1,0,0,0,2563,0,0,nan,1,0,0,2563,0,1,0,0,0,0,0,0,2563,0,nan,0,nan,nan,0,0,0,2563,0,0,nan,1,0,0,0,2563,0,0,nan,1,0,0,nan,nan,nan,nan,258.60248365201312,219636,1.1774139196307214,219636,460473,0.47697910626681694,234238,764298664,3.2629149155986648,10,0,2563,110,0,2563,0,0,nan,1,0,0
validation__threshold_selection__validation_none__seed_10226,full,validation,threshold_selection,validation_none,226,10226,0,41.3942881,v6,70,0,0,none,10226,60,0.10000000000000001,1,reference,0,0,0.050000000000000003,0,0.9799999999999881,3.43096184915,5,10,300,2,2,0.5,0.02,320,41300,203382,0,0,0,0,0,0,0,0,2423,0,2349,0,0,nan,1,0,0,0,2349,0,0,nan,1,0,0,2349,0,1,0,0,0,0,0,0,2349,0,nan,0,nan,nan,0,0,0,2349,0,0,nan,1,0,0,0,2349,0,0,nan,1,0,0,nan,nan,nan,nan,234.3602136679927,191688,1.2226128587495968,191688,411025,0.46636579283498569,203382,642365917,3.1584206911132746,10,0,2349,74,0,2349,0,0,nan,1,0,0
validation__threshold_selection__validation_none__seed_10227,full,validation,threshold_selection,validation_none,227,10227,0,39.7064765,v6,70,0,0,none,10227,60,0.10000000000000001,1,reference,0,0,0.050000000000000003,0,0.9799999999999881,3.43096184915,5,10,300,2,2,0.5,0.02,320,41300,212023,0,0,0,0,0,0,0,0,2580,0,2510,0,0,nan,1,0,0,0,2510,0,0,nan,1,0,0,2510,0,1,0,0,0,0,0,0,2510,0,nan,0,nan,nan,0,0,0,2510,0,0,nan,1,0,0,0,2510,0,0,nan,1,0,0,nan,nan,nan,nan,242.9035286259973,200190,1.2133649464308773,200190,435451,0.45973025667641138,212023,648548454,3.0588589634143464,10,0,2510,70,0,2510,0,0,nan,1,0,0
validation__threshold_selection__validation_none__seed_10228,full,validation,threshold_selection,validation_none,228,10228,0,36.2614979,v6,70,0,0,none,10228,60,0.10000000000000001,1,reference,0,0,0.050000000000000003,0,0.9799999999999881,3.43096184915,5,10,300,2,2,0.5,0.02,320,41300,210132,0,0,0,0,0,0,0,0,2508,0,2433,0,0,nan,1,0,0,0,2433,0,0,nan,1,0,0,2433,0,1,0,0,0,0,0,0,2433,0,nan,0,nan,nan,0,0,0,2433,0,0,nan,1,0,0,0,2433,0,0,nan,1,0,0,nan,nan,nan,nan,236.93257867099641,198969,1.1908014749583926,198969,434193,0.4582501330053686,210132,624960114,2.9741310890297528,10,0,2433,75,0,2433,0,0,nan,1,0,0
validation__threshold_selection__validation_none__seed_10229,full,validation,threshold_selection,validation_none,229,10229,0,39.6980296,v6,70,0,0,none,10229,60,0.10000000000000001,1,reference,0,0,0.050000000000000003,0,0.9799999999999881,3.43096184915,5,10,300,2,2,0.5,0.02,320,41300,231091,0,0,0,0,0,0,0,0,2786,0,2686,0,0,nan,1,0,0,0,2686,0,0,nan,1,0,0,2686,0,1,0,0,0,0,0,0,2686,0,nan,0,nan,nan,0,0,0,2686,0,0,nan,1,0,0,0,2686,0,0,nan,1,0,0,nan,nan,nan,nan,256.37611237800547,218683,1.1723641635518329,218683,471086,0.46421035649541698,231091,718856607,3.1107079332384213,10,0,2686,100,0,2686,0,0,nan,1,0,0
validation__threshold_selection__validation_none__seed_10230,full,validation,threshold_selection,validation_none,230,10230,0,43.0973496,v6,70,0,0,none,10230,60,0.10000000000000001,1,reference,0,0,0.050000000000000003,0,0.9799999999999881,3.43096184915,5,10,300,2,2,0.5,0.02,320,41300,212165,0,0,0,0,0,0,0,0,2534,0,2468,0,0,nan,1,0,0,0,2468,0,0,nan,1,0,0,2468,0,1,0,0,0,0,0,0,2468,0,nan,0,nan,nan,0,0,0,2468,0,0,nan,1,0,0,0,2468,0,0,nan,1,0,0,nan,nan,nan,nan,235.33671230200218,200983,1.1709284481871709,200983,431711,0.46554987016777427,212165,677213796,3.1919204204274974,10,0,2468,66,0,2468,0,0,nan,1,0,0
validation__threshold_selection__validation_none__seed_10231,full,validation,threshold_selection,validation_none,231,10231,0,41.727292,v6,70,0,0,none,10231,60,0.10000000000000001,1,reference,0,0,0.050000000000000003,0,0.9799999999999881,3.43096184915,5,10,300,2,2,0.5,0.02,320,41300,207696,0,0,0,0,0,0,0,0,2465,0,2393,0,0,nan,1,0,0,0,2393,0,0,nan,1,0,0,2393,0,1,0,0,0,0,0,0,2393,0,nan,0,nan,nan,0,0,0,2393,0,0,nan,1,0,0,0,2393,0,0,nan,1,0,0,nan,nan,nan,nan,231.26952735600219,196241,1.178497497240649,196241,415406,0.47240771678791349,207696,662939749,3.1918753803636082,10,0,2393,72,0,2393,0,0,nan,1,0,0
validation__threshold_selection__validation_none__seed_10232,full,validation,threshold_selection,validation_none,232,10232,0,37.7494209,v6,70,0,0,none,10232,60,0.10000000000000001,1,reference,0,0,0.050000000000000003,0,0.9799999999999881,3.43096184915,5,10,300,2,2,0.5,0.02,320,41300,223620,0,0,0,0,0,0,0,0,2613,0,2467,0,0,nan,1,0,0,0,2467,0,0,nan,1,0,0,2467,0,1,0,0,0,0,0,0,2467,0,nan,0,nan,nan,0,0,0,2467,0,0,nan,1,0,0,0,2467,0,0,nan,1,0,0,nan,nan,nan,nan,267.42670887601412,209354,1.2773900134509688,209354,445177,0.47027137520581702,223620,662342210,2.9619095340309456,10,0,2467,146,0,2467,0,0,nan,1,0,0
validation__threshold_selection__validation_none__seed_10233,full,validation,threshold_selection,validation_none,233,10233,0,42.2186564,v6,70,0,0,none,10233,60,0.10000000000000001,1,reference,0,0,0.050000000000000003,0,0.9799999999999881,3.43096184915,5,10,300,2,2,0.5,0.02,320,41300,221846,0,0,0,0,0,0,0,0,2487,0,2423,0,0,nan,1,0,0,0,2423,0,0,nan,1,0,0,2423,0,1,0,0,0,0,0,0,2423,0,nan,0,nan,nan,0,0,0,2423,0,0,nan,1,0,0,0,2423,0,0,nan,1,0,0,nan,nan,nan,nan,247.54375093600433,209170,1.1834572402161128,209170,440079,0.47530102549769471,221846,695484601,3.1349882395896254,10,0,2423,64,0,2423,0,0,nan,1,0,0
validation__threshold_selection__validation_none__seed_10234,full,validation,threshold_selection,validation_none,234,10234,0,43.7468138,v6,70,0,0,none,10234,60,0.10000000000000001,1,reference,0,0,0.050000000000000003,0,0.9799999999999881,3.43096184915,5,10,300,2,2,0.5,0.02,320,41300,233250,0,0,0,0,0,0,0,0,2643,0,2559,0,0,nan,1,0,0,0,2559,0,0,nan,1,0,0,2559,0,1,0,0,0,0,0,0,2559,0,nan,0,nan,nan,0,0,0,2559,0,0,nan,1,0,0,0,2559,0,0,nan,1,0,0,nan,nan,nan,nan,267.63062640900154,220515,1.2136617754302497,220515,458262,0.48119852835277638,233250,754428317,3.2344193654876738,10,0,2559,84,0,2559,0,0,nan,1,0,0
validation__threshold_selection__validation_none__seed_10235,full,validation,threshold_selection,validation_none,235,10235,0,32.2451739,v6,70,0,0,none,10235,60,0.10000000000000001,1,reference,0,0,0.050000000000000003,0,0.9799999999999881,3.43096184915,5,10,300,2,2,0.5,0.02,320,41300,194376,0,0,0,0,0,0,0,0,2364,0,2277,0,0,nan,1,0,0,0,2277,0,0,nan,1,0,0,2277,0,1,0,0,0,0,0,0,2277,0,nan,0,nan,nan,0,0,0,2277,0,0,nan,1,0,0,0,2277,0,0,nan,1,0,0,nan,nan,nan,nan,218.69137338400247,182655,1.1972920171032957,182655,400293,0.45630325786361492,194376,552599608,2.8429415565707701,10,0,2277,87,0,2277,0,0,nan,1,0,0
validation__threshold_selection__validation_none__seed_10236,full,validation,threshold_selection,validation_none,236,10236,0,36.2901601,v6,70,0,0,none,10236,60,0.10000000000000001,1,reference,0,0,0.050000000000000003,0,0.9799999999999881,3.43096184915,5,10,300,2,2,0.5,0.02,320,41300,210204,0,0,0,0,0,0,0,0,2336,0,2245,0,0,nan,1,0,0,0,2245,0,0,nan,1,0,0,2245,0,1,0,0,0,0,0,0,2245,0,nan,0,nan,nan,0,0,0,2245,0,0,nan,1,0,0,0,2245,0,0,nan,1,0,0,nan,nan,nan,nan,233.85617037000196,197792,1.1823338171918074,197792,411395,0.48078367505681885,210204,637417710,3.0323766912142491,10,0,2245,91,0,2245,0,0,nan,1,0,0
validation__threshold_selection__validation_none__seed_10237,full,validation,threshold_selection,validation_none,237,10237,0,36.9719994,v6,70,0,0,none,10237,60,0.10000000000000001,1,reference,0,0,0.050000000000000003,0,0.9799999999999881,3.43096184915,5,10,300,2,2,0.5,0.02,320,41300,223496,0,0,0,0,0,0,0,0,2667,0,2501,0,0,nan,1,0,0,0,2501,0,0,nan,1,0,0,2501,0,1,0,0,0,0,0,0,2501,0,nan,0,nan,nan,0,0,0,2501,0,0,nan,1,0,0,0,2501,0,0,nan,1,0,0,nan,nan,nan,nan,250.77455254700544,207800,1.2068072788595066,207800,457185,0.45452059888229052,223496,669278973,2.9945903864051258,10,0,2501,166,0,2501,0,0,nan,1,0,0
validation__threshold_selection__validation_none__seed_10238,full,validation,threshold_selection,validation_none,238,10238,0,43.9527195,v6,70,0,0,none,10238,60,0.10000000000000001,1,reference,0,0,0.050000000000000003,0,0.9799999999999881,3.43096184915,5,10,300,2,2,0.5,0.02,320,41300,234481,0,0,0,0,0,0,0,0,2563,0,2405,0,0,nan,1,0,0,0,2405,0,0,nan,1,0,0,2405,0,1,0,0,0,0,0,0,2405,0,nan,0,nan,nan,0,0,0,2405,0,0,nan,1,0,0,0,2405,0,0,nan,1,0,0,nan,nan,nan,nan,264.86286882199465,219333,1.2075833040262736,219333,464690,0.47199853665884783,234481,767324983,3.2724399119758103,10,0,2405,158,0,2405,0,0,nan,1,0,0
validation__threshold_selection__validation_none__seed_10239,full,validation,threshold_selection,validation_none,239,10239,0,37.5361404,v6,70,0,0,none,10239,60,0.10000000000000001,1,reference,0,0,0.050000000000000003,0,0.9799999999999881,3.43096184915,5,10,300,2,2,0.5,0.02,320,41300,218054,0,0,0,0,0,0,0,0,2594,0,2487,0,0,nan,1,0,0,0,2487,0,0,nan,1,0,0,2487,0,1,0,0,0,0,0,0,2487,0,nan,0,nan,nan,0,0,0,2487,0,0,nan,1,0,0,0,2487,0,0,nan,1,0,0,nan,nan,nan,nan,241.34871635101734,205950,1.1718801473708054,205950,447509,0.46021420798240931,218054,659467476,3.0243310189219184,10,0,2487,107,0,2487,0,0,nan,1,0,0
validation__threshold_selection__validation_none__seed_10240,full,validation,threshold_selection,validation_none,240,10240,0,41.9967466,v6,70,0,0,none,10240,60,0.10000000000000001,1,reference,0,0,0.050000000000000003,0,0.9799999999999881,3.43096184915,5,10,300,2,2,0.5,0.02,320,41300,213260,0,0,0,0,0,0,0,0,2538,0,2444,0,0,nan,1,0,0,0,2444,0,0,nan,1,0,0,2444,0,1,0,0,0,0,0,0,2444,0,nan,0,nan,nan,0,0,0,2444,0,0,nan,1,0,0,0,2444,0,0,nan,1,0,0,nan,nan,nan,nan,238.61233860400367,200410,1.1906209201337443,200410,426727,0.46964452682862812,213260,670195213,3.1426203366782333,10,0,2444,94,0,2444,0,0,nan,1,0,0
validation__threshold_selection__validation_none__seed_10241,full,validation,threshold_selection,validation_none,241,10241,0,42.450685,v6,70,0,0,none,10241,60,0.10000000000000001,1,reference,0,0,0.050000000000000003,0,0.9799999999999881,3.43096184915,5,10,300,2,2,0.5,0.02,320,41300,212479,0,0,0,0,0,0,0,0,2456,0,2342,0,0,nan,1,0,0,0,2342,0,0,nan,1,0,0,2342,0,1,0,0,0,0,0,0,2342,0,nan,0,nan,nan,0,0,0,2342,0,0,nan,1,0,0,0,2342,0,0,nan,1,0,0,nan,nan,nan,nan,236.66885715700164,200345,1.1813065320172784,200345,413622,0.48436736924051427,212479,686060136,3.228837372163837,10,0,2342,114,0,2342,0,0,nan,1,0,0
validation__threshold_selection__validation_none__seed_10242,full,validation,threshold_selection,validation_none,242,10242,0,43.7388315,v6,70,0,0,none,10242,60,0.10000000000000001,1,reference,0,0,0.050000000000000003,0,0.9799999999999881,3.43096184915,5,10,300,2,2,0.5,0.02,320,41300,224036,0,0,0,0,0,0,0,0,2709,0,2572,0,0,nan,1,0,0,0,2572,0,0,nan,1,0,0,2572,0,1,0,0,0,0,0,0,2572,0,nan,0,nan,nan,0,0,0,2572,0,0,nan,1,0,0,0,2572,0,0,nan,1,0,0,nan,nan,nan,nan,251.95086284399866,210350,1.1977697306584201,210350,453599,0.46373559024601024,224036,720126997,3.2143360754521595,10,0,2572,137,0,2572,0,0,nan,1,0,0
validation__threshold_selection__validation_none__seed_10243,full,validation,threshold_selection,validation_none,243,10243,0,43.7064476,v6,70,0,0,none,10243,60,0.10000000000000001,1,reference,0,0,0.050000000000000003,0,0.9799999999999881,3.43096184915,5,10,300,2,2,0.5,0.02,320,41300,225649,0,0,0,0,0,0,0,0,2635,0,2548,0,0,nan,1,0,0,0,2548,0,0,nan,1,0,0,2548,0,1,0,0,0,0,0,0,2548,0,nan,0,nan,nan,0,0,0,2548,0,0,nan,1,0,0,0,2548,0,0,nan,1,0,0,nan,nan,nan,nan,258.2990969760022,213311,1.2109037835648522,213311,454388,0.46944681637719304,225649,723061529,3.204363985659143,10,0,2548,87,0,2548,0,0,nan,1,0,0
validation__threshold_selection__validation_none__seed_10244,full,validation,threshold_selection,validation_none,244,10244,0,40.3105467,v6,70,0,0,none,10244,60,0.10000000000000001,1,reference,0,0,0.050000000000000003,0,0.9799999999999881,3.43096184915,5,10,300,2,2,0.5,0.02,320,41300,218754,0,0,0,0,0,0,0,0,2426,0,2339,0,0,nan,1,0,0,0,2339,0,0,nan,1,0,0,2339,0,1,0,0,0,0,0,0,2339,0,nan,0,nan,nan,0,0,0,2339,0,0,nan,1,0,0,0,2339,0,0,nan,1,0,0,nan,nan,nan,nan,240.35144163100611,206042,1.1665167375147112,206042,411618,0.50056605882152871,218754,677953958,3.0991614233339733,10,0,2339,87,0,2339,0,0,nan,1,0,0
validation__threshold_selection__validation_none__seed_10245,full,validation,threshold_selection,validation_none,245,10245,0,30.6490556,v6,70,0,0,none,10245,60,0.10000000000000001,1,reference,0,0,0.050000000000000003,0,0.9799999999999881,3.43096184915,5,10,300,2,2,0.5,0.02,320,41300,211283,0,0,0,0,0,0,0,0,2566,0,2426,0,0,nan,1,0,0,0,2426,0,0,nan,1,0,0,2426,0,1,0,0,0,0,0,0,2426,0,nan,0,nan,nan,0,0,0,2426,0,0,nan,1,0,0,0,2426,0,0,nan,1,0,0,nan,nan,nan,nan,240.37134027800687,198686,1.2098051210352359,198686,439417,0.45215820052478622,211283,576821479,2.7300894014189496,10,0,2426,140,0,2426,0,0,nan,1,0,0
validation__threshold_selection__validation_none__seed_10246,full,validation,threshold_selection,validation_none,246,10246,0,35.4439179,v6,70,0,0,none,10246,60,0.10000000000000001,1,reference,0,0,0.050000000000000003,0,0.9799999999999881,3.43096184915,5,10,300,2,2,0.5,0.02,320,41300,196009,0,0,0,0,0,0,0,0,2447,0,2322,0,0,nan,1,0,0,0,2322,0,0,nan,1,0,0,2322,0,1,0,0,0,0,0,0,2322,0,nan,0,nan,nan,0,0,0,2322,0,0,nan,1,0,0,0,2322,0,0,nan,1,0,0,nan,nan,nan,nan,216.31646302399781,183551,1.1785087688108364,183551,401052,0.45767381785903077,196009,581588301,2.9671510032702582,10,0,2322,125,0,2322,0,0,nan,1,0,0
validation__threshold_selection__validation_none__seed_10247,full,validation,threshold_selection,validation_none,247,10247,0,43.6715412,v6,70,0,0,none,10247,60,0.10000000000000001,1,reference,0,0,0.050000000000000003,0,0.9799999999999881,3.43096184915,5,10,300,2,2,0.5,0.02,320,41300,221374,0,0,0,0,0,0,0,0,2623,0,2466,0,0,nan,1,0,0,0,2466,0,0,nan,1,0,0,2466,0,1,0,0,0,0,0,0,2466,0,nan,0,nan,nan,0,0,0,2466,0,0,nan,1,0,0,0,2466,0,0,nan,1,0,0,nan,nan,nan,nan,249.95020928401709,206365,1.2112044643423889,206365,441575,0.46733850421785655,221374,710635290,3.2101118017472694,10,0,2466,157,0,2466,0,0,nan,1,0,0
validation__threshold_selection__validation_none__seed_10248,full,validation,threshold_selection,validation_none,248,10248,0,37.0503268,v6,70,0,0,none,10248,60,0.10000000000000001,1,reference,0,0,0.050000000000000003,0,0.9799999999999881,3.43096184915,5,10,300,2,2,0.5,0.02,320,41300,204906,0,0,0,0,0,0,0,0,2553,0,2440,0,0,nan,1,0,0,0,2440,0,0,nan,1,0,0,2440,0,1,0,0,0,0,0,0,2440,0,nan,0,nan,nan,0,0,0,2440,0,0,nan,1,0,0,0,2440,0,0,nan,1,0,0,nan,nan,nan,nan,229.65903072100056,192061,1.1957608818083867,192061,420759,0.45646320102481469,204906,611361562,2.9836196207041277,10,0,2440,113,0,2440,0,0,nan,1,0,0
validation__threshold_selection__validation_none__seed_10249,full,validation,threshold_selection,validation_none,249,10249,0,43.2070132,v6,70,0,0,none,10249,60,0.10000000000000001,1,reference,0,0,0.050000000000000003,0,0.9799999999999881,3.43096184915,5,10,300,2,2,0.5,0.02,320,41300,220020,0,0,0,0,0,0,0,0,2665,0,2561,0,0,nan,1,0,0,0,2561,0,0,nan,1,0,0,2561,0,1,0,0,0,0,0,0,2561,0,nan,0,nan,nan,0,0,0,2561,0,0,nan,1,0,0,0,2561,0,0,nan,1,0,0,nan,nan,nan,nan,244.93170759699342,207397,1.1809799929458644,207397,448909,0.46200232118313511,220020,690775932,3.1396051813471506,10,0,2561,104,0,2561,0,0,nan,1,0,0
validation__threshold_selection__validation_none__seed_10250,full,validation,threshold_selection,validation_none,250,10250,0,40.802077,v6,70,0,0,none,10250,60,0.10000000000000001,1,reference,0,0,0.050000000000000003,0,0.9799999999999881,3.43096184915,5,10,300,2,2,0.5,0.02,320,41300,204066,0,0,0,0,0,0,0,0,2465,0,2387,0,0,nan,1,0,0,0,2387,0,0,nan,1,0,0,2387,0,1,0,0,0,0,0,0,2387,0,nan,0,nan,nan,0,0,0,2387,0,0,nan,1,0,0,0,2387,0,0,nan,1,0,0,nan,nan,nan,nan,230.28828937300028,192361,1.1971672499779076,192361,413928,0.46472091764751355,204066,640217591,3.1373065135789404,10,0,2387,78,0,2387,0,0,nan,1,0,0
validation__threshold_selection__validation_none__seed_10251,full,validation,threshold_selection,validation_none,251,10251,0,38.7012043,v6,70,0,0,none,10251,60,0.10000000000000001,1,reference,0,0,0.050000000000000003,0,0.9799999999999881,3.43096184915,5,10,300,2,2,0.5,0.02,320,41300,230501,0,0,0,0,0,0,0,0,2703,0,2596,0,0,nan,1,0,0,0,2596,0,0,nan,1,0,0,2596,0,1,0,0,0,0,0,0,2596,0,nan,0,nan,nan,0,0,0,2596,0,0,nan,1,0,0,0,2596,0,0,nan,1,0,0,nan,nan,nan,nan,252.4780001199982,216742,1.1648780583366316,216742,450637,0.48096805189098985,230501,701007473,3.0412339772929404,10,0,2596,107,0,2596,0,0,nan,1,0,0
validation__threshold_selection__validation_none__seed_10252,full,validation,threshold_selection,validation_none,252,10252,0,40.82043,v6,70,0,0,none,10252,60,0.10000000000000001,1,reference,0,0,0.050000000000000003,0,0.9799999999999881,3.43096184915,5,10,300,2,2,0.5,0.02,320,41300,222032,0,0,0,0,0,0,0,0,2464,0,2387,0,0,nan,1,0,0,0,2387,0,0,nan,1,0,0,2387,0,1,0,0,0,0,0,0,2387,0,nan,0,nan,nan,0,0,0,2387,0,0,nan,1,0,0,0,2387,0,0,nan,1,0,0,nan,nan,nan,nan,256.21585901400772,210156,1.2191698500828325,210156,427262,0.49186681708179059,222032,711881818,3.2062126990704041,10,0,2387,77,0,2387,0,0,nan,1,0,0
validation__threshold_selection__validation_none__seed_10253,full,validation,threshold_selection,validation_none,253,10253,0,40.0285181,v6,70,0,0,none,10253,60,0.10000000000000001,1,reference,0,0,0.050000000000000003,0,0.9799999999999881,3.43096184915,5,10,300,2,2,0.5,0.02,320,41300,206275,0,0,0,0,0,0,0,0,2528,0,2416,0,0,nan,1,0,0,0,2416,0,0,nan,1,0,0,2416,0,1,0,0,0,0,0,0,2416,0,nan,0,nan,nan,0,0,0,2416,0,0,nan,1,0,0,0,2416,0,0,nan,1,0,0,nan,nan,nan,nan,228.64804594300071,193947,1.178920251114999,193947,424264,0.45713753700526089,206275,633089789,3.0691542310023028,10,0,2416,112,0,2416,0,0,nan,1,0,0
validation__threshold_selection__validation_none__seed_10254,full,validation,threshold_selection,validation_none,254,10254,0,35.5114948,v6,70,0,0,none,10254,60,0.10000000000000001,1,reference,0,0,0.050000000000000003,0,0.9799999999999881,3.43096184915,5,10,300,2,2,0.5,0.02,320,41300,199383,0,0,0,0,0,0,0,0,2472,0,2374,0,0,nan,1,0,0,0,2374,0,0,nan,1,0,0,2374,0,1,0,0,0,0,0,0,2374,0,nan,0,nan,nan,0,0,0,2374,0,0,nan,1,0,0,0,2374,0,0,nan,1,0,0,nan,nan,nan,nan,226.73285980400672,187916,1.2065649535111791,187916,410628,0.45763075094732947,199383,587890943,2.9485509948190165,10,0,2374,98,0,2374,0,0,nan,1,0,0
validation__threshold_selection__validation_none__seed_10255,full,validation,threshold_selection,validation_none,255,10255,0,42.73482,v6,70,0,0,none,10255,60,0.10000000000000001,1,reference,0,0,0.050000000000000003,0,0.9799999999999881,3.43096184915,5,10,300,2,2,0.5,0.02,320,41300,235590,0,0,0,0,0,0,0,0,2764,0,2670,0,0,nan,1,0,0,0,2670,0,0,nan,1,0,0,2670,0,1,0,0,0,0,0,0,2670,0,nan,0,nan,nan,0,0,0,2670,0,0,nan,1,0,0,0,2670,0,0,nan,1,0,0,nan,nan,nan,nan,269.99564642199812,222614,1.2128421681565316,222614,469174,0.47448068307280455,235590,738299726,3.1338330404516319,10,0,2670,94,0,2670,0,0,nan,1,0,0
validation__threshold_selection__validation_none__seed_10256,full,validation,threshold_selection,validation_none,256,10256,0,29.7625764,v6,70,0,0,none,10256,60,0.10000000000000001,1,reference,0,0,0.050000000000000003,0,0.9799999999999881,3.43096184915,5,10,300,2,2,0.5,0.02,320,41300,210554,0,0,0,0,0,0,0,0,2464,0,2390,0,0,nan,1,0,0,0,2390,0,0,nan,1,0,0,2390,0,1,0,0,0,0,0,0,2390,0,nan,0,nan,nan,0,0,0,2390,0,0,nan,1,0,0,0,2390,0,0,nan,1,0,0,nan,nan,nan,nan,239.56811351000599,198608,1.2062359699005376,198608,419077,0.47391768099895726,210554,579502739,2.7522760859446986,10,0,2390,74,0,2390,0,0,nan,1,0,0
validation__threshold_selection__validation_none__seed_10257,full,validation,threshold_selection,validation_none,257,10257,0,43.3875427,v6,70,0,0,none,10257,60,0.10000000000000001,1,reference,0,0,0.050000000000000003,0,0.9799999999999881,3.43096184915,5,10,300,2,2,0.5,0.02,320,41300,223230,0,0,0,0,0,0,0,0,2488,0,2385,0,0,nan,1,0,0,0,2385,0,0,nan,1,0,0,2385,0,1,0,0,0,0,0,0,2385,0,nan,0,nan,nan,0,0,0,2385,0,0,nan,1,0,0,0,2385,0,0,nan,1,0,0,nan,nan,nan,nan,252.72294681299707,210180,1.2024119650442338,210180,443250,0.47417935702199659,223230,720713254,3.2285680867266944,10,0,2385,103,0,2385,0,0,nan,1,0,0
validation__threshold_selection__validation_none__seed_10258,full,validation,threshold_selection,validation_none,258,10258,0,43.6009277,v6,70,0,0,none,10258,60,0.10000000000000001,1,reference,0,0,0.050000000000000003,0,0.9799999999999881,3.43096184915,5,10,300,2,2,0.5,0.02,320,41300,225898,0,0,0,0,0,0,0,0,2626,0,2516,0,0,nan,1,0,0,0,2516,0,0,nan,1,0,0,2516,0,1,0,0,0,0,0,0,2516,0,nan,0,nan,nan,0,0,0,2516,0,0,nan,1,0,0,0,2516,0,0,nan,1,0,0,nan,nan,nan,nan,251.91766095500586,212471,1.1856566823472654,212471,444097,0.47843376559625489,225898,729187762,3.2279513851384256,10,0,2516,110,0,2516,0,0,nan,1,0,0
validation__threshold_selection__validation_none__seed_10259,full,validation,threshold_selection,validation_none,259,10259,0,43.3942377,v6,70,0,0,none,10259,60,0.10000000000000001,1,reference,0,0,0.050000000000000003,0,0.9799999999999881,3.43096184915,5,10,300,2,2,0.5,0.02,320,41300,227631,0,0,0,0,0,0,0,0,2644,0,2521,0,0,nan,1,0,0,0,2521,0,0,nan,1,0,0,2521,0,1,0,0,0,0,0,0,2521,0,nan,0,nan,nan,0,0,0,2521,0,0,nan,1,0,0,0,2521,0,0,nan,1,0,0,nan,nan,nan,nan,253.89481493500114,213905,1.1869512864823222,213905,459439,0.46557867312091483,227631,737428501,3.239578532800893,10,0,2521,123,0,2521,0,0,nan,1,0,0
validation__threshold_selection__validation_none__seed_10260,full,validation,threshold_selection,validation_none,260,10260,0,40.7625199,v6,70,0,0,none,10260,60,0.10000000000000001,1,reference,0,0,0.050000000000000003,0,0.9799999999999881,3.43096184915,5,10,300,2,2,0.5,0.02,320,41300,201997,0,0,0,0,0,0,0,0,2432,0,2312,0,0,nan,1,0,0,0,2312,0,0,nan,1,0,0,2312,0,1,0,0,0,0,0,0,2312,0,nan,0,nan,nan,0,0,0,2312,0,0,nan,1,0,0,0,2312,0,0,nan,1,0,0,nan,nan,nan,nan,223.46050757301208,189741,1.177713343837189,189741,413896,0.45842675454703596,201997,636266779,3.1498823200344561,10,0,2312,120,0,2312,0,0,nan,1,0,0
validation__threshold_selection__validation_none__seed_10261,full,validation,threshold_selection,validation_none,261,10261,0,32.9471335,v6,70,0,0,none,10261,60,0.10000000000000001,1,reference,0,0,0.050000000000000003,0,0.9799999999999881,3.43096184915,5,10,300,2,2,0.5,0.02,320,41300,219170,0,0,0,0,0,0,0,0,2592,0,2471,0,0,nan,1,0,0,0,2471,0,0,nan,1,0,0,2471,0,1,0,0,0,0,0,0,2471,0,nan,0,nan,nan,0,0,0,2471,0,0,nan,1,0,0,0,2471,0,0,nan,1,0,0,nan,nan,nan,nan,241.54530277598496,205704,1.1742372670243892,205704,437199,0.47050427837209141,219170,617074358,2.8155055801432676,10,0,2471,121,0,2471,0,0,nan,1,0,0
validation__threshold_selection__validation_none__seed_10262,full,validation,threshold_selection,validation_none,262,10262,0,39.6951732,v6,70,0,0,none,10262,60,0.10000000000000001,1,reference,0,0,0.050000000000000003,0,0.9799999999999881,3.43096184915,5,10,300,2,2,0.5,0.02,320,41300,208817,0,0,0,0,0,0,0,0,2366,0,2293,0,0,nan,1,0,0,0,2293,0,0,nan,1,0,0,2293,0,1,0,0,0,0,0,0,2293,0,nan,0,nan,nan,0,0,0,2293,0,0,nan,1,0,0,0,2293,0,0,nan,1,0,0,nan,nan,nan,nan,231.31734322599925,197564,1.1708476403899457,197564,423135,0.46690536117314807,208817,659733576,3.159386333488174,10,0,2293,73,0,2293,0,0,nan,1,0,0
validation__threshold_selection__validation_none__seed_10263,full,validation,threshold_selection,validation_none,263,10263,0,43.8866036,v6,70,0,0,none,10263,60,0.10000000000000001,1,reference,0,0,0.050000000000000003,0,0.9799999999999881,3.43096184915,5,10,300,2,2,0.5,0.02,320,41300,225256,0,0,0,0,0,0,0,0,2545,0,2459,0,0,nan,1,0,0,0,2459,0,0,nan,1,0,0,2459,0,1,0,0,0,0,0,0,2459,0,nan,0,nan,nan,0,0,0,2459,0,0,nan,1,0,0,0,2459,0,0,nan,1,0,0,nan,nan,nan,nan,254.31971801399339,211887,1.2002610731852044,211887,441323,0.4801177368956524,225256,748150389,3.3213339000958908,10,0,2459,86,0,2459,0,0,nan,1,0,0
validation__threshold_selection__validation_none__seed_10264,full,validation,threshold_selection,validation_none,264,10264,0,42.5444783,v6,70,0,0,none,10264,60,0.10000000000000001,1,reference,0,0,0.050000000000000003,0,0.9799999999999881,3.43096184915,5,10,300,2,2,0.5,0.02,320,41300,215424,0,0,0,0,0,0,0,0,2484,0,2380,0,0,nan,1,0,0,0,2380,0,0,nan,1,0,0,2380,0,1,0,0,0,0,0,0,2380,0,nan,0,nan,nan,0,0,0,2380,0,0,nan,1,0,0,0,2380,0,0,nan,1,0,0,nan,nan,nan,nan,236.63911815401002,201493,1.1744284821507944,201493,430130,0.46844674865738267,215424,682351282,3.1674803271687466,10,0,2380,104,0,2380,0,0,nan,1,0,0
validation__threshold_selection__validation_none__seed_10265,full,validation,threshold_selection,validation_none,265,10265,0,41.6912569,v6,70,0,0,none,10265,60,0.10000000000000001,1,reference,0,0,0.050000000000000003,0,0.9799999999999881,3.43096184915,5,10,300,2,2,0.5,0.02,320,41300,213501,0,0,0,0,0,0,0,0,2524,0,2439,0,0,nan,1,0,0,0,2439,0,0,nan,1,0,0,2439,0,1,0,0,0,0,0,0,2439,0,nan,0,nan,nan,0,0,0,2439,0,0,nan,1,0,0,0,2439,0,0,nan,1,0,0,nan,nan,nan,nan,238.12342654199696,201807,1.1799562281883036,201807,423188,0.47687316275508757,213501,668239219,3.1299114243024624,10,0,2439,85,0,2439,0,0,nan,1,0,0
validation__threshold_selection__validation_none__seed_10266,full,validation,threshold_selection,validation_none,266,10266,0,45.1176907,v6,70,0,0,none,10266,60,0.10000000000000001,1,reference,0,0,0.050000000000000003,0,0.9799999999999881,3.43096184915,5,10,300,2,2,0.5,0.02,320,41300,238746,0,0,0,0,0,0,0,0,2804,0,2707,0,0,nan,1,0,0,0,2707,0,0,nan,1,0,0,2707,0,1,0,0,0,0,0,0,2707,0,nan,0,nan,nan,0,0,0,2707,0,0,nan,1,0,0,0,2707,0,0,nan,1,0,0,nan,nan,nan,nan,275.77524640400122,226225,1.2190308162404739,226225,477022,0.47424437447329471,238746,761005734,3.1875119750697394,10,0,2707,97,0,2707,0,0,nan,1,0,0
validation__threshold_selection__validation_none__seed_10267,full,validation,threshold_selection,validation_none,267,10267,0,34.0964692,v6,70,0,0,none,10267,60,0.10000000000000001,1,reference,0,0,0.050000000000000003,0,0.9799999999999881,3.43096184915,5,10,300,2,2,0.5,0.02,320,41300,220177,0,0,0,0,0,0,0,0,2554,0,2471,0,0,nan,1,0,0,0,2471,0,0,nan,1,0,0,2471,0,1,0,0,0,0,0,0,2471,0,nan,0,nan,nan,0,0,0,2471,0,0,nan,1,0,0,0,2471,0,0,nan,1,0,0,nan,nan,nan,nan,250.49397965099195,208673,1.2004139474248798,208673,431187,0.48395011908986124,220177,634942537,2.883782306962126,10,0,2471,83,0,2471,0,0,nan,1,0,0
validation__threshold_selection__validation_none__seed_10268,full,validation,threshold_selection,validation_none,268,10268,0,37.0272165,v6,70,0,0,none,10268,60,0.10000000000000001,1,reference,0,0,0.050000000000000003,0,0.9799999999999881,3.43096184915,5,10,300,2,2,0.5,0.02,320,41300,228509,0,0,0,0,0,0,0,0,2647,0,2494,0,0,nan,1,0,0,0,2494,0,0,nan,1,0,0,2494,0,1,0,0,0,0,0,0,2494,0,nan,0,nan,nan,0,0,0,2494,0,0,nan,1,0,0,0,2494,0,0,nan,1,0,0,nan,nan,nan,nan,253.94440245899224,213468,1.1896134430406067,213468,450701,0.47363551445415031,228509,690130091,3.0201440249618177,10,0,2494,153,0,2494,0,0,nan,1,0,0
validation__threshold_selection__validation_none__seed_10269,full,validation,threshold_selection,validation_none,269,10269,0,40.9733772,v6,70,0,0,none,10269,60,0.10000000000000001,1,reference,0,0,0.050000000000000003,0,0.9799999999999881,3.43096184915,5,10,300,2,2,0.5,0.02,320,41300,211130,0,0,0,0,0,0,0,0,2511,0,2420,0,0,nan,1,0,0,0,2420,0,0,nan,1,0,0,2420,0,1,0,0,0,0,0,0,2420,0,nan,0,nan,nan,0,0,0,2420,0,0,nan,1,0,0,0,2420,0,0,nan,1,0,0,nan,nan,nan,nan,238.69077492600672,198900,1.2000541725792193,198900,417661,0.47622354014380086,211130,657315199,3.1133197508643962,10,0,2420,91,0,2420,0,0,nan,1,0,0
validation__threshold_selection__validation_none__seed_10270,full,validation,threshold_selection,validation_none,270,10270,0,43.3963158,v6,70,0,0,none,10270,60,0.10000000000000001,1,reference,0,0,0.050000000000000003,0,0.9799999999999881,3.43096184915,5,10,300,2,2,0.5,0.02,320,41300,217788,0,0,0,0,0,0,0,0,2599,0,2504,0,0,nan,1,0,0,0,2504,0,0,nan,1,0,0,2504,0,1,0,0,0,0,0,0,2504,0,nan,0,nan,nan,0,0,0,2504,0,0,nan,1,0,0,0,2504,0,0,nan,1,0,0,nan,nan,nan,nan,253.1926636440009,204795,1.2363224866036813,204795,444320,0.46091780698595608,217788,704069091,3.2328185712711441,10,0,2504,95,0,2504,0,0,nan,1,0,0
validation__threshold_selection__validation_none__seed_10271,full,validation,threshold_selection,validation_none,271,10271,0,34.3178921,v6,70,0,0,none,10271,60,0.10000000000000001,1,reference,0,0,0.050000000000000003,0,0.9799999999999881,3.43096184915,5,10,300,2,2,0.5,0.02,320,41300,224935,0,0,0,0,0,0,0,0,2622,0,2568,0,0,nan,1,0,0,0,2568,0,0,nan,1,0,0,2568,0,1,0,0,0,0,0,0,2568,0,nan,0,nan,nan,0,0,0,2568,0,0,nan,1,0,0,0,2568,0,0,nan,1,0,0,nan,nan,nan,nan,257.49799596899811,213984,1.2033516336221313,213984,453185,0.47217802884031906,224935,641233991,2.8507523995821016,10,0,2568,54,0,2568,0,0,nan,1,0,0
validation__threshold_selection__validation_none__seed_10272,full,validation,threshold_selection,validation_none,272,10272,0,42.6523011,v6,70,0,0,none,10272,60,0.10000000000000001,1,reference,0,0,0.050000000000000003,0,0.9799999999999881,3.43096184915,5,10,300,2,2,0.5,0.02,320,41300,214432,0,0,0,0,0,0,0,0,2466,0,2347,0,0,nan,1,0,0,0,2347,0,0,nan,1,0,0,2347,0,1,0,0,0,0,0,0,2347,0,nan,0,nan,nan,0,0,0,2347,0,0,nan,1,0,0,0,2347,0,0,nan,1,0,0,nan,nan,nan,nan,242.55091319000076,201188,1.2055933415014848,201188,425180,0.47318312244225974,214432,696193808,3.2466880316370688,10,0,2347,119,0,2347,0,0,nan,1,0,0
validation__threshold_selection__validation_none__seed_10273,full,validation,threshold_selection,validation_none,273,10273,0,46.0835578,v6,70,0,0,none,10273,60,0.10000000000000001,1,reference,0,0,0.050000000000000003,0,0.9799999999999881,3.43096184915,5,10,300,2,2,0.5,0.02,320,41300,244697,0,0,0,0,0,0,0,0,2854,0,2728,0,0,nan,1,0,0,0,2728,0,0,nan,1,0,0,2728,0,1,0,0,0,0,0,0,2728,0,nan,0,nan,nan,0,0,0,2728,0,0,nan,1,0,0,0,2728,0,0,nan,1,0,0,nan,nan,nan,nan,278.50656910699877,230114,1.2102982395986284,230114,492956,0.46680433953537437,244697,797648075,3.2597378594751878,10,0,2728,126,0,2728,0,0,nan,1,0,0
validation__threshold_selection__validation_none__seed_10274,full,validation,threshold_selection,validation_none,274,10274,0,37.7691628,v6,70,0,0,none,10274,60,0.10000000000000001,1,reference,0,0,0.050000000000000003,0,0.9799999999999881,3.43096184915,5,10,300,2,2,0.5,0.02,320,41300,215830,0,0,0,0,0,0,0,0,2669,0,2528,0,0,nan,1,0,0,0,2528,0,0,nan,1,0,0,2528,0,1,0,0,0,0,0,0,2528,0,nan,0,nan,nan,0,0,0,2528,0,0,nan,1,0,0,0,2528,0,0,nan,1,0,0,nan,nan,nan,nan,253.41073461800539,202203,1.2532491338803351,202203,431626,0.46846807189557627,215830,665802115,3.084845086410601,10,0,2528,141,0,2528,0,0,nan,1,0,0
validation__threshold_selection__validation_none__seed_10275,full,validation,threshold_selection,validation_none,275,10275,0,42.3590931,v6,70,0,0,none,10275,60,0.10000000000000001,1,reference,0,0,0.050000000000000003,0,0.9799999999999881,3.43096184915,5,10,300,2,2,0.5,0.02,320,41300,210142,0,0,0,0,0,0,0,0,2604,0,2490,0,0,nan,1,0,0,0,2490,0,0,nan,1,0,0,2490,0,1,0,0,0,0,0,0,2490,0,nan,0,nan,nan,0,0,0,2490,0,0,nan,1,0,0,0,2490,0,0,nan,1,0,0,nan,nan,nan,nan,237.27949287201122,197920,1.1988656672999758,197920,441094,0.44870254412891586,210142,668945633,3.1833028761504125,10,0,2490,114,0,2490,0,0,nan,1,0,0
validation__threshold_selection__validation_none__seed_10276,full,validation,threshold_selection,validation_none,276,10276,0,40.9959522,v6,70,0,0,none,10276,60,0.10000000000000001,1,reference,0,0,0.050000000000000003,0,0.9799999999999881,3.43096184915,5,10,300,2,2,0.5,0.02,320,41300,207515,0,0,0,0,0,0,0,0,2508,0,2418,0,0,nan,1,0,0,0,2418,0,0,nan,1,0,0,2418,0,1,0,0,0,0,0,0,2418,0,nan,0,nan,nan,0,0,0,2418,0,0,nan,1,0,0,0,2418,0,0,nan,1,0,0,nan,nan,nan,nan,232.11637227699265,195433,1.1877030607778249,195433,419256,0.46614240464060147,207515,654321860,3.1531304243066764,10,0,2418,90,0,2418,0,0,nan,1,0,0
validation__threshold_selection__validation_none__seed_10277,full,validation,threshold_selection,validation_none,277,10277,0,37.8732715,v6,70,0,0,none,10277,60,0.10000000000000001,1,reference,0,0,0.050000000000000003,0,0.9799999999999881,3.43096184915,5,10,300,2,2,0.5,0.02,320,41300,230096,0,0,0,0,0,0,0,0,2561,0,2462,0,0,nan,1,0,0,0,2462,0,0,nan,1,0,0,2462,0,1,0,0,0,0,0,0,2462,0,nan,0,nan,nan,0,0,0,2462,0,0,nan,1,0,0,0,2462,0,0,nan,1,0,0,nan,nan,nan,nan,255.79101676400396,217202,1.1776641870885349,217202,442014,0.49139167537679801,230096,692537440,3.0097760934566442,10,0,2462,99,0,2462,0,0,nan,1,0,0
validation__threshold_selection__validation_none__seed_10278,full,validation,threshold_selection,validation_none,278,10278,0,42.4393415,v6,70,0,0,none,10278,60,0.10000000000000001,1,reference,0,0,0.050000000000000003,0,0.9799999999999881,3.43096184915,5,10,300,2,2,0.5,0.02,320,41300,210160,0,0,0,0,0,0,0,0,2487,0,2442,0,0,nan,1,0,0,0,2442,0,0,nan,1,0,0,2442,0,1,0,0,0,0,0,0,2442,0,nan,0,nan,nan,0,0,0,2442,0,0,nan,1,0,0,0,2442,0,0,nan,1,0,0,nan,nan,nan,nan,238.16904908199876,199215,1.1955377310041853,199215,428051,0.46540015091659637,210160,666001843,3.1690228540159877,10,0,2442,45,0,2442,0,0,nan,1,0,0
validation__threshold_selection__validation_none__seed_10279,full,validation,threshold_selection,validation_none,279,10279,0,42.1302169,v6,70,0,0,none,10279,60,0.10000000000000001,1,reference,0,0,0.050000000000000003,0,0.9799999999999881,3.43096184915,5,10,300,2,2,0.5,0.02,320,41300,224835,0,0,0,0,0,0,0,0,2666,0,2636,0,0,nan,1,0,0,0,2636,0,0,nan,1,0,0,2636,0,1,0,0,0,0,0,0,2636,0,nan,0,nan,nan,0,0,0,2636,0,0,nan,1,0,0,0,2636,0,0,nan,1,0,0,nan,nan,nan,nan,259.75421055100122,213673,1.2156622996401101,213673,463128,0.46136921110362578,224835,704077502,3.1315297974069871,10,0,2636,30,0,2636,0,0,nan,1,0,0
validation__threshold_selection__validation_none__seed_10280,full,validation,threshold_selection,validation_none,280,10280,0,39.554323,v6,70,0,0,none,10280,60,0.10000000000000001,1,reference,0,0,0.050000000000000003,0,0.9799999999999881,3.43096184915,5,10,300,2,2,0.5,0.02,320,41300,205314,0,0,0,0,0,0,0,0,2380,0,2300,0,0,nan,1,0,0,0,2300,0,0,nan,1,0,0,2300,0,1,0,0,0,0,0,0,2300,0,nan,0,nan,nan,0,0,0,2300,0,0,nan,1,0,0,0,2300,0,0,nan,1,0,0,nan,nan,nan,nan,225.68849763600451,193694,1.1651806335560446,193694,417552,0.46387994788673026,205314,637281570,3.1039362634793539,10,0,2300,80,0,2300,0,0,nan,1,0,0
validation__threshold_selection__validation_none__seed_10281,full,validation,threshold_selection,validation_none,281,10281,0,31.0213169,v6,70,0,0,none,10281,60,0.10000000000000001,1,reference,0,0,0.050000000000000003,0,0.9799999999999881,3.43096184915,5,10,300,2,2,0.5,0.02,320,41300,215590,0,0,0,0,0,0,0,0,2463,0,2358,0,0,nan,1,0,0,0,2358,0,0,nan,1,0,0,2358,0,1,0,0,0,0,0,0,2358,0,nan,0,nan,nan,0,0,0,2358,0,0,nan,1,0,0,0,2358,0,0,nan,1,0,0,nan,nan,nan,nan,243.72111349499909,202463,1.2037810044057387,202463,431464,0.46924656518272673,215590,597660203,2.7722074446866736,10,0,2358,105,0,2358,0,0,nan,1,0,0
validation__threshold_selection__validation_none__seed_10282,full,validation,threshold_selection,validation_none,282,10282,0,39.2737962,v6,70,0,0,none,10282,60,0.10000000000000001,1,reference,0,0,0.050000000000000003,0,0.9799999999999881,3.43096184915,5,10,300,2,2,0.5,0.02,320,41300,231371,0,0,0,0,0,0,0,0,2532,0,2446,0,0,nan,1,0,0,0,2446,0,0,nan,1,0,0,2446,0,1,0,0,0,0,0,0,2446,0,nan,0,nan,nan,0,0,0,2446,0,0,nan,1,0,0,0,2446,0,0,nan,1,0,0,nan,nan,nan,nan,261.38637785500453,218519,1.1961723138720408,218519,433496,0.50408538948456272,231371,721010878,3.1162543188212872,10,0,2446,86,0,2446,0,0,nan,1,0,0
validation__threshold_selection__validation_none__seed_10283,full,validation,threshold_selection,validation_none,283,10283,0,42.8965182,v6,70,0,0,none,10283,60,0.10000000000000001,1,reference,0,0,0.050000000000000003,0,0.9799999999999881,3.43096184915,5,10,300,2,2,0.5,0.02,320,41300,213966,0,0,0,0,0,0,0,0,2575,0,2489,0,0,nan,1,0,0,0,2489,0,0,nan,1,0,0,2489,0,1,0,0,0,0,0,0,2489,0,nan,0,nan,nan,0,0,0,2489,0,0,nan,1,0,0,0,2489,0,0,nan,1,0,0,nan,nan,nan,nan,241.18733460699977,202106,1.1933704818610025,202106,442559,0.4566758330527681,213966,686721857,3.2094905592477305,10,0,2489,86,0,2489,0,0,nan,1,0,0
validation__threshold_selection__validation_none__seed_10284,full,validation,threshold_selection,validation_none,284,10284,0,43.4882048,v6,70,0,0,none,10284,60,0.10000000000000001,1,reference,0,0,0.050000000000000003,0,0.9799999999999881,3.43096184915,5,10,300,2,2,0.5,0.02,320,41300,227234,0,0,0,0,0,0,0,0,2677,0,2578,0,0,nan,1,0,0,0,2578,0,0,nan,1,0,0,2578,0,1,0,0,0,0,0,0,2578,0,nan,0,nan,nan,0,0,0,2578,0,0,nan,1,0,0,0,2578,0,0,nan,1,0,0,nan,nan,nan,nan,261.20864222300696,213386,1.2241133074475692,213386,449905,0.47429123926162192,227234,725879221,3.1944129003582211,10,0,2578,99,0,2578,0,0,nan,1,0,0
validation__threshold_selection__validation_none__seed_10285,full,validation,threshold_selection,validation_none,285,10285,0,41.2072442,v6,70,0,0,none,10285,60,0.10000000000000001,1,reference,0,0,0.050000000000000003,0,0.9799999999999881,3.43096184915,5,10,300,2,2,0.5,0.02,320,41300,211693,0,0,0,0,0,0,0,0,2686,0,2578,0,0,nan,1,0,0,0,2578,0,0,nan,1,0,0,2578,0,1,0,0,0,0,0,0,2578,0,nan,0,nan,nan,0,0,0,2578,0,0,nan,1,0,0,0,2578,0,0,nan,1,0,0,nan,nan,nan,nan,243.4363096610021,200064,1.2167921748090718,200064,447147,0.44742333058256012,211693,659852522,3.1170257023142005,10,0,2578,108,0,2578,0,0,nan,1,0,0
validation__threshold_selection__validation_none__seed_10286,full,validation,threshold_selection,validation_none,286,10286,0,43.4169537,v6,70,0,0,none,10286,60,0.10000000000000001,1,reference,0,0,0.050000000000000003,0,0.9799999999999881,3.43096184915,5,10,300,2,2,0.5,0.02,320,41300,227065,0,0,0,0,0,0,0,0,2618,0,2497,0,0,nan,1,0,0,0,2497,0,0,nan,1,0,0,2497,0,1,0,0,0,0,0,0,2497,0,nan,0,nan,nan,0,0,0,2497,0,0,nan,1,0,0,0,2497,0,0,nan,1,0,0,nan,nan,nan,nan,250.93787006300192,213147,1.1772995635078227,213147,446638,0.47722540401846686,227065,725031919,3.1930588994340829,10,0,2497,121,0,2497,0,0,nan,1,0,0
validation__threshold_selection__validation_none__seed_10287,full,validation,threshold_selection,validation_none,287,10287,0,42.23999,v6,70,0,0,none,10287,60,0.10000000000000001,1,reference,0,0,0.050000000000000003,0,0.9799999999999881,3.43096184915,5,10,300,2,2,0.5,0.02,320,41300,214691,0,0,0,0,0,0,0,0,2600,0,2529,0,0,nan,1,0,0,0,2529,0,0,nan,1,0,0,2529,0,1,0,0,0,0,0,0,2529,0,nan,0,nan,nan,0,0,0,2529,0,0,nan,1,0,0,0,2529,0,0,nan,1,0,0,nan,nan,nan,nan,241.01916372499699,202483,1.1903180204016979,202483,444557,0.45547140186747709,214691,673302454,3.1361466200259911,10,0,2529,71,0,2529,0,0,nan,1,0,0
validation__threshold_selection__validation_none__seed_10288,full,validation,threshold_selection,validation_none,288,10288,0,30.8905084,v6,70,0,0,none,10288,60,0.10000000000000001,1,reference,0,0,0.050000000000000003,0,0.9799999999999881,3.43096184915,5,10,300,2,2,0.5,0.02,320,41300,226560,0,0,0,0,0,0,0,0,2619,0,2487,0,0,nan,1,0,0,0,2487,0,0,nan,1,0,0,2487,0,1,0,0,0,0,0,0,2487,0,nan,0,nan,nan,0,0,0,2487,0,0,nan,1,0,0,0,2487,0,0,nan,1,0,0,nan,nan,nan,nan,249.72160992900302,211588,1.1802257686116557,211588,447521,0.47280015909867917,226560,625844938,2.7623805526129943,10,0,2487,132,0,2487,0,0,nan,1,0,0
validation__threshold_selection__validation_none__seed_10289,full,validation,threshold_selection,validation_none,289,10289,0,43.4268218,v6,70,0,0,none,10289,60,0.10000000000000001,1,reference,0,0,0.050000000000000003,0,0.9799999999999881,3.43096184915,5,10,300,2,2,0.5,0.02,320,41300,233082,0,0,0,0,0,0,0,0,2534,0,2432,0,0,nan,1,0,0,0,2432,0,0,nan,1,0,0,2432,0,1,0,0,0,0,0,0,2432,0,nan,0,nan,nan,0,0,0,2432,0,0,nan,1,0,0,0,2432,0,0,nan,1,0,0,nan,nan,nan,nan,265.66575187499888,220359,1.2056042724599354,220359,453403,0.48601134090422871,233082,749077551,3.2137940767626842,10,0,2432,102,0,2432,0,0,nan,1,0,0
validation__threshold_selection__validation_none__seed_10290,full,validation,threshold_selection,validation_none,290,10290,0,38.9815081,v6,70,0,0,none,10290,60,0.10000000000000001,1,reference,0,0,0.050000000000000003,0,0.9799999999999881,3.43096184915,5,10,300,2,2,0.5,0.02,320,41300,202207,0,0,0,0,0,0,0,0,2313,0,2233,0,0,nan,1,0,0,0,2233,0,0,nan,1,0,0,2233,0,1,0,0,0,0,0,0,2233,0,nan,0,nan,nan,0,0,0,2233,0,0,nan,1,0,0,0,2233,0,0,nan,1,0,0,nan,nan,nan,nan,224.6224132150048,191116,1.1753197702704368,191116,406435,0.47022525127019082,202207,648248753,3.2058670224077304,10,0,2233,80,0,2233,0,0,nan,1,0,0
validation__threshold_selection__validation_none__seed_10291,full,validation,threshold_selection,validation_none,291,10291,0,42.2092778,v6,70,0,0,none,10291,60,0.10000000000000001,1,reference,0,0,0.050000000000000003,0,0.9799999999999881,3.43096184915,5,10,300,2,2,0.5,0.02,320,41300,233396,0,0,0,0,0,0,0,0,2601,0,2375,0,0,nan,1,0,0,0,2375,0,0,nan,1,0,0,2375,0,1,0,0,0,0,0,0,2375,0,nan,0,nan,nan,0,0,0,2375,0,0,nan,1,0,0,0,2375,0,0,nan,1,0,0,nan,nan,nan,nan,263.1730279469993,215607,1.2206144881520511,215607,449204,0.47997569033223214,233396,749709886,3.2121796688889273,10,0,2375,226,0,2375,0,0,nan,1,0,0
validation__threshold_selection__validation_none__seed_10292,full,validation,threshold_selection,validation_none,292,10292,0,39.4660875,v6,70,0,0,none,10292,60,0.10000000000000001,1,reference,0,0,0.050000000000000003,0,0.9799999999999881,3.43096184915,5,10,300,2,2,0.5,0.02,320,41300,206720,0,0,0,0,0,0,0,0,2384,0,2326,0,0,nan,1,0,0,0,2326,0,0,nan,1,0,0,2326,0,1,0,0,0,0,0,0,2326,0,nan,0,nan,nan,0,0,0,2326,0,0,nan,1,0,0,0,2326,0,0,nan,1,0,0,nan,nan,nan,nan,235.39124857101154,195761,1.2024420010676873,195761,414281,0.47253192881160372,206720,653218619,3.1599197900541793,10,0,2326,58,0,2326,0,0,nan,1,0,0
validation__threshold_selection__validation_none__seed_10293,full,validation,threshold_selection,validation_none,293,10293,0,40.505051,v6,70,0,0,none,10293,60,0.10000000000000001,1,reference,0,0,0.050000000000000003,0,0.9799999999999881,3.43096184915,5,10,300,2,2,0.5,0.02,320,41300,212439,0,0,0,0,0,0,0,0,2537,0,2409,0,0,nan,1,0,0,0,2409,0,0,nan,1,0,0,2409,0,1,0,0,0,0,0,0,2409,0,nan,0,nan,nan,0,0,0,2409,0,0,nan,1,0,0,0,2409,0,0,nan,1,0,0,nan,nan,nan,nan,238.60439329900134,198014,1.2049874922934809,198014,419672,0.47183038182199433,212439,660223308,3.1078253428042872,10,0,2409,128,0,2409,0,0,nan,1,0,0
validation__threshold_selection__validation_none__seed_10294,full,validation,threshold_selection,validation_none,294,10294,0,33.642819,v6,70,0,0,none,10294,60,0.10000000000000001,1,reference,0,0,0.050000000000000003,0,0.9799999999999881,3.43096184915,5,10,300,2,2,0.5,0.02,320,41300,204065,0,0,0,0,0,0,0,0,2481,0,2372,0,0,nan,1,0,0,0,2372,0,0,nan,1,0,0,2372,0,1,0,0,0,0,0,0,2372,0,nan,0,nan,nan,0,0,0,2372,0,0,nan,1,0,0,0,2372,0,0,nan,1,0,0,nan,nan,nan,nan,227.83898900899928,191684,1.1886176676665725,191684,416359,0.46038154573336953,204065,587858623,2.8807420331757041,10,0,2372,109,0,2372,0,0,nan,1,0,0
validation__threshold_selection__validation_none__seed_10295,full,validation,threshold_selection,validation_none,295,10295,0,41.5257599,v6,70,0,0,none,10295,60,0.10000000000000001,1,reference,0,0,0.050000000000000003,0,0.9799999999999881,3.43096184915,5,10,300,2,2,0.5,0.02,320,41300,219532,0,0,0,0,0,0,0,0,2751,0,2645,0,0,nan,1,0,0,0,2645,0,0,nan,1,0,0,2645,0,1,0,0,0,0,0,0,2645,0,nan,0,nan,nan,0,0,0,2645,0,0,nan,1,0,0,0,2645,0,0,nan,1,0,0,nan,nan,nan,nan,243.81331407500619,207562,1.1746529426147667,207562,446682,0.46467509324306777,219532,692037618,3.1523314049887943,10,0,2645,106,0,2645,0,0,nan,1,0,0
validation__threshold_selection__validation_none__seed_10296,full,validation,threshold_selection,validation_none,296,10296,0,43.2907163,v6,70,0,0,none,10296,60,0.10000000000000001,1,reference,0,0,0.050000000000000003,0,0.9799999999999881,3.43096184915,5,10,300,2,2,0.5,0.02,320,41300,215122,0,0,0,0,0,0,0,0,2622,0,2550,0,0,nan,1,0,0,0,2550,0,0,nan,1,0,0,2550,0,1,0,0,0,0,0,0,2550,0,nan,0,nan,nan,0,0,0,2550,0,0,nan,1,0,0,0,2550,0,0,nan,1,0,0,nan,nan,nan,nan,243.49807835200198,203329,1.1975570545864191,203329,450447,0.45139383767679658,215122,683815688,3.178734336794935,10,0,2550,72,0,2550,0,0,nan,1,0,0
validation__threshold_selection__validation_none__seed_10297,full,validation,threshold_selection,validation_none,297,10297,0,38.5522164,v6,70,0,0,none,10297,60,0.10000000000000001,1,reference,0,0,0.050000000000000003,0,0.9799999999999881,3.43096184915,5,10,300,2,2,0.5,0.02,320,41300,213958,0,0,0,0,0,0,0,0,2582,0,2465,0,0,nan,1,0,0,0,2465,0,0,nan,1,0,0,2465,0,1,0,0,0,0,0,0,2465,0,nan,0,nan,nan,0,0,0,2465,0,0,nan,1,0,0,0,2465,0,0,nan,1,0,0,nan,nan,nan,nan,241.28676398000002,200496,1.2034492657210119,200496,426757,0.46981303177217948,213958,660132916,3.085338786116901,10,0,2465,117,0,2465,0,0,nan,1,0,0
validation__threshold_selection__validation_none__seed_10298,full,validation,threshold_selection,validation_none,298,10298,0,43.4750903,v6,70,0,0,none,10298,60,0.10000000000000001,1,reference,0,0,0.050000000000000003,0,0.9799999999999881,3.43096184915,5,10,300,2,2,0.5,0.02,320,41300,217067,0,0,0,0,0,0,0,0,2568,0,2434,0,0,nan,1,0,0,0,2434,0,0,nan,1,0,0,2434,0,1,0,0,0,0,0,0,2434,0,nan,0,nan,nan,0,0,0,2434,0,0,nan,1,0,0,0,2434,0,0,nan,1,0,0,nan,nan,nan,nan,239.82767009300298,203079,1.1809575096046512,203079,443155,0.45825726890140017,217067,705758230,3.2513382043332246,10,0,2434,134,0,2434,0,0,nan,1,0,0
validation__threshold_selection__validation_none__seed_10299,full,validation,threshold_selection,validation_none,299,10299,0,40.9409647,v6,70,0,0,none,10299,60,0.10000000000000001,1,reference,0,0,0.050000000000000003,0,0.9799999999999881,3.43096184915,5,10,300,2,2,0.5,0.02,320,41300,234787,0,0,0,0,0,0,0,0,2650,0,2536,0,0,nan,1,0,0,0,2536,0,0,nan,1,0,0,2536,0,1,0,0,0,0,0,0,2536,0,nan,0,nan,nan,0,0,0,2536,0,0,nan,1,0,0,0,2536,0,0,nan,1,0,0,nan,nan,nan,nan,268.64316772999342,221092,1.2150741217682839,221092,464304,0.47617939970364243,234787,742607965,3.1629006929685208,10,0,2536,114,0,2536,0,0,nan,1,0,0
validation__threshold_selection__validation_spoof__seed_1001,full,validation,threshold_selection,validation_spoof,1,1001,0,33.30471,v6,70,0.29999999999999999,21,spoof,1001,60,0.10000000000000001,1,reference,0,0,0.050000000000000003,0,0.9799999999999881,3.43096184915,5,10,300,2,2,0.5,0.02,320,41300,218685,0,44700,40601,40601,496,482,485,14,1615,485,901,0,0,1,1,0.34992784992784992,0.518439337252806,0,1386,0,0,nan,1,0,0,901,0,1,485,485,18,18,238,0,901,247,0.49072164948453606,0,1,0.65836791147994467,238,16,485,901,0,0,1,1,0.34992784992784992,0.518439337252806,0,1386,0,0,nan,1,0,0,0,0.72989690721649481,0.74347517649347228,nan,115.95438034700288,98016,1.1830148174482011,98016,207621,0.47209097345644224,151502,442696908,2.9220532270201049,10,0,1386,229,485,901,0,0,1,1,185,16
validation__threshold_selection__validation_spoof__seed_1002,full,validation,threshold_selection,validation_spoof,2,1002,0,40.7255575,v6,70,0.29999999999999999,21,spoof,1002,60,0.10000000000000001,1,reference,0,0,0.050000000000000003,0,0.9799999999999881,3.43096184915,5,10,300,2,2,0.5,0.02,320,41300,210523,0,42103,38906,38906,498,480,488,18,1593,488,938,0,0,1,1,0.34221598877980364,0.50992685475444099,0,1426,0,0,nan,1,0,0,938,0,1,488,488,18,18,285,0,938,203,0.58401639344262291,0,1,0.73738680465717987,285,16,488,938,0,0,1,1,0.34221598877980364,0.50992685475444099,0,1426,0,0,nan,1,0,0,0,0.81967213114754101,0.79237084483903664,nan,117.96751908700038,98651,1.1958066222035293,98651,206666,0.47734508820996197,148764,471532152,3.1696657255787692,10,0,1426,167,488,938,0,0,1,1,221,16
validation__threshold_selection__validation_spoof__seed_1003,full,validation,threshold_selection,validation_spoof,3,1003,0,38.3549839,v6,70,0.29999999999999999,21,spoof,1003,60,0.10000000000000001,1,reference,0,0,0.050000000000000003,0,0.9799999999999881,3.43096184915,5,10,300,2,2,0.5,0.02,320,41300,226124,0,44457,40747,40747,458,445,454,13,1605,454,947,0,0,1,1,0.32405424696645252,0.48948787061994609,0,1401,0,0,nan,1,0,0,947,0,1,454,454,18,18,291,0,947,163,0.6409691629955947,0,1,0.78120805369127522,291,18,454,947,0,0,1,1,0.32405424696645252,0.48948787061994609,0,1401,0,0,nan,1,0,0,0,0.71365638766519823,0.81876805492885019,nan,127.93947912100279,104900,1.2196327847569381,104900,214551,0.48892804041929427,158198,484717963,3.0639955182745675,10,0,1401,204,454,947,0,0,1,1,222,18
validation__threshold_selection__validation_spoof__seed_1004,full,validation,threshold_selection,validation_spoof,4,1004,0,38.1212241,v6,70,0.29999999999999999,21,spoof,1004,60,0.10000000000000001,1,reference,0,0,0.050000000000000003,0,0.9799999999999881,3.43096184915,5,10,300,2,2,0.5,0.02,320,41300,212593,0,47012,43399,43399,476,466,471,10,1618,471,938,0,0,1,1,0.33427963094393187,0.50106382978723407,0,1409,0,0,nan,1,0,0,938,0,1,471,471,19,19,252,0,938,219,0.53503184713375795,0,1,0.69709543568464727,252,18,471,938,0,0,1,1,0.33427963094393187,0.50106382978723407,0,1409,0,0,nan,1,0,0,0,0.77070063694267521,0.76947270019330105,nan,105.87185227499739,90869,1.1651041859709845,90869,209709,0.43330996762179974,146585,441771631,3.0137574171982129,10,0,1409,209,471,938,0,0,1,1,199,18
validation__threshold_selection__validation_spoof__seed_1005,full,validation,threshold_selection,validation_spoof,5,1005,0,42.2895095,v6,70,0.29999999999999999,21,spoof,1005,60,0.10000000000000001,1,reference,0,0,0.050000000000000003,0,0.9799999999999881,3.43096184915,5,10,300,2,2,0.5,0.02,320,41300,218204,0,42204,39022,39022,454,442,451,12,1568,451,928,0,0,1,1,0.32704858593183467,0.49289617486338799,3,1376,0,0,1,1,0.0021754894851341551,0.0043415340086830683,925,0,1,451,451,19,19,254,0,928,197,0.56319290465631933,0,1,0.72056737588652486,254,18,451,928,0,0,1,1,0.32704858593183467,0.49289617486338799,3,1376,0,0,1,1,0.0021754894851341551,0.0043415340086830683,0,0.70731707317073167,0.79001165991283739,0.40406976744186046,119.32581858899766,103400,1.1540214563732849,103400,213468,0.48438173403039331,155309,498311073,3.2085138208345945,10,0,1379,189,451,928,0,0,1,1,179,17
validation__threshold_selection__validation_spoof__seed_1006,full,validation,threshold_selection,validation_spoof,6,1006,0,38.3713242,v6,70,0.29999999999999999,21,spoof,1006,60,0.10000000000000001,1,reference,0,0,0.050000000000000003,0,0.9799999999999881,3.43096184915,5,10,300,2,2,0.5,0.02,320,41300,204839,0,38731,36064,36064,437,425,428,12,1521,428,966,0,0,1,1,0.30703012912482064,0.46981339187705817,0,1394,0,0,nan,1,0,0,966,0,1,428,428,19,19,224,0,966,204,0.52336448598130836,0,1,0.68711656441717794,224,18,428,966,0,0,1,1,0.30703012912482064,0.46981339187705817,0,1394,0,0,nan,1,0,0,0,0.7429906542056075,0.7703169443315725,nan,120.01572592800252,98166,1.2225793648310261,98166,216837,0.45271794020393197,144855,453697156,3.1320779814297057,10,0,1394,127,428,966,0,0,1,1,170,18
validation__threshold_selection__validation_spoof__seed_1007,full,validation,threshold_selection,validation_spoof,7,1007,0,44.6945236,v6,70,0.29999999999999999,21,spoof,1007,60,0.10000000000000001,1,reference,0,0,0.050000000000000003,0,0.9799999999999881,3.43096184915,5,10,300,2,2,0.5,0.02,320,41300,238846,0,48060,44308,44308,488,477,483,11,1685,483,985,0,0,1,1,0.32901907356948229,0.49513070220399796,5,1463,0,0,1,1,0.0034059945504087193,0.006788866259334691,980,0,1,483,483,15,15,314,0,985,169,0.65010351966873703,0,1,0.78795483061480553,314,15,483,985,0,0,1,1,0.32901907356948229,0.49513070220399796,5,1463,0,0,1,1,0.0034059945504087193,0.006788866259334691,0,0.7142857142857143,0.81687528244579666,0.3933697881066302,126.10976195399472,107092,1.1775834044932836,107092,224419,0.4771966722960177,164832,536082642,3.252297138905067,10,0,1468,217,483,985,0,0,1,1,214,15
validation__threshold_selection__validation_spoof__seed_1008,full,validation,threshold_selection,validation_spoof,8,1008,0,45.9034485,v6,70,0.29999999999999999,21,spoof,1008,60,0.10000000000000001,1,reference,0,0,0.050000000000000003,0,0.9799999999999881,3.43096184915,5,10,300,2,2,0.5,0.02,320,41300,242356,0,48805,44859,44859,563,549,561,14,1814,561,1045,0,0,1,1,0.34931506849315069,0.51776649746192893,0,1606,0,0,nan,1,0,0,1045,0,1,561,561,20,20,375,0,1045,186,0.66844919786096257,0,1,0.80128205128205132,375,20,561,1045,0,0,1,1,0.34931506849315069,0.51776649746192893,0,1606,0,0,nan,1,0,0,0,0.68805704099821752,0.82797635800731773,nan,137.60497885999862,113317,1.2143365855078991,113317,246979,0.45881228768437804,171534,550799679,3.211023348140893,10,0,1606,208,561,1045,0,0,1,1,334,20
validation__threshold_selection__validation_spoof__seed_1009,full,validation,threshold_selection,validation_spoof,9,1009,0,37.190118,v6,70,0.29999999999999999,21,spoof,1009,60,0.10000000000000001,1,reference,0,0,0.050000000000000003,0,0.9799999999999881,3.43096184915,5,10,300,2,2,0.5,0.02,320,41300,214208,0,42046,38862,38862,507,500,505,7,1624,505,944,0,0,1,1,0.34851621808143546,0.51688843398157625,0,1449,0,0,nan,1,0,0,944,0,1,505,505,17,17,303,0,944,202,0.59999999999999998,0,1,0.75,303,17,505,944,0,0,1,1,0.34851621808143546,0.51688843398157625,0,1449,0,0,nan,1,0,0,0,0.7504950495049505,0.79715975834871622,nan,126.4782183310042,101855,1.2417477623190241,101855,217624,0.46803201852736831,152331,464296823,3.0479470560818216,10,0,1449,175,505,944,0,0,1,1,228,17
validation__threshold_selection__validation_spoof__seed_1010,full,validation,threshold_selection,validation_spoof,10,1010,0,31.5737442,v6,70,0.29999999999999999,21,spoof,1010,60,0.10000000000000001,1,reference,0,0,0.050000000000000003,0,0.9799999999999881,3.43096184915,5,10,300,2,2,0.5,0.02,320,41300,197561,0,41035,37836,37836,465,454,462,11,1585,462,939,0,0,1,1,0.32976445396145609,0.49597423510466987,0,1401,0,0,nan,1,0,0,939,0,1,462,462,18,18,233,0,939,229,0.50432900432900429,0,1,0.67050359712230212,233,16,462,939,0,0,1,1,0.32976445396145609,0.49597423510466987,0,1401,0,0,nan,1,0,0,0,0.81601731601731597,0.74729379601584078,nan,107.94229720400264,88571,1.2187092525093162,88571,194211,0.45605552723584142,137044,403494577,2.9442702854557661,10,0,1401,184,462,939,0,0,1,1,159,16
validation__threshold_selection__validation_spoof__seed_1011,full,validation,threshold_selection,validation_spoof,11,1011,0,39.2982213,v6,70,0.29999999999999999,21,spoof,1011,60,0.10000000000000001,1,reference,0,0,0.050000000000000003,0,0.9799999999999881,3.43096184915,5,10,300,2,2,0.5,0.02,320,41300,243046,0,48471,45318,45318,512,502,511,10,1742,511,1029,0,0,1,1,0.33181818181818185,0.49829351535836175,0,1540,0,0,nan,1,0,0,1029,0,1,511,511,17,17,301,0,1029,210,0.58904109589041098,0,1,0.74137931034482762,301,17,511,1029,0,0,1,1,0.33181818181818185,0.49829351535836175,0,1540,0,0,nan,1,0,0,0,0.86105675146771032,0.78565628096360152,nan,141.54805335400735,112949,1.2532032453054684,112949,229427,0.4923091004981977,170475,518091456,3.0391051825780906,10,0,1540,202,511,1029,0,0,1,1,239,17
validation__threshold_selection__validation_spoof__seed_1012,full,validation,threshold_selection,validation_spoof,12,1012,0,37.7423243,v6,70,0.29999999999999999,21,spoof,1012,60,0.10000000000000001,1,reference,0,0,0.050000000000000003,0,0.9799999999999881,3.43096184915,5,10,300,2,2,0.5,0.02,320,41300,222215,0,42860,39128,39128,424,417,421,7,1616,421,993,0,0,1,1,0.29773691654879775,0.45885558583106267,0,1414,0,0,nan,1,0,0,993,0,1,421,421,15,15,248,0,993,173,0.5890736342042755,0,1,0.74140508221225709,248,14,421,993,0,0,1,1,0.29773691654879775,0.45885558583106267,0,1414,0,0,nan,1,0,0,0,0.63895486935866985,0.79725776396772663,nan,121.43532424900516,102002,1.1905190510872843,102002,214965,0.47450515200148863,155139,471782421,3.0410304372208148,10,0,1414,202,421,993,0,0,1,1,169,14
validation__threshold_selection__validation_spoof__seed_1013,full,validation,threshold_selection,validation_spoof,13,1013,0,39.40215,v6,70,0.29999999999999999,21,spoof,1013,60,0.10000000000000001,1,reference,0,0,0.050000000000000003,0,0.9799999999999881,3.43096184915,5,10,300,2,2,0.5,0.02,320,41300,208199,0,42574,38939,38939,461,449,453,12,1505,453,846,0,0,1,1,0.34872979214780603,0.51712328767123283,0,1299,0,0,nan,1,0,0,846,0,1,453,453,18,18,277,0,846,176,0.61147902869757176,0,1,0.75890410958904109,277,18,453,846,0,0,1,1,0.34872979214780603,0.51712328767123283,0,1299,0,0,nan,1,0,0,0,0.75717439293598232,0.80836581967341448,nan,110.0161305080029,93632,1.1749843056647611,93632,193197,0.48464520670610828,144849,459180353,3.170062292456282,10,0,1299,206,453,846,0,0,1,1,237,17
validation__threshold_selection__validation_spoof__seed_1014,full,validation,threshold_selection,validation_spoof,14,1014,0,40.6672343,v6,70,0.29999999999999999,21,spoof,1014,60,0.10000000000000001,1,reference,0,0,0.050000000000000003,0,0.9799999999999881,3.43096184915,5,10,300,2,2,0.5,0.02,320,41300,219573,0,45201,41189,41189,455,449,458,6,1622,458,951,0,0,1,1,0.32505322924059615,0.49062667380824854,0,1409,0,0,nan,1,0,0,951,0,1,458,458,17,17,297,0,951,161,0.64847161572052403,0,1,0.7867549668874172,297,16,458,951,0,0,1,1,0.32505322924059615,0.49062667380824854,0,1409,0,0,nan,1,0,0,0,0.72052401746724892,0.82861983937845252,nan,116.43818215299487,98934,1.1769278726524235,98934,209308,0.47267185200756778,153748,487601040,3.1714301324244865,10,0,1409,213,458,951,0,0,1,1,232,16
validation__threshold_selection__validation_spoof__seed_1015,full,validation,threshold_selection,validation_spoof,15,1015,0,42.9534616,v6,70,0.29999999999999999,21,spoof,1015,60,0.10000000000000001,1,reference,0,0,0.050000000000000003,0,0.9799999999999881,3.43096184915,5,10,300,2,2,0.5,0.02,320,41300,224999,0,46287,43176,43176,487,474,476,13,1659,476,1002,0,0,1,1,0.32205683355886333,0.48720573183213922,0,1478,0,0,nan,1,0,0,1002,0,1,476,476,17,17,271,0,1002,205,0.56932773109243695,0,1,0.72556894243641235,271,15,476,1002,0,0,1,1,0.32205683355886333,0.48720573183213922,0,1478,0,0,nan,1,0,0,0,0.72478991596638653,0.78186903503916538,nan,128.35882274300636,105133,1.2209184817612582,105133,233947,0.44938810927261302,160542,516985216,3.2202490064905134,10,0,1478,181,476,1002,0,0,1,1,220,15
validation__threshold_selection__validation_spoof__seed_1016,full,validation,threshold_selection,validation_spoof,16,1016,0,40.517303,v6,70,0.29999999999999999,21,spoof,1016,60,0.10000000000000001,1,reference,0,0,0.050000000000000003,0,0.9799999999999881,3.43096184915,5,10,300,2,2,0.5,0.02,320,41300,220747,0,48593,44662,44662,466,460,464,6,1606,464,950,0,0,1,1,0.32814710042432815,0.49414270500532481,0,1414,0,0,nan,1,0,0,950,0,1,464,464,16,16,274,0,950,190,0.59051724137931039,0,1,0.74254742547425479,274,15,464,950,0,0,1,1,0.32814710042432815,0.49414270500532481,0,1414,0,0,nan,1,0,0,0,0.78017241379310343,0.79634187840290382,nan,112.07436009200214,95062,1.1789606792619778,95062,205328,0.4629763110730149,152236,474623025,3.1176792939909088,10,0,1414,192,464,950,0,0,1,1,193,15
validation__threshold_selection__validation_spoof__seed_1017,full,validation,threshold_selection,validation_spoof,17,1017,0,44.1509657,v6,70,0.29999999999999999,21,spoof,1017,60,0.10000000000000001,1,reference,0,0,0.050000000000000003,0,0.9799999999999881,3.43096184915,5,10,300,2,2,0.5,0.02,320,41300,233106,0,43930,39802,39802,520,501,510,19,1707,510,913,0,0,1,1,0.35839775122979622,0.5276771857216761,0,1423,0,0,nan,1,0,0,913,0,1,510,510,18,18,288,0,913,222,0.56470588235294117,0,1,0.72180451127819545,288,18,510,913,0,0,1,1,0.35839775122979622,0.5276771857216761,0,1423,0,0,nan,1,0,0,0,0.75294117647058822,0.78311642291089489,nan,133.64932514599798,110070,1.2142211787589532,110070,226707,0.48551654779076076,165794,549947203,3.3170512985994671,10,0,1423,284,510,913,0,0,1,1,210,18
validation__threshold_selection__validation_spoof__seed_1018,full,validation,threshold_selection,validation_spoof,18,1018,0,34.2285395,v6,70,0.29999999999999999,21,spoof,1018,60,0.10000000000000001,1,reference,0,0,0.050000000000000003,0,0.9799999999999881,3.43096184915,5,10,300,2,2,0.5,0.02,320,41300,205750,0,42121,38815,38815,463,456,462,7,1644,462,958,0,0,1,1,0.32535211267605635,0.49096705632306059,2,1418,0,0,1,1,0.0014084507042253522,0.0028129395218002813,956,0,1,462,462,17,17,230,0,958,232,0.49783549783549785,0,1,0.66473988439306353,230,17,462,958,0,0,1,1,0.32535211267605635,0.49096705632306059,2,1418,0,0,1,1,0.0014084507042253522,0.0028129395218002813,0,0.80519480519480524,0.74869519832985387,0.41678420310296194,110.37831919399827,91275,1.2092941023719339,91275,199461,0.4576082542451908,142481,421064206,2.9552305640752103,10,0,1420,224,462,958,0,0,1,1,174,17
validation__threshold_selection__validation_spoof__seed_1019,full,validation,threshold_selection,validation_spoof,19,1019,0,40.1692322,v6,70,0.29999999999999999,21,spoof,1019,60,0.10000000000000001,1,reference,0,0,0.050000000000000003,0,0.9799999999999881,3.43096184915,5,10,300,2,2,0.5,0.02,320,41300,197107,0,42191,38946,38946,495,487,494,8,1474,494,817,0,0,1,1,0.37681159420289856,0.54736842105263162,0,1311,0,0,nan,1,0,0,817,0,1,494,494,20,20,231,0,817,263,0.46761133603238869,0,1,0.63724137931034486,231,19,494,817,0,0,1,1,0.37681159420289856,0.54736842105263162,0,1311,0,0,nan,1,0,0,0,0.79757085020242913,0.73319491176864104,nan,98.126463611001725,83904,1.1695087672935942,83904,180815,0.46403229820534803,132973,419058633,3.1514565588502927,10,0,1311,163,494,817,0,0,1,1,208,19
validation__threshold_selection__validation_spoof__seed_1020,full,validation,threshold_selection,validation_spoof,20,1020,0,40.2653392,v6,70,0.29999999999999999,21,spoof,1020,60,0.10000000000000001,1,reference,0,0,0.050000000000000003,0,0.9799999999999881,3.43096184915,5,10,300,2,2,0.5,0.02,320,41300,223741,0,46564,42666,42666,470,462,470,8,1642,470,935,0,0,1,1,0.33451957295373663,0.5013333333333333,0,1405,0,0,nan,1,0,0,935,0,1,470,470,16,16,298,0,935,172,0.63404255319148939,0,1,0.77604166666666663,298,16,470,935,0,0,1,1,0.33451957295373663,0.5013333333333333,0,1405,0,0,nan,1,0,0,0,0.7808510638297872,0.81517009898737058,nan,121.88022856999615,99558,1.224213308523636,99558,218011,0.45666503066359038,155147,487077132,3.1394556904097404,10,0,1405,237,470,935,0,0,1,1,233,16
validation__threshold_selection__validation_falsify__seed_1001,full,validation,threshold_selection,validation_falsify,1,1001,0,40.7948686,v6,70,0.29999999999999999,21,falsify,1001,60,0.10000000000000001,1,reference,0,0,0.050000000000000003,0,0.9799999999999881,3.43096184915,5,10,300,2,2,0.5,0.02,320,41300,218685,0,44700,40601,40601,533,513,517,20,1716,517,1114,0,0,1,1,0.31698344573881054,0.48137802607076352,517,1114,0,0,1,1,0.31698344573881054,0.48137802607076352,1114,0,1,0,0,0,0,0,0,1114,517,0,0,nan,0,0,0,517,1114,0,0,1,1,0.31698344573881054,0.48137802607076352,517,1114,0,0,1,1,0.31698344573881054,0.48137802607076352,0,1,0.99513836558796265,0.99513836558796265,115.95438034700288,98016,1.1830148174482011,98016,207621,0.47209097345644224,151502,475778542,3.1404109648717506,10,0,1631,85,517,1114,0,0,1,1,0,0
validation__threshold_selection__validation_falsify__seed_1002,full,validation,threshold_selection,validation_falsify,2,1002,0,31.04678,v6,70,0.29999999999999999,21,falsify,1002,60,0.10000000000000001,1,reference,0,0,0.050000000000000003,0,0.9799999999999881,3.43096184915,5,10,300,2,2,0.5,0.02,320,41300,210523,0,42103,38906,38906,533,514,524,19,1777,524,1201,0,0,1,1,0.30376811594202896,0.46598488216985329,524,1201,0,0,1,1,0.30376811594202896,0.46598488216985329,1201,0,1,0,0,0,0,0,0,1201,524,0,0,nan,0,0,0,524,1201,0,0,1,1,0.30376811594202896,0.46598488216985329,524,1201,0,0,1,1,0.30376811594202896,0.46598488216985329,0,1,0.98947759818471881,0.98947759818471881,117.96751908700038,98651,1.1958066222035293,98651,206666,0.47734508820996197,148764,421735519,2.8349299494501357,10,0,1725,52,524,1201,0,0,1,1,0,0
validation__threshold_selection__validation_falsify__seed_1003,full,validation,threshold_selection,validation_falsify,3,1003,0,39.405285,v6,70,0.29999999999999999,21,falsify,1003,60,0.10000000000000001,1,reference,0,0,0.050000000000000003,0,0.9799999999999881,3.43096184915,5,10,300,2,2,0.5,0.02,320,41300,226124,0,44457,40747,40747,536,518,528,18,1793,528,1196,0,0,1,1,0.30626450116009279,0.46891651865008882,528,1196,0,0,1,1,0.30626450116009279,0.46891651865008882,1196,0,1,0,0,0,0,0,0,1196,528,0,0,nan,0,0,0,528,1196,0,0,1,1,0.30626450116009279,0.46891651865008882,528,1196,0,0,1,1,0.30626450116009279,0.46891651865008882,0,1,0.98758646245059289,0.98758646245059289,127.93947912100279,104900,1.2196327847569381,104900,214551,0.48892804041929427,158198,493409309,3.1189351888140178,10,0,1724,69,528,1196,0,0,1,1,0,0
validation__threshold_selection__validation_falsify__seed_1004,full,validation,threshold_selection,validation_falsify,4,1004,0,33.7108491,v6,70,0.29999999999999999,21,falsify,1004,60,0.10000000000000001,1,reference,0,0,0.050000000000000003,0,0.9799999999999881,3.43096184915,5,10,300,2,2,0.5,0.02,320,41300,212593,0,47012,43399,43399,495,485,492,10,1733,492,1163,0,0,1,1,0.29728096676737159,0.4583139264089427,492,1163,0,0,1,1,0.29728096676737159,0.4583139264089427,1163,0,1,0,0,0,0,0,0,1163,492,0,0,nan,0,0,0,492,1163,0,0,1,1,0.29728096676737159,0.4583139264089427,492,1163,0,0,1,1,0.29728096676737159,0.4583139264089427,0,1,0.99489248439345956,0.99489248439345956,105.87185227499739,90869,1.1651041859709845,90869,209709,0.43330996762179974,146585,428472805,2.9230330866050411,10,0,1655,78,492,1163,0,0,1,1,0,0
validation__threshold_selection__validation_falsify__seed_1005,full,validation,threshold_selection,validation_falsify,5,1005,0,42.192598,v6,70,0.29999999999999999,21,falsify,1005,60,0.10000000000000001,1,reference,0,0,0.050000000000000003,0,0.9799999999999881,3.43096184915,5,10,300,2,2,0.5,0.02,320,41300,218204,0,42204,39022,39022,482,470,479,12,1708,479,1138,0,0,1,1,0.29622758194186766,0.45706106870229007,479,1138,0,0,1,1,0.29622758194186766,0.45706106870229007,1138,0,1,0,0,0,0,0,0,1138,479,0,0,nan,0,0,0,479,1138,0,0,1,1,0.29622758194186766,0.45706106870229007,479,1138,0,0,1,1,0.29622758194186766,0.45706106870229007,0,0.99373695198329859,0.99268026901387263,0.99268026901387263,119.32581858899766,103400,1.1540214563732849,103400,213468,0.48438173403039331,155309,512738336,3.3014077484241091,10,0,1617,91,479,1138,0,0,1,1,0,0
validation__threshold_selection__validation_falsify__seed_1006,full,validation,threshold_selection,validation_falsify,6,1006,0,39.5942969,v6,70,0.29999999999999999,21,falsify,1006,60,0.10000000000000001,1,reference,0,0,0.050000000000000003,0,0.9799999999999881,3.43096184915,5,10,300,2,2,0.5,0.02,320,41300,204839,0,38731,36064,36064,460,448,451,12,1642,451,1161,0,0,1,1,0.27977667493796526,0.43722733882695103,451,1161,0,0,1,1,0.27977667493796526,0.43722733882695103,1161,0,1,0,0,0,0,0,0,1161,451,0,0,nan,0,0,0,451,1161,0,0,1,1,0.27977667493796526,0.43722733882695103,451,1161,0,0,1,1,0.27977667493796526,0.43722733882695103,0,1,0.99110790262236659,0.99110790262236659,120.01572592800252,98166,1.2225793648310261,98166,216837,0.45271794020393197,144855,454695195,3.1389678989334162,10,0,1612,30,451,1161,0,0,1,1,0,0
validation__threshold_selection__validation_falsify__seed_1007,full,validation,threshold_selection,validation_falsify,7,1007,0,44.4049776,v6,70,0.29999999999999999,21,falsify,1007,60,0.10000000000000001,1,reference,0,0,0.050000000000000003,0,0.9799999999999881,3.43096184915,5,10,300,2,2,0.5,0.02,320,41300,238846,0,48060,44308,44308,580,564,574,16,1897,574,1248,0,0,1,1,0.31503841931942922,0.47913188647746241,574,1248,0,0,1,1,0.31503841931942922,0.47913188647746241,1248,0,1,0,0,0,0,0,0,1248,574,0,0,nan,0,0,0,574,1248,0,0,1,1,0.31503841931942922,0.47913188647746241,574,1248,0,0,1,1,0.31503841931942922,0.47913188647746241,0,0.99128919860627174,0.99124731975341729,0.99124731975341729,126.10976195399472,107092,1.1775834044932836,107092,224419,0.4771966722960177,164832,532703055,3.2317939174432149,10,0,1822,75,574,1248,0,0,1,1,0,0
validation__threshold_selection__validation_falsify__seed_1008,full,validation,threshold_selection,validation_falsify,8,1008,0,43.5101223,v6,70,0.29999999999999999,21,falsify,1008,60,0.10000000000000001,1,reference,0,0,0.050000000000000003,0,0.9799999999999881,3.43096184915,5,10,300,2,2,0.5,0.02,320,41300,242356,0,48805,44859,44859,579,562,574,17,2052,574,1414,0,0,1,1,0.28873239436619719,0.44808743169398907,574,1414,0,0,1,1,0.28873239436619719,0.44808743169398907,1414,0,1,0,0,0,0,0,0,1414,574,0,0,nan,0,0,0,574,1414,0,0,1,1,0.28873239436619719,0.44808743169398907,574,1414,0,0,1,1,0.28873239436619719,0.44808743169398907,0,1,0.99385069168937801,0.99385069168937801,137.60497885999862,113317,1.2143365855078991,113317,246979,0.45881228768437804,171534,565279640,3.2954378723751563,10,0,1988,64,574,1414,0,0,1,1,0,0
validation__threshold_selection__validation_falsify__seed_1009,full,validation,threshold_selection,validation_falsify,9,1009,0,38.1074544,v6,70,0.29999999999999999,21,falsify,1009,60,0.10000000000000001,1,reference,0,0,0.050000000000000003,0,0.9799999999999881,3.43096184915,5,10,300,2,2,0.5,0.02,320,41300,214208,0,42046,38862,38862,570,559,565,11,1831,565,1201,0,0,1,1,0.31993204983012458,0.48477048477048479,565,1201,0,0,1,1,0.31993204983012458,0.48477048477048479,1201,0,1,0,0,0,0,0,0,1201,565,0,0,nan,0,0,0,565,1201,0,0,1,1,0.31993204983012458,0.48477048477048479,565,1201,0,0,1,1,0.31993204983012458,0.48477048477048479,0,1,0.98755904003301087,0.98755904003301087,126.4782183310042,101855,1.2417477623190241,101855,217624,0.46803201852736831,152331,461278949,3.0281357635674944,10,0,1766,65,565,1201,0,0,1,1,0,0
validation__threshold_selection__validation_falsify__seed_1010,full,validation,threshold_selection,validation_falsify,10,1010,0,40.2998837,v6,70,0.29999999999999999,21,falsify,1010,60,0.10000000000000001,1,reference,0,0,0.050000000000000003,0,0.9799999999999881,3.43096184915,5,10,300,2,2,0.5,0.02,320,41300,197561,0,41035,37836,37836,511,498,507,13,1700,507,1134,0,0,1,1,0.30895795246800734,0.47206703910614523,507,1134,0,0,1,1,0.30895795246800734,0.47206703910614523,1134,0,1,0,0,0,0,0,0,1134,507,0,0,nan,0,0,0,507,1134,0,0,1,1,0.30895795246800734,0.47206703910614523,507,1134,0,0,1,1,0.30895795246800734,0.47206703910614523,0,1,0.98910404252284589,0.98910404252284589,107.94229720400264,88571,1.2187092525093162,88571,194211,0.45605552723584142,137044,438179535,3.1973638758354981,10,0,1641,59,507,1134,0,0,1,1,0,0
validation__threshold_selection__validation_falsify__seed_1011,full,validation,threshold_selection,validation_falsify,11,1011,0,34.9071485,v6,70,0.29999999999999999,21,falsify,1011,60,0.10000000000000001,1,reference,0,0,0.050000000000000003,0,0.9799999999999881,3.43096184915,5,10,300,2,2,0.5,0.02,320,41300,243046,0,48471,45318,45318,571,560,571,11,1935,571,1308,0,0,1,1,0.30388504523682808,0.46612244897959182,571,1308,0,0,1,1,0.30388504523682808,0.46612244897959182,1308,0,1,0,0,0,0,0,0,1308,571,0,0,nan,0,0,0,571,1308,0,0,1,1,0.30388504523682808,0.46612244897959182,571,1308,0,0,1,1,0.30388504523682808,0.46612244897959182,0,1,0.99032359131734127,0.99032359131734127,141.54805335400735,112949,1.2532032453054684,112949,229427,0.4923091004981977,170475,491901611,2.8854765273500513,10,0,1879,56,571,1308,0,0,1,1,0,0
validation__threshold_selection__validation_falsify__seed_1012,full,validation,threshold_selection,validation_falsify,12,1012,0,41.2262979,v6,70,0.29999999999999999,21,falsify,1012,60,0.10000000000000001,1,reference,0,0,0.050000000000000003,0,0.9799999999999881,3.43096184915,5,10,300,2,2,0.5,0.02,320,41300,222215,0,42860,39128,39128,504,496,502,8,1796,502,1203,0,0,1,1,0.29442815249266863,0.45491617580425919,502,1203,0,0,1,1,0.29442815249266863,0.45491617580425919,1203,0,1,0,0,0,0,0,0,1203,502,0,0,nan,0,0,0,502,1203,0,0,1,1,0.29442815249266863,0.45491617580425919,502,1203,0,0,1,1,0.29442815249266863,0.45491617580425919,0,1,0.99298731921855388,0.99298731921855388,121.43532424900516,102002,1.1905190510872843,102002,214965,0.47450515200148863,155139,494175725,3.1853739227402524,10,0,1705,91,502,1203,0,0,1,1,0,0
validation__threshold_selection__validation_falsify__seed_1013,full,validation,threshold_selection,validation_falsify,13,1013,0,41.261902,v6,70,0.29999999999999999,21,falsify,1013,60,0.10000000000000001,1,reference,0,0,0.050000000000000003,0,0.9799999999999881,3.43096184915,5,10,300,2,2,0.5,0.02,320,41300,208199,0,42574,38939,38939,488,472,476,16,1667,476,1106,0,0,1,1,0.30088495575221241,0.46258503401360546,476,1106,0,0,1,1,0.30088495575221241,0.46258503401360546,1106,0,1,0,0,0,0,0,0,1106,476,0,0,nan,0,0,0,476,1106,0,0,1,1,0.30088495575221241,0.46258503401360546,476,1106,0,0,1,1,0.30088495575221241,0.46258503401360546,0,1,0.99050347987296183,0.99050347987296183,110.0161305080029,93632,1.1749843056647611,93632,193197,0.48464520670610828,144849,461800098,3.1881483337820766,10,0,1582,85,476,1106,0,0,1,1,0,0
validation__threshold_selection__validation_falsify__seed_1014,full,validation,threshold_selection,validation_falsify,14,1014,0,40.9604369,v6,70,0.29999999999999999,21,falsify,1014,60,0.10000000000000001,1,reference,0,0,0.050000000000000003,0,0.9799999999999881,3.43096184915,5,10,300,2,2,0.5,0.02,320,41300,219573,0,45201,41189,41189,523,515,524,8,1799,524,1207,0,0,1,1,0.30271519352975157,0.46474501108647448,524,1207,0,0,1,1,0.30271519352975157,0.46474501108647448,1207,0,1,0,0,0,0,0,0,1207,524,0,0,nan,0,0,0,524,1207,0,0,1,1,0.30271519352975157,0.46474501108647448,524,1207,0,0,1,1,0.30271519352975157,0.46474501108647448,0,1,0.99231581676859537,0.99231581676859537,116.43818215299487,98934,1.1769278726524235,98934,209308,0.47267185200756778,153748,495847336,3.225065275645862,10,0,1731,68,524,1207,0,0,1,1,0,0
validation__threshold_selection__validation_falsify__seed_1015,full,validation,threshold_selection,validation_falsify,15,1015,0,39.6333927,v6,70,0.29999999999999999,21,falsify,1015,60,0.10000000000000001,1,reference,0,0,0.050000000000000003,0,0.9799999999999881,3.43096184915,5,10,300,2,2,0.5,0.02,320,41300,224999,0,46287,43176,43176,539,525,531,14,1828,531,1242,0,0,1,1,0.29949238578680204,0.4609375,531,1242,0,0,1,1,0.29949238578680204,0.4609375,1242,0,1,0,0,0,0,0,0,1242,531,0,0,nan,0,0,0,531,1242,0,0,1,1,0.29949238578680204,0.4609375,531,1242,0,0,1,1,0.29949238578680204,0.4609375,0,1,0.99336089958787088,0.99336089958787088,128.35882274300636,105133,1.2209184817612582,105133,233947,0.44938810927261302,160542,505414377,3.1481754120417085,10,0,1773,55,531,1242,0,0,1,1,0,0
validation__threshold_selection__validation_falsify__seed_1016,full,validation,threshold_selection,validation_falsify,16,1016,0,42.2743456,v6,70,0.29999999999999999,21,falsify,1016,60,0.10000000000000001,1,reference,0,0,0.050000000000000003,0,0.9799999999999881,3.43096184915,5,10,300,2,2,0.5,0.02,320,41300,220747,0,48593,44662,44662,544,536,543,8,1784,543,1183,0,0,1,1,0.3146002317497103,0.47862494490965185,543,1183,0,0,1,1,0.3146002317497103,0.47862494490965185,1183,0,1,0,0,0,0,0,0,1183,543,0,0,nan,0,0,0,543,1183,0,0,1,1,0.3146002317497103,0.47862494490965185,543,1183,0,0,1,1,0.3146002317497103,0.47862494490965185,0,1,0.98981115215709348,0.98981115215709348,112.07436009200214,95062,1.1789606792619778,95062,205328,0.4629763110730149,152236,484568252,3.1830069891484274,10,0,1726,58,543,1183,0,0,1,1,0,0
validation__threshold_selection__validation_falsify__seed_1017,full,validation,threshold_selection,validation_falsify,17,1017,0,42.1125391,v6,70,0.29999999999999999,21,falsify,1017,60,0.10000000000000001,1,reference,0,0,0.050000000000000003,0,0.9799999999999881,3.43096184915,5,10,300,2,2,0.5,0.02,320,41300,233106,0,43930,39802,39802,568,545,558,23,1861,558,1162,0,0,1,1,0.32441860465116279,0.48990342405618964,558,1162,0,0,1,1,0.32441860465116279,0.48990342405618964,1162,0,1,0,0,0,0,0,0,1162,558,0,0,nan,0,0,0,558,1162,0,0,1,1,0.32441860465116279,0.48990342405618964,558,1162,0,0,1,1,0.32441860465116279,0.48990342405618964,0,1,0.98919718813811308,0.98919718813811308,133.64932514599798,110070,1.2142211787589532,110070,226707,0.48551654779076076,165794,533604255,3.2184774780752017,10,0,1720,141,558,1162,0,0,1,1,0,0
validation__threshold_selection__validation_falsify__seed_1018,full,validation,threshold_selection,validation_falsify,18,1018,0,27.9326725,v6,70,0.29999999999999999,21,falsify,1018,60,0.10000000000000001,1,reference,0,0,0.050000000000000003,0,0.9799999999999881,3.43096184915,5,10,300,2,2,0.5,0.02,320,41300,205750,0,42121,38815,38815,511,502,511,9,1762,511,1160,0,0,1,1,0.30580490724117293,0.46837763519706693,511,1160,0,0,1,1,0.30580490724117293,0.46837763519706693,1160,0,1,0,0,0,0,0,0,1160,511,0,0,nan,0,0,0,511,1160,0,0,1,1,0.30580490724117293,0.46837763519706693,511,1160,0,0,1,1,0.30580490724117293,0.46837763519706693,0,0.99608610567514677,0.9921317227883123,0.9921317227883123,110.37831919399827,91275,1.2092941023719339,91275,199461,0.4576082542451908,142481,384515593,2.6987148672454575,10,0,1671,91,511,1160,0,0,1,1,0,0
validation__threshold_selection__validation_falsify__seed_1019,full,validation,threshold_selection,validation_falsify,19,1019,0,38.4594354,v6,70,0.29999999999999999,21,falsify,1019,60,0.10000000000000001,1,reference,0,0,0.050000000000000003,0,0.9799999999999881,3.43096184915,5,10,300,2,2,0.5,0.02,320,41300,197107,0,42191,38946,38946,501,491,498,10,1589,498,1047,0,0,1,1,0.32233009708737864,0.48751835535976507,498,1047,0,0,1,1,0.32233009708737864,0.48751835535976507,1047,0,1,0,0,0,0,0,0,1047,498,0,0,nan,0,0,0,498,1047,0,0,1,1,0.32233009708737864,0.48751835535976507,498,1047,0,0,1,1,0.32233009708737864,0.48751835535976507,0,1,0.99394138157213385,0.99394138157213385,98.126463611001725,83904,1.1695087672935942,83904,180815,0.46403229820534803,132973,417691002,3.1411715310626969,10,0,1545,44,498,1047,0,0,1,1,0,0
validation__threshold_selection__validation_falsify__seed_1020,full,validation,threshold_selection,validation_falsify,20,1020,0,38.4552806,v6,70,0.29999999999999999,21,falsify,1020,60,0.10000000000000001,1,reference,0,0,0.050000000000000003,0,0.9799999999999881,3.43096184915,5,10,300,2,2,0.5,0.02,320,41300,223741,0,46564,42666,42666,537,524,534,13,1828,534,1204,0,0,1,1,0.30724971231300346,0.47007042253521125,534,1204,0,0,1,1,0.30724971231300346,0.47007042253521125,1204,0,1,0,0,0,0,0,0,1204,534,0,0,nan,0,0,0,534,1204,0,0,1,1,0.30724971231300346,0.47007042253521125,534,1204,0,0,1,1,0.30724971231300346,0.47007042253521125,0,1,0.99248447745965385,0.99248447745965385,121.88022856999615,99558,1.224213308523636,99558,218011,0.45666503066359038,155147,477318007,3.0765532494988626,10,0,1738,90,534,1204,0,0,1,1,0,0
validation__threshold_selection__validation_replay__seed_1001,full,validation,threshold_selection,validation_replay,1,1001,0,42.3563943,v6,70,0.29999999999999999,21,replay,1001,60,0.10000000000000001,1,reference,0,0,0.050000000000000003,0,0.9799999999999881,3.43096184915,5,10,300,2,2,0.5,0.02,320,41300,218685,0,44700,40601,40601,2070,1870,1872,200,2125,1872,206,0,0,1,1,0.90086621751684315,0.94784810126582275,458,1620,0,0,1,1,0.22040423484119345,0.36119873817034698,206,0,1,1414,1414,48,48,1619,0,206,253,0.86485042735042739,0,1,0.92752792896018332,1290,48,1872,206,0,0,1,1,0.90086621751684315,0.94784810126582275,458,1620,0,0,1,1,0.22040423484119345,0.36119873817034698,0,0.71581196581196582,1,0.48216682840045283,115.95438034700288,98016,1.1830148174482011,98016,207621,0.47209097345644224,151502,504239863,3.3282719898087154,10,0,2078,47,1872,206,0,0,1,1,490,48
validation__threshold_selection__validation_replay__seed_1002,full,validation,threshold_selection,validation_replay,2,1002,0,41.7377971,v6,70,0.29999999999999999,21,replay,1002,60,0.10000000000000001,1,reference,0,0,0.050000000000000003,0,0.9799999999999881,3.43096184915,5,10,300,2,2,0.5,0.02,320,41300,210523,0,42103,38906,38906,2130,1881,1889,249,2171,1889,245,0,0,1,1,0.88519212746016873,0.93910017399950285,461,1673,0,0,1,1,0.21602624179943766,0.3552986512524085,245,0,1,1428,1428,48,48,1557,0,245,332,0.82424563260984651,0,1,0.9036564132327336,1273,48,1889,245,0,0,1,1,0.88519212746016873,0.93910017399950285,461,1673,0,0,1,1,0.21602624179943766,0.3552986512524085,0,0.68131286394917945,1,0.49040457541170018,117.96751908700038,98651,1.1958066222035293,98651,206666,0.47734508820996197,148764,488185772,3.2816122986744105,10,0,2134,37,1889,245,0,0,1,1,587,48
validation__threshold_selection__validation_replay__seed_1003,full,validation,threshold_selection,validation_replay,3,1003,0,36.1313384,v6,70,0.29999999999999999,21,replay,1003,60,0.10000000000000001,1,reference,0,0,0.050000000000000003,0,0.9799999999999881,3.43096184915,5,10,300,2,2,0.5,0.02,320,41300,226124,0,44457,40747,40732,2067,1856,1862,211,2163,1862,253,0,0,1,1,0.8803782505910166,0.93638420920291676,447,1668,0,0,1,1,0.21134751773049645,0.34894613583138173,251,0,1,1417,1417,48,48,1573,0,253,289,0.84479054779806662,0,1,0.91586608442503636,1277,48,1862,253,0,0,1,1,0.8803782505910166,0.93638420920291676,447,1668,0,0,1,1,0.21134751773049645,0.34894613583138173,0,0.6713211600429646,1,0.47766082436064572,127.93947912100279,104900,1.2196327847569381,104900,214551,0.48892804041929427,158198,484969881,3.0655879404290824,10,0,2115,48,1862,253,0,0,1,1,557,48
validation__threshold_selection__validation_replay__seed_1004,full,validation,threshold_selection,validation_replay,4,1004,0,41.29296,v6,70,0.29999999999999999,21,replay,1004,60,0.10000000000000001,1,reference,0,0,0.050000000000000003,0,0.9799999999999881,3.43096184915,5,10,300,2,2,0.5,0.02,320,41300,212593,0,47012,43399,43399,2018,1786,1788,232,2066,1788,243,0,0,1,1,0.88035450516986702,0.93637077769049493,449,1582,0,0,1,1,0.22107336287543083,0.36209677419354841,243,0,1,1339,1339,49,49,1551,0,243,237,0.8674496644295302,0,1,0.92902066486972146,1224,49,1788,243,0,0,1,1,0.88035450516986702,0.93637077769049493,449,1582,0,0,1,1,0.22107336287543083,0.36209677419354841,0,0.67841163310961972,1,0.50154649044512456,105.87185227499739,90869,1.1651041859709845,90869,209709,0.43330996762179974,146585,478695272,3.2656497731691512,10,0,2031,35,1788,243,0,0,1,1,532,48
validation__threshold_selection__validation_replay__seed_1005,full,validation,threshold_selection,validation_replay,5,1005,0,41.5357695,v6,70,0.29999999999999999,21,replay,1005,60,0.10000000000000001,1,reference,0,0,0.050000000000000003,0,0.9799999999999881,3.43096184915,5,10,300,2,2,0.5,0.02,320,41300,218204,0,42204,39022,39022,2023,1819,1824,204,2069,1824,200,0,0,1,1,0.90118577075098816,0.94802494802494808,405,1619,0,0,1,1,0.20009881422924902,0.33347056401811442,199,0,1,1420,1420,49,49,1538,0,200,286,0.8432017543859649,0,1,0.91493158834027366,1272,49,1824,200,0,0,1,1,0.90118577075098816,0.94802494802494808,405,1619,0,0,1,1,0.20009881422924902,0.33347056401811442,0,0.64747807017543857,1,0.45789429536598569,119.32581858899766,103400,1.1540214563732849,103400,213468,0.48438173403039331,155309,508886152,3.2766043951091053,10,0,2024,45,1824,200,0,0,1,1,619,49
validation__threshold_selection__validation_replay__seed_1006,full,validation,threshold_selection,validation_replay,6,1006,0,34.257247,v6,70,0.29999999999999999,21,replay,1006,60,0.10000000000000001,1,reference,0,0,0.050000000000000003,0,0.9799999999999881,3.43096184915,5,10,300,2,2,0.5,0.02,320,41300,204839,0,38731,36064,36064,1864,1656,1658,208,2039,1658,355,0,0,1,1,0.82364629905613507,0.90329610460365029,486,1527,0,0,1,1,0.24143070044709389,0.38895558223289317,355,0,1,1172,1172,48,48,1422,0,355,236,0.85765983112183353,0,1,0.92337662337662341,1060,48,1658,355,0,0,1,1,0.82364629905613507,0.90329610460365029,486,1527,0,0,1,1,0.24143070044709389,0.38895558223289317,0,0.69963811821471655,1,0.58176620555649883,120.01572592800252,98166,1.2225793648310261,98166,216837,0.45271794020393197,144855,437000304,3.0168120120120121,10,0,2013,26,1658,355,0,0,1,1,466,47
validation__threshold_selection__validation_replay__seed_1007,full,validation,threshold_selection,validation_replay,7,1007,0,39.9983624,v6,70,0.29999999999999999,21,replay,1007,60,0.10000000000000001,1,reference,0,0,0.050000000000000003,0,0.9799999999999881,3.43096184915,5,10,300,2,2,0.5,0.02,320,41300,238846,0,48060,44308,44308,2299,2052,2055,247,2300,2055,209,0,0,1,1,0.90768551236749118,0.95160916878907154,513,1751,0,0,1,1,0.22659010600706714,0.36946344976593448,208,0,1,1543,1543,48,48,1824,0,209,231,0.88759124087591246,0,1,0.94044856921887088,1438,48,2055,209,0,0,1,1,0.90768551236749118,0.95160916878907154,513,1751,0,0,1,1,0.22659010600706714,0.36946344976593448,0,0.6754257907542579,1,0.44483297208055994,126.10976195399472,107092,1.1775834044932836,107092,224419,0.4771966722960177,164832,513253383,3.1137969751019217,10,0,2264,36,2055,209,0,0,1,1,602,47
validation__threshold_selection__validation_replay__seed_1008,full,validation,threshold_selection,validation_replay,8,1008,0,40.8594735,v6,70,0.29999999999999999,21,replay,1008,60,0.10000000000000001,1,reference,0,0,0.050000000000000003,0,0.9799999999999881,3.43096184915,5,10,300,2,2,0.5,0.02,320,41300,242356,0,48805,44859,44859,2449,2209,2212,240,2455,2212,202,0,0,1,1,0.91632145816072907,0.95633376567228712,542,1872,0,0,1,1,0.22452361226180614,0.36671177266576455,202,0,1,1670,1670,48,48,1929,0,202,283,0.87206148282097651,0,1,0.93165901956049268,1569,48,2212,202,0,0,1,1,0.91632145816072907,0.95633376567228712,542,1872,0,0,1,1,0.22452361226180614,0.36671177266576455,0,0.65009041591320071,1,0.42370720582205823,137.60497885999862,113317,1.2143365855078991,113317,246979,0.45881228768437804,171534,542963500,3.1653403989879556,10,0,2414,41,2212,202,0,0,1,1,741,48
validation__threshold_selection__validation_replay__seed_1009,full,validation,threshold_selection,validation_replay,9,1009,0,42.1536008,v6,70,0.29999999999999999,21,replay,1009,60,0.10000000000000001,1,reference,0,0,0.050000000000000003,0,0.9799999999999881,3.43096184915,5,10,300,2,2,0.5,0.02,320,41300,214208,0,42046,38862,38862,2140,1924,1929,216,2112,1929,121,0,0,1,1,0.94097560975609751,0.96959034933400357,382,1668,0,0,1,1,0.18634146341463415,0.31414473684210525,121,0,1,1547,1547,49,49,1608,0,121,321,0.83359253499222397,0,1,0.90924512298558102,1368,49,1929,121,0,0,1,1,0.94097560975609751,0.96959034933400357,382,1668,0,0,1,1,0.18634146341463415,0.31414473684210525,0,0.66874027993779162,1,0.45337159591698367,126.4782183310042,101855,1.2417477623190241,101855,217624,0.46803201852736831,152331,503804455,3.3073009105172293,10,0,2050,62,1929,121,0,0,1,1,599,49
validation__threshold_selection__validation_replay__seed_1010,full,validation,threshold_selection,validation_replay,10,1010,0,40.6706247,v6,70,0.29999999999999999,21,replay,1010,60,0.10000000000000001,1,reference,0,0,0.050000000000000003,0,0.9799999999999881,3.43096184915,5,10,300,2,2,0.5,0.02,320,41300,197561,0,41035,37836,37836,1983,1775,1780,208,2186,1780,375,0,0,1,1,0.82598607888631093,0.90470139771283353,549,1606,0,0,1,1,0.25475638051044086,0.40606508875739644,375,0,1,1231,1231,49,49,1513,0,375,267,0.84999999999999998,0,1,0.91891891891891897,1118,49,1780,375,0,0,1,1,0.82598607888631093,0.90470139771283353,549,1606,0,0,1,1,0.25475638051044086,0.40606508875739644,0,0.72921348314606738,1,0.54937880942821438,107.94229720400264,88571,1.2187092525093162,88571,194211,0.45605552723584142,137044,450055005,3.2840183079886751,10,0,2155,31,1780,375,0,0,1,1,453,48
validation__threshold_selection__validation_replay__seed_1011,full,validation,threshold_selection,validation_replay,11,1011,0,38.8272532,v6,70,0.29999999999999999,21,replay,1011,60,0.10000000000000001,1,reference,0,0,0.050000000000000003,0,0.9799999999999881,3.43096184915,5,10,300,2,2,0.5,0.02,320,41300,243046,0,48471,45318,45318,2359,2126,2131,233,2420,2131,251,0,0,1,1,0.89462636439966414,0.94438289386217589,615,1767,0,0,1,1,0.25818639798488663,0.41041041041041043,251,0,1,1516,1516,46,46,1853,0,251,278,0.86954481464101363,0,1,0.93022088353413657,1385,46,2131,251,0,0,1,1,0.89462636439966414,0.94438289386217589,615,1767,0,0,1,1,0.25818639798488663,0.41041041041041043,0,0.69450961989676208,1,0.49364592966812521,141.54805335400735,112949,1.2532032453054684,112949,229427,0.4923091004981977,170475,523492269,3.0707861504619447,10,0,2382,38,2131,251,0,0,1,1,614,46
validation__threshold_selection__validation_replay__seed_1012,full,validation,threshold_selection,validation_replay,12,1012,0,38.5109407,v6,70,0.29999999999999999,21,replay,1012,60,0.10000000000000001,1,reference,0,0,0.050000000000000003,0,0.9799999999999881,3.43096184915,5,10,300,2,2,0.5,0.02,320,41300,222215,0,42860,39128,39128,1964,1725,1726,239,2124,1726,338,0,0,1,1,0.83624031007751942,0.91081794195250665,440,1624,0,0,1,1,0.2131782945736434,0.3514376996805112,338,0,1,1286,1286,48,48,1469,0,338,257,0.85110081112398606,0,1,0.9195618153364632,1180,48,1726,338,0,0,1,1,0.83624031007751942,0.91081794195250665,440,1624,0,0,1,1,0.2131782945736434,0.3514376996805112,0,0.63093858632676714,1,0.50798743282579495,121.43532424900516,102002,1.1905190510872843,102002,214965,0.47450515200148863,155139,474680401,3.0597103307356628,10,0,2064,60,1726,338,0,0,1,1,613,47
validation__threshold_selection__validation_replay__seed_1013,full,validation,threshold_selection,validation_replay,13,1013,0,40.1545759,v6,70,0.29999999999999999,21,replay,1013,60,0.10000000000000001,1,reference,0,0,0.050000000000000003,0,0.9799999999999881,3.43096184915,5,10,300,2,2,0.5,0.02,320,41300,208199,0,42574,38939,38934,1981,1729,1734,252,1993,1734,224,0,0,1,1,0.88559754851889683,0.93932827735644642,410,1548,0,0,1,1,0.2093973442288049,0.34628378378378377,223,0,1,1325,1325,49,49,1491,0,224,243,0.85986159169550169,0,1,0.9246511627906977,1192,49,1734,224,0,0,1,1,0.88559754851889683,0.93932827735644642,410,1548,0,0,1,1,0.2093973442288049,0.34628378378378377,0,0.68800461361014997,1,0.50284552845528452,110.0161305080029,93632,1.1749843056647611,93632,193197,0.48464520670610828,144849,462074294,3.1900413119869659,10,0,1958,35,1734,224,0,0,1,1,517,49
validation__threshold_selection__validation_replay__seed_1014,full,validation,threshold_selection,validation_replay,14,1014,0,42.4947951,v6,70,0.29999999999999999,21,replay,1014,60,0.10000000000000001,1,reference,0,0,0.050000000000000003,0,0.9799999999999881,3.43096184915,5,10,300,2,2,0.5,0.02,320,41300,219573,0,45201,41189,41189,2160,1951,1953,209,2252,1953,257,0,0,1,1,0.88371040723981897,0.93826567379293779,493,1717,0,0,1,1,0.22307692307692309,0.36477987421383645,257,0,1,1460,1460,49,49,1682,0,257,271,0.86123911930363539,0,1,0.92544704264099042,1325,49,1953,257,0,0,1,1,0.88371040723981897,0.93826567379293779,493,1717,0,0,1,1,0.22307692307692309,0.36477987421383645,0,0.72196620583717352,1,0.50585305517784807,116.43818215299487,98934,1.1769278726524235,98934,209308,0.47267185200756778,153748,516756638,3.3610625048781122,10,0,2210,42,1953,257,0,0,1,1,483,48
validation__threshold_selection__validation_replay__seed_1015,full,validation,threshold_selection,validation_replay,15,1015,0,43.5462966,v6,70,0.29999999999999999,21,replay,1015,60,0.10000000000000001,1,reference,0,0,0.050000000000000003,0,0.9799999999999881,3.43096184915,5,10,300,2,2,0.5,0.02,320,41300,224999,0,46287,43176,43169,2235,2013,2013,222,2204,2013,169,0,0,1,1,0.92254812098991745,0.95971394517282482,470,1712,0,0,1,1,0.2153987167736022,0.35444947209653094,166,0,1,1546,1546,49,49,1727,0,169,286,0.85792349726775952,0,1,0.92352941176470593,1404,49,2013,169,0,0,1,1,0.92254812098991745,0.95971394517282482,470,1712,0,0,1,1,0.2153987167736022,0.35444947209653094,0,0.64927968206656728,1,0.46827836050904753,128.35882274300636,105133,1.2209184817612582,105133,233947,0.44938810927261302,160542,531509272,3.3107178931369985,10,0,2182,22,2013,169,0,0,1,1,665,49
validation__threshold_selection__validation_replay__seed_1016,full,validation,threshold_selection,validation_replay,16,1016,0,29.2461559,v6,70,0.29999999999999999,21,replay,1016,60,0.10000000000000001,1,reference,0,0,0.050000000000000003,0,0.9799999999999881,3.43096184915,5,10,300,2,2,0.5,0.02,320,41300,220747,0,48593,44662,44662,2227,1995,1998,232,2178,1998,157,0,0,1,1,0.92714617169373548,0.96219600288947749,493,1662,0,0,1,1,0.22877030162412992,0.37235649546827793,157,0,1,1505,1505,49,49,1713,0,157,285,0.85735735735735741,0,1,0.92320129345189972,1372,49,1998,157,0,0,1,1,0.92714617169373548,0.96219600288947749,493,1662,0,0,1,1,0.22877030162412992,0.37235649546827793,0,0.67717717717717718,1,0.44904108786549601,112.07436009200214,95062,1.1789606792619778,95062,205328,0.4629763110730149,152236,430307734,2.8265832917312594,10,0,2155,23,1998,157,0,0,1,1,592,49
validation__threshold_selection__validation_replay__seed_1017,full,validation,threshold_selection,validation_replay,17,1017,0,44.0038761,v6,70,0.29999999999999999,21,replay,1017,60,0.10000000000000001,1,reference,0,0,0.050000000000000003,0,0.9799999999999881,3.43096184915,5,10,300,2,2,0.5,0.02,320,41300,233106,0,43930,39802,39802,2289,2042,2043,247,2221,2043,100,0,0,1,1,0.95333644423705088,0.9761108456760631,425,1718,0,0,1,1,0.19832011199253383,0.3309968847352025,100,0,1,1618,1618,49,49,1782,0,100,261,0.8722466960352423,0,1,0.93176470588235294,1486,49,2043,100,0,0,1,1,0.95333644423705088,0.9761108456760631,425,1718,0,0,1,1,0.19832011199253383,0.3309968847352025,0,0.66813509544787075,1,0.43005204410052728,133.64932514599798,110070,1.2142211787589532,110070,226707,0.48551654779076076,165794,549174948,3.3123933797362994,10,0,2143,78,2043,100,0,0,1,1,606,49
validation__threshold_selection__validation_replay__seed_1018,full,validation,threshold_selection,validation_replay,18,1018,0,40.4098133,v6,70,0.29999999999999999,21,replay,1018,60,0.10000000000000001,1,reference,0,0,0.050000000000000003,0,0.9799999999999881,3.43096184915,5,10,300,2,2,0.5,0.02,320,41300,205750,0,42121,38815,38814,2206,1978,1978,228,2213,1978,180,0,0,1,1,0.91658943466172382,0.95647969052224369,508,1650,0,0,1,1,0.23540315106580167,0.38109527381845459,180,0,1,1470,1470,49,49,1770,0,180,208,0.89484327603640046,0,1,0.94450373532550691,1376,49,1978,180,0,0,1,1,0.91658943466172382,0.95647969052224369,508,1650,0,0,1,1,0.23540315106580167,0.38109527381845459,0,0.68351870576339735,1,0.45946850393700789,110.37831919399827,91275,1.2092941023719339,91275,199461,0.4576082542451908,142481,458206653,3.2159140727535602,10,0,2158,55,1978,180,0,0,1,1,583,48
validation__threshold_selection__validation_replay__seed_1019,full,validation,threshold_selection,validation_replay,19,1019,0,40.0520006,v6,70,0.29999999999999999,21,replay,1019,60,0.10000000000000001,1,reference,0,0,0.050000000000000003,0,0.9799999999999881,3.43096184915,5,10,300,2,2,0.5,0.02,320,41300,197107,0,42191,38946,38946,1914,1703,1706,211,2031,1706,280,0,0,1,1,0.85901309164149042,0.92416034669555791,496,1490,0,0,1,1,0.24974823766364551,0.39967767929089443,280,0,1,1210,1210,49,49,1450,0,280,256,0.84994138335287217,0,1,0.91888466413181247,1066,49,1706,280,0,0,1,1,0.85901309164149042,0.92416034669555791,496,1490,0,0,1,1,0.24974823766364551,0.39967767929089443,0,0.70750293083235638,1,0.55586842390127733,98.126463611001725,83904,1.1695087672935942,83904,180815,0.46403229820534803,132973,435943957,3.278439660682996,10,0,1986,45,1706,280,0,0,1,1,466,49
validation__threshold_selection__validation_replay__seed_1020,full,validation,threshold_selection,validation_replay,20,1020,0,43.6224031,v6,70,0.29999999999999999,21,replay,1020,60,0.10000000000000001,1,reference,0,0,0.050000000000000003,0,0.9799999999999881,3.43096184915,5,10,300,2,2,0.5,0.02,320,41300,223741,0,46564,42666,42666,2294,2108,2110,186,2330,2110,184,0,0,1,1,0.9197907585004359,0.95821980018165309,543,1751,0,0,1,1,0.23670444638186575,0.3827987310539302,184,0,1,1567,1567,47,47,1873,0,184,237,0.88767772511848342,0,1,0.94049711272909864,1444,47,2110,184,0,0,1,1,0.9197907585004359,0.95821980018165309,543,1751,0,0,1,1,0.23670444638186575,0.3827987310539302,0,0.75639810426540288,1,0.47769440877246677,121.88022856999615,99558,1.224213308523636,99558,218011,0.45666503066359038,155147,516925375,3.3318425428786891,10,0,2294,36,2110,184,0,0,1,1,494,46
validation__threshold_selection__validation_dos__seed_1001,full,validation,threshold_selection,validation_dos,1,1001,0,136.950525,v6,70,0.29999999999999999,21,dos,1001,60,0.10000000000000001,1,reference,0,0,0.050000000000000003,0,0.9799999999999881,3.43096184915,5,10,300,2,2,0.5,0.02,320,135704,678001,0,375323,371224,371224,533,530,543,3,1726,543,1109,0,0,1,1,0.32869249394673122,0.4947608200455581,543,1109,0,0,1,1,0.32869249394673122,0.4947608200455581,1109,0,1,0,0,0,0,0,0,1109,543,0,0,nan,0,0,0,543,1109,0,0,1,1,0.32869249394673122,0.4947608200455581,543,1109,0,0,1,1,0.32869249394673122,0.4947608200455581,0,1,0.93049667296039273,0.93049667296039273,121.9643950360032,91186,1.3375342161735704,91186,207621,0.43919449381324627,475187,1916711308,4.033593738885954,10,0,1652,74,543,1109,0,0,1,1,0,0
validation__threshold_selection__validation_dos__seed_1002,full,validation,threshold_selection,validation_dos,2,1002,0,136.387462,v6,70,0.29999999999999999,21,dos,1002,60,0.10000000000000001,1,reference,0,0,0.050000000000000003,0,0.9799999999999881,3.43096184915,5,10,300,2,2,0.5,0.02,320,135688,651053,0,366378,363181,363181,533,530,560,3,1795,560,1183,0,0,1,1,0.32128514056224899,0.48632218844984804,560,1183,0,0,1,1,0.32128514056224899,0.48632218844984804,1183,0,1,0,0,0,0,0,0,1183,560,0,0,nan,0,0,0,560,1183,0,0,1,1,0.32128514056224899,0.48632218844984804,560,1183,0,0,1,1,0.32128514056224899,0.48632218844984804,0,1,0.91444647385581457,0.91444647385581457,127.48254527600028,91645,1.3910474687762593,91645,206666,0.44344497885477052,465974,1816333967,3.8979298566014413,10,0,1743,52,560,1183,0,0,1,1,0,0
validation__threshold_selection__validation_dos__seed_1003,full,validation,threshold_selection,validation_dos,3,1003,0,126.305452,v6,70,0.29999999999999999,21,dos,1003,60,0.10000000000000001,1,reference,0,0,0.050000000000000003,0,0.9799999999999881,3.43096184915,5,10,300,2,2,0.5,0.02,320,135722,713131,0,396665,392955,392955,538,535,553,3,1794,553,1174,0,0,1,1,0.32020845396641573,0.48508771929824562,553,1174,0,0,1,1,0.32020845396641573,0.48508771929824562,1174,0,1,0,0,0,0,0,0,1174,553,0,0,nan,0,0,0,553,1174,0,0,1,1,0.32020845396641573,0.48508771929824562,553,1174,0,0,1,1,0.32020845396641573,0.48508771929824562,0,1,0.94067052564454068,0.94067052564454068,140.93633440300511,96614,1.458756851005083,96614,214551,0.45030785221229452,502065,1899615625,3.783604961508968,10,0,1727,67,553,1174,0,0,1,1,0,0
validation__threshold_selection__validation_dos__seed_1004,full,validation,threshold_selection,validation_dos,4,1004,0,112.218981,v6,70,0.29999999999999999,21,dos,1004,60,0.10000000000000001,1,reference,0,0,0.050000000000000003,0,0.9799999999999881,3.43096184915,5,10,300,2,2,0.5,0.02,320,135707,664541,0,399146,395533,395533,495,494,511,1,1731,511,1147,0,0,1,1,0.30820265379975875,0.47118487782388196,511,1147,0,0,1,1,0.30820265379975875,0.47118487782388196,1147,0,1,0,0,0,0,0,0,1147,511,0,0,nan,0,0,0,511,1147,0,0,1,1,0.30820265379975875,0.47118487782388196,511,1147,0,0,1,1,0.30820265379975875,0.47118487782388196,0,1,0.94571476343460437,0.94571476343460437,116.26066640199848,82694,1.4059141703388212,82694,209709,0.39432737746114854,490441,1827340739,3.7259134921427859,10,0,1658,73,511,1147,0,0,1,1,0,0
validation__threshold_selection__validation_dos__seed_1005,full,validation,threshold_selection,validation_dos,5,1005,0,126.081201,v6,70,0.29999999999999999,21,dos,1005,60,0.10000000000000001,1,reference,0,0,0.050000000000000003,0,0.9799999999999881,3.43096184915,5,10,300,2,2,0.5,0.02,320,135700,628552,0,353440,350258,350258,482,482,501,0,1713,501,1123,0,0,1,1,0.30849753694581283,0.47152941176470586,501,1123,0,0,1,1,0.30849753694581283,0.47152941176470586,1123,0,1,0,0,0,0,0,0,1123,501,0,0,nan,0,0,0,501,1123,0,0,1,1,0.30849753694581283,0.47152941176470586,501,1123,0,0,1,1,0.30849753694581283,0.47152941176470586,0,0.99401197604790414,0.93075914066790733,0.93075914066790733,127.66080533299582,97026,1.3157381045595595,97026,213468,0.4545224576985778,460096,1795135868,3.9016550198219502,10,0,1624,89,501,1123,0,0,1,1,0,0
validation__threshold_selection__validation_dos__seed_1006,full,validation,threshold_selection,validation_dos,6,1006,0,132.571503,v6,70,0.29999999999999999,21,dos,1006,60,0.10000000000000001,1,reference,0,0,0.050000000000000003,0,0.9799999999999881,3.43096184915,5,10,300,2,2,0.5,0.02,320,135695,631499,0,339452,336785,336785,460,459,476,1,1664,476,1157,0,0,1,1,0.29148805878750766,0.45139876718824085,476,1157,0,0,1,1,0.29148805878750766,0.45139876718824085,1157,0,1,0,0,0,0,0,0,1157,476,0,0,nan,0,0,0,476,1157,0,0,1,1,0.29148805878750766,0.45139876718824085,476,1157,0,0,1,1,0.29148805878750766,0.45139876718824085,0,1,0.93440729792349086,0.93440729792349086,126.81197335600174,93119,1.3618270530826335,93119,216837,0.42944239221166131,440442,1748815800,3.970592722764859,10,0,1633,31,476,1157,0,0,1,1,0,0
validation__threshold_selection__validation_dos__seed_1007,full,validation,threshold_selection,validation_dos,7,1007,0,139.387196,v6,70,0.29999999999999999,21,dos,1007,60,0.10000000000000001,1,reference,0,0,0.050000000000000003,0,0.9799999999999881,3.43096184915,5,10,300,2,2,0.5,0.02,320,135701,735669,0,400336,396584,396584,580,578,597,2,1910,597,1234,0,0,1,1,0.32605133806663028,0.4917627677100494,597,1234,0,0,1,1,0.32605133806663028,0.4917627677100494,1234,0,1,0,0,0,0,0,0,1234,597,0,0,nan,0,0,0,597,1234,0,0,1,1,0.32605133806663028,0.4917627677100494,597,1234,0,0,1,1,0.32605133806663028,0.4917627677100494,0,0.99162479061976549,0.93372453841329828,0.93372453841329828,140.96515591699773,97888,1.4400657477627261,97888,224419,0.4361841020590948,507779,1972046381,3.8836706145783895,10,0,1831,79,597,1234,0,0,1,1,0,0
validation__threshold_selection__validation_dos__seed_1008,full,validation,threshold_selection,validation_dos,8,1008,0,150.973224,v6,70,0.29999999999999999,21,dos,1008,60,0.10000000000000001,1,reference,0,0,0.050000000000000003,0,0.9799999999999881,3.43096184915,5,10,300,2,2,0.5,0.02,320,135684,710081,0,400813,396867,396867,579,575,603,4,2059,603,1391,0,0,1,1,0.30240722166499501,0.46438197920677704,603,1391,0,0,1,1,0.30240722166499501,0.46438197920677704,1391,0,1,0,0,0,0,0,0,1391,603,0,0,nan,0,0,0,603,1391,0,0,1,1,0.30240722166499501,0.46438197920677704,603,1391,0,0,1,1,0.30240722166499501,0.46438197920677704,0,1,0.9342032945743366,0.9342032945743366,152.60884520799792,104129,1.4655748658682779,104129,246979,0.4216107442333154,514217,2047527969,3.9818364017525671,10,0,1994,65,603,1391,0,0,1,1,0,0
validation__threshold_selection__validation_dos__seed_1009,full,validation,threshold_selection,validation_dos,9,1009,0,140.626645,v6,70,0.29999999999999999,21,dos,1009,60,0.10000000000000001,1,reference,0,0,0.050000000000000003,0,0.9799999999999881,3.43096184915,5,10,300,2,2,0.5,0.02,320,135707,656895,0,365629,362445,362445,570,566,585,4,1846,585,1189,0,0,1,1,0.3297632468996618,0.49597286986011024,585,1189,0,0,1,1,0.3297632468996618,0.49597286986011024,1189,0,1,0,0,0,0,0,0,1189,585,0,0,nan,0,0,0,585,1189,0,0,1,1,0.3297632468996618,0.49597286986011024,585,1189,0,0,1,1,0.3297632468996618,0.49597286986011024,0,1,0.93946647689288565,0.93946647689288565,134.42610768000256,93354,1.4399608766630518,93354,217624,0.42896923133477927,467317,1804864740,3.8621850692356579,10,0,1774,72,585,1189,0,0,1,1,0,0
validation__threshold_selection__validation_dos__seed_1010,full,validation,threshold_selection,validation_dos,10,1010,0,92.4997427,v6,70,0.29999999999999999,21,dos,1010,60,0.10000000000000001,1,reference,0,0,0.050000000000000003,0,0.9799999999999881,3.43096184915,5,10,300,2,2,0.5,0.02,320,135702,622834,0,349700,346501,346501,511,507,524,4,1700,524,1123,0,0,1,1,0.31815421979356406,0.48272685398433901,524,1123,0,0,1,1,0.31815421979356406,0.48272685398433901,1123,0,1,0,0,0,0,0,0,1123,524,0,0,nan,0,0,0,524,1123,0,0,1,1,0.31815421979356406,0.48272685398433901,524,1123,0,0,1,1,0.31815421979356406,0.48272685398433901,0,1,0.93380343681387779,0.93380343681387779,113.27653213200009,83773,1.3521842614207453,83773,194211,0.43135043844066506,440840,1468207745,3.3304775995826148,10,0,1647,53,524,1123,0,0,1,1,0,0
validation__threshold_selection__validation_dos__seed_1011,full,validation,threshold_selection,validation_dos,11,1011,0,151.52331,v6,70,0.29999999999999999,21,dos,1011,60,0.10000000000000001,1,reference,0,0,0.050000000000000003,0,0.9799999999999881,3.43096184915,5,10,300,2,2,0.5,0.02,320,135728,751364,0,422996,419843,419843,571,570,595,1,1942,595,1291,0,0,1,1,0.31548250265111349,0.47964530431277713,595,1291,0,0,1,1,0.31548250265111349,0.47964530431277713,1291,0,1,0,0,0,0,0,0,1291,595,0,0,nan,0,0,0,595,1291,0,0,1,1,0.31548250265111349,0.47964530431277713,595,1291,0,0,1,1,0.31548250265111349,0.47964530431277713,0,1,0.93304063685892635,0.93304063685892635,152.61169767200909,101770,1.4995745079297345,101770,229427,0.44358336202800891,533729,2127446707,3.9860054578259754,10,0,1886,56,595,1291,0,0,1,1,0,0
validation__threshold_selection__validation_dos__seed_1012,full,validation,threshold_selection,validation_dos,12,1012,0,139.345108,v6,70,0.29999999999999999,21,dos,1012,60,0.10000000000000001,1,reference,0,0,0.050000000000000003,0,0.9799999999999881,3.43096184915,5,10,300,2,2,0.5,0.02,320,135720,670921,0,354777,351045,351045,504,504,525,0,1807,525,1196,0,0,1,1,0.30505520046484602,0.46749777382012464,525,1196,0,0,1,1,0.30505520046484602,0.46749777382012464,1196,0,1,0,0,0,0,0,0,1196,525,0,0,nan,0,0,0,525,1196,0,0,1,1,0.30505520046484602,0.46749777382012464,525,1196,0,0,1,1,0.30505520046484602,0.46749777382012464,0,1,0.93389552476508997,0.93389552476508997,131.00203284200364,95417,1.3729422727816181,95417,214965,0.44387225827460286,460359,1828004885,3.9708246933371565,10,0,1721,86,525,1196,0,0,1,1,0,0
validation__threshold_selection__validation_dos__seed_1013,full,validation,threshold_selection,validation_dos,13,1013,0,138.239613,v6,70,0.29999999999999999,21,dos,1013,60,0.10000000000000001,1,reference,0,0,0.050000000000000003,0,0.9799999999999881,3.43096184915,5,10,300,2,2,0.5,0.02,320,135728,657222,0,373179,369544,369544,488,486,508,2,1692,508,1100,0,0,1,1,0.31592039800995025,0.48015122873345933,508,1100,0,0,1,1,0.31592039800995025,0.48015122873345933,1100,0,1,0,0,0,0,0,0,1100,508,0,0,nan,0,0,0,508,1100,0,0,1,1,0.31592039800995025,0.48015122873345933,508,1100,0,0,1,1,0.31592039800995025,0.48015122873345933,0,1,0.93467967072297786,0.93467967072297786,119.3205316560003,86856,1.3737741970157538,86856,193197,0.44957219832606099,468622,1853173116,3.954515827255229,10,0,1608,84,508,1100,0,0,1,1,0,0
validation__threshold_selection__validation_dos__seed_1014,full,validation,threshold_selection,validation_dos,14,1014,0,138.718393,v6,70,0.29999999999999999,21,dos,1014,60,0.10000000000000001,1,reference,0,0,0.050000000000000003,0,0.9799999999999881,3.43096184915,5,10,300,2,2,0.5,0.02,320,135703,673041,0,385905,381893,381893,523,521,537,2,1791,537,1181,0,0,1,1,0.31257275902211873,0.47627494456762748,537,1181,0,0,1,1,0.31257275902211873,0.47627494456762748,1181,0,1,0,0,0,0,0,0,1181,537,0,0,nan,0,0,0,537,1181,0,0,1,1,0.31257275902211873,0.47627494456762748,537,1181,0,0,1,1,0.31257275902211873,0.47627494456762748,0,1,0.93915691811850266,0.93915691811850266,124.97744717799708,93142,1.3417947561572339,93142,209308,0.444999713341105,488523,1940953339,3.9731053379267709,10,0,1718,73,537,1181,0,0,1,1,0,0
validation__threshold_selection__validation_dos__seed_1015,full,validation,threshold_selection,validation_dos,15,1015,0,119.154791,v6,70,0.29999999999999999,21,dos,1015,60,0.10000000000000001,1,reference,0,0,0.050000000000000003,0,0.9799999999999881,3.43096184915,5,10,300,2,2,0.5,0.02,320,135728,676155,0,398008,394897,394897,539,536,563,3,1841,563,1223,0,0,1,1,0.31522956326987683,0.47935291613452535,563,1223,0,0,1,1,0.31522956326987683,0.47935291613452535,1223,0,1,0,0,0,0,0,0,1223,563,0,0,nan,0,0,0,563,1223,0,0,1,1,0.31522956326987683,0.47935291613452535,563,1223,0,0,1,1,0.31522956326987683,0.47935291613452535,0,1,0.933940794337077,0.933940794337077,143.00958697000834,96208,1.4864625287918711,96208,233947,0.41123844289518569,503244,1892362059,3.7603271156735105,10,0,1786,55,563,1223,0,0,1,1,0,0
validation__threshold_selection__validation_dos__seed_1016,full,validation,threshold_selection,validation_dos,16,1016,0,123.816937,v6,70,0.29999999999999999,21,dos,1016,60,0.10000000000000001,1,reference,0,0,0.050000000000000003,0,0.9799999999999881,3.43096184915,5,10,300,2,2,0.5,0.02,320,135699,698371,0,423066,419135,419135,545,541,560,4,1778,560,1158,0,0,1,1,0.32596041909196738,0.49165935030728708,560,1158,0,0,1,1,0.32596041909196738,0.49165935030728708,1158,0,1,0,0,0,0,0,0,1158,560,0,0,nan,0,0,0,560,1158,0,0,1,1,0.32596041909196738,0.49165935030728708,560,1158,0,0,1,1,0.32596041909196738,0.49165935030728708,0,1,0.93268412287194669,0.93268412287194669,126.59517495400365,86980,1.455451540055227,86980,205328,0.42361489908828803,518498,1991160593,3.8402473934325685,10,0,1718,60,560,1158,0,0,1,1,0,0
validation__threshold_selection__validation_dos__seed_1017,full,validation,threshold_selection,validation_dos,17,1017,0,143.648255,v6,70,0.29999999999999999,21,dos,1017,60,0.10000000000000001,1,reference,0,0,0.050000000000000003,0,0.9799999999999881,3.43096184915,5,10,300,2,2,0.5,0.02,320,135700,684433,0,367596,363468,363468,568,565,595,3,1874,595,1140,0,0,1,1,0.34293948126801155,0.51072961373390557,595,1140,0,0,1,1,0.34293948126801155,0.51072961373390557,1140,0,1,0,0,0,0,0,0,1140,595,0,0,nan,0,0,0,595,1140,0,0,1,1,0.34293948126801155,0.51072961373390557,595,1140,0,0,1,1,0.34293948126801155,0.51072961373390557,0,1,0.91282618310482089,0.91282618310482089,147.93604046399912,101817,1.4529601192728043,101817,226707,0.44911273141102831,481118,1953239400,4.0597928158996339,10,0,1735,139,595,1140,0,0,1,1,0,0
validation__threshold_selection__validation_dos__seed_1018,full,validation,threshold_selection,validation_dos,18,1018,0,124.805818,v6,70,0.29999999999999999,21,dos,1018,60,0.10000000000000001,1,reference,0,0,0.050000000000000003,0,0.9799999999999881,3.43096184915,5,10,300,2,2,0.5,0.02,320,135701,625470,0,349397,346091,346091,512,510,530,2,1754,530,1139,0,0,1,1,0.31755542240862794,0.48203728967712595,530,1139,0,0,1,1,0.31755542240862794,0.48203728967712595,1139,0,1,0,0,0,0,0,0,1139,530,0,0,nan,0,0,0,530,1139,0,0,1,1,0.31755542240862794,0.48203728967712595,530,1139,0,0,1,1,0.31755542240862794,0.48203728967712595,0,0.99622641509433962,0.93639819769079136,0.93639819769079136,120.78543217799864,84438,1.4304629690186721,84438,199461,0.42333087671274083,442825,1701156737,3.8416004900355669,10,0,1669,85,530,1139,0,0,1,1,0,0
validation__threshold_selection__validation_dos__seed_1019,full,validation,threshold_selection,validation_dos,19,1019,0,120.642996,v6,70,0.29999999999999999,21,dos,1019,60,0.10000000000000001,1,reference,0,0,0.050000000000000003,0,0.9799999999999881,3.43096184915,5,10,300,2,2,0.5,0.02,320,135700,633933,0,360118,356873,356873,501,500,512,1,1594,512,1037,0,0,1,1,0.33053582956746286,0.49684619116933526,512,1037,0,0,1,1,0.33053582956746286,0.49684619116933526,1037,0,1,0,0,0,0,0,0,1037,512,0,0,nan,0,0,0,512,1037,0,0,1,1,0.33053582956746286,0.49684619116933526,512,1037,0,0,1,1,0.33053582956746286,0.49684619116933526,0,1,0.94700571058341365,0.94700571058341365,108.84310156200003,78151,1.3927282000486241,78151,180815,0.43221524762879188,445107,1690842608,3.7987329069190103,10,0,1549,45,512,1037,0,0,1,1,0,0
validation__threshold_selection__validation_dos__seed_1020,full,validation,threshold_selection,validation_dos,20,1020,0,127.773784,v6,70,0.29999999999999999,21,dos,1020,60,0.10000000000000001,1,reference,0,0,0.050000000000000003,0,0.9799999999999881,3.43096184915,5,10,300,2,2,0.5,0.02,320,135724,715079,0,406571,402673,402673,538,536,573,2,1856,573,1198,0,0,1,1,0.32354601919819309,0.48890784982935154,573,1198,0,0,1,1,0.32354601919819309,0.48890784982935154,1198,0,1,0,0,0,0,0,0,1198,573,0,0,nan,0,0,0,573,1198,0,0,1,1,0.32354601919819309,0.48890784982935154,573,1198,0,0,1,1,0.32354601919819309,0.48890784982935154,0,1,0.92438604771769117,0.92438604771769117,128.46704332699557,92063,1.3954253427217835,92063,218011,0.42228603143878063,507564,1971143007,3.8835358831595621,10,0,1771,85,573,1198,0,0,1,1,0,0
validation__threshold_selection__validation_constoffset__seed_1001,full,validation,threshold_selection,validation_constoffset,1,1001,0,42.2089109,v6,70,0.29999999999999999,21,constoffset,1001,60,0.10000000000000001,1,reference,0,0,0.050000000000000003,0,0.9799999999999881,3.43096184915,5,10,300,2,2,0.5,0.02,320,41300,218685,0,44700,40601,40601,533,513,517,20,1716,517,1114,0,0,1,1,0.31698344573881054,0.48137802607076352,517,1114,0,0,1,1,0.31698344573881054,0.48137802607076352,1114,0,1,0,0,0,0,0,0,1114,517,0,0,nan,0,0,0,517,1114,0,0,1,1,0.31698344573881054,0.48137802607076352,517,1114,0,0,1,1,0.31698344573881054,0.48137802607076352,0,1,0.6470453416860843,0.6470453416860843,115.95438034700288,98016,1.1830148174482011,98016,207621,0.47209097345644224,151502,456877572,3.0156537339441067,10,0,1631,85,517,1114,0,0,1,1,0,0
validation__threshold_selection__validation_constoffset__seed_1002,full,validation,threshold_selection,validation_constoffset,2,1002,0,41.4855715,v6,70,0.29999999999999999,21,constoffset,1002,60,0.10000000000000001,1,reference,0,0,0.050000000000000003,0,0.9799999999999881,3.43096184915,5,10,300,2,2,0.5,0.02,320,41300,210523,0,42103,38906,38906,533,514,524,19,1777,524,1201,0,0,1,1,0.30376811594202896,0.46598488216985329,524,1201,0,0,1,1,0.30376811594202896,0.46598488216985329,1201,0,1,0,0,0,0,0,0,1201,524,0,0,nan,0,0,0,524,1201,0,0,1,1,0.30376811594202896,0.46598488216985329,524,1201,0,0,1,1,0.30376811594202896,0.46598488216985329,0,1,0.61736482320712383,0.61736482320712383,117.96751908700038,98651,1.1958066222035293,98651,206666,0.47734508820996197,148764,439422618,2.9538236266838753,10,0,1725,52,524,1201,0,0,1,1,0,0
validation__threshold_selection__validation_constoffset__seed_1003,full,validation,threshold_selection,validation_constoffset,3,1003,0,41.7907294,v6,70,0.29999999999999999,21,constoffset,1003,60,0.10000000000000001,1,reference,0,0,0.050000000000000003,0,0.9799999999999881,3.43096184915,5,10,300,2,2,0.5,0.02,320,41300,226124,0,44457,40747,40747,536,518,528,18,1793,528,1196,0,0,1,1,0.30626450116009279,0.46891651865008882,528,1196,0,0,1,1,0.30626450116009279,0.46891651865008882,1196,0,1,0,0,0,0,0,0,1196,528,0,0,nan,0,0,0,528,1196,0,0,1,1,0.30626450116009279,0.46891651865008882,528,1196,0,0,1,1,0.30626450116009279,0.46891651865008882,0,1,0.62757012009729396,0.62757012009729396,127.93947912100279,104900,1.2196327847569381,104900,214551,0.48892804041929427,158198,470634791,2.9749730780414416,10,0,1724,69,528,1196,0,0,1,1,0,0
validation__threshold_selection__validation_constoffset__seed_1004,full,validation,threshold_selection,validation_constoffset,4,1004,0,41.2075094,v6,70,0.29999999999999999,21,constoffset,1004,60,0.10000000000000001,1,reference,0,0,0.050000000000000003,0,0.9799999999999881,3.43096184915,5,10,300,2,2,0.5,0.02,320,41300,212593,0,47012,43399,43399,495,485,492,10,1733,492,1163,0,0,1,1,0.29728096676737159,0.4583139264089427,492,1163,0,0,1,1,0.29728096676737159,0.4583139264089427,1163,0,1,0,0,0,0,0,0,1163,492,0,0,nan,0,0,0,492,1163,0,0,1,1,0.29728096676737159,0.4583139264089427,492,1163,0,0,1,1,0.29728096676737159,0.4583139264089427,0,1,0.64758142314871125,0.64758142314871125,105.87185227499739,90869,1.1651041859709845,90869,209709,0.43330996762179974,146585,457043779,3.1179437118395472,10,0,1655,78,492,1163,0,0,1,1,0,0
validation__threshold_selection__validation_constoffset__seed_1005,full,validation,threshold_selection,validation_constoffset,5,1005,0,40.3578289,v6,70,0.29999999999999999,21,constoffset,1005,60,0.10000000000000001,1,reference,0,0,0.050000000000000003,0,0.9799999999999881,3.43096184915,5,10,300,2,2,0.5,0.02,320,41300,218204,0,42204,39022,39022,482,470,479,12,1708,479,1138,0,0,1,1,0.29622758194186766,0.45706106870229007,479,1138,0,0,1,1,0.29622758194186766,0.45706106870229007,1138,0,1,0,0,0,0,0,0,1138,479,0,0,nan,0,0,0,479,1138,0,0,1,1,0.29622758194186766,0.45706106870229007,479,1138,0,0,1,1,0.29622758194186766,0.45706106870229007,0,0.99373695198329859,0.6266918851884602,0.6266918851884602,119.32581858899766,103400,1.1540214563732849,103400,213468,0.48438173403039331,155309,490587917,3.1587861424643773,10,0,1617,91,479,1138,0,0,1,1,0,0
validation__threshold_selection__validation_constoffset__seed_1006,full,validation,threshold_selection,validation_constoffset,6,1006,0,40.2698123,v6,70,0.29999999999999999,21,constoffset,1006,60,0.10000000000000001,1,reference,0,0,0.050000000000000003,0,0.9799999999999881,3.43096184915,5,10,300,2,2,0.5,0.02,320,41300,204839,0,38731,36064,36064,460,448,451,12,1642,451,1161,0,0,1,1,0.27977667493796526,0.43722733882695103,451,1161,0,0,1,1,0.27977667493796526,0.43722733882695103,1161,0,1,0,0,0,0,0,0,1161,451,0,0,nan,0,0,0,451,1161,0,0,1,1,0.27977667493796526,0.43722733882695103,451,1161,0,0,1,1,0.27977667493796526,0.43722733882695103,0,1,0.61430527624515141,0.61430527624515141,120.01572592800252,98166,1.2225793648310261,98166,216837,0.45271794020393197,144855,453545761,3.1310328328328327,10,0,1612,30,451,1161,0,0,1,1,0,0
validation__threshold_selection__validation_constoffset__seed_1007,full,validation,threshold_selection,validation_constoffset,7,1007,0,36.7763629,v6,70,0.29999999999999999,21,constoffset,1007,60,0.10000000000000001,1,reference,0,0,0.050000000000000003,0,0.9799999999999881,3.43096184915,5,10,300,2,2,0.5,0.02,320,41300,238846,0,48060,44308,44308,580,564,574,16,1897,574,1248,0,0,1,1,0.31503841931942922,0.47913188647746241,574,1248,0,0,1,1,0.31503841931942922,0.47913188647746241,1248,0,1,0,0,0,0,0,0,1248,574,0,0,nan,0,0,0,574,1248,0,0,1,1,0.31503841931942922,0.47913188647746241,574,1248,0,0,1,1,0.31503841931942922,0.47913188647746241,0,0.99128919860627174,0.64112335834896805,0.64112335834896805,126.10976195399472,107092,1.1775834044932836,107092,224419,0.4771966722960177,164832,476104382,2.8884220418365367,10,0,1822,75,574,1248,0,0,1,1,0,0
validation__threshold_selection__validation_constoffset__seed_1008,full,validation,threshold_selection,validation_constoffset,8,1008,0,41.1073148,v6,70,0.29999999999999999,21,constoffset,1008,60,0.10000000000000001,1,reference,0,0,0.050000000000000003,0,0.9799999999999881,3.43096184915,5,10,300,2,2,0.5,0.02,320,41300,242356,0,48805,44859,44859,579,562,574,17,2052,574,1414,0,0,1,1,0.28873239436619719,0.44808743169398907,574,1414,0,0,1,1,0.28873239436619719,0.44808743169398907,1414,0,1,0,0,0,0,0,0,1414,574,0,0,nan,0,0,0,574,1414,0,0,1,1,0.28873239436619719,0.44808743169398907,574,1414,0,0,1,1,0.28873239436619719,0.44808743169398907,0,1,0.63191258150205265,0.63191258150205265,137.60497885999862,113317,1.2143365855078991,113317,246979,0.45881228768437804,171534,518151668,3.0206936700595803,10,0,1988,64,574,1414,0,0,1,1,0,0
validation__threshold_selection__validation_constoffset__seed_1009,full,validation,threshold_selection,validation_constoffset,9,1009,0,38.1821977,v6,70,0.29999999999999999,21,constoffset,1009,60,0.10000000000000001,1,reference,0,0,0.050000000000000003,0,0.9799999999999881,3.43096184915,5,10,300,2,2,0.5,0.02,320,41300,214208,0,42046,38862,38862,570,559,565,11,1831,565,1201,0,0,1,1,0.31993204983012458,0.48477048477048479,565,1201,0,0,1,1,0.31993204983012458,0.48477048477048479,1201,0,1,0,0,0,0,0,0,1201,565,0,0,nan,0,0,0,565,1201,0,0,1,1,0.31993204983012458,0.48477048477048479,565,1201,0,0,1,1,0.31993204983012458,0.48477048477048479,0,1,0.60898734830119439,0.60898734830119439,126.4782183310042,101855,1.2417477623190241,101855,217624,0.46803201852736831,152331,453589060,2.977654318556302,10,0,1766,65,565,1201,0,0,1,1,0,0
validation__threshold_selection__validation_constoffset__seed_1010,full,validation,threshold_selection,validation_constoffset,10,1010,0,40.1591135,v6,70,0.29999999999999999,21,constoffset,1010,60,0.10000000000000001,1,reference,0,0,0.050000000000000003,0,0.9799999999999881,3.43096184915,5,10,300,2,2,0.5,0.02,320,41300,197561,0,41035,37836,37836,511,498,507,13,1700,507,1134,0,0,1,1,0.30895795246800734,0.47206703910614523,507,1134,0,0,1,1,0.30895795246800734,0.47206703910614523,1134,0,1,0,0,0,0,0,0,1134,507,0,0,nan,0,0,0,507,1134,0,0,1,1,0.30895795246800734,0.47206703910614523,507,1134,0,0,1,1,0.30895795246800734,0.47206703910614523,0,1,0.6255665828315401,0.6255665828315401,107.94229720400264,88571,1.2187092525093162,88571,194211,0.45605552723584142,137044,430324180,3.1400439274977381,10,0,1641,59,507,1134,0,0,1,1,0,0
validation__threshold_selection__validation_constoffset__seed_1011,full,validation,threshold_selection,validation_constoffset,11,1011,0,38.5990227,v6,70,0.29999999999999999,21,constoffset,1011,60,0.10000000000000001,1,reference,0,0,0.050000000000000003,0,0.9799999999999881,3.43096184915,5,10,300,2,2,0.5,0.02,320,41300,243046,0,48471,45318,45318,571,560,571,11,1935,571,1308,0,0,1,1,0.30388504523682808,0.46612244897959182,571,1308,0,0,1,1,0.30388504523682808,0.46612244897959182,1308,0,1,0,0,0,0,0,0,1308,571,0,0,nan,0,0,0,571,1308,0,0,1,1,0.30388504523682808,0.46612244897959182,571,1308,0,0,1,1,0.30388504523682808,0.46612244897959182,0,1,0.63141277976831245,0.63141277976831245,141.54805335400735,112949,1.2532032453054684,112949,229427,0.4923091004981977,170475,507996349,2.979887660947353,10,0,1879,56,571,1308,0,0,1,1,0,0
validation__threshold_selection__validation_constoffset__seed_1012,full,validation,threshold_selection,validation_constoffset,12,1012,0,37.1067198,v6,70,0.29999999999999999,21,constoffset,1012,60,0.10000000000000001,1,reference,0,0,0.050000000000000003,0,0.9799999999999881,3.43096184915,5,10,300,2,2,0.5,0.02,320,41300,222215,0,42860,39128,39128,504,496,502,8,1796,502,1203,0,0,1,1,0.29442815249266863,0.45491617580425919,502,1203,0,0,1,1,0.29442815249266863,0.45491617580425919,1203,0,1,0,0,0,0,0,0,1203,502,0,0,nan,0,0,0,502,1203,0,0,1,1,0.29442815249266863,0.45491617580425919,502,1203,0,0,1,1,0.29442815249266863,0.45491617580425919,0,1,0.61830235169049486,0.61830235169049486,121.43532424900516,102002,1.1905190510872843,102002,214965,0.47450515200148863,155139,457692670,2.9502102630544225,10,0,1705,91,502,1203,0,0,1,1,0,0
validation__threshold_selection__validation_constoffset__seed_1013,full,validation,threshold_selection,validation_constoffset,13,1013,0,40.9547254,v6,70,0.29999999999999999,21,constoffset,1013,60,0.10000000000000001,1,reference,0,0,0.050000000000000003,0,0.9799999999999881,3.43096184915,5,10,300,2,2,0.5,0.02,320,41300,208199,0,42574,38939,38939,488,472,476,16,1667,476,1106,0,0,1,1,0.30088495575221241,0.46258503401360546,476,1106,0,0,1,1,0.30088495575221241,0.46258503401360546,1106,0,1,0,0,0,0,0,0,1106,476,0,0,nan,0,0,0,476,1106,0,0,1,1,0.30088495575221241,0.46258503401360546,476,1106,0,0,1,1,0.30088495575221241,0.46258503401360546,0,1,0.63912748643761297,0.63912748643761297,110.0161305080029,93632,1.1749843056647611,93632,193197,0.48464520670610828,144849,465100569,3.210933931197316,10,0,1582,85,476,1106,0,0,1,1,0,0
validation__threshold_selection__validation_constoffset__seed_1014,full,validation,threshold_selection,validation_constoffset,14,1014,0,41.6305912,v6,70,0.29999999999999999,21,constoffset,1014,60,0.10000000000000001,1,reference,0,0,0.050000000000000003,0,0.9799999999999881,3.43096184915,5,10,300,2,2,0.5,0.02,320,41300,219573,0,45201,41189,41189,523,515,524,8,1799,524,1207,0,0,1,1,0.30271519352975157,0.46474501108647448,524,1207,0,0,1,1,0.30271519352975157,0.46474501108647448,1207,0,1,0,0,0,0,0,0,1207,524,0,0,nan,0,0,0,524,1207,0,0,1,1,0.30271519352975157,0.46474501108647448,524,1207,0,0,1,1,0.30271519352975157,0.46474501108647448,0,1,0.64363967821296886,0.64363967821296886,116.43818215299487,98934,1.1769278726524235,98934,209308,0.47267185200756778,153748,486045010,3.1613094804485264,10,0,1731,68,524,1207,0,0,1,1,0,0
validation__threshold_selection__validation_constoffset__seed_1015,full,validation,threshold_selection,validation_constoffset,15,1015,0,34.7971804,v6,70,0.29999999999999999,21,constoffset,1015,60,0.10000000000000001,1,reference,0,0,0.050000000000000003,0,0.9799999999999881,3.43096184915,5,10,300,2,2,0.5,0.02,320,41300,224999,0,46287,43176,43176,539,525,531,14,1828,531,1242,0,0,1,1,0.29949238578680204,0.4609375,531,1242,0,0,1,1,0.29949238578680204,0.4609375,1242,0,1,0,0,0,0,0,0,1242,531,0,0,nan,0,0,0,531,1242,0,0,1,1,0.29949238578680204,0.4609375,531,1242,0,0,1,1,0.29949238578680204,0.4609375,0,1,0.62819673026010536,0.62819673026010536,128.35882274300636,105133,1.2209184817612582,105133,233947,0.44938810927261302,160542,457193241,2.8478107971745712,10,0,1773,55,531,1242,0,0,1,1,0,0
validation__threshold_selection__validation_constoffset__seed_1016,full,validation,threshold_selection,validation_constoffset,16,1016,0,42.4211209,v6,70,0.29999999999999999,21,constoffset,1016,60,0.10000000000000001,1,reference,0,0,0.050000000000000003,0,0.9799999999999881,3.43096184915,5,10,300,2,2,0.5,0.02,320,41300,220747,0,48593,44662,44662,544,536,543,8,1784,543,1183,0,0,1,1,0.3146002317497103,0.47862494490965185,543,1183,0,0,1,1,0.3146002317497103,0.47862494490965185,1183,0,1,0,0,0,0,0,0,1183,543,0,0,nan,0,0,0,543,1183,0,0,1,1,0.3146002317497103,0.47862494490965185,543,1183,0,0,1,1,0.3146002317497103,0.47862494490965185,0,1,0.63226432159708823,0.63226432159708823,112.07436009200214,95062,1.1789606792619778,95062,205328,0.4629763110730149,152236,485361974,3.1882207493628316,10,0,1726,58,543,1183,0,0,1,1,0,0
validation__threshold_selection__validation_constoffset__seed_1017,full,validation,threshold_selection,validation_constoffset,17,1017,0,42.590393,v6,70,0.29999999999999999,21,constoffset,1017,60,0.10000000000000001,1,reference,0,0,0.050000000000000003,0,0.9799999999999881,3.43096184915,5,10,300,2,2,0.5,0.02,320,41300,233106,0,43930,39802,39802,568,545,558,23,1861,558,1162,0,0,1,1,0.32441860465116279,0.48990342405618964,558,1162,0,0,1,1,0.32441860465116279,0.48990342405618964,1162,0,1,0,0,0,0,0,0,1162,558,0,0,nan,0,0,0,558,1162,0,0,1,1,0.32441860465116279,0.48990342405618964,558,1162,0,0,1,1,0.32441860465116279,0.48990342405618964,0,1,0.64542270464345863,0.64542270464345863,133.64932514599798,110070,1.2142211787589532,110070,226707,0.48551654779076076,165794,526258735,3.1741723765636873,10,0,1720,141,558,1162,0,0,1,1,0,0
validation__threshold_selection__validation_constoffset__seed_1018,full,validation,threshold_selection,validation_constoffset,18,1018,0,40.8142976,v6,70,0.29999999999999999,21,constoffset,1018,60,0.10000000000000001,1,reference,0,0,0.050000000000000003,0,0.9799999999999881,3.43096184915,5,10,300,2,2,0.5,0.02,320,41300,205750,0,42121,38815,38815,511,502,511,9,1762,511,1160,0,0,1,1,0.30580490724117293,0.46837763519706693,511,1160,0,0,1,1,0.30580490724117293,0.46837763519706693,1160,0,1,0,0,0,0,0,0,1160,511,0,0,nan,0,0,0,511,1160,0,0,1,1,0.30580490724117293,0.46837763519706693,511,1160,0,0,1,1,0.30580490724117293,0.46837763519706693,0,0.99608610567514677,0.63805924826236593,0.63805924826236593,110.37831919399827,91275,1.2092941023719339,91275,199461,0.4576082542451908,142481,442896900,3.108462882770334,10,0,1671,91,511,1160,0,0,1,1,0,0
validation__threshold_selection__validation_constoffset__seed_1019,full,validation,threshold_selection,validation_constoffset,19,1019,0,40.3092013,v6,70,0.29999999999999999,21,constoffset,1019,60,0.10000000000000001,1,reference,0,0,0.050000000000000003,0,0.9799999999999881,3.43096184915,5,10,300,2,2,0.5,0.02,320,41300,197107,0,42191,38946,38946,501,491,498,10,1589,498,1047,0,0,1,1,0.32233009708737864,0.48751835535976507,498,1047,0,0,1,1,0.32233009708737864,0.48751835535976507,1047,0,1,0,0,0,0,0,0,1047,498,0,0,nan,0,0,0,498,1047,0,0,1,1,0.32233009708737864,0.48751835535976507,498,1047,0,0,1,1,0.32233009708737864,0.48751835535976507,0,1,0.62032657852038531,0.62032657852038531,98.126463611001725,83904,1.1695087672935942,83904,180815,0.46403229820534803,132973,420292677,3.1607369691591525,10,0,1545,44,498,1047,0,0,1,1,0,0
validation__threshold_selection__validation_constoffset__seed_1020,full,validation,threshold_selection,validation_constoffset,20,1020,0,43.2144403,v6,70,0.29999999999999999,21,constoffset,1020,60,0.10000000000000001,1,reference,0,0,0.050000000000000003,0,0.9799999999999881,3.43096184915,5,10,300,2,2,0.5,0.02,320,41300,223741,0,46564,42666,42666,537,524,534,13,1828,534,1204,0,0,1,1,0.30724971231300346,0.47007042253521125,534,1204,0,0,1,1,0.30724971231300346,0.47007042253521125,1204,0,1,0,0,0,0,0,0,1204,534,0,0,nan,0,0,0,534,1204,0,0,1,1,0.30724971231300346,0.47007042253521125,534,1204,0,0,1,1,0.30724971231300346,0.47007042253521125,0,1,0.64301267933355732,0.64301267933355732,121.88022856999615,99558,1.224213308523636,99558,218011,0.45666503066359038,155147,489991194,3.1582382772467406,10,0,1738,90,534,1204,0,0,1,1,0,0
validation__threshold_selection__validation_revheading__seed_1001,full,validation,threshold_selection,validation_revheading,1,1001,0,28.8856802,v6,70,0.29999999999999999,21,revheading,1001,60,0.10000000000000001,1,reference,0,0,0.050000000000000003,0,0.9799999999999881,3.43096184915,5,10,300,2,2,0.5,0.02,320,41300,218685,0,44700,40601,40601,533,513,517,20,1716,517,1114,0,0,1,1,0.31698344573881054,0.48137802607076352,517,1114,0,0,1,1,0.31698344573881054,0.48137802607076352,1114,0,1,0,0,0,0,0,0,1114,517,0,0,nan,0,0,0,517,1114,0,0,1,1,0.31698344573881054,0.48137802607076352,517,1114,0,0,1,1,0.31698344573881054,0.48137802607076352,0,1,0.99416603870555509,0.99416603870555509,115.95438034700288,98016,1.1830148174482011,98016,207621,0.47209097345644224,151502,415534129,2.7427633232564586,10,0,1631,85,517,1114,0,0,1,1,0,0
validation__threshold_selection__validation_revheading__seed_1002,full,validation,threshold_selection,validation_revheading,2,1002,0,41.856492,v6,70,0.29999999999999999,21,revheading,1002,60,0.10000000000000001,1,reference,0,0,0.050000000000000003,0,0.9799999999999881,3.43096184915,5,10,300,2,2,0.5,0.02,320,41300,210523,0,42103,38906,38906,533,514,524,19,1777,524,1201,0,0,1,1,0.30376811594202896,0.46598488216985329,524,1201,0,0,1,1,0.30376811594202896,0.46598488216985329,1201,0,1,0,0,0,0,0,0,1201,524,0,0,nan,0,0,0,524,1201,0,0,1,1,0.30376811594202896,0.46598488216985329,524,1201,0,0,1,1,0.30376811594202896,0.46598488216985329,0,1,0.992347344134341,0.992347344134341,117.96751908700038,98651,1.1958066222035293,98651,206666,0.47734508820996197,148764,473316630,3.1816610873598452,10,0,1725,52,524,1201,0,0,1,1,0,0
validation__threshold_selection__validation_revheading__seed_1003,full,validation,threshold_selection,validation_revheading,3,1003,0,42.4834008,v6,70,0.29999999999999999,21,revheading,1003,60,0.10000000000000001,1,reference,0,0,0.050000000000000003,0,0.9799999999999881,3.43096184915,5,10,300,2,2,0.5,0.02,320,41300,226124,0,44457,40747,40747,536,518,528,18,1793,528,1196,0,0,1,1,0.30626450116009279,0.46891651865008882,528,1196,0,0,1,1,0.30626450116009279,0.46891651865008882,1196,0,1,0,0,0,0,0,0,1196,528,0,0,nan,0,0,0,528,1196,0,0,1,1,0.30626450116009279,0.46891651865008882,528,1196,0,0,1,1,0.30626450116009279,0.46891651865008882,0,1,0.98854134995439347,0.98854134995439347,127.93947912100279,104900,1.2196327847569381,104900,214551,0.48892804041929427,158198,500947225,3.1665838063692338,10,0,1724,69,528,1196,0,0,1,1,0,0
validation__threshold_selection__validation_revheading__seed_1004,full,validation,threshold_selection,validation_revheading,4,1004,0,41.2670046,v6,70,0.29999999999999999,21,revheading,1004,60,0.10000000000000001,1,reference,0,0,0.050000000000000003,0,0.9799999999999881,3.43096184915,5,10,300,2,2,0.5,0.02,320,41300,212593,0,47012,43399,43399,495,485,492,10,1733,492,1163,0,0,1,1,0.29728096676737159,0.4583139264089427,492,1163,0,0,1,1,0.29728096676737159,0.4583139264089427,1163,0,1,0,0,0,0,0,0,1163,492,0,0,nan,0,0,0,492,1163,0,0,1,1,0.29728096676737159,0.4583139264089427,492,1163,0,0,1,1,0.29728096676737159,0.4583139264089427,0,1,0.99489248439345956,0.99489248439345956,105.87185227499739,90869,1.1651041859709845,90869,209709,0.43330996762179974,146585,466896955,3.1851618855953885,10,0,1655,78,492,1163,0,0,1,1,0,0
validation__threshold_selection__validation_revheading__seed_1005,full,validation,threshold_selection,validation_revheading,5,1005,0,31.6284186,v6,70,0.29999999999999999,21,revheading,1005,60,0.10000000000000001,1,reference,0,0,0.050000000000000003,0,0.9799999999999881,3.43096184915,5,10,300,2,2,0.5,0.02,320,41300,218204,0,42204,39022,39022,482,470,479,12,1708,479,1138,0,0,1,1,0.29622758194186766,0.45706106870229007,479,1138,0,0,1,1,0.29622758194186766,0.45706106870229007,1138,0,1,0,0,0,0,0,0,1138,479,0,0,nan,0,0,0,479,1138,0,0,1,1,0.29622758194186766,0.45706106870229007,479,1138,0,0,1,1,0.29622758194186766,0.45706106870229007,0,0.99373695198329859,0.99163459315871161,0.99163459315871161,119.32581858899766,103400,1.1540214563732849,103400,213468,0.48438173403039331,155309,434629429,2.7984819231338816,10,0,1617,91,479,1138,0,0,1,1,0,0
validation__threshold_selection__validation_revheading__seed_1006,full,validation,threshold_selection,validation_revheading,6,1006,0,40.6753029,v6,70,0.29999999999999999,21,revheading,1006,60,0.10000000000000001,1,reference,0,0,0.050000000000000003,0,0.9799999999999881,3.43096184915,5,10,300,2,2,0.5,0.02,320,41300,204839,0,38731,36064,36064,460,448,451,12,1642,451,1161,0,0,1,1,0.27977667493796526,0.43722733882695103,451,1161,0,0,1,1,0.27977667493796526,0.43722733882695103,1161,0,1,0,0,0,0,0,0,1161,451,0,0,nan,0,0,0,451,1161,0,0,1,1,0.27977667493796526,0.43722733882695103,451,1161,0,0,1,1,0.27977667493796526,0.43722733882695103,0,1,0.99333092696677494,0.99333092696677494,120.01572592800252,98166,1.2225793648310261,98166,216837,0.45271794020393197,144855,457558731,3.1587361913637775,10,0,1612,30,451,1161,0,0,1,1,0,0
validation__threshold_selection__validation_revheading__seed_1007,full,validation,threshold_selection,validation_revheading,7,1007,0,39.7563691,v6,70,0.29999999999999999,21,revheading,1007,60,0.10000000000000001,1,reference,0,0,0.050000000000000003,0,0.9799999999999881,3.43096184915,5,10,300,2,2,0.5,0.02,320,41300,238846,0,48060,44308,44308,580,564,574,16,1897,574,1248,0,0,1,1,0.31503841931942922,0.47913188647746241,574,1248,0,0,1,1,0.31503841931942922,0.47913188647746241,1248,0,1,0,0,0,0,0,0,1248,574,0,0,nan,0,0,0,574,1248,0,0,1,1,0.31503841931942922,0.47913188647746241,574,1248,0,0,1,1,0.31503841931942922,0.47913188647746241,0,0.99128919860627174,0.99299785580273381,0.99299785580273381,126.10976195399472,107092,1.1775834044932836,107092,224419,0.4771966722960177,164832,506089684,3.070336366724908,10,0,1822,75,574,1248,0,0,1,1,0,0
validation__threshold_selection__validation_revheading__seed_1008,full,validation,threshold_selection,validation_revheading,8,1008,0,43.4319355,v6,70,0.29999999999999999,21,revheading,1008,60,0.10000000000000001,1,reference,0,0,0.050000000000000003,0,0.9799999999999881,3.43096184915,5,10,300,2,2,0.5,0.02,320,41300,242356,0,48805,44859,44859,579,562,574,17,2052,574,1414,0,0,1,1,0.28873239436619719,0.44808743169398907,574,1414,0,0,1,1,0.28873239436619719,0.44808743169398907,1414,0,1,0,0,0,0,0,0,1414,574,0,0,nan,0,0,0,574,1414,0,0,1,1,0.28873239436619719,0.44808743169398907,574,1414,0,0,1,1,0.28873239436619719,0.44808743169398907,0,1,0.9947291643051811,0.9947291643051811,137.60497885999862,113317,1.2143365855078991,113317,246979,0.45881228768437804,171534,542126852,3.1604629519512168,10,0,1988,64,574,1414,0,0,1,1,0,0
validation__threshold_selection__validation_revheading__seed_1009,full,validation,threshold_selection,validation_revheading,9,1009,0,40.1866022,v6,70,0.29999999999999999,21,revheading,1009,60,0.10000000000000001,1,reference,0,0,0.050000000000000003,0,0.9799999999999881,3.43096184915,5,10,300,2,2,0.5,0.02,320,41300,214208,0,42046,38862,38862,570,559,565,11,1831,565,1201,0,0,1,1,0.31993204983012458,0.48477048477048479,565,1201,0,0,1,1,0.31993204983012458,0.48477048477048479,1201,0,1,0,0,0,0,0,0,1201,565,0,0,nan,0,0,0,565,1201,0,0,1,1,0.31993204983012458,0.48477048477048479,565,1201,0,0,1,1,0.31993204983012458,0.48477048477048479,0,1,0.98844768003065298,0.98844768003065298,126.4782183310042,101855,1.2417477623190241,101855,217624,0.46803201852736831,152331,472866108,3.1042014297812002,10,0,1766,65,565,1201,0,0,1,1,0,0
validation__threshold_selection__validation_revheading__seed_1010,full,validation,threshold_selection,validation_revheading,10,1010,0,36.3321297,v6,70,0.29999999999999999,21,revheading,1010,60,0.10000000000000001,1,reference,0,0,0.050000000000000003,0,0.9799999999999881,3.43096184915,5,10,300,2,2,0.5,0.02,320,41300,197561,0,41035,37836,37836,511,498,507,13,1700,507,1134,0,0,1,1,0.30895795246800734,0.47206703910614523,507,1134,0,0,1,1,0.30895795246800734,0.47206703910614523,1134,0,1,0,0,0,0,0,0,1134,507,0,0,nan,0,0,0,507,1134,0,0,1,1,0.30895795246800734,0.47206703910614523,507,1134,0,0,1,1,0.30895795246800734,0.47206703910614523,0,1,0.99108512570051033,0.99108512570051033,107.94229720400264,88571,1.2187092525093162,88571,194211,0.45605552723584142,137044,405849942,2.9614572108228012,10,0,1641,59,507,1134,0,0,1,1,0,0
validation__threshold_selection__validation_revheading__seed_1011,full,validation,threshold_selection,validation_revheading,11,1011,0,42.2623557,v6,70,0.29999999999999999,21,revheading,1011,60,0.10000000000000001,1,reference,0,0,0.050000000000000003,0,0.9799999999999881,3.43096184915,5,10,300,2,2,0.5,0.02,320,41300,243046,0,48471,45318,45318,571,560,571,11,1935,571,1308,0,0,1,1,0.30388504523682808,0.46612244897959182,571,1308,0,0,1,1,0.30388504523682808,0.46612244897959182,1308,0,1,0,0,0,0,0,0,1308,571,0,0,nan,0,0,0,571,1308,0,0,1,1,0.30388504523682808,0.46612244897959182,571,1308,0,0,1,1,0.30388504523682808,0.46612244897959182,0,1,0.99296261186715729,0.99296261186715729,141.54805335400735,112949,1.2532032453054684,112949,229427,0.4923091004981977,170475,538266964,3.1574539609913477,10,0,1879,56,571,1308,0,0,1,1,0,0
validation__threshold_selection__validation_revheading__seed_1012,full,validation,threshold_selection,validation_revheading,12,1012,0,41.9823261,v6,70,0.29999999999999999,21,revheading,1012,60,0.10000000000000001,1,reference,0,0,0.050000000000000003,0,0.9799999999999881,3.43096184915,5,10,300,2,2,0.5,0.02,320,41300,222215,0,42860,39128,39128,504,496,502,8,1796,502,1203,0,0,1,1,0.29442815249266863,0.45491617580425919,502,1203,0,0,1,1,0.29442815249266863,0.45491617580425919,1203,0,1,0,0,0,0,0,0,1203,502,0,0,nan,0,0,0,502,1203,0,0,1,1,0.29442815249266863,0.45491617580425919,502,1203,0,0,1,1,0.29442815249266863,0.45491617580425919,0,1,0.9929757280106507,0.9929757280106507,121.43532424900516,102002,1.1905190510872843,102002,214965,0.47450515200148863,155139,500542378,3.2264123012266417,10,0,1705,91,502,1203,0,0,1,1,0,0
validation__threshold_selection__validation_revheading__seed_1013,full,validation,threshold_selection,validation_revheading,13,1013,0,36.481205,v6,70,0.29999999999999999,21,revheading,1013,60,0.10000000000000001,1,reference,0,0,0.050000000000000003,0,0.9799999999999881,3.43096184915,5,10,300,2,2,0.5,0.02,320,41300,208199,0,42574,38939,38939,488,472,476,16,1667,476,1106,0,0,1,1,0.30088495575221241,0.46258503401360546,476,1106,0,0,1,1,0.30088495575221241,0.46258503401360546,1106,0,1,0,0,0,0,0,0,1106,476,0,0,nan,0,0,0,476,1106,0,0,1,1,0.30088495575221241,0.46258503401360546,476,1106,0,0,1,1,0.30088495575221241,0.46258503401360546,0,1,0.99050347987296183,0.99050347987296183,110.0161305080029,93632,1.1749843056647611,93632,193197,0.48464520670610828,144849,439103414,3.0314563027704713,10,0,1582,85,476,1106,0,0,1,1,0,0
validation__threshold_selection__validation_revheading__seed_1014,full,validation,threshold_selection,validation_revheading,14,1014,0,35.6384097,v6,70,0.29999999999999999,21,revheading,1014,60,0.10000000000000001,1,reference,0,0,0.050000000000000003,0,0.9799999999999881,3.43096184915,5,10,300,2,2,0.5,0.02,320,41300,219573,0,45201,41189,41189,523,515,524,8,1799,524,1207,0,0,1,1,0.30271519352975157,0.46474501108647448,524,1207,0,0,1,1,0.30271519352975157,0.46474501108647448,1207,0,1,0,0,0,0,0,0,1207,524,0,0,nan,0,0,0,524,1207,0,0,1,1,0.30271519352975157,0.46474501108647448,524,1207,0,0,1,1,0.30271519352975157,0.46474501108647448,0,1,0.99231581676859537,0.99231581676859537,116.43818215299487,98934,1.1769278726524235,98934,209308,0.47267185200756778,153748,462714179,3.0095622642245754,10,0,1731,68,524,1207,0,0,1,1,0,0
validation__threshold_selection__validation_revheading__seed_1015,full,validation,threshold_selection,validation_revheading,15,1015,0,41.3963874,v6,70,0.29999999999999999,21,revheading,1015,60,0.10000000000000001,1,reference,0,0,0.050000000000000003,0,0.9799999999999881,3.43096184915,5,10,300,2,2,0.5,0.02,320,41300,224999,0,46287,43176,43176,539,525,531,14,1828,531,1242,0,0,1,1,0.29949238578680204,0.4609375,531,1242,0,0,1,1,0.29949238578680204,0.4609375,1242,0,1,0,0,0,0,0,0,1242,531,0,0,nan,0,0,0,531,1242,0,0,1,1,0.29949238578680204,0.4609375,531,1242,0,0,1,1,0.29949238578680204,0.4609375,0,1,0.99525778541990773,0.99525778541990773,128.35882274300636,105133,1.2209184817612582,105133,233947,0.44938810927261302,160542,515069120,3.208313836877577,10,0,1773,55,531,1242,0,0,1,1,0,0
validation__threshold_selection__validation_revheading__seed_1016,full,validation,threshold_selection,validation_revheading,16,1016,0,43.0002182,v6,70,0.29999999999999999,21,revheading,1016,60,0.10000000000000001,1,reference,0,0,0.050000000000000003,0,0.9799999999999881,3.43096184915,5,10,300,2,2,0.5,0.02,320,41300,220747,0,48593,44662,44662,544,536,543,8,1784,543,1183,0,0,1,1,0.3146002317497103,0.47862494490965185,543,1183,0,0,1,1,0.3146002317497103,0.47862494490965185,1183,0,1,0,0,0,0,0,0,1183,543,0,0,nan,0,0,0,543,1183,0,0,1,1,0.3146002317497103,0.47862494490965185,543,1183,0,0,1,1,0.3146002317497103,0.47862494490965185,0,1,0.98981115215709348,0.98981115215709348,112.07436009200214,95062,1.1789606792619778,95062,205328,0.4629763110730149,152236,485068401,3.186292342152973,10,0,1726,58,543,1183,0,0,1,1,0,0
validation__threshold_selection__validation_revheading__seed_1017,full,validation,threshold_selection,validation_revheading,17,1017,0,35.0375099,v6,70,0.29999999999999999,21,revheading,1017,60,0.10000000000000001,1,reference,0,0,0.050000000000000003,0,0.9799999999999881,3.43096184915,5,10,300,2,2,0.5,0.02,320,41300,233106,0,43930,39802,39802,568,545,558,23,1861,558,1162,0,0,1,1,0.32441860465116279,0.48990342405618964,558,1162,0,0,1,1,0.32441860465116279,0.48990342405618964,1162,0,1,0,0,0,0,0,0,1162,558,0,0,nan,0,0,0,558,1162,0,0,1,1,0.32441860465116279,0.48990342405618964,558,1162,0,0,1,1,0.32441860465116279,0.48990342405618964,0,1,0.9901009568226824,0.9901009568226824,133.64932514599798,110070,1.2142211787589532,110070,226707,0.48551654779076076,165794,488946347,2.9491196726057636,10,0,1720,141,558,1162,0,0,1,1,0,0
validation__threshold_selection__validation_revheading__seed_1018,full,validation,threshold_selection,validation_revheading,18,1018,0,36.5963472,v6,70,0.29999999999999999,21,revheading,1018,60,0.10000000000000001,1,reference,0,0,0.050000000000000003,0,0.9799999999999881,3.43096184915,5,10,300,2,2,0.5,0.02,320,41300,205750,0,42121,38815,38815,511,502,511,9,1762,511,1160,0,0,1,1,0.30580490724117293,0.46837763519706693,511,1160,0,0,1,1,0.30580490724117293,0.46837763519706693,1160,0,1,0,0,0,0,0,0,1160,511,0,0,nan,0,0,0,511,1160,0,0,1,1,0.30580490724117293,0.46837763519706693,511,1160,0,0,1,1,0.30580490724117293,0.46837763519706693,0,0.99608610567514677,0.9921317227883123,0.9921317227883123,110.37831919399827,91275,1.2092941023719339,91275,199461,0.4576082542451908,142481,422895672,2.9680846709385813,10,0,1671,91,511,1160,0,0,1,1,0,0
validation__threshold_selection__validation_revheading__seed_1019,full,validation,threshold_selection,validation_revheading,19,1019,0,39.1875225,v6,70,0.29999999999999999,21,revheading,1019,60,0.10000000000000001,1,reference,0,0,0.050000000000000003,0,0.9799999999999881,3.43096184915,5,10,300,2,2,0.5,0.02,320,41300,197107,0,42191,38946,38946,501,491,498,10,1589,498,1047,0,0,1,1,0.32233009708737864,0.48751835535976507,498,1047,0,0,1,1,0.32233009708737864,0.48751835535976507,1047,0,1,0,0,0,0,0,0,1047,498,0,0,nan,0,0,0,498,1047,0,0,1,1,0.32233009708737864,0.48751835535976507,498,1047,0,0,1,1,0.32233009708737864,0.48751835535976507,0,1,0.99394138157213385,0.99394138157213385,98.126463611001725,83904,1.1695087672935942,83904,180815,0.46403229820534803,132973,423807689,3.1871709971197162,10,0,1545,44,498,1047,0,0,1,1,0,0
validation__threshold_selection__validation_revheading__seed_1020,full,validation,threshold_selection,validation_revheading,20,1020,0,42.6960884,v6,70,0.29999999999999999,21,revheading,1020,60,0.10000000000000001,1,reference,0,0,0.050000000000000003,0,0.9799999999999881,3.43096184915,5,10,300,2,2,0.5,0.02,320,41300,223741,0,46564,42666,42666,537,524,534,13,1828,534,1204,0,0,1,1,0.30724971231300346,0.47007042253521125,534,1204,0,0,1,1,0.30724971231300346,0.47007042253521125,1204,0,1,0,0,0,0,0,0,1204,534,0,0,nan,0,0,0,534,1204,0,0,1,1,0.30724971231300346,0.47007042253521125,534,1204,0,0,1,1,0.30724971231300346,0.47007042253521125,0,1,0.99248447745965385,0.99248447745965385,121.88022856999615,99558,1.224213308523636,99558,218011,0.45666503066359038,155147,497076118,3.2039041554138974,10,0,1738,90,534,1204,0,0,1,1,0,0
validation__threshold_selection__validation_slydos__seed_1001,full,validation,threshold_selection,validation_slydos,1,1001,0,47.9945192,v6,70,0.29999999999999999,21,slydos,1001,60,0.10000000000000001,1,reference,0,0,0.050000000000000003,0,0.9799999999999881,3.43096184915,5,10,300,2,2,0.5,0.02,320,47592,250904,0,67673,63574,63574,533,517,520,16,1710,520,1112,0,0,1,1,0.31862745098039214,0.48327137546468402,520,1112,0,0,1,1,0.31862745098039214,0.48327137546468402,1112,0,1,0,0,0,0,0,0,1112,520,0,0,nan,0,0,0,520,1112,0,0,1,1,0.31862745098039214,0.48327137546468402,520,1112,0,0,1,1,0.31862745098039214,0.48327137546468402,0,1,0.5015331004427227,0.5015331004427227,116.13972341200328,97161,1.1953327303342214,97161,207621,0.46797289291545652,173562,559648635,3.2244882808448856,10,0,1632,78,520,1112,0,0,1,1,0,0
validation__threshold_selection__validation_slydos__seed_1002,full,validation,threshold_selection,validation_slydos,2,1002,0,44.7067809,v6,70,0.29999999999999999,21,slydos,1002,60,0.10000000000000001,1,reference,0,0,0.050000000000000003,0,0.9799999999999881,3.43096184915,5,10,300,2,2,0.5,0.02,320,47589,241629,0,64638,61441,61441,533,525,544,8,1797,544,1205,0,0,1,1,0.3110348770726129,0.4744875708678587,544,1205,0,0,1,1,0.3110348770726129,0.4744875708678587,1205,0,1,0,0,0,0,0,0,1205,544,0,0,nan,0,0,0,544,1205,0,0,1,1,0.3110348770726129,0.4744875708678587,544,1205,0,0,1,1,0.3110348770726129,0.4744875708678587,0,1,0.49961633512326092,0.49961633512326092,118.63896996299924,98335,1.2064775508516727,98335,206666,0.4758160510195194,171005,536832926,3.1392820443846672,10,0,1749,48,544,1205,0,0,1,1,0,0
validation__threshold_selection__validation_slydos__seed_1003,full,validation,threshold_selection,validation_slydos,3,1003,0,36.3740201,v6,70,0.29999999999999999,21,slydos,1003,60,0.10000000000000001,1,reference,0,0,0.050000000000000003,0,0.9799999999999881,3.43096184915,5,10,300,2,2,0.5,0.02,320,47594,261123,0,69164,65454,65454,537,530,541,7,1802,541,1202,0,0,1,1,0.31038439472174412,0.47373029772329245,541,1202,0,0,1,1,0.31038439472174412,0.47373029772329245,1202,0,1,0,0,0,0,0,0,1202,541,0,0,nan,0,0,0,541,1202,0,0,1,1,0.31038439472174412,0.47373029772329245,541,1202,0,0,1,1,0.31038439472174412,0.47373029772329245,0,1,0.49676448064070666,0.49676448064070666,127.22700983700091,104559,1.216796352652578,104559,214551,0.48733867472069575,182589,518966611,2.8422665713706743,10,0,1743,59,541,1202,0,0,1,1,0,0
validation__threshold_selection__validation_slydos__seed_1004,full,validation,threshold_selection,validation_slydos,4,1004,0,47.5704858,v6,70,0.29999999999999999,21,slydos,1004,60,0.10000000000000001,1,reference,0,0,0.050000000000000003,0,0.9799999999999881,3.43096184915,5,10,300,2,2,0.5,0.02,320,47595,244320,0,71918,68305,68305,495,488,498,7,1734,498,1157,0,0,1,1,0.30090634441087616,0.46261031119368323,498,1157,0,0,1,1,0.30090634441087616,0.46261031119368323,1157,0,1,0,0,0,0,0,0,1157,498,0,0,nan,0,0,0,498,1157,0,0,1,1,0.30090634441087616,0.46261031119368323,498,1157,0,0,1,1,0.30090634441087616,0.46261031119368323,0,1,0.49797895124143937,0.49797895124143937,107.19431598399753,90106,1.1896468157947031,90106,209709,0.42967159254013898,170718,552654203,3.2372345212572782,10,0,1655,79,498,1157,0,0,1,1,0,0
validation__threshold_selection__validation_slydos__seed_1005,full,validation,threshold_selection,validation_slydos,5,1005,0,46.4899462,v6,70,0.29999999999999999,21,slydos,1005,60,0.10000000000000001,1,reference,0,0,0.050000000000000003,0,0.9799999999999881,3.43096184915,5,10,300,2,2,0.5,0.02,320,47592,247757,0,65354,62172,62172,481,471,486,10,1716,486,1134,0,0,1,1,0.29999999999999999,0.46153846153846156,486,1134,0,0,1,1,0.29999999999999999,0.46153846153846156,1134,0,1,0,0,0,0,0,0,1134,486,0,0,nan,0,0,0,486,1134,0,0,1,1,0.29999999999999999,0.46153846153846156,486,1134,0,0,1,1,0.29999999999999999,0.46153846153846156,0,0.99382716049382713,0.49706055261610815,0.49706055261610815,119.3834969099965,102190,1.1682502877972063,102190,213468,0.47871343714280362,177250,566501884,3.1960614047954863,10,0,1620,96,486,1134,0,0,1,1,0,0
validation__threshold_selection__validation_slydos__seed_1006,full,validation,threshold_selection,validation_slydos,6,1006,0,40.8166379,v6,70,0.29999999999999999,21,slydos,1006,60,0.10000000000000001,1,reference,0,0,0.050000000000000003,0,0.9799999999999881,3.43096184915,5,10,300,2,2,0.5,0.02,320,47589,234555,0,60173,57506,57506,460,452,457,8,1650,457,1163,0,0,1,1,0.28209876543209877,0.44005777563793935,457,1163,0,0,1,1,0.28209876543209877,0.44005777563793935,1163,0,1,0,0,0,0,0,0,1163,457,0,0,nan,0,0,0,457,1163,0,0,1,1,0.28209876543209877,0.44005777563793935,457,1163,0,0,1,1,0.28209876543209877,0.44005777563793935,0,1,0.496794865764425,0.496794865764425,120.24739412900118,97238,1.2366296522861553,97238,216837,0.44843822779322717,165337,492559066,2.979121829959416,10,0,1620,30,457,1163,0,0,1,1,0,0
validation__threshold_selection__validation_slydos__seed_1007,full,validation,threshold_selection,validation_slydos,7,1007,0,46.1488984,v6,70,0.29999999999999999,21,slydos,1007,60,0.10000000000000001,1,reference,0,0,0.050000000000000003,0,0.9799999999999881,3.43096184915,5,10,300,2,2,0.5,0.02,320,47590,273129,0,72567,68815,68815,580,572,585,8,1901,585,1250,0,0,1,1,0.31880108991825612,0.48347107438016529,585,1250,0,0,1,1,0.31880108991825612,0.48347107438016529,1250,0,1,0,0,0,0,0,0,1250,585,0,0,nan,0,0,0,585,1250,0,0,1,1,0.31880108991825612,0.48347107438016529,585,1250,0,0,1,1,0.31880108991825612,0.48347107438016529,0,0.99145299145299148,0.50050803418803413,0.50050803418803413,128.36612406999828,106174,1.2090165583852759,106174,224419,0.4731061095540039,188390,597512897,3.1716805403683845,10,0,1835,66,585,1250,0,0,1,1,0,0
validation__threshold_selection__validation_slydos__seed_1008,full,validation,threshold_selection,validation_slydos,8,1008,0,51.8687592,v6,70,0.29999999999999999,21,slydos,1008,60,0.10000000000000001,1,reference,0,0,0.050000000000000003,0,0.9799999999999881,3.43096184915,5,10,300,2,2,0.5,0.02,320,47591,277757,0,75561,71615,71615,579,569,587,10,2060,587,1407,0,0,1,1,0.29438314944834504,0.45486245641224332,587,1407,0,0,1,1,0.29438314944834504,0.45486245641224332,1407,0,1,0,0,0,0,0,0,1407,587,0,0,nan,0,0,0,587,1407,0,0,1,1,0.29438314944834504,0.45486245641224332,587,1407,0,0,1,1,0.29438314944834504,0.45486245641224332,0,1,0.49935707202609486,0.49935707202609486,137.32621168300125,112247,1.2234287926002587,112247,246979,0.45447993554107841,197144,643869998,3.2659883029663597,10,0,1994,66,587,1407,0,0,1,1,0,0
validation__threshold_selection__validation_slydos__seed_1009,full,validation,threshold_selection,validation_slydos,9,1009,0,44.7374834,v6,70,0.29999999999999999,21,slydos,1009,60,0.10000000000000001,1,reference,0,0,0.050000000000000003,0,0.9799999999999881,3.43096184915,5,10,300,2,2,0.5,0.02,320,47592,246397,0,65207,62023,62023,570,561,570,9,1839,570,1200,0,0,1,1,0.32203389830508472,0.48717948717948717,570,1200,0,0,1,1,0.32203389830508472,0.48717948717948717,1200,0,1,0,0,0,0,0,0,1200,570,0,0,nan,0,0,0,570,1200,0,0,1,1,0.32203389830508472,0.48717948717948717,570,1200,0,0,1,1,0.32203389830508472,0.48717948717948717,0,1,0.49758771929824563,0.49758771929824563,122.97832807400329,101542,1.2111079954501909,101542,217624,0.46659375804139247,175168,537480934,3.0683739838326636,10,0,1770,69,570,1200,0,0,1,1,0,0
validation__threshold_selection__validation_slydos__seed_1010,full,validation,threshold_selection,validation_slydos,10,1010,0,43.2964454,v6,70,0.29999999999999999,21,slydos,1010,60,0.10000000000000001,1,reference,0,0,0.050000000000000003,0,0.9799999999999881,3.43096184915,5,10,300,2,2,0.5,0.02,320,47592,229473,0,63664,60465,60465,510,501,512,9,1697,512,1127,0,0,1,1,0.31238560097620499,0.47605764760576474,512,1127,0,0,1,1,0.31238560097620499,0.47605764760576474,1127,0,1,0,0,0,0,0,0,1127,512,0,0,nan,0,0,0,512,1127,0,0,1,1,0.31238560097620499,0.47605764760576474,512,1127,0,0,1,1,0.31238560097620499,0.47605764760576474,0,1,0.4993804417147294,0.4993804417147294,109.05245684700253,88900,1.2266868036783185,88900,194211,0.45774956104443104,160011,510779514,3.1921525020154862,10,0,1639,58,512,1127,0,0,1,1,0,0
validation__threshold_selection__validation_slydos__seed_1011,full,validation,threshold_selection,validation_slydos,11,1011,0,45.002829,v6,70,0.29999999999999999,21,slydos,1011,60,0.10000000000000001,1,reference,0,0,0.050000000000000003,0,0.9799999999999881,3.43096184915,5,10,300,2,2,0.5,0.02,320,47594,278271,0,74656,71503,71503,571,564,575,7,1930,575,1304,0,0,1,1,0.30601383714741887,0.46862265688671556,575,1304,0,0,1,1,0.30601383714741887,0.46862265688671556,1304,0,1,0,0,0,0,0,0,1304,575,0,0,nan,0,0,0,575,1304,0,0,1,1,0.30601383714741887,0.46862265688671556,575,1304,0,0,1,1,0.30601383714741887,0.46862265688671556,0,1,0.49954121098959725,0.49954121098959725,139.88159072500568,111829,1.2508525581468641,111829,229427,0.48742737341289388,195521,608627220,3.1128483385416397,10,0,1879,51,575,1304,0,0,1,1,0,0
validation__threshold_selection__validation_slydos__seed_1012,full,validation,threshold_selection,validation_slydos,12,1012,0,41.0737703,v6,70,0.29999999999999999,21,slydos,1012,60,0.10000000000000001,1,reference,0,0,0.050000000000000003,0,0.9799999999999881,3.43096184915,5,10,300,2,2,0.5,0.02,320,47597,256968,0,66264,62532,62532,504,501,513,3,1811,513,1207,0,0,1,1,0.29825581395348838,0.45947156291983876,513,1207,0,0,1,1,0.29825581395348838,0.45947156291983876,1207,0,1,0,0,0,0,0,0,1207,513,0,0,nan,0,0,0,513,1207,0,0,1,1,0.29825581395348838,0.45947156291983876,513,1207,0,0,1,1,0.29825581395348838,0.45947156291983876,0,1,0.50252910652771121,0.50252910652771121,120.98187796000812,102215,1.1836019954019286,102215,214965,0.47549601097853139,178750,543488670,3.0404960559440561,10,0,1720,91,513,1207,0,0,1,1,0,0
validation__threshold_selection__validation_slydos__seed_1013,full,validation,threshold_selection,validation_slydos,13,1013,0,47.8535253,v6,70,0.29999999999999999,21,slydos,1013,60,0.10000000000000001,1,reference,0,0,0.050000000000000003,0,0.9799999999999881,3.43096184915,5,10,300,2,2,0.5,0.02,320,47593,239539,0,65806,62171,62171,488,477,491,11,1670,491,1095,0,0,1,1,0.30958385876418665,0.47279730380356283,491,1095,0,0,1,1,0.30958385876418665,0.47279730380356283,1095,0,1,0,0,0,0,0,0,1095,491,0,0,nan,0,0,0,491,1095,0,0,1,1,0.30958385876418665,0.47279730380356283,491,1095,0,0,1,1,0.30958385876418665,0.47279730380356283,0,1,0.50031526378930335,0.50031526378930335,110.61203538300202,92916,1.1904519714904003,92916,193197,0.48093914501777979,167349,545166568,3.2576625375711838,10,0,1586,84,491,1095,0,0,1,1,0,0
validation__threshold_selection__validation_slydos__seed_1014,full,validation,threshold_selection,validation_slydos,14,1014,0,47.4151748,v6,70,0.29999999999999999,21,slydos,1014,60,0.10000000000000001,1,reference,0,0,0.050000000000000003,0,0.9799999999999881,3.43096184915,5,10,300,2,2,0.5,0.02,320,47592,252485,0,69953,65941,65941,523,517,529,6,1785,529,1187,0,0,1,1,0.3082750582750583,0.47126948775055677,529,1187,0,0,1,1,0.3082750582750583,0.47126948775055677,1187,0,1,0,0,0,0,0,0,1187,529,0,0,nan,0,0,0,529,1187,0,0,1,1,0.3082750582750583,0.47126948775055677,529,1187,0,0,1,1,0.3082750582750583,0.47126948775055677,0,1,0.5034622079458787,0.5034622079458787,117.56379478999347,98471,1.1938925652221817,98471,209308,0.4704598008676209,178041,579051962,3.2523517729062403,10,0,1716,69,529,1187,0,0,1,1,0,0
validation__threshold_selection__validation_slydos__seed_1015,full,validation,threshold_selection,validation_slydos,15,1015,0,49.1940174,v6,70,0.29999999999999999,21,slydos,1015,60,0.10000000000000001,1,reference,0,0,0.050000000000000003,0,0.9799999999999881,3.43096184915,5,10,300,2,2,0.5,0.02,320,47595,256595,0,71784,68673,68673,539,528,537,11,1829,537,1239,0,0,1,1,0.30236486486486486,0.46433203631647213,537,1239,0,0,1,1,0.30236486486486486,0.46433203631647213,1239,0,1,0,0,0,0,0,0,1239,537,0,0,nan,0,0,0,537,1239,0,0,1,1,0.30236486486486486,0.46433203631647213,537,1239,0,0,1,1,0.30236486486486486,0.46433203631647213,0,1,0.500896530060435,0.500896530060435,128.96813686500695,103902,1.2412478765087001,103902,233947,0.44412623371960314,184832,599852996,3.2453957972645431,10,0,1776,53,537,1239,0,0,1,1,0,0
validation__threshold_selection__validation_slydos__seed_1016,full,validation,threshold_selection,validation_slydos,16,1016,0,47.9936607,v6,70,0.29999999999999999,21,slydos,1016,60,0.10000000000000001,1,reference,0,0,0.050000000000000003,0,0.9799999999999881,3.43096184915,5,10,300,2,2,0.5,0.02,320,47589,256799,0,76177,72246,72246,544,538,551,6,1793,551,1182,0,0,1,1,0.31794575879976916,0.48248686514886163,551,1182,0,0,1,1,0.31794575879976916,0.48248686514886163,1182,0,1,0,0,0,0,0,0,1182,551,0,0,nan,0,0,0,551,1182,0,0,1,1,0.31794575879976916,0.48248686514886163,551,1182,0,0,1,1,0.31794575879976916,0.48248686514886163,0,1,0.49963840548333899,0.49963840548333899,112.74853430600277,94850,1.1887035772904877,94850,205328,0.46194381672251228,179583,579844919,3.22884080898526,10,0,1733,60,551,1182,0,0,1,1,0,0
validation__threshold_selection__validation_slydos__seed_1017,full,validation,threshold_selection,validation_slydos,17,1017,0,46.8285269,v6,70,0.29999999999999999,21,slydos,1017,60,0.10000000000000001,1,reference,0,0,0.050000000000000003,0,0.9799999999999881,3.43096184915,5,10,300,2,2,0.5,0.02,320,47591,267559,0,68221,64093,64093,568,556,570,12,1866,570,1161,0,0,1,1,0.3292894280762565,0.49543676662320729,570,1161,0,0,1,1,0.3292894280762565,0.49543676662320729,1161,0,1,0,0,0,0,0,0,1161,570,0,0,nan,0,0,0,570,1161,0,0,1,1,0.3292894280762565,0.49543676662320729,570,1161,0,0,1,1,0.3292894280762565,0.49543676662320729,0,1,0.50006346615893738,0.50006346615893738,133.36200437899842,109319,1.2199343607149573,109319,226707,0.48220390195274077,189362,589161795,3.1112989670578046,10,0,1731,135,570,1161,0,0,1,1,0,0
validation__threshold_selection__validation_slydos__seed_1018,full,validation,threshold_selection,validation_slydos,18,1018,0,33.3649328,v6,70,0.29999999999999999,21,slydos,1018,60,0.10000000000000001,1,reference,0,0,0.050000000000000003,0,0.9799999999999881,3.43096184915,5,10,300,2,2,0.5,0.02,320,47593,238133,0,65150,61844,61844,512,505,518,7,1761,518,1159,0,0,1,1,0.30888491353607633,0.47198177676537584,518,1159,0,0,1,1,0.30888491353607633,0.47198177676537584,1159,0,1,0,0,0,0,0,0,1159,518,0,0,nan,0,0,0,518,1159,0,0,1,1,0.30888491353607633,0.47198177676537584,518,1159,0,0,1,1,0.30888491353607633,0.47198177676537584,0,0.99613899613899615,0.50040975278248789,0.50040975278248789,109.71545387400033,91139,1.2038255178792869,91139,199461,0.45692641669298761,165359,456330822,2.7596370442491787,10,0,1677,84,518,1159,0,0,1,1,0,0
validation__threshold_selection__validation_slydos__seed_1019,full,validation,threshold_selection,validation_slydos,19,1019,0,33.8559874,v6,70,0.29999999999999999,21,slydos,1019,60,0.10000000000000001,1,reference,0,0,0.050000000000000003,0,0.9799999999999881,3.43096184915,5,10,300,2,2,0.5,0.02,320,47590,229899,0,65683,62438,62438,501,491,497,10,1590,497,1045,0,0,1,1,0.32230869001297019,0.48749386954389407,497,1045,0,0,1,1,0.32230869001297019,0.48749386954389407,1045,0,1,0,0,0,0,0,0,1045,497,0,0,nan,0,0,0,497,1045,0,0,1,1,0.32230869001297019,0.48749386954389407,497,1045,0,0,1,1,0.32230869001297019,0.48749386954389407,0,1,0.49966593821301014,0.49966593821301014,98.881670677000528,83476,1.1845520949374735,83476,180815,0.46166523795039127,156027,434684143,2.7859546296474327,10,0,1542,48,497,1045,0,0,1,1,0,0
validation__threshold_selection__validation_slydos__seed_1020,full,validation,threshold_selection,validation_slydos,20,1020,0,33.1052215,v6,70,0.29999999999999999,21,slydos,1020,60,0.10000000000000001,1,reference,0,0,0.050000000000000003,0,0.9799999999999881,3.43096184915,5,10,300,2,2,0.5,0.02,320,47593,257293,0,71884,67986,67986,537,530,543,7,1836,543,1204,0,0,1,1,0.31081854607899256,0.47423580786026198,543,1204,0,0,1,1,0.31081854607899256,0.47423580786026198,1204,0,1,0,0,0,0,0,0,1204,543,0,0,nan,0,0,0,543,1204,0,0,1,1,0.31081854607899256,0.47423580786026198,543,1204,0,0,1,1,0.31081854607899256,0.47423580786026198,0,1,0.49768879670588523,0.49768879670588523,121.73944071899527,98317,1.2382338834483892,98317,218011,0.45097265734297809,179265,424707232,2.369158686860235,10,0,1747,89,543,1204,0,0,1,1,0,0
test__pure_attack__pure_spoof__seed_0001,full,test,pure_attack,pure_spoof,1,1,0,24.0848815,v6,50,0.29999999999999999,15,spoof,1,60,0.10000000000000001,1,reference,0,0,0.050000000000000003,0.497,0.9799999999999881,3.43096184915,5,10,300,2,2,0.5,0.02,320,29500,119243,0,24792,22255,22255,260,257,264,3,904,169,0,502,95,0.64015151515151514,0,1,0.78060046189376442,0,169,597,0,nan,0.22062663185378589,0,0,0,502,0,264,169,13,13,174,0,502,90,0.65909090909090906,0,1,0.79452054794520544,174,13,77,0,502,187,0.29166666666666669,0,1,0.45161290322580644,0,77,689,0,nan,0.10052219321148825,0,0,0.5,0.64015151515151514,0.82662154412652422,nan,64.167252068999019,53099,1.2084455840787778,53099,120643,0.44013328581020034,83276,278001468,3.3383143762908882,10,0,766,138,169,0,502,95,0.64015151515151514,0,112,11
test__pure_attack__pure_spoof__seed_0002,full,test,pure_attack,pure_spoof,2,2,0,23.9453634,v6,50,0.29999999999999999,15,spoof,2,60,0.10000000000000001,1,reference,0,0,0.050000000000000003,0.497,0.9799999999999881,3.43096184915,5,10,300,2,2,0.5,0.02,320,29500,120945,0,24563,22836,22836,306,303,306,3,826,163,0,432,143,0.5326797385620915,0,1,0.69509594882729209,0,163,575,0,nan,0.22086720867208673,0,0,0,432,0,306,163,15,15,182,0,432,124,0.59477124183006536,0,1,0.74590163934426235,182,15,77,0,432,229,0.25163398692810457,0,1,0.40208877284595301,0,77,661,0,nan,0.1043360433604336,0,0,0.07796504900000123,0.5326797385620915,0.80346390099249576,nan,61.912888185999577,52299,1.183825468670521,52299,105819,0.49423071471096874,82031,276903471,3.3755954578147285,10,0,738,88,163,0,432,143,0.5326797385620915,0,108,12
test__pure_attack__pure_spoof__seed_0003,full,test,pure_attack,pure_spoof,3,3,0,13.8910078,v6,50,0.29999999999999999,15,spoof,3,60,0.10000000000000001,1,reference,0,0,0.050000000000000003,0.497,0.9799999999999881,3.43096184915,5,10,300,2,2,0.5,0.02,320,29500,104592,0,19484,18137,18137,261,259,264,2,837,113,0,470,151,0.42803030303030304,0,1,0.59946949602122013,0,113,621,0,nan,0.15395095367847411,0,0,0,470,0,264,113,13,13,128,0,470,136,0.48484848484848486,0,1,0.65306122448979587,128,12,42,0,470,222,0.15909090909090909,0,1,0.27450980392156865,0,42,692,0,nan,0.057220708446866483,0,0,0.83527138500000042,0.42803030303030304,0.7405222437137331,nan,57.80411147399596,48317,1.1963514182171071,48317,103012,0.46904244165728265,71707,187906999,2.6204833419331446,10,0,734,103,113,0,470,151,0.42803030303030304,0,74,12
test__pure_attack__pure_spoof__seed_0004,full,test,pure_attack,pure_spoof,4,4,0,23.216107,v6,50,0.29999999999999999,15,spoof,4,60,0.10000000000000001,1,reference,0,0,0.050000000000000003,0.497,0.9799999999999881,3.43096184915,5,10,300,2,2,0.5,0.02,320,29500,121333,0,24476,21784,21784,249,241,245,8,871,122,0,466,123,0.49795918367346936,0,1,0.66485013623978206,0,122,589,0,nan,0.17158931082981715,0,0,0,466,0,245,122,14,12,126,0,466,119,0.51428571428571423,0,1,0.67924528301886788,126,12,47,0,466,198,0.19183673469387755,0,1,0.32191780821917809,0,47,664,0,nan,0.066104078762306617,0,0,0.0073114674999992246,0.49795918367346936,0.76633966891477623,nan,62.812768032000427,52493,1.1965932225630165,52493,108984,0.48165785803420685,82634,274488322,3.321735871433066,10,0,711,160,122,0,466,123,0.49795918367346936,0,75,9
test__pure_attack__pure_spoof__seed_0005,full,test,pure_attack,pure_spoof,5,5,0,22.072907,v6,50,0.29999999999999999,15,spoof,5,60,0.10000000000000001,1,reference,0,0,0.050000000000000003,0.497,0.9799999999999881,3.43096184915,5,10,300,2,2,0.5,0.02,320,29500,104564,0,23059,21265,21265,243,237,240,6,795,143,0,452,97,0.59583333333333333,0,1,0.74673629242819839,0,143,549,0,nan,0.20664739884393063,0,0,0,452,0,240,143,12,10,152,0,452,88,0.6333333333333333,0,1,0.77551020408163263,152,11,86,0,452,154,0.35833333333333334,0,1,0.52760736196319014,0,86,606,0,nan,0.12427745664739884,0,0,1.6173301089999974,0.59583333333333333,0.80747603244837762,nan,54.603240557001627,46036,1.1860987174602839,46036,101213,0.45484275735330443,73257,247797292,3.3825749348185155,10,0,692,103,143,0,452,97,0.59583333333333333,0,101,9
test__pure_attack__pure_spoof__seed_0006,full,test,pure_attack,pure_spoof,6,6,0,21.7463153,v6,50,0.29999999999999999,15,spoof,6,60,0.10000000000000001,1,reference,0,0,0.050000000000000003,0.497,0.9799999999999881,3.43096184915,5,10,300,2,2,0.5,0.02,320,29500,97702,0,21332,20004,20004,244,240,246,4,826,108,0,484,138,0.43902439024390244,0,1,0.61016949152542377,0,108,622,0,nan,0.14794520547945206,0,0,0,484,0,246,108,13,13,124,0,484,122,0.50406504065040647,0,1,0.67027027027027031,124,13,32,0,484,214,0.13008130081300814,0,1,0.23021582733812951,0,32,698,0,nan,0.043835616438356165,0,0,4.8160908039999981,0.43902439024390244,0.74691762413491902,nan,50.050045475999241,42273,1.1839719318713893,42273,95822,0.44116173738807374,67422,220005122,3.2631058408234699,10,0,730,96,108,0,484,138,0.43902439024390244,0,58,10
test__pure_attack__pure_spoof__seed_0007,full,test,pure_attack,pure_spoof,7,7,0,22.1928318,v6,50,0.29999999999999999,15,spoof,7,60,0.10000000000000001,1,reference,0,0,0.050000000000000003,0.497,0.9799999999999881,3.43096184915,5,10,300,2,2,0.5,0.02,320,29500,107486,0,20753,19054,19054,237,230,233,7,840,133,0,490,100,0.57081545064377681,0,1,0.72677595628415304,0,133,590,0,nan,0.1839557399723375,0,0,0,490,0,233,133,12,12,140,0,490,93,0.60085836909871249,0,1,0.75067024128686322,140,12,40,0,490,193,0.17167381974248927,0,1,0.29304029304029305,0,40,683,0,nan,0.055325034578146609,0,0,2.4121167289999974,0.57081545064377681,0.79357099062801084,nan,62.16651384399767,51234,1.2133839607291579,51234,105968,0.48348558055261964,76730,260556118,3.3957528737130196,10,0,723,117,133,0,490,100,0.57081545064377681,0,80,12
test__pure_attack__pure_spoof__seed_0008,full,test,pure_attack,pure_spoof,8,8,0,21.5933147,v6,50,0.29999999999999999,15,spoof,8,60,0.10000000000000001,1,reference,0,0,0.050000000000000003,0.497,0.9799999999999881,3.43096184915,5,10,300,2,2,0.5,0.02,320,29500,121814,0,24724,22089,22089,220,215,221,5,879,106,0,509,115,0.47963800904977377,0,1,0.64831804281345562,0,106,620,4,0,0.14600550964187328,0,0,0,505,0,221,106,13,12,121,0,509,100,0.54751131221719462,0,1,0.70760233918128657,121,11,43,0,509,178,0.19457013574660634,0,1,0.32575757575757575,0,43,683,4,0,0.059228650137741048,0,0,0.06500729099999969,0.47963800904977377,0.7610433020117523,0.4180440771349862,63.810737332999189,54849,1.1633892565589015,54849,118382,0.46332212667466338,85831,284352822,3.3129384721138049,10,0,730,149,106,0,509,115,0.47963800904977377,0,62,9
test__pure_attack__pure_spoof__seed_0009,full,test,pure_attack,pure_spoof,9,9,0,23.07105,v6,50,0.29999999999999999,15,spoof,9,60,0.10000000000000001,1,reference,0,0,0.050000000000000003,0.497,0.9799999999999881,3.43096184915,5,10,300,2,2,0.5,0.02,320,29500,102915,0,21390,19753,19753,253,248,251,5,831,114,0,486,137,0.4541832669322709,0,1,0.62465753424657533,0,114,623,0,nan,0.15468113975576661,0,0,0,486,0,251,114,13,10,122,0,486,129,0.48605577689243029,0,1,0.65415549597855227,122,10,26,0,486,225,0.10358565737051793,0,1,0.18772563176895307,0,26,711,0,nan,0.035278154681139755,0,0,1.7937441255000026,0.4541832669322709,0.7414416408440313,nan,53.749649825997857,46707,1.150783604727297,46707,105156,0.44416866369964625,72173,247434962,3.4283591093622268,10,0,737,94,114,0,486,137,0.4541832669322709,0,64,9
test__pure_attack__pure_spoof__seed_0010,full,test,pure_attack,pure_spoof,10,10,0,24.5885027,v6,50,0.29999999999999999,15,spoof,10,60,0.10000000000000001,1,reference,0,0,0.050000000000000003,0.497,0.9799999999999881,3.43096184915,5,10,300,2,2,0.5,0.02,320,29500,111310,0,24136,22106,22106,250,245,249,5,839,98,0,472,151,0.39357429718875503,0,1,0.56484149855907784,0,98,623,0,nan,0.13592233009708737,0,0,0,472,0,249,98,14,13,110,0,472,139,0.44176706827309237,0,1,0.61281337047353757,110,13,12,0,472,237,0.048192771084337352,0,1,0.091954022988505746,0,12,709,0,nan,0.016643550624133148,0,0,1.3644037989999998,0.39357429718875503,0.7168674698795181,nan,55.568572458000922,47604,1.1673088912276475,47604,97800,0.48674846625766871,76623,267881679,3.4961001135429308,10,0,721,118,98,0,472,151,0.39357429718875503,0,45,9
test__pure_attack__pure_spoof__seed_0011,full,test,pure_attack,pure_spoof,11,11,0,24.6394518,v6,50,0.29999999999999999,15,spoof,11,60,0.10000000000000001,1,reference,0,0,0.050000000000000003,0.497,0.9799999999999881,3.43096184915,5,10,300,2,2,0.5,0.02,320,29500,116145,0,23481,21540,21540,248,243,250,5,853,116,0,490,134,0.46400000000000002,0,1,0.63387978142076506,0,116,624,0,nan,0.15675675675675677,0,0,0,490,0,250,116,13,12,128,0,490,122,0.51200000000000001,0,1,0.67724867724867721,128,13,23,0,490,227,0.091999999999999998,0,1,0.16849816849816851,0,23,717,0,nan,0.031081081081081083,0,0,0,0.46400000000000002,0.75446938775510208,nan,61.632923806000726,52081,1.1834051536260963,52081,107473,0.4845961311213049,80476,279449271,3.472454781549779,10,0,740,113,116,0,490,134,0.46400000000000002,0,46,8
test__pure_attack__pure_spoof__seed_0012,full,test,pure_attack,pure_spoof,12,12,0,20.4425681,v6,50,0.29999999999999999,15,spoof,12,60,0.10000000000000001,1,reference,0,0,0.050000000000000003,0.497,0.9799999999999881,3.43096184915,5,10,300,2,2,0.5,0.02,320,29500,120449,0,23211,21591,21591,256,251,257,5,908,138,0,544,119,0.53696498054474706,0,1,0.69873417721518982,0,138,660,3,0,0.17293233082706766,0,0,0,541,0,257,138,13,13,148,0,544,109,0.57587548638132291,0,1,0.73086419753086418,148,13,40,0,544,217,0.1556420233463035,0,1,0.26936026936026936,0,40,758,3,0,0.050125313283208017,0,0,0,0.53696498054474706,0.80863756008239873,0.39912280701754388,69.319958967001995,57915,1.1969258217560561,57915,123577,0.46865517046052257,85944,267991556,3.1182113469235784,10,0,801,107,138,0,544,119,0.53696498054474706,0,46,8
test__pure_attack__pure_spoof__seed_0013,full,test,pure_attack,pure_spoof,13,13,0,23.2021112,v6,50,0.29999999999999999,15,spoof,13,60,0.10000000000000001,1,reference,0,0,0.050000000000000003,0.497,0.9799999999999881,3.43096184915,5,10,300,2,2,0.5,0.02,320,29500,121165,0,22267,20371,20371,244,241,242,3,873,105,0,519,137,0.43388429752066116,0,1,0.60518731988472618,0,105,656,0,nan,0.13797634691195795,0,0,0,519,0,242,105,13,9,112,0,519,130,0.46280991735537191,0,1,0.63276836158192096,112,10,32,0,519,210,0.13223140495867769,0,1,0.23357664233576642,0,32,729,0,nan,0.042049934296977662,0,0,3.7074820989999999,0.43388429752066116,0.73088743451328841,nan,72.291044473999875,60329,1.1982801716255844,60329,117523,0.51333781472562823,87472,289443293,3.3089822228827512,10,0,761,112,105,0,519,137,0.43388429752066116,0,69,8
test__pure_attack__pure_spoof__seed_0014,full,test,pure_attack,pure_spoof,14,14,0,23.8981406,v6,50,0.29999999999999999,15,spoof,14,60,0.10000000000000001,1,reference,0,0,0.050000000000000003,0.497,0.9799999999999881,3.43096184915,5,10,300,2,2,0.5,0.02,320,29500,126730,0,25662,23390,23390,266,258,264,8,932,112,0,536,152,0.42424242424242425,0,1,0.5957446808510638,0,112,688,0,nan,0.14000000000000001,0,0,0,536,0,264,112,12,12,131,0,536,133,0.49621212121212122,0,1,0.66329113924050631,131,12,34,0,536,230,0.12878787878787878,0,1,0.22818791946308725,0,34,766,0,nan,0.042500000000000003,0,0,0.30027543900000087,0.42424242424242425,0.74286592605156043,nan,69.456405910999763,59209,1.173071761235619,59209,124383,0.47602164282900394,90517,303354765,3.3513568169515118,10,0,800,132,112,0,536,152,0.42424242424242425,0,60,12
test__pure_attack__pure_spoof__seed_0015,full,test,pure_attack,pure_spoof,15,15,0,20.9967122,v6,50,0.29999999999999999,15,spoof,15,60,0.10000000000000001,1,reference,0,0,0.050000000000000003,0.497,0.9799999999999881,3.43096184915,5,10,300,2,2,0.5,0.02,320,29500,102694,0,20827,19065,19065,253,248,252,5,764,140,0,425,112,0.55555555555555558,0,1,0.7142857142857143,0,140,537,0,nan,0.206794682422452,0,0,0,425,0,252,140,14,13,142,0,425,110,0.56349206349206349,0,1,0.7208121827411168,142,13,53,0,425,199,0.21031746031746032,0,1,0.34754098360655739,0,53,624,0,nan,0.078286558345642535,0,0,0,0.55555555555555558,0.78918767507002796,nan,56.672128293998931,46310,1.2237557394514993,46310,92746,0.49932072542212064,71232,235959242,3.3125455132524708,10,0,677,87,140,0,425,112,0.55555555555555558,0,63,8
test__pure_attack__pure_spoof__seed_0016,full,test,pure_attack,pure_spoof,16,16,0,23.6520449,v6,50,0.29999999999999999,15,spoof,16,60,0.10000000000000001,1,reference,0,0,0.050000000000000003,0.497,0.9799999999999881,3.43096184915,5,10,300,2,2,0.5,0.02,320,29500,109115,0,23590,21782,21782,220,216,216,4,798,146,0,479,70,0.67592592592592593,0,1,0.8066298342541437,0,146,549,0,nan,0.21007194244604316,0,0,0,479,0,216,146,11,11,157,0,479,59,0.72685185185185186,0,1,0.8418230563002681,157,11,62,0,479,154,0.28703703703703703,0,1,0.4460431654676259,0,62,633,0,nan,0.089208633093525183,0,0,0.018583724499999121,0.67592592592592593,0.86293783344931574,nan,56.130485530999756,45614,1.2305538986056859,45614,103812,0.43939043655839399,73676,250538856,3.4005491069004834,10,0,695,103,146,0,479,70,0.67592592592592593,0,57,8
test__pure_attack__pure_spoof__seed_0017,full,test,pure_attack,pure_spoof,17,17,0,22.6313583,v6,50,0.29999999999999999,15,spoof,17,60,0.10000000000000001,1,reference,0,0,0.050000000000000003,0.497,0.9799999999999881,3.43096184915,5,10,300,2,2,0.5,0.02,320,29500,107323,0,21636,20021,20021,248,240,243,8,806,130,0,469,113,0.53497942386831276,0,1,0.69705093833780163,0,130,582,0,nan,0.18258426966292135,0,0,0,469,0,243,130,14,13,138,0,469,105,0.5679012345679012,0,1,0.72440944881889768,138,13,23,0,469,220,0.094650205761316872,0,1,0.17293233082706766,0,23,689,0,nan,0.032303370786516857,0,0,4.1999995980000016,0.53497942386831276,0.7958575728061632,nan,59.687124686999155,50286,1.1869531218828135,50286,106536,0.47200946159044832,76270,252832203,3.3149626720860099,10,0,712,94,130,0,469,113,0.53497942386831276,0,72,10
test__pure_attack__pure_spoof__seed_0018,full,test,pure_attack,pure_spoof,18,18,0,24.1204325,v6,50,0.29999999999999999,15,spoof,18,60,0.10000000000000001,1,reference,0,0,0.050000000000000003,0.497,0.9799999999999881,3.43096184915,5,10,300,2,2,0.5,0.02,320,29500,122800,0,23052,21627,21627,258,257,262,1,845,130,0,507,132,0.49618320610687022,0,1,0.66326530612244894,0,130,639,0,nan,0.16905071521456436,0,0,0,507,0,262,130,13,13,143,0,507,119,0.54580152671755722,0,1,0.70617283950617282,143,13,43,0,507,219,0.16412213740458015,0,1,0.28196721311475409,0,43,726,0,nan,0.055916775032509754,0,0,1.8575276055000005,0.49618320610687022,0.76242528268365028,nan,73.524286646997609,60795,1.2093804860103232,60795,118984,0.51095105224231829,87977,300051082,3.4105627834547669,10,0,769,76,130,0,507,132,0.49618320610687022,0,66,11
test__pure_attack__pure_spoof__seed_0019,full,test,pure_attack,pure_spoof,19,19,0,23.5744198,v6,50,0.29999999999999999,15,spoof,19,60,0.10000000000000001,1,reference,0,0,0.050000000000000003,0.497,0.9799999999999881,3.43096184915,5,10,300,2,2,0.5,0.02,320,29500,110968,0,22311,20530,20530,267,260,264,7,836,131,0,470,133,0.49621212121212122,0,1,0.66329113924050631,0,131,603,0,nan,0.17847411444141689,0,0,0,470,0,264,131,13,13,150,0,470,114,0.56818181818181823,0,1,0.72463768115942029,150,13,53,0,470,211,0.20075757575757575,0,1,0.33438485804416401,0,53,681,0,nan,0.072207084468664848,0,0,4.4629846100000012,0.49621212121212122,0.77652321083172149,nan,63.286879829999023,52210,1.2121601193257809,52210,109269,0.47781163916572861,78681,269112651,3.42030033934495,10,0,734,102,131,0,470,133,0.49621212121212122,0,108,12
test__pure_attack__pure_spoof__seed_0020,full,test,pure_attack,pure_spoof,20,20,0,25.3908794,v6,50,0.29999999999999999,15,spoof,20,60,0.10000000000000001,1,reference,0,0,0.050000000000000003,0.497,0.9799999999999881,3.43096184915,5,10,300,2,2,0.5,0.02,320,29500,119708,0,22493,20950,20950,221,215,222,6,854,122,0,542,100,0.5495495495495496,0,1,0.70930232558139539,0,122,642,0,nan,0.15968586387434555,0,0,0,542,0,222,122,11,10,137,0,542,85,0.61711711711711714,0,1,0.76323119777158777,137,10,54,0,542,168,0.24324324324324326,0,1,0.39130434782608697,0,54,710,0,nan,0.070680628272251314,0,0,0.20653064749999839,0.5495495495495496,0.80593647152687742,nan,70.555816525995482,59225,1.1913181346727815,59225,119013,0.49763471217430028,86090,299466505,3.4785283424323383,10,0,764,90,122,0,542,100,0.5495495495495496,0,52,8
test__pure_attack__pure_spoof__seed_0021,full,test,pure_attack,pure_spoof,21,21,0,18.9993527,v6,50,0.29999999999999999,15,spoof,21,60,0.10000000000000001,1,reference,0,0,0.050000000000000003,0.497,0.9799999999999881,3.43096184915,5,10,300,2,2,0.5,0.02,320,29500,130314,0,24293,22133,22133,276,271,276,5,901,203,0,509,73,0.73550724637681164,0,1,0.8475991649269311,0,203,582,0,nan,0.25859872611464968,0,0,0,509,0,276,203,14,14,209,0,509,67,0.75724637681159424,0,1,0.86185567010309283,209,14,61,0,509,215,0.2210144927536232,0,1,0.36201780415430268,0,61,724,0,nan,0.077707006369426748,0,0,0.69999987699999977,0.73550724637681164,0.8729392671051508,nan,77.669816887993164,64724,1.2000157111425926,64724,135846,0.47645127570925899,93916,291011063,3.0986313620682311,10,0,785,116,202,0,509,74,0.73188405797101452,0,123,11
test__pure_attack__pure_spoof__seed_0022,full,test,pure_attack,pure_spoof,22,22,0,25.2934543,v6,50,0.29999999999999999,15,spoof,22,60,0.10000000000000001,1,reference,0,0,0.050000000000000003,0.497,0.9799999999999881,3.43096184915,5,10,300,2,2,0.5,0.02,320,29500,114544,0,24403,22701,22701,230,229,232,1,877,143,0,542,89,0.61637931034482762,0,1,0.76266666666666671,0,143,631,0,nan,0.1847545219638243,0,0,0,542,0,232,143,10,10,158,0,542,74,0.68103448275862066,0,1,0.81025641025641026,158,10,44,0,542,188,0.18965517241379309,0,1,0.3188405797101449,0,44,730,0,nan,0.056847545219638244,0,0,0.66376680000000121,0.61637931034482762,0.8287989884209187,nan,60.768842714998499,51939,1.1700040954773581,51939,116399,0.4462151736698769,80826,279825831,3.4620769430628755,10,0,774,103,142,0,542,90,0.61206896551724133,0,64,8
test__pure_attack__pure_spoof__seed_0023,full,test,pure_attack,pure_spoof,23,23,0,23.3228974,v6,50,0.29999999999999999,15,spoof,23,60,0.10000000000000001,1,reference,0,0,0.050000000000000003,0.497,0.9799999999999881,3.43096184915,5,10,300,2,2,0.5,0.02,320,29500,104454,0,22331,20587,20587,243,239,243,4,793,142,0,445,101,0.58436213991769548,0,1,0.73766233766233769,0,142,546,0,nan,0.20639534883720931,0,0,0,445,0,243,142,13,12,150,0,445,93,0.61728395061728392,0,1,0.76335877862595425,150,12,52,0,445,191,0.2139917695473251,0,1,0.35254237288135593,0,52,636,0,nan,0.075581395348837205,0,0,0.12059588799999954,0.58436213991769548,0.80939566282887132,nan,52.802943320002498,45780,1.1534063634775555,45780,99656,0.45938026812234084,73377,250040474,3.4076137481772215,10,0,688,105,142,0,445,101,0.58436213991769548,0,72,9
test__pure_attack__pure_spoof__seed_0024,full,test,pure_attack,pure_spoof,24,24,0,20.0982896,v6,50,0.29999999999999999,15,spoof,24,60,0.10000000000000001,1,reference,0,0,0.050000000000000003,0.497,0.9799999999999881,3.43096184915,5,10,300,2,2,0.5,0.02,320,29500,122217,0,26406,24487,24487,266,264,267,2,889,134,0,521,133,0.50187265917602997,0,1,0.66832917705735662,0,134,654,0,nan,0.17005076142131981,0,0,0,521,0,267,134,13,13,141,0,521,126,0.5280898876404494,0,1,0.69117647058823528,141,13,45,0,521,222,0.16853932584269662,0,1,0.28846153846153844,0,45,743,0,nan,0.057106598984771571,0,0,1.6230846334999995,0.50187265917602997,0.76313916625331579,nan,66.575724728998779,56156,1.185549624777384,56156,117445,0.47814721784665165,86841,265609473,3.0585722527377621,10,0,788,101,134,0,521,133,0.50187265917602997,0,82,10
test__pure_attack__pure_spoof__seed_0025,full,test,pure_attack,pure_spoof,25,25,0,21.1363418,v6,50,0.29999999999999999,15,spoof,25,60,0.10000000000000001,1,reference,0,0,0.050000000000000003,0.497,0.9799999999999881,3.43096184915,5,10,300,2,2,0.5,0.02,320,29500,106475,0,21809,20378,20378,232,226,229,6,768,114,0,455,115,0.49781659388646288,0,1,0.66472303206997085,0,114,570,0,nan,0.16666666666666666,0,0,0,455,0,229,114,11,11,121,0,455,108,0.52838427947598254,0,1,0.69142857142857139,121,11,32,0,455,197,0.13973799126637554,0,1,0.24521072796934865,0,32,652,0,nan,0.046783625730994149,0,0,1.2499997735000008,0.49781659388646288,0.77411104179663137,nan,52.658178788997446,45295,1.1625605207859022,45295,101219,0.44749503551704717,71258,236002444,3.3119431362092677,10,0,684,84,113,0,455,116,0.49344978165938863,0,44,9
test__pure_attack__pure_spoof__seed_0026,full,test,pure_attack,pure_spoof,26,26,0,24.8895675,v6,50,0.29999999999999999,15,spoof,26,60,0.10000000000000001,1,reference,0,0,0.050000000000000003,0.497,0.9799999999999881,3.43096184915,5,10,300,2,2,0.5,0.02,320,29500,114655,0,23042,21366,21366,242,236,239,6,882,114,0,546,125,0.47698744769874479,0,1,0.6458923512747875,0,114,671,0,nan,0.14522292993630573,0,0,0,546,0,239,114,12,11,130,0,546,109,0.54393305439330542,0,1,0.70460704607046065,130,11,51,0,546,188,0.21338912133891214,0,1,0.35172413793103446,0,51,734,0,nan,0.064968152866242038,0,0,11.510769980499999,0.47698744769874479,0.76271705978818949,nan,62.62267997100053,54048,1.1586493481905071,54048,115198,0.46917481206270945,81097,283909157,3.5008589343625536,10,0,785,97,114,0,546,125,0.47698744769874479,0,78,9
test__pure_attack__pure_spoof__seed_0027,full,test,pure_attack,pure_spoof,27,27,0,23.3731805,v6,50,0.29999999999999999,15,spoof,27,60,0.10000000000000001,1,reference,0,0,0.050000000000000003,0.497,0.9799999999999881,3.43096184915,5,10,300,2,2,0.5,0.02,320,29500,108960,0,21883,20191,20191,252,244,249,8,837,105,0,479,144,0.42168674698795183,0,1,0.59322033898305082,0,105,623,0,nan,0.14423076923076922,0,0,0,479,0,249,105,12,12,118,0,479,131,0.47389558232931728,0,1,0.64305177111716616,118,12,27,0,479,222,0.10843373493975904,0,1,0.19565217391304349,0,27,701,0,nan,0.037087912087912088,0,0,8.134691605999997,0.42168674698795183,0.73674237660453923,nan,54.048317409001477,46961,1.1509192182662524,46961,102321,0.45895759423774202,73104,247840492,3.3902452943751369,10,0,728,109,105,0,479,144,0.42168674698795183,0,53,9
test__pure_attack__pure_spoof__seed_0028,full,test,pure_attack,pure_spoof,28,28,0,24.1477902,v6,50,0.29999999999999999,15,spoof,28,60,0.10000000000000001,1,reference,0,0,0.050000000000000003,0.497,0.9799999999999881,3.43096184915,5,10,300,2,2,0.5,0.02,320,29500,110397,0,20640,19032,19032,209,204,206,5,853,129,0,548,77,0.62621359223300976,0,1,0.77014925373134324,0,129,625,0,nan,0.17108753315649866,0,0,0,548,0,206,129,8,8,141,0,548,65,0.68446601941747576,0,1,0.81268011527377526,141,8,49,0,548,157,0.23786407766990292,0,1,0.3843137254901961,0,49,705,0,nan,0.0649867374005305,0,0,4.5000641930000036,0.62621359223300976,0.84108142583799872,nan,64.827959640999964,53942,1.2018086025916719,53942,114251,0.47213591128305221,79278,275602452,3.4764052069931126,10,0,754,99,129,0,548,77,0.62621359223300976,0,59,8
test__pure_attack__pure_spoof__seed_0029,full,test,pure_attack,pure_spoof,29,29,0,22.4125176,v6,50,0.29999999999999999,15,spoof,29,60,0.10000000000000001,1,reference,0,0,0.050000000000000003,0.497,0.9799999999999881,3.43096184915,5,10,300,2,2,0.5,0.02,320,29500,104978,0,22371,20431,20431,264,261,266,3,836,139,0,471,127,0.52255639097744366,0,1,0.68641975308641978,0,139,598,0,nan,0.18860244233378562,0,0,0,471,0,266,139,14,14,148,0,471,118,0.55639097744360899,0,1,0.71497584541062797,148,14,37,0,471,229,0.13909774436090225,0,1,0.24422442244224424,0,37,700,0,nan,0.050203527815468114,0,0,0,0.52255639097744366,0.77395718595852692,nan,55.674464581000308,46840,1.1886094060845496,46840,100968,0.46390935742017275,73070,243412675,3.3312258792938279,10,0,737,99,139,0,471,127,0.52255639097744366,0,63,12
test__pure_attack__pure_spoof__seed_0030,full,test,pure_attack,pure_spoof,30,30,0,22.0742998,v6,50,0.29999999999999999,15,spoof,30,60,0.10000000000000001,1,reference,0,0,0.050000000000000003,0.497,0.9799999999999881,3.43096184915,5,10,300,2,2,0.5,0.02,320,29500,111663,0,21936,20197,20197,208,201,201,7,830,101,0,508,100,0.50248756218905477,0,1,0.66887417218543044,0,101,608,0,nan,0.14245416078984485,0,0,0,508,0,201,101,11,10,109,0,508,92,0.54228855721393032,0,1,0.70322580645161292,109,10,40,0,508,161,0.19900497512437812,0,1,0.33195020746887965,0,40,669,0,nan,0.056417489421720736,0,0,1.000012826999999,0.50248756218905477,0.76819641947741601,nan,59.430316945000307,50293,1.1816816842304161,50293,109574,0.45898662091372039,77955,254775188,3.2682340837662753,10,0,709,121,101,0,508,100,0.50248756218905477,0,45,9
test__pure_attack__pure_falsify__seed_0001,full,test,pure_attack,pure_falsify,1,1,0,18.9643843,v6,50,0.29999999999999999,15,falsify,1,60,0.10000000000000001,1,reference,0,0,0.050000000000000003,0.497,0.9799999999999881,3.43096184915,5,10,300,2,2,0.5,0.02,320,29500,119243,0,24792,22255,22255,271,266,273,5,993,266,0,669,7,0.97435897435897434,0,1,0.98701298701298701,266,0,669,7,0.97435897435897434,0,1,0.98701298701298701,0,669,0,0,0,0,0,0,0,669,273,0,0,nan,0,0,0,264,0,669,9,0.96703296703296704,0,1,0.98324022346368711,264,0,669,9,0.96703296703296704,0,1,0.98324022346368711,0.59999989349999794,0.97435897435897434,0.98894528490941047,0.98894528490941047,64.167252068999019,53099,1.2084455840787778,53099,120643,0.44013328581020034,83276,246907208,2.9649263653393536,10,0,942,51,266,0,669,7,0.97435897435897434,0,0,0
test__pure_attack__pure_falsify__seed_0002,full,test,pure_attack,pure_falsify,2,2,0,24.4528518,v6,50,0.29999999999999999,15,falsify,2,60,0.10000000000000001,1,reference,0,0,0.050000000000000003,0.497,0.9799999999999881,3.43096184915,5,10,300,2,2,0.5,0.02,320,29500,120945,0,24563,22836,22836,306,303,306,3,942,301,0,608,5,0.9836601307189542,0,1,0.99176276771004945,301,0,608,5,0.9836601307189542,0,1,0.99176276771004945,0,608,0,0,0,0,0,0,0,608,306,0,0,nan,0,0,0,298,0,608,8,0.97385620915032678,0,1,0.98675496688741726,298,0,608,8,0.97385620915032678,0,1,0.98675496688741726,0.79999984000000524,0.9836601307189542,0.9917897531819746,0.9917897531819746,61.912888185999577,52299,1.183825468670521,52299,105819,0.49423071471096874,82031,277988925,3.3888276992844166,10,0,914,28,301,0,608,5,0.9836601307189542,0,0,0
test__pure_attack__pure_falsify__seed_0003,full,test,pure_attack,pure_falsify,3,3,0,23.2313319,v6,50,0.29999999999999999,15,falsify,3,60,0.10000000000000001,1,reference,0,0,0.050000000000000003,0.497,0.9799999999999881,3.43096184915,5,10,300,2,2,0.5,0.02,320,29500,104592,0,19484,18137,18137,282,279,285,3,910,280,0,587,5,0.98245614035087714,0,1,0.99115044247787609,280,0,587,5,0.98245614035087714,0,1,0.99115044247787609,0,587,0,0,0,0,0,0,0,587,285,0,0,nan,0,0,0,277,0,587,8,0.97192982456140353,0,1,0.98576512455516019,277,0,587,8,0.97192982456140353,0,1,0.98576512455516019,0.69999987699999977,0.98245614035087714,0.99119818285065309,0.99119818285065309,57.80411147399596,48317,1.1963514182171071,48317,103012,0.46904244165728265,71707,243158478,3.3910005717712357,10,0,872,38,280,0,587,5,0.98245614035087714,0,0,0
test__pure_attack__pure_falsify__seed_0004,full,test,pure_attack,pure_falsify,4,4,0,23.7676261,v6,50,0.29999999999999999,15,falsify,4,60,0.10000000000000001,1,reference,0,0,0.050000000000000003,0.497,0.9799999999999881,3.43096184915,5,10,300,2,2,0.5,0.02,320,29500,121333,0,24476,21784,21784,255,247,251,8,893,249,0,588,2,0.99203187250996017,0,1,0.996,249,0,588,2,0.99203187250996017,0,1,0.996,0,588,0,0,0,0,0,0,0,588,251,0,0,nan,0,0,0,249,0,588,2,0.99203187250996017,0,1,0.996,249,0,588,2,0.99203187250996017,0,1,0.996,0.59985699399999959,0.99203187250996017,0.99600238501775207,0.99600238501775207,62.812768032000427,52493,1.1965932225630165,52493,108984,0.48165785803420685,82634,280712979,3.3970639083186098,10,0,839,54,247,0,588,4,0.98406374501992033,0,0,0
test__pure_attack__pure_falsify__seed_0005,full,test,pure_attack,pure_falsify,5,5,0,21.721733,v6,50,0.29999999999999999,15,falsify,5,60,0.10000000000000001,1,reference,0,0,0.050000000000000003,0.497,0.9799999999999881,3.43096184915,5,10,300,2,2,0.5,0.02,320,29500,104564,0,23059,21265,21265,266,260,264,6,888,257,0,590,7,0.97348484848484851,0,1,0.98656429942418422,257,0,590,7,0.97348484848484851,0,1,0.98656429942418422,0,590,0,0,0,0,0,0,0,590,264,0,0,nan,0,0,0,254,0,590,10,0.96212121212121215,0,1,0.98069498069498073,254,0,590,10,0.96212121212121215,0,1,0.98069498069498073,0.69999988099999655,0.97348484848484851,0.98669748330765283,0.98669748330765283,54.603240557001627,46036,1.1860987174602839,46036,101213,0.45484275735330443,73257,240598597,3.2843086257968519,10,0,854,34,257,0,590,7,0.97348484848484851,0,0,0
test__pure_attack__pure_falsify__seed_0006,full,test,pure_attack,pure_falsify,6,6,0,21.3203977,v6,50,0.29999999999999999,15,falsify,6,60,0.10000000000000001,1,reference,0,0,0.050000000000000003,0.497,0.9799999999999881,3.43096184915,5,10,300,2,2,0.5,0.02,320,29500,97702,0,21332,20004,20004,268,264,270,4,911,260,0,598,10,0.96296296296296291,0,1,0.98113207547169812,260,0,598,10,0.96296296296296291,0,1,0.98113207547169812,0,598,0,0,0,0,0,0,0,598,270,0,0,nan,0,0,0,258,0,598,12,0.9555555555555556,0,1,0.97727272727272729,258,0,598,12,0.9555555555555556,0,1,0.97727272727272729,0.69999986250000035,0.96296296296296291,0.98324972129319954,0.98324972129319954,50.050045475999241,42273,1.1839719318713893,42273,95822,0.44116173738807374,67422,197969804,2.9362790187179257,10,0,868,43,260,0,598,10,0.96296296296296291,0,0,0
test__pure_attack__pure_falsify__seed_0007,full,test,pure_attack,pure_falsify,7,7,0,20.7775923,v6,50,0.29999999999999999,15,falsify,7,60,0.10000000000000001,1,reference,0,0,0.050000000000000003,0.497,0.9799999999999881,3.43096184915,5,10,300,2,2,0.5,0.02,320,29500,107486,0,20753,19054,19054,256,249,253,7,923,251,0,624,2,0.9920948616600791,0,1,0.99603174603174605,251,0,624,2,0.9920948616600791,0,1,0.99603174603174605,0,624,0,0,0,0,0,0,0,624,253,0,0,nan,0,0,0,247,0,624,6,0.97628458498023718,0,1,0.98799999999999999,247,0,624,6,0.97628458498023718,0,1,0.98799999999999999,0.59999999799999948,0.9920948616600791,0.99603476233911015,0.99603476233911015,62.16651384399767,51234,1.2133839607291579,51234,105968,0.48348558055261964,76730,228420107,2.9769334940701162,10,0,877,46,250,0,624,3,0.98814229249011853,0,0,0
test__pure_attack__pure_falsify__seed_0008,full,test,pure_attack,pure_falsify,8,8,0,17.9580494,v6,50,0.29999999999999999,15,falsify,8,60,0.10000000000000001,1,reference,0,0,0.050000000000000003,0.497,0.9799999999999881,3.43096184915,5,10,300,2,2,0.5,0.02,320,29500,121814,0,24724,22089,22089,238,232,238,6,924,235,0,617,3,0.98739495798319332,0,1,0.9936575052854123,235,0,617,3,0.98739495798319332,0,1,0.9936575052854123,0,617,0,0,0,0,0,0,0,617,238,0,0,nan,0,0,0,234,0,617,4,0.98319327731092432,0,1,0.99152542372881358,234,0,617,4,0.98319327731092432,0,1,0.99152542372881358,0.59999988800000637,0.98739495798319332,0.99577788976206361,0.99577788976206361,63.810737332999189,54849,1.1633892565589015,54849,118382,0.46332212667466338,85831,231309376,2.6949397770036465,10,0,855,69,235,0,617,3,0.98739495798319332,0,0,0
test__pure_attack__pure_falsify__seed_0009,full,test,pure_attack,pure_falsify,9,9,0,21.7005048,v6,50,0.29999999999999999,15,falsify,9,60,0.10000000000000001,1,reference,0,0,0.050000000000000003,0.497,0.9799999999999881,3.43096184915,5,10,300,2,2,0.5,0.02,320,29500,102915,0,21390,19753,19753,269,264,269,5,897,264,0,594,5,0.98141263940520451,0,1,0.99061913696060033,264,0,594,5,0.98141263940520451,0,1,0.99061913696060033,0,594,0,0,0,0,0,0,0,594,269,0,0,nan,0,0,0,262,0,594,7,0.97397769516728627,0,1,0.98681732580037662,262,0,594,7,0.97397769516728627,0,1,0.98681732580037662,0.69999987699999977,0.98141263940520451,0.99250247205637543,0.99250247205637543,53.749649825997857,46707,1.150783604727297,46707,105156,0.44416866369964625,72173,214149344,2.9671670015102598,10,0,863,34,264,0,594,5,0.98141263940520451,0,0,0
test__pure_attack__pure_falsify__seed_0010,full,test,pure_attack,pure_falsify,10,10,0,22.3403383,v6,50,0.29999999999999999,15,falsify,10,60,0.10000000000000001,1,reference,0,0,0.050000000000000003,0.497,0.9799999999999881,3.43096184915,5,10,300,2,2,0.5,0.02,320,29500,111310,0,24136,22106,22106,262,257,262,5,872,254,0,562,8,0.96946564885496178,0,1,0.98449612403100772,254,0,562,8,0.96946564885496178,0,1,0.98449612403100772,0,562,0,0,0,0,0,0,0,562,262,0,0,nan,0,0,0,251,0,562,11,0.9580152671755725,0,1,0.97855750487329429,251,0,562,11,0.9580152671755725,0,1,0.97855750487329429,0.69999985700000167,0.96946564885496178,0.98854961832061072,0.98854961832061072,55.568572458000922,47604,1.1673088912276475,47604,97800,0.48674846625766871,76623,230370462,3.006544536235856,10,0,824,48,253,0,562,9,0.96564885496183206,0,0,0
test__pure_attack__pure_falsify__seed_0011,full,test,pure_attack,pure_falsify,11,11,0,22.3920664,v6,50,0.29999999999999999,15,falsify,11,60,0.10000000000000001,1,reference,0,0,0.050000000000000003,0.497,0.9799999999999881,3.43096184915,5,10,300,2,2,0.5,0.02,320,29500,116145,0,23481,21540,21540,274,267,274,7,917,270,0,591,4,0.98540145985401462,0,1,0.99264705882352944,270,0,591,4,0.98540145985401462,0,1,0.99264705882352944,0,591,0,0,0,0,0,0,0,591,274,0,0,nan,0,0,0,267,0,591,7,0.97445255474452552,0,1,0.98706099815157111,267,0,591,7,0.97445255474452552,0,1,0.98706099815157111,0.59999991399999786,0.98540145985401462,0.99265132708387371,0.99265132708387371,61.632923806000726,52081,1.1834051536260963,52081,107473,0.4845961311213049,80476,241095933,2.9958737139022813,10,0,865,52,269,0,591,5,0.98175182481751821,0,0,0
test__pure_attack__pure_falsify__seed_0012,full,test,pure_attack,pure_falsify,12,12,0,18.6986492,v6,50,0.29999999999999999,15,falsify,12,60,0.10000000000000001,1,reference,0,0,0.050000000000000003,0.497,0.9799999999999881,3.43096184915,5,10,300,2,2,0.5,0.02,320,29500,120449,0,23211,21591,21591,286,280,286,6,989,278,0,658,8,0.97202797202797198,0,1,0.98581560283687941,278,0,658,8,0.97202797202797198,0,1,0.98581560283687941,0,658,0,0,0,0,0,0,0,658,286,0,0,nan,0,0,0,276,0,658,10,0.965034965034965,0,1,0.98220640569395012,276,0,658,10,0.965034965034965,0,1,0.98220640569395012,0.69999985749999993,0.97202797202797198,0.98772504091653024,0.98772504091653024,69.319958967001995,57915,1.1969258217560561,57915,123577,0.46865517046052257,85944,239483112,2.7865018151354368,10,0,944,45,278,0,658,8,0.97202797202797198,0,0,0
test__pure_attack__pure_falsify__seed_0013,full,test,pure_attack,pure_falsify,13,13,0,23.3253226,v6,50,0.29999999999999999,15,falsify,13,60,0.10000000000000001,1,reference,0,0,0.050000000000000003,0.497,0.9799999999999881,3.43096184915,5,10,300,2,2,0.5,0.02,320,29500,121165,0,22267,20371,20371,264,261,262,3,916,257,0,621,5,0.98091603053435117,0,1,0.99036608863198461,257,0,621,5,0.98091603053435117,0,1,0.99036608863198461,0,621,0,0,0,0,0,0,0,621,262,0,0,nan,0,0,0,253,0,621,9,0.96564885496183206,0,1,0.98252427184466018,253,0,621,9,0.96564885496183206,0,1,0.98252427184466018,0.59999991400000141,0.98091603053435117,0.99235411980184629,0.99235411980184629,72.291044473999875,60329,1.1982801716255844,60329,117523,0.51333781472562823,87472,266934468,3.0516561642582771,10,0,883,33,257,0,621,5,0.98091603053435117,0,0,0
test__pure_attack__pure_falsify__seed_0014,full,test,pure_attack,pure_falsify,14,14,0,21.5189413,v6,50,0.29999999999999999,15,falsify,14,60,0.10000000000000001,1,reference,0,0,0.050000000000000003,0.497,0.9799999999999881,3.43096184915,5,10,300,2,2,0.5,0.02,320,29500,126730,0,25662,23390,23390,297,288,295,9,994,285,0,646,10,0.96610169491525422,0,1,0.98275862068965514,285,0,646,10,0.96610169491525422,0,1,0.98275862068965514,0,646,0,0,0,0,0,0,0,646,295,0,0,nan,0,0,0,283,0,646,12,0.95932203389830506,0,1,0.97923875432525953,283,0,646,12,0.95932203389830506,0,1,0.97923875432525953,0.59999988800000104,0.96610169491525422,0.98297213622291024,0.98297213622291024,69.456405910999763,59209,1.173071761235619,59209,124383,0.47602164282900394,90517,266011256,2.9387988554636144,10,0,941,53,285,0,646,10,0.96610169491525422,0,0,0
test__pure_attack__pure_falsify__seed_0015,full,test,pure_attack,pure_falsify,15,15,0,18.7246351,v6,50,0.29999999999999999,15,falsify,15,60,0.10000000000000001,1,reference,0,0,0.050000000000000003,0.497,0.9799999999999881,3.43096184915,5,10,300,2,2,0.5,0.02,320,29500,102694,0,20827,19065,19065,261,256,260,5,845,255,0,556,5,0.98076923076923073,0,1,0.99029126213592233,255,0,556,5,0.98076923076923073,0,1,0.99029126213592233,0,556,0,0,0,0,0,0,0,556,260,0,0,nan,0,0,0,249,0,556,11,0.95769230769230773,0,1,0.9783889980353635,249,0,556,11,0.95769230769230773,0,1,0.9783889980353635,0.69999987699999622,0.98076923076923073,0.99036732152739348,0.99036732152739348,56.672128293998931,46310,1.2237557394514993,46310,92746,0.49932072542212064,71232,198279534,2.7835738712938003,10,0,816,29,254,0,556,6,0.97692307692307689,0,0,0
test__pure_attack__pure_falsify__seed_0016,full,test,pure_attack,pure_falsify,16,16,0,21.7941349,v6,50,0.29999999999999999,15,falsify,16,60,0.10000000000000001,1,reference,0,0,0.050000000000000003,0.497,0.9799999999999881,3.43096184915,5,10,300,2,2,0.5,0.02,320,29500,109115,0,23590,21782,21782,268,264,265,4,903,260,0,596,5,0.98113207547169812,0,1,0.99047619047619051,260,0,596,5,0.98113207547169812,0,1,0.99047619047619051,0,596,0,0,0,0,0,0,0,596,265,0,0,nan,0,0,0,258,0,596,7,0.97358490566037736,0,1,0.98661567877629064,258,0,596,7,0.97358490566037736,0,1,0.98661567877629064,0.59999994999999728,0.98113207547169812,0.99424464986703809,0.99424464986703809,56.130485530999756,45614,1.2305538986056859,45614,103812,0.43939043655839399,73676,229508592,3.115106574732613,10,0,861,42,259,0,596,6,0.97735849056603774,0,0,0
test__pure_attack__pure_falsify__seed_0017,full,test,pure_attack,pure_falsify,17,17,0,22.2022512,v6,50,0.29999999999999999,15,falsify,17,60,0.10000000000000001,1,reference,0,0,0.050000000000000003,0.497,0.9799999999999881,3.43096184915,5,10,300,2,2,0.5,0.02,320,29500,107323,0,21636,20021,20021,259,251,254,8,876,248,0,592,6,0.97637795275590555,0,1,0.98804780876494025,248,0,592,6,0.97637795275590555,0,1,0.98804780876494025,0,592,0,0,0,0,0,0,0,592,254,0,0,nan,0,0,0,246,0,592,8,0.96850393700787396,0,1,0.98399999999999999,246,0,592,8,0.96850393700787396,0,1,0.98399999999999999,0.59999990450000062,0.97637795275590555,0.9921126835496914,0.9921126835496914,59.687124686999155,50286,1.1869531218828135,50286,106536,0.47200946159044832,76270,232119422,3.0433908745247149,10,0,846,30,247,0,592,7,0.97244094488188981,0,0,0
test__pure_attack__pure_falsify__seed_0018,full,test,pure_attack,pure_falsify,18,18,0,19.9299714,v6,50,0.29999999999999999,15,falsify,18,60,0.10000000000000001,1,reference,0,0,0.050000000000000003,0.497,0.9799999999999881,3.43096184915,5,10,300,2,2,0.5,0.02,320,29500,122800,0,23052,21627,21627,268,267,272,1,930,266,0,647,6,0.9779411764705882,0,1,0.98884758364312264,266,0,647,6,0.9779411764705882,0,1,0.98884758364312264,0,647,0,0,0,0,0,0,0,647,272,0,0,nan,0,0,0,263,0,647,9,0.96691176470588236,0,1,0.98317757009345796,263,0,647,9,0.96691176470588236,0,1,0.98317757009345796,0.69999987700000155,0.9779411764705882,0.99075200018183474,0.99075200018183474,73.524286646997609,60795,1.2093804860103232,60795,118984,0.51095105224231829,87977,251493843,2.8586317219273218,10,0,919,11,265,0,647,7,0.97426470588235292,0,0,0
test__pure_attack__pure_falsify__seed_0019,full,test,pure_attack,pure_falsify,19,19,0,20.1400365,v6,50,0.29999999999999999,15,falsify,19,60,0.10000000000000001,1,reference,0,0,0.050000000000000003,0.497,0.9799999999999881,3.43096184915,5,10,300,2,2,0.5,0.02,320,29500,110968,0,22311,20530,20530,279,272,276,7,929,267,0,614,9,0.96739130434782605,0,1,0.98342541436464093,267,0,614,9,0.96739130434782605,0,1,0.98342541436464093,0,614,0,0,0,0,0,0,0,614,276,0,0,nan,0,0,0,265,0,614,11,0.96014492753623193,0,1,0.97966728280961179,265,0,614,11,0.96014492753623193,0,1,0.97966728280961179,0.69999987599999969,0.96739130434782605,0.98358943492423168,0.98358943492423168,63.286879829999023,52210,1.2121601193257809,52210,109269,0.47781163916572861,78681,230397283,2.9282454849328299,10,0,890,39,265,0,614,11,0.96014492753623193,0,0,0
test__pure_attack__pure_falsify__seed_0020,full,test,pure_attack,pure_falsify,20,20,0,20.0846322,v6,50,0.29999999999999999,15,falsify,20,60,0.10000000000000001,1,reference,0,0,0.050000000000000003,0.497,0.9799999999999881,3.43096184915,5,10,300,2,2,0.5,0.02,320,29500,119708,0,22493,20950,20950,300,292,300,8,997,289,0,660,11,0.96333333333333337,0,1,0.98132427843803061,289,0,660,11,0.96333333333333337,0,1,0.98132427843803061,0,660,0,0,0,0,0,0,0,660,300,0,0,nan,0,0,0,286,0,660,14,0.95333333333333337,0,1,0.97610921501706482,286,0,660,14,0.95333333333333337,0,1,0.97610921501706482,0.7999998330000011,0.96333333333333337,0.98163888888888884,0.98163888888888884,70.555816525995482,59225,1.1913181346727815,59225,119013,0.49763471217430028,86090,247584165,2.8758760018585203,10,0,960,37,289,0,660,11,0.96333333333333337,0,0,0
test__pure_attack__pure_falsify__seed_0021,full,test,pure_attack,pure_falsify,21,21,0,23.6861675,v6,50,0.29999999999999999,15,falsify,21,60,0.10000000000000001,1,reference,0,0,0.050000000000000003,0.497,0.9799999999999881,3.43096184915,5,10,300,2,2,0.5,0.02,320,29500,130314,0,24293,22133,22133,298,292,297,6,1033,294,0,710,3,0.98989898989898994,0,1,0.99492385786802029,294,0,710,3,0.98989898989898994,0,1,0.99492385786802029,0,710,0,0,0,0,0,0,0,710,297,0,0,nan,0,0,0,289,0,710,8,0.97306397306397308,0,1,0.98634812286689422,289,0,710,8,0.97306397306397308,0,1,0.98634812286689422,0.59999999350000088,0.98989898989898994,0.99661402759994311,0.99661402759994311,77.669816887993164,64724,1.2000157111425926,64724,135846,0.47645127570925899,93916,284966720,3.0342723284637336,10,0,1007,26,292,0,710,5,0.98316498316498313,0,0,0
test__pure_attack__pure_falsify__seed_0022,full,test,pure_attack,pure_falsify,22,22,0,23.2932439,v6,50,0.29999999999999999,15,falsify,22,60,0.10000000000000001,1,reference,0,0,0.050000000000000003,0.497,0.9799999999999881,3.43096184915,5,10,300,2,2,0.5,0.02,320,29500,114544,0,24403,22701,22701,291,288,293,3,998,289,0,667,4,0.98634812286689422,0,1,0.99312714776632305,289,0,667,4,0.98634812286689422,0,1,0.99312714776632305,0,667,0,0,0,0,0,0,0,667,293,0,0,nan,0,0,0,288,0,667,5,0.98293515358361772,0,1,0.99139414802065406,288,0,667,5,0.98293515358361772,0,1,0.99139414802065406,0.69999987199999936,0.98634812286689422,0.99313312626962968,0.99313312626962968,60.768842714998499,51939,1.1700040954773581,51939,116399,0.4462151736698769,80826,243380652,3.0111678420310297,10,0,960,38,289,0,667,4,0.98634812286689422,0,0,0
test__pure_attack__pure_falsify__seed_0023,full,test,pure_attack,pure_falsify,23,23,0,21.875808,v6,50,0.29999999999999999,15,falsify,23,60,0.10000000000000001,1,reference,0,0,0.050000000000000003,0.497,0.9799999999999881,3.43096184915,5,10,300,2,2,0.5,0.02,320,29500,104454,0,22331,20587,20587,265,261,265,4,893,257,0,586,8,0.96981132075471699,0,1,0.98467432950191569,257,0,586,8,0.96981132075471699,0,1,0.98467432950191569,0,586,0,0,0,0,0,0,0,586,265,0,0,nan,0,0,0,255,0,586,10,0.96226415094339623,0,1,0.98076923076923073,255,0,586,10,0.96226415094339623,0,1,0.98076923076923073,0.69999988099999655,0.96981132075471699,0.98482838560113339,0.98482838560113339,52.802943320002498,45780,1.1534063634775555,45780,99656,0.45938026812234084,73377,224806331,3.0637165733131639,10,0,851,42,256,0,586,9,0.96603773584905661,0,0,0
test__pure_attack__pure_falsify__seed_0024,full,test,pure_attack,pure_falsify,24,24,0,20.6056471,v6,50,0.29999999999999999,15,falsify,24,60,0.10000000000000001,1,reference,0,0,0.050000000000000003,0.497,0.9799999999999881,3.43096184915,5,10,300,2,2,0.5,0.02,320,29500,122217,0,26406,24487,24487,292,290,293,2,958,291,0,648,2,0.99317406143344711,0,1,0.99657534246575341,291,0,648,2,0.99317406143344711,0,1,0.99657534246575341,0,648,0,0,0,0,0,0,0,648,293,0,0,nan,0,0,0,289,0,648,4,0.98634812286689422,0,1,0.99312714776632305,289,0,648,4,0.98634812286689422,0,1,0.99312714776632305,0.69999986799999903,0.99317406143344711,0.99657122993300473,0.99657122993300473,66.575724728998779,56156,1.185549624777384,56156,117445,0.47814721784665165,86841,252397480,2.9064322151978903,10,0,941,17,291,0,648,2,0.99317406143344711,0,0,0
test__pure_attack__pure_falsify__seed_0025,full,test,pure_attack,pure_falsify,25,25,0,16.1229101,v6,50,0.29999999999999999,15,falsify,25,60,0.10000000000000001,1,reference,0,0,0.050000000000000003,0.497,0.9799999999999881,3.43096184915,5,10,300,2,2,0.5,0.02,320,29500,106475,0,21809,20378,20378,265,257,260,8,850,255,0,555,5,0.98076923076923073,0,1,0.99029126213592233,255,0,555,5,0.98076923076923073,0,1,0.99029126213592233,0,555,0,0,0,0,0,0,0,555,260,0,0,nan,0,0,0,253,0,555,7,0.97307692307692306,0,1,0.98635477582845998,253,0,555,7,0.97307692307692306,0,1,0.98635477582845998,0.69999989100000093,0.98076923076923073,0.99227997227997233,0.99227997227997233,52.658178788997446,45295,1.1625605207859022,45295,101219,0.44749503551704717,71258,187359272,2.6293085969294676,10,0,815,35,255,0,555,5,0.98076923076923073,0,0,0
test__pure_attack__pure_falsify__seed_0026,full,test,pure_attack,pure_falsify,26,26,0,22.3686976,v6,50,0.29999999999999999,15,falsify,26,60,0.10000000000000001,1,reference,0,0,0.050000000000000003,0.497,0.9799999999999881,3.43096184915,5,10,300,2,2,0.5,0.02,320,29500,114655,0,23042,21366,21366,261,255,258,6,954,253,0,658,5,0.98062015503875966,0,1,0.99021526418786687,253,0,658,5,0.98062015503875966,0,1,0.99021526418786687,0,658,0,0,0,0,0,0,0,658,258,0,0,nan,0,0,0,250,0,658,8,0.96899224806201545,0,1,0.98425196850393704,250,0,658,8,0.96899224806201545,0,1,0.98425196850393704,0.69999987599999969,0.98062015503875966,0.99028062486746304,0.99028062486746304,62.62267997100053,54048,1.1586493481905071,54048,115198,0.46917481206270945,81097,246590357,3.040684082025229,10,0,916,38,253,0,658,5,0.98062015503875966,0,0,0
test__pure_attack__pure_falsify__seed_0027,full,test,pure_attack,pure_falsify,27,27,0,22.1088768,v6,50,0.29999999999999999,15,falsify,27,60,0.10000000000000001,1,reference,0,0,0.050000000000000003,0.497,0.9799999999999881,3.43096184915,5,10,300,2,2,0.5,0.02,320,29500,108960,0,21883,20191,20191,292,283,288,9,896,282,0,573,6,0.97916666666666663,0,1,0.98947368421052628,282,0,573,6,0.97916666666666663,0,1,0.98947368421052628,0,573,0,0,0,0,0,0,0,573,288,0,0,nan,0,0,0,280,0,573,8,0.97222222222222221,0,1,0.9859154929577465,280,0,573,8,0.97222222222222221,0,1,0.9859154929577465,0.69999987800000341,0.97916666666666663,0.99125884719798329,0.99125884719798329,54.048317409001477,46961,1.1509192182662524,46961,102321,0.45895759423774202,73104,217399756,2.9738421427008097,10,0,861,35,282,0,573,6,0.97916666666666663,0,0,0
test__pure_attack__pure_falsify__seed_0028,full,test,pure_attack,pure_falsify,28,28,0,20.7276063,v6,50,0.29999999999999999,15,falsify,28,60,0.10000000000000001,1,reference,0,0,0.050000000000000003,0.497,0.9799999999999881,3.43096184915,5,10,300,2,2,0.5,0.02,320,29500,110397,0,20640,19032,19032,269,261,265,8,965,260,0,664,5,0.98113207547169812,0,1,0.99047619047619051,260,0,664,5,0.98113207547169812,0,1,0.99047619047619051,0,664,0,0,0,0,0,0,0,664,265,0,0,nan,0,0,0,257,0,664,8,0.96981132075471699,0,1,0.98467432950191569,257,0,664,8,0.96981132075471699,0,1,0.98467432950191569,0.60062200349999895,0.98113207547169812,0.99240736531029783,0.99240736531029783,64.827959640999964,53942,1.2018086025916719,53942,114251,0.47213591128305221,79278,227779515,2.8731743358813291,10,0,929,36,259,0,664,6,0.97735849056603774,0,0,0
test__pure_attack__pure_falsify__seed_0029,full,test,pure_attack,pure_falsify,29,29,0,21.9616223,v6,50,0.29999999999999999,15,falsify,29,60,0.10000000000000001,1,reference,0,0,0.050000000000000003,0.497,0.9799999999999881,3.43096184915,5,10,300,2,2,0.5,0.02,320,29500,104978,0,22371,20431,20431,272,268,274,4,917,268,0,608,6,0.97810218978102192,0,1,0.98892988929889303,268,0,608,6,0.97810218978102192,0,1,0.98892988929889303,0,608,0,0,0,0,0,0,0,608,274,0,0,nan,0,0,0,268,0,608,6,0.97810218978102192,0,1,0.98892988929889303,268,0,608,6,0.97810218978102192,0,1,0.98892988929889303,0.60048104300000116,0.97810218978102192,0.9890330868228967,0.9890330868228967,55.674464581000308,46840,1.1886094060845496,46840,100968,0.46390935742017275,73070,219154566,2.9992413576022989,10,0,882,35,268,0,608,6,0.97810218978102192,0,0,0
test__pure_attack__pure_falsify__seed_0030,full,test,pure_attack,pure_falsify,30,30,0,19.3739289,v6,50,0.29999999999999999,15,falsify,30,60,0.10000000000000001,1,reference,0,0,0.050000000000000003,0.497,0.9799999999999881,3.43096184915,5,10,300,2,2,0.5,0.02,320,29500,111663,0,21936,20197,20197,272,265,268,7,927,264,0,597,4,0.9850746268656716,0,1,0.99248120300751874,264,0,597,4,0.9850746268656716,0,1,0.99248120300751874,0,597,0,0,0,0,0,0,0,597,268,0,0,nan,0,0,0,262,0,597,6,0.97761194029850751,0,1,0.98867924528301887,262,0,597,6,0.97761194029850751,0,1,0.98867924528301887,0.79999983400000119,0.9850746268656716,0.99251231280782015,0.99251231280782015,59.430316945000307,50293,1.1816816842304161,50293,109574,0.45898662091372039,77955,219821010,2.819844910525303,10,0,865,62,264,0,597,4,0.9850746268656716,0,0,0
test__pure_attack__pure_replay__seed_0001,full,test,pure_attack,pure_replay,1,1,0,23.0862172,v6,50,0.29999999999999999,15,replay,1,60,0.10000000000000001,1,reference,0,0,0.050000000000000003,0.497,0.9799999999999881,3.43096184915,5,10,300,2,2,0.5,0.02,320,29500,119243,0,24792,22255,22188,1130,1031,1035,99,1220,982,0,165,53,0.94879227053140092,0,1,0.97372335151214673,236,746,181,37,0.86446886446886451,0.80474649406688237,0.24032586558044808,0.37609561752988047,0,158,0,769,746,35,34,900,0,165,135,0.86956521739130432,0,1,0.93023255813953487,705,34,901,0,165,134,0.87053140096618353,0,1,0.93078512396694213,236,665,262,37,0.86446886446886451,0.71736785329018338,0.2619311875693674,0.40204429301533218,0,0.94879227053140092,1,0.50655349684475903,64.167252068999019,53099,1.2084455840787778,53099,120643,0.44013328581020034,83276,280678881,3.3704654522311346,10,0,1200,20,982,0,165,53,0.94879227053140092,0,1,1
test__pure_attack__pure_replay__seed_0002,full,test,pure_attack,pure_replay,2,2,0,24.615425,v6,50,0.29999999999999999,15,replay,2,60,0.10000000000000001,1,reference,0,0,0.050000000000000003,0.497,0.9799999999999881,3.43096184915,5,10,300,2,2,0.5,0.02,320,29500,120945,0,24563,22836,22836,984,868,869,116,1083,812,0,194,57,0.93440736478711162,0,1,0.96609161213563355,209,603,223,28,0.88185654008438819,0.73002421307506049,0.25738916256157635,0.3984747378455672,0,194,0,632,603,32,31,741,0,194,128,0.85270425776754888,0,1,0.92049689440993787,572,31,764,0,194,105,0.87917146144994252,0,1,0.93570116350275567,209,555,271,28,0.88185654008438819,0.6719128329297821,0.27356020942408377,0.4175824175824176,0.22544010399999692,0.93440736478711162,1,0.5486126010155189,61.912888185999577,52299,1.183825468670521,52299,105819,0.49423071471096874,82031,280461534,3.4189700722897443,10,0,1063,20,812,0,194,57,0.93440736478711162,0,4,2
test__pure_attack__pure_replay__seed_0003,full,test,pure_attack,pure_replay,3,3,0,22.4155912,v6,50,0.29999999999999999,15,replay,3,60,0.10000000000000001,1,reference,0,0,0.050000000000000003,0.497,0.9799999999999881,3.43096184915,5,10,300,2,2,0.5,0.02,320,29500,104592,0,19484,18137,18088,1053,969,975,84,1193,918,0,189,57,0.94153846153846155,0,1,0.96988906497622818,281,637,216,30,0.90353697749196138,0.74677608440797183,0.30610021786492375,0.45728234336859236,0,187,0,666,637,35,35,848,0,189,127,0.86974358974358978,0,1,0.9303346132748217,604,35,850,0,189,125,0.87179487179487181,0,1,0.93150684931506844,273,577,276,38,0.87781350482315113,0.67643610785463071,0.32117647058823529,0.47028423772609818,0.39999992499999948,0.94153846153846155,1,0.56674947131930808,57.80411147399596,48317,1.1963514182171071,48317,103012,0.46904244165728265,71707,246129479,3.4324330818469608,10,0,1164,29,918,0,189,57,0.94153846153846155,0,6,3
test__pure_attack__pure_replay__seed_0004,full,test,pure_attack,pure_replay,4,4,0,23.7735313,v6,50,0.29999999999999999,15,replay,4,60,0.10000000000000001,1,reference,0,0,0.050000000000000003,0.497,0.9799999999999881,3.43096184915,5,10,300,2,2,0.5,0.02,320,29500,121333,0,24476,21784,21784,995,888,890,107,1095,820,0,180,70,0.9213483146067416,0,1,0.95906432748538006,262,558,221,29,0.90034364261168387,0.71630295250320919,0.31951219512195123,0.47164716471647167,0,180,0,599,558,35,35,780,0,180,110,0.8764044943820225,0,1,0.93413173652694614,548,35,752,0,180,138,0.84494382022471914,0,1,0.9159561510353228,258,494,285,33,0.88659793814432986,0.63414634146341464,0.34308510638297873,0.49472674976030678,0,0.9213483146067416,1,0.61599371826599436,62.812768032000427,52493,1.1965932225630165,52493,108984,0.48165785803420685,82634,290796045,3.5190846987922644,10,0,1070,25,820,0,180,70,0.9213483146067416,0,15,6
test__pure_attack__pure_replay__seed_0005,full,test,pure_attack,pure_replay,5,5,0,15.6429046,v6,50,0.29999999999999999,15,replay,5,60,0.10000000000000001,1,reference,0,0,0.050000000000000003,0.497,0.9799999999999881,3.43096184915,5,10,300,2,2,0.5,0.02,320,29500,104564,0,23059,21265,21248,1001,897,899,104,1047,826,0,116,73,0.91879866518353726,0,1,0.95768115942028986,154,672,160,29,0.84153005464480879,0.80769230769230771,0.1864406779661017,0.30525272547076315,0,114,0,718,672,35,35,744,0,116,155,0.82758620689655171,0,1,0.90566037735849059,629,35,748,0,116,151,0.83203559510567293,0,1,0.90831815421979356,153,595,237,30,0.83606557377049184,0.71514423076923073,0.20454545454545456,0.32867883995703545,0.099999982999998238,0.91879866518353726,1,0.44871138083228246,54.603240557001627,46036,1.1860987174602839,46036,101213,0.45484275735330443,73257,210006569,2.8667099253313677,10,0,1015,32,826,0,116,73,0.91879866518353726,0,10,6
test__pure_attack__pure_replay__seed_0006,full,test,pure_attack,pure_replay,6,6,0,20.2765635,v6,50,0.29999999999999999,15,replay,6,60,0.10000000000000001,1,reference,0,0,0.050000000000000003,0.497,0.9799999999999881,3.43096184915,5,10,300,2,2,0.5,0.02,320,29500,97702,0,21332,20004,20004,1002,880,888,122,1072,817,0,154,71,0.92004504504504503,0,1,0.95835777126099708,201,616,195,30,0.87012987012987009,0.75955610357583225,0.24602203182374541,0.38358778625954199,0,154,0,657,616,35,35,728,0,154,160,0.81981981981981977,0,1,0.90099009900990101,579,35,764,0,154,124,0.86036036036036034,0,1,0.92493946731234866,198,566,245,33,0.8571428571428571,0.69790382244143034,0.25916230366492149,0.39798994974874374,0.19999996499999995,0.92004504504504503,1,0.53056992329495412,50.050045475999241,42273,1.1839719318713893,42273,95822,0.44116173738807374,67422,216971581,3.2181125003707991,10,0,1042,30,817,0,154,71,0.92004504504504503,0,2,2
test__pure_attack__pure_replay__seed_0007,full,test,pure_attack,pure_replay,7,7,0,22.6682016,v6,50,0.29999999999999999,15,replay,7,60,0.10000000000000001,1,reference,0,0,0.050000000000000003,0.497,0.9799999999999881,3.43096184915,5,10,300,2,2,0.5,0.02,320,29500,107486,0,20753,19054,19054,971,889,891,82,1104,839,0,176,52,0.94163860830527502,0,1,0.96994219653179192,179,660,205,23,0.88613861386138615,0.76300578034682076,0.2133492252681764,0.34390009606147937,0,176,0,689,660,35,35,737,0,176,154,0.8271604938271605,0,1,0.90540540540540537,612,35,790,0,176,101,0.88664421997755327,0,1,0.93991671624033313,179,611,254,23,0.88613861386138615,0.70635838150289021,0.22658227848101264,0.36088709677419356,0.098778978000002127,0.94163860830527502,1,0.52275224632289818,62.16651384399767,51234,1.2133839607291579,51234,105968,0.48348558055261964,76730,260604093,3.3963781180763717,10,0,1067,37,839,0,176,52,0.94163860830527502,0,2,1
test__pure_attack__pure_replay__seed_0008,full,test,pure_attack,pure_replay,8,8,0,19.4014423,v6,50,0.29999999999999999,15,replay,8,60,0.10000000000000001,1,reference,0,0,0.050000000000000003,0.497,0.9799999999999881,3.43096184915,5,10,300,2,2,0.5,0.02,320,29500,121814,0,24724,22089,22089,1105,1006,1009,99,1166,968,0,133,41,0.95936570862239845,0,1,0.97926150733434492,257,711,153,21,0.92446043165467628,0.82291666666666663,0.26549586776859502,0.41252006420545745,0,131,0,733,711,35,35,906,0,133,103,0.89791873141724476,0,1,0.94621409921671018,685,35,883,0,133,126,0.87512388503468785,0,1,0.93340380549682878,256,627,237,22,0.92086330935251803,0.72569444444444442,0.28992072480181202,0.44099913867355728,0,0.95936570862239845,1,0.48693336997069009,63.810737332999189,54849,1.1633892565589015,54849,118382,0.46332212667466338,85831,262522530,3.0585980589763602,10,0,1142,24,968,0,133,41,0.95936570862239845,0,4,1
test__pure_attack__pure_replay__seed_0009,full,test,pure_attack,pure_replay,9,9,0,22.512551,v6,50,0.29999999999999999,15,replay,9,60,0.10000000000000001,1,reference,0,0,0.050000000000000003,0.497,0.9799999999999881,3.43096184915,5,10,300,2,2,0.5,0.02,320,29500,102915,0,21390,19753,19753,1009,884,887,125,1041,813,0,123,74,0.91657271702367527,0,1,0.95647058823529407,142,671,171,26,0.84523809523809523,0.79691211401425177,0.17466174661746617,0.28950050968399593,0,123,0,719,671,35,35,737,0,123,150,0.83089064261555801,0,1,0.9076354679802956,638,35,741,0,123,146,0.83540022547914317,0,1,0.91031941031941033,141,600,242,27,0.8392857142857143,0.71258907363420432,0.19028340080971659,0.31023102310231021,0,0.91657271702367527,1,0.46057431286053613,53.749649825997857,46707,1.150783604727297,46707,105156,0.44416866369964625,72173,243259631,3.3705074058165798,10,0,1010,31,813,0,123,74,0.91657271702367527,0,14,3
test__pure_attack__pure_replay__seed_0010,full,test,pure_attack,pure_replay,10,10,0,22.3717278,v6,50,0.29999999999999999,15,replay,10,60,0.10000000000000001,1,reference,0,0,0.050000000000000003,0.497,0.9799999999999881,3.43096184915,5,10,300,2,2,0.5,0.02,320,29500,111310,0,24136,22106,22106,1078,967,970,111,1100,916,0,81,54,0.94432989690721647,0,1,0.97136797454931068,181,735,116,19,0.90500000000000003,0.86368977673325498,0.19759825327510916,0.32437275985663083,0,81,0,770,735,35,35,819,0,81,151,0.84432989690721649,0,1,0.91559530463946337,673,35,842,0,81,128,0.86804123711340209,0,1,0.92935982339955847,180,662,189,20,0.90000000000000002,0.77790834312573442,0.21377672209026127,0.34548944337811899,0.19999996449999813,0.94432989690721647,1,0.45595475910693301,55.568572458000922,47604,1.1673088912276475,47604,97800,0.48674846625766871,76623,264108420,3.4468556438667242,10,0,1051,49,916,0,81,54,0.94432989690721647,0,5,2
test__pure_attack__pure_replay__seed_0011,full,test,pure_attack,pure_replay,11,11,0,22.2189574,v6,50,0.29999999999999999,15,replay,11,60,0.10000000000000001,1,reference,0,0,0.050000000000000003,0.497,0.9799999999999881,3.43096184915,5,10,300,2,2,0.5,0.02,320,29500,116145,0,23481,21540,21540,1070,977,980,93,1132,922,0,117,58,0.9408163265306122,0,1,0.96950578338590954,217,705,152,23,0.90416666666666667,0.82263710618436403,0.23535791757049893,0.37349397590361444,0,117,0,740,705,35,35,818,0,117,162,0.83469387755102042,0,1,0.90989988876529482,652,35,844,0,117,136,0.86122448979591837,0,1,0.92543859649122806,214,630,227,26,0.89166666666666672,0.73512252042006998,0.25355450236966826,0.39483394833948338,0.099999981500001667,0.9408163265306122,1,0.49528636717230651,61.632923806000726,52081,1.1834051536260963,52081,107473,0.4845961311213049,80476,272647374,3.3879339678910481,10,0,1097,35,922,0,117,58,0.9408163265306122,0,3,3
test__pure_attack__pure_replay__seed_0012,full,test,pure_attack,pure_replay,12,12,0,25.4596546,v6,50,0.29999999999999999,15,replay,12,60,0.10000000000000001,1,reference,0,0,0.050000000000000003,0.497,0.9799999999999881,3.43096184915,5,10,300,2,2,0.5,0.02,320,29500,120449,0,23211,21591,21587,1103,988,991,115,1199,937,0,179,54,0.9455095862764884,0,1,0.97199170124481327,230,707,203,30,0.88461538461538458,0.77692307692307694,0.24546424759871932,0.3842940685045948,0,176,0,734,707,34,34,846,0,179,145,0.85368314833501513,0,1,0.92106695699510066,659,34,879,0,179,112,0.88698284561049445,0,1,0.94010695187165771,228,651,259,32,0.87692307692307692,0.7153846153846154,0.25938566552901021,0.40035118525021951,0,0.9455095862764884,1,0.53237320371935759,69.319958967001995,57915,1.1969258217560561,57915,123577,0.46865517046052257,85944,305639020,3.556257795773992,10,0,1170,29,937,0,179,54,0.9455095862764884,0,5,2
test__pure_attack__pure_replay__seed_0013,full,test,pure_attack,pure_replay,13,13,0,25.1520206,v6,50,0.29999999999999999,15,replay,13,60,0.10000000000000001,1,reference,0,0,0.050000000000000003,0.497,0.9799999999999881,3.43096184915,5,10,300,2,2,0.5,0.02,320,29500,121165,0,22267,20371,20371,1013,892,893,121,1139,832,0,208,61,0.93169092945128784,0,1,0.96463768115942028,226,606,238,31,0.87937743190661477,0.71800947867298581,0.27163461538461536,0.41505968778696051,0,208,0,636,606,34,34,784,0,208,109,0.87793952967525191,0,1,0.93500298151460948,565,34,754,0,208,139,0.84434490481522961,0,1,0.91560412871888286,224,530,314,33,0.87159533073929962,0.62796208530805686,0.29708222811671087,0.44312561819980217,0.29999994099999938,0.93169092945128784,1,0.59448475851513083,72.291044473999875,60329,1.1982801716255844,60329,117523,0.51333781472562823,87472,314563108,3.5961577190415217,10,0,1101,38,832,0,208,61,0.93169092945128784,0,2,2
test__pure_attack__pure_replay__seed_0014,full,test,pure_attack,pure_replay,14,14,0,26.0632078,v6,50,0.29999999999999999,15,replay,14,60,0.10000000000000001,1,reference,0,0,0.050000000000000003,0.497,0.9799999999999881,3.43096184915,5,10,300,2,2,0.5,0.02,320,29500,126730,0,25662,23390,23390,1107,984,986,123,1148,933,0,119,53,0.94624746450304265,0,1,0.97238144867118292,199,734,147,25,0.8883928571428571,0.83314415437003408,0.21329046087888531,0.34399308556611929,0,119,0,762,734,35,35,873,0,119,113,0.88539553752535494,0,1,0.93921463152232387,703,35,819,0,119,167,0.83062880324543609,0,1,0.90747922437673134,199,620,261,25,0.8883928571428571,0.70374574347332575,0.24297924297924298,0.38159156279961648,0.20000004099999913,0.94624746450304265,1,0.44673260904815953,69.456405910999763,59209,1.173071761235619,59209,124383,0.47602164282900394,90517,321755486,3.5546415148535635,10,0,1105,43,933,0,119,53,0.94624746450304265,0,4,3
test__pure_attack__pure_replay__seed_0015,full,test,pure_attack,pure_replay,15,15,0,23.8497742,v6,50,0.29999999999999999,15,replay,15,60,0.10000000000000001,1,reference,0,0,0.050000000000000003,0.497,0.9799999999999881,3.43096184915,5,10,300,2,2,0.5,0.02,320,29500,102694,0,20827,19065,19065,958,864,867,94,1026,810,0,134,57,0.93425605536332179,0,1,0.96601073345259392,180,630,158,33,0.84507042253521125,0.79949238578680204,0.22222222222222221,0.35190615835777128,0,134,0,654,630,31,31,747,0,134,120,0.86159169550173009,0,1,0.92565055762081783,591,31,760,0,134,107,0.87658592848904271,0,1,0.93423478795328829,179,581,207,34,0.84037558685446012,0.73730964467005078,0.23552631578947369,0.36793422404933196,0.099999992999999954,0.93425605536332179,1,0.50763506589452112,56.672128293998931,46310,1.2237557394514993,46310,92746,0.49932072542212064,71232,250217682,3.5127145384097034,10,0,1001,25,810,0,134,57,0.93425605536332179,0,1,1
test__pure_attack__pure_replay__seed_0016,full,test,pure_attack,pure_replay,16,16,0,17.0623782,v6,50,0.29999999999999999,15,replay,16,60,0.10000000000000001,1,reference,0,0,0.050000000000000003,0.497,0.9799999999999881,3.43096184915,5,10,300,2,2,0.5,0.02,320,29500,109115,0,23590,21782,21751,933,843,844,90,1032,796,0,147,48,0.94312796208530802,0,1,0.97073170731707314,178,618,179,16,0.91752577319587625,0.77540777917189463,0.2236180904522613,0.35959595959595958,0,145,0,652,618,34,33,721,0,147,123,0.85426540284360186,0,1,0.921405750798722,581,34,722,0,147,122,0.85545023696682465,0,1,0.92209450830140482,176,546,251,18,0.90721649484536082,0.68506900878293597,0.24376731301939059,0.38427947598253276,0.038997787500000491,0.94312796208530802,0.99939549279427409,0.55164663881307485,56.130485530999756,45614,1.2305538986056859,45614,103812,0.43939043655839399,73676,214815466,2.9156776426516098,10,0,991,41,796,0,147,48,0.94312796208530802,0,5,2
test__pure_attack__pure_replay__seed_0017,full,test,pure_attack,pure_replay,17,17,0,23.7235997,v6,50,0.29999999999999999,15,replay,17,60,0.10000000000000001,1,reference,0,0,0.050000000000000003,0.497,0.9799999999999881,3.43096184915,5,10,300,2,2,0.5,0.02,320,29500,107323,0,21636,20021,20021,1018,890,891,128,1042,837,0,113,54,0.93939393939393945,0,1,0.96875,162,675,147,20,0.89010989010989006,0.82116788321167888,0.19354838709677419,0.31795878312070658,0,113,0,709,675,35,35,753,0,113,138,0.84511784511784516,0,1,0.91605839416058399,624,35,751,0,113,140,0.84287317620650959,0,1,0.91473812423873324,157,594,228,25,0.86263736263736268,0.72262773722627738,0.20905459387483355,0.33654876741693462,0,0.93939393939393945,1,0.5288027058100051,59.687124686999155,50286,1.1869531218828135,50286,106536,0.47200946159044832,76270,262623429,3.4433385210436609,10,0,1004,38,837,0,113,54,0.93939393939393945,0,2,1
test__pure_attack__pure_replay__seed_0018,full,test,pure_attack,pure_replay,18,18,0,25.5795152,v6,50,0.29999999999999999,15,replay,18,60,0.10000000000000001,1,reference,0,0,0.050000000000000003,0.497,0.9799999999999881,3.43096184915,5,10,300,2,2,0.5,0.02,320,29500,122800,0,23052,21627,21580,1049,940,941,109,1096,877,0,132,64,0.93198724760892671,0,1,0.96479647964796478,210,667,172,24,0.89743589743589747,0.7949940405244339,0.23945267958950969,0.37803780378037805,0,130,0,709,667,35,35,820,0,132,121,0.87141339001062701,0,1,0.93128904031800108,637,35,777,0,132,164,0.82571732199787462,0,1,0.90454016298020956,209,568,271,25,0.89316239316239321,0.67699642431466034,0.26898326898326896,0.41345202769535111,0.29999994699999633,0.93198724760892671,0.99946462499597466,0.53065055061479371,73.524286646997609,60795,1.2093804860103232,60795,118984,0.51095105224231829,87977,322198272,3.6623011923570936,10,0,1073,23,877,0,132,64,0.93198724760892671,0,5,1
test__pure_attack__pure_replay__seed_0019,full,test,pure_attack,pure_replay,19,19,0,24.2379379,v6,50,0.29999999999999999,15,replay,19,60,0.10000000000000001,1,reference,0,0,0.050000000000000003,0.497,0.9799999999999881,3.43096184915,5,10,300,2,2,0.5,0.02,320,29500,110968,0,22311,20530,20528,1029,917,917,112,1114,840,0,166,77,0.91603053435114501,0,1,0.95617529880478092,193,647,197,46,0.80753138075313813,0.76658767772511849,0.22976190476190475,0.3577386468952734,0,166,0,678,647,33,33,780,0,166,137,0.85059978189749186,0,1,0.91926929876252206,626,33,766,0,166,151,0.83533260632497275,0,1,0.91027926322043973,192,574,270,47,0.80334728033472802,0.68009478672985779,0.25065274151436029,0.38208955223880597,0.13724527200000036,0.91603053435114501,1,0.48502845584881715,63.286879829999023,52210,1.2121601193257809,52210,109269,0.47781163916572861,78681,278036095,3.5337132852912392,10,0,1083,31,840,0,166,77,0.91603053435114501,0,8,4
test__pure_attack__pure_replay__seed_0020,full,test,pure_attack,pure_replay,20,20,0,25.4953002,v6,50,0.29999999999999999,15,replay,20,60,0.10000000000000001,1,reference,0,0,0.050000000000000003,0.497,0.9799999999999881,3.43096184915,5,10,300,2,2,0.5,0.02,320,29500,119708,0,22493,20950,20950,1015,911,922,104,1091,868,0,125,54,0.9414316702819957,0,1,0.96983240223463685,149,719,161,18,0.89221556886227549,0.81704545454545452,0.17165898617511521,0.28792270531400965,0,125,0,755,719,35,35,793,0,125,129,0.86008676789587857,0,1,0.92478134110787169,670,35,789,0,125,133,0.85574837310195229,0,1,0.92226767971946233,146,643,237,21,0.87425149700598803,0.73068181818181821,0.18504435994930291,0.30543933054393307,0.10000000199999981,0.9414316702819957,1,0.50314711486118668,70.555816525995482,59225,1.1913181346727815,59225,119013,0.49763471217430028,86090,308711343,3.5859140782901613,10,0,1047,44,868,0,125,54,0.9414316702819957,0,7,4
test__pure_attack__pure_replay__seed_0021,full,test,pure_attack,pure_replay,21,21,0,26.2062734,v6,50,0.29999999999999999,15,replay,21,60,0.10000000000000001,1,reference,0,0,0.050000000000000003,0.497,0.9799999999999881,3.43096184915,5,10,300,2,2,0.5,0.02,320,29500,130314,0,24293,22133,22120,1097,1009,1010,88,1199,944,0,154,66,0.93465346534653471,0,1,0.96622313203684751,228,716,181,39,0.8539325842696629,0.79821627647714599,0.24152542372881355,0.37654830718414534,0,151,0,746,716,35,34,895,0,154,115,0.88613861386138615,0,1,0.93963254593175849,689,34,848,0,154,162,0.83960396039603957,0,1,0.91280947255113021,223,625,272,44,0.83520599250936334,0.69676700111482726,0.26297169811320753,0.40000000000000002,0.19999996399999986,0.93465346534653471,1,0.49012521972951872,77.669816887993164,64724,1.2000157111425926,64724,135846,0.47645127570925899,93916,336451695,3.5824747114442692,10,0,1164,35,944,0,154,66,0.93465346534653471,0,4,2
test__pure_attack__pure_replay__seed_0022,full,test,pure_attack,pure_replay,22,22,0,19.1245525,v6,50,0.29999999999999999,15,replay,22,60,0.10000000000000001,1,reference,0,0,0.050000000000000003,0.497,0.9799999999999881,3.43096184915,5,10,300,2,2,0.5,0.02,320,29500,114544,0,24403,22701,22685,1099,1004,1010,95,1138,933,0,89,77,0.92376237623762381,0,1,0.96037056098816265,162,771,140,26,0.86170212765957444,0.84632272228320526,0.17363344051446947,0.28902765388046386,0,87,0,824,771,35,35,870,0,89,140,0.86138613861386137,0,1,0.92553191489361697,740,35,836,0,89,174,0.82772277227722768,0,1,0.90574214517876495,162,674,237,26,0.86170212765957444,0.73984632272228323,0.19377990430622011,0.31640625,0,0.92376237623762381,1,0.4885938996193101,60.768842714998499,51939,1.1700040954773581,51939,116399,0.4462151736698769,80826,253401754,3.1351514859079996,10,0,1099,39,933,0,89,77,0.92376237623762381,0,6,3
test__pure_attack__pure_replay__seed_0023,full,test,pure_attack,pure_replay,23,23,0,22.1869875,v6,50,0.29999999999999999,15,replay,23,60,0.10000000000000001,1,reference,0,0,0.050000000000000003,0.497,0.9799999999999881,3.43096184915,5,10,300,2,2,0.5,0.02,320,29500,104454,0,22331,20587,20580,1027,890,892,137,1088,824,0,174,68,0.92376681614349776,0,1,0.96037296037296038,190,634,215,27,0.87557603686635943,0.74676089517078914,0.23058252427184467,0.36503362151777136,0,174,0,675,634,35,35,781,0,174,111,0.87556053811659196,0,1,0.93365212193664071,609,35,772,0,174,120,0.86547085201793716,0,1,0.92788461538461542,186,586,263,31,0.8571428571428571,0.69022379269729095,0.24093264248704663,0.37613751263902934,0.099993489999997465,0.92376681614349776,1,0.5538367176347343,52.802943320002498,45780,1.1534063634775555,45780,99656,0.45938026812234084,73377,248329416,3.3842950243264238,10,0,1066,22,824,0,174,68,0.92376681614349776,0,1,1
test__pure_attack__pure_replay__seed_0024,full,test,pure_attack,pure_replay,24,24,0,24.1260106,v6,50,0.29999999999999999,15,replay,24,60,0.10000000000000001,1,reference,0,0,0.050000000000000003,0.497,0.9799999999999881,3.43096184915,5,10,300,2,2,0.5,0.02,320,29500,122217,0,26406,24487,24458,1088,986,988,102,1169,935,0,152,53,0.94635627530364375,0,1,0.97243889755590218,229,706,174,31,0.88076923076923075,0.80227272727272725,0.2449197860962567,0.38326359832635981,0,152,0,728,706,35,35,848,0,152,140,0.8582995951417004,0,1,0.92374727668845313,666,35,865,0,152,123,0.87550607287449389,0,1,0.9336211548839719,225,640,240,35,0.86538461538461542,0.72727272727272729,0.26011560693641617,0.40000000000000002,0,0.94635627530364375,1,0.49738636363636363,66.575724728998779,56156,1.185549624777384,56156,117445,0.47814721784665165,86841,302129328,3.4791092686634193,10,0,1140,29,935,0,152,53,0.94635627530364375,0,9,4
test__pure_attack__pure_replay__seed_0025,full,test,pure_attack,pure_replay,25,25,0,23.1353544,v6,50,0.29999999999999999,15,replay,25,60,0.10000000000000001,1,reference,0,0,0.050000000000000003,0.497,0.9799999999999881,3.43096184915,5,10,300,2,2,0.5,0.02,320,29500,106475,0,21809,20378,20378,947,820,820,127,1033,757,0,168,63,0.92317073170731712,0,1,0.96005072923272039,178,579,193,38,0.82407407407407407,0.75,0.23513870541611626,0.3658787255909558,0,168,0,604,579,34,34,709,0,168,111,0.86463414634146341,0,1,0.9274035317200785,550,34,709,0,168,111,0.86463414634146341,0,1,0.9274035317200785,178,531,241,38,0.82407407407407407,0.68782383419689119,0.25105782792665726,0.38486486486486488,0.29999999800000055,0.92317073170731712,1,0.52522308578008059,52.658178788997446,45295,1.1625605207859022,45295,101219,0.44749503551704717,71258,247043368,3.4668860759493674,10,0,988,45,757,0,168,63,0.92317073170731712,0,5,2
test__pure_attack__pure_replay__seed_0026,full,test,pure_attack,pure_replay,26,26,0,25.1424344,v6,50,0.29999999999999999,15,replay,26,60,0.10000000000000001,1,reference,0,0,0.050000000000000003,0.497,0.9799999999999881,3.43096184915,5,10,300,2,2,0.5,0.02,320,29500,114655,0,23042,21366,21356,1032,912,913,120,1130,846,0,196,67,0.92661555312157717,0,1,0.96191017623649799,195,651,230,33,0.85526315789473684,0.73893303064699201,0.23049645390070922,0.36312849162011174,0,193,0,688,651,35,35,766,0,196,147,0.83899233296823661,0,1,0.91244788564621804,611,35,802,0,196,111,0.87842278203723989,0,1,0.93527696793002912,195,607,274,33,0.85526315789473684,0.68898978433598179,0.243142144638404,0.37864077669902912,0.19999996349999805,0.92661555312157717,1,0.52233058525997167,62.62267997100053,54048,1.1586493481905071,54048,115198,0.46917481206270945,81097,294679032,3.6336613191610048,10,0,1109,21,846,0,196,67,0.92661555312157717,0,5,3
test__pure_attack__pure_replay__seed_0027,full,test,pure_attack,pure_replay,27,27,0,22.3853642,v6,50,0.29999999999999999,15,replay,27,60,0.10000000000000001,1,reference,0,0,0.050000000000000003,0.497,0.9799999999999881,3.43096184915,5,10,300,2,2,0.5,0.02,320,29500,108960,0,21883,20191,20191,1037,944,947,93,1153,880,0,196,67,0.92925026399155231,0,1,0.96332785987958403,316,564,227,36,0.89772727272727271,0.7130214917825537,0.35909090909090907,0.51298701298701299,0,196,0,595,564,31,31,807,0,196,140,0.85216473072861665,0,1,0.92018244013683015,533,31,823,0,196,124,0.86906019007391766,0,1,0.92994350282485871,308,515,276,44,0.875,0.65107458912768645,0.37424058323207776,0.52425531914893619,0.30000000199999999,0.92925026399155231,1,0.57488363406504994,54.048317409001477,46961,1.1509192182662524,46961,102321,0.45895759423774202,73104,249409247,3.4117045168527027,10,0,1143,10,880,0,196,67,0.92925026399155231,0,0,0
test__pure_attack__pure_replay__seed_0028,full,test,pure_attack,pure_replay,28,28,0,20.0048057,v6,50,0.29999999999999999,15,replay,28,60,0.10000000000000001,1,reference,0,0,0.050000000000000003,0.497,0.9799999999999881,3.43096184915,5,10,300,2,2,0.5,0.02,320,29500,110397,0,20640,19032,19023,1133,997,998,136,1217,935,0,190,63,0.93687374749498997,0,1,0.96740817382307298,227,708,224,29,0.88671875,0.75965665236051505,0.24278074866310159,0.3811922753988245,0,188,0,744,708,35,35,818,0,190,180,0.81963927855711427,0,1,0.90088105726872247,667,35,863,0,190,135,0.8647294589178357,0,1,0.92745835572272972,223,640,292,33,0.87109375,0.68669527896995708,0.25840092699884126,0.39857015192135836,0.29881804599999917,0.93687374749498997,1,0.53558375804721026,64.827959640999964,53942,1.2018086025916719,53942,114251,0.47213591128305221,79278,257083401,3.2428088624839173,10,0,1188,29,935,0,190,63,0.93687374749498997,0,3,1
test__pure_attack__pure_replay__seed_0029,full,test,pure_attack,pure_replay,29,29,0,23.0433703,v6,50,0.29999999999999999,15,replay,29,60,0.10000000000000001,1,reference,0,0,0.050000000000000003,0.497,0.9799999999999881,3.43096184915,5,10,300,2,2,0.5,0.02,320,29500,104978,0,22371,20431,20416,973,863,867,110,1094,807,0,198,60,0.9307958477508651,0,1,0.96415770609318996,211,596,224,34,0.86122448979591837,0.72682926829268291,0.26146220570012391,0.40114068441064638,0,194,0,626,596,34,34,741,0,198,126,0.8546712802768166,0,1,0.92164179104477617,574,34,736,0,198,131,0.84890426758938875,0,1,0.91827822832189643,209,527,293,36,0.85306122448979593,0.64268292682926831,0.28396739130434784,0.42609582059123341,0.3000000509999996,0.9307958477508651,1,0.51999253359880537,55.674464581000308,46840,1.1886094060845496,46840,100968,0.46390935742017275,73070,253789360,3.4732360749965787,10,0,1065,29,807,0,198,60,0.9307958477508651,0,4,2
test__pure_attack__pure_replay__seed_0030,full,test,pure_attack,pure_replay,30,30,0,24.7091092,v6,50,0.29999999999999999,15,replay,30,60,0.10000000000000001,1,reference,0,0,0.050000000000000003,0.497,0.9799999999999881,3.43096184915,5,10,300,2,2,0.5,0.02,320,29500,111663,0,21936,20197,20188,1064,968,971,96,1159,899,0,155,72,0.92584963954685895,0,1,0.9614973262032086,258,641,189,38,0.8716216216216216,0.77228915662650599,0.28698553948832034,0.43179916317991635,0,154,0,676,641,33,33,819,0,155,152,0.84346035015447995,0,1,0.91508379888268154,602,33,820,0,155,151,0.8444902162718847,0,1,0.9156895589056393,255,565,265,41,0.86148648648648651,0.68072289156626509,0.31097560975609756,0.45698924731182794,0.091702644000001499,0.92584963954685895,0.99948506694129768,0.52827254965809178,59.430316945000307,50293,1.1816816842304161,50293,109574,0.45898662091372039,77955,280806803,3.6021653902892696,10,0,1126,33,899,0,155,72,0.92584963954685895,0,4,2
test__pure_attack__pure_dos__seed_0001,full,test,pure_attack,pure_dos,1,1,0,80.5095912,v6,50,0.29999999999999999,15,dos,1,60,0.10000000000000001,1,reference,0,0,0.050000000000000003,0.497,0.9799999999999881,3.43096184915,5,10,300,2,2,0.5,0.02,320,96947,360438,0,204852,202315,202315,271,267,280,4,999,241,0,668,39,0.86071428571428577,0,1,0.92514395393474091,241,0,668,39,0.86071428571428577,0,1,0.92514395393474091,0,668,0,0,0,0,0,0,0,668,280,0,0,nan,0,0,0,221,0,668,59,0.78928571428571426,0,1,0.88223552894211577,221,0,668,59,0.78928571428571426,0,1,0.88223552894211577,2.269999533,0.86071428571428577,0.93528924294268601,0.93528924294268601,67.610928650999099,49298,1.371474068948012,49298,120643,0.40862710642142519,259466,1179056754,4.5441666885063938,10,0,948,51,241,0,668,39,0.86071428571428577,0,0,0
test__pure_attack__pure_dos__seed_0002,full,test,pure_attack,pure_dos,2,2,0,86.3128151,v6,50,0.29999999999999999,15,dos,2,60,0.10000000000000001,1,reference,0,0,0.050000000000000003,0.497,0.9799999999999881,3.43096184915,5,10,300,2,2,0.5,0.02,320,96946,393864,0,213467,211740,211740,306,305,317,1,940,285,0,589,32,0.89905362776025233,0,1,0.94684385382059799,285,0,589,32,0.89905362776025233,0,1,0.94684385382059799,0,589,0,0,0,0,0,0,0,589,317,0,0,nan,0,0,0,269,0,589,48,0.8485804416403786,0,1,0.91808873720136519,269,0,589,48,0.8485804416403786,0,1,0.91808873720136519,2.5199995340000001,0.89905362776025233,0.9489269627717406,0.9489269627717406,67.206840442999848,48662,1.3810949086145214,48662,105819,0.45986070554437292,267263,1175503999,4.3983042882853223,10,0,906,34,285,0,589,32,0.89905362776025233,0,0,0
test__pure_attack__pure_dos__seed_0003,full,test,pure_attack,pure_dos,3,3,0,78.5747539,v6,50,0.29999999999999999,15,dos,3,60,0.10000000000000001,1,reference,0,0,0.050000000000000003,0.497,0.9799999999999881,3.43096184915,5,10,300,2,2,0.5,0.02,320,96954,335725,0,171472,170125,170125,282,281,293,1,914,258,0,584,35,0.88054607508532423,0,1,0.93647912885662432,258,0,584,35,0.88054607508532423,0,1,0.93647912885662432,0,584,0,0,0,0,0,0,0,584,293,0,0,nan,0,0,0,243,0,584,50,0.82935153583617749,0,1,0.90671641791044777,243,0,584,50,0.82935153583617749,0,1,0.90671641791044777,2.5100775845000012,0.88054607508532423,0.93996622095469629,0.93996622095469629,60.393541825996344,47215,1.2791176919622227,47215,103012,0.45834465887469422,222558,948433052,4.2615095930049689,10,0,877,37,258,0,584,35,0.88054607508532423,0,0,0
test__pure_attack__pure_dos__seed_0004,full,test,pure_attack,pure_dos,4,4,0,58.2718025,v6,50,0.29999999999999999,15,dos,4,60,0.10000000000000001,1,reference,0,0,0.050000000000000003,0.497,0.9799999999999881,3.43096184915,5,10,300,2,2,0.5,0.02,320,96927,370698,0,205607,202915,202915,255,253,263,2,897,225,0,582,38,0.85551330798479086,0,1,0.92213114754098358,225,0,582,38,0.85551330798479086,0,1,0.92213114754098358,0,582,0,0,0,0,0,0,0,582,263,0,0,nan,0,0,0,206,0,582,57,0.78326996197718635,0,1,0.87846481876332627,206,0,582,57,0.78326996197718635,0,1,0.87846481876332627,2.0603145010000006,0.85551330798479086,0.9272601361504188,0.9272601361504188,64.639430024000319,49795,1.2981108549854468,49795,108984,0.45690193055861411,261073,1067809109,4.0900786714826882,10,0,845,52,225,0,582,38,0.85551330798479086,0,0,0
test__pure_attack__pure_dos__seed_0005,full,test,pure_attack,pure_dos,5,5,0,78.6397013,v6,50,0.29999999999999999,15,dos,5,60,0.10000000000000001,1,reference,0,0,0.050000000000000003,0.497,0.9799999999999881,3.43096184915,5,10,300,2,2,0.5,0.02,320,96931,328982,0,203311,201517,201517,266,265,275,1,893,239,0,582,36,0.86909090909090914,0,1,0.92996108949416345,239,0,582,36,0.86909090909090914,0,1,0.92996108949416345,0,582,0,0,0,0,0,0,0,582,275,0,0,nan,0,0,0,226,0,582,49,0.82181818181818178,0,1,0.9021956087824351,226,0,582,49,0.82181818181818178,0,1,0.9021956087824351,2.2499995849999976,0.86909090909090914,0.93409559512652296,0.93409559512652296,58.367189960001049,42878,1.3612386296002856,42878,101213,0.42364123185756769,250322,1112687765,4.4450258666837117,10,0,857,36,239,0,582,36,0.86909090909090914,0,0,0
test__pure_attack__pure_dos__seed_0006,full,test,pure_attack,pure_dos,6,6,0,60.611894,v6,50,0.29999999999999999,15,dos,6,60,0.10000000000000001,1,reference,0,0,0.050000000000000003,0.497,0.9799999999999881,3.43096184915,5,10,300,2,2,0.5,0.02,320,96945,321400,0,192112,190784,190784,268,265,275,3,913,241,0,607,34,0.87636363636363634,0,1,0.93410852713178294,241,0,607,34,0.87636363636363634,0,1,0.93410852713178294,0,607,0,0,0,0,0,0,0,607,275,0,0,nan,0,0,0,227,0,607,48,0.82545454545454544,0,1,0.90438247011952189,227,0,607,48,0.82545454545454544,0,1,0.90438247011952189,2.2899995809999965,0.87636363636363634,0.94099745394638312,0.94099745394638312,51.044316465998882,40414,1.2630354942841313,40414,95822,0.42176118219198094,236330,863541635,3.6539653662251936,10,0,882,31,241,0,607,34,0.87636363636363634,0,0,0
test__pure_attack__pure_dos__seed_0007,full,test,pure_attack,pure_dos,7,7,0,70.6194977,v6,50,0.29999999999999999,15,dos,7,60,0.10000000000000001,1,reference,0,0,0.050000000000000003,0.497,0.9799999999999881,3.43096184915,5,10,300,2,2,0.5,0.02,320,96906,328518,0,183072,181373,181373,256,256,269,0,935,226,0,622,43,0.8401486988847584,0,1,0.91313131313131313,226,0,622,43,0.8401486988847584,0,1,0.91313131313131313,0,622,0,0,0,0,0,0,0,622,269,0,0,nan,0,0,0,221,0,622,48,0.82156133828996281,0,1,0.90204081632653066,221,0,622,48,0.82156133828996281,0,1,0.90204081632653066,2.4900670475000002,0.8401486988847584,0.91968885595094374,0.91968885595094374,65.600832720997758,49155,1.3345709026751655,49155,105968,0.46386645024913181,236936,930768418,3.9283537242124456,10,0,891,44,226,0,622,43,0.8401486988847584,0,0,0
test__pure_attack__pure_dos__seed_0008,full,test,pure_attack,pure_dos,8,8,0,72.4694042,v6,50,0.29999999999999999,15,dos,8,60,0.10000000000000001,1,reference,0,0,0.050000000000000003,0.497,0.9799999999999881,3.43096184915,5,10,300,2,2,0.5,0.02,320,96920,368646,0,213564,210929,210929,238,237,253,1,933,217,0,621,36,0.85770750988142297,0,1,0.92340425531914894,217,0,621,36,0.85770750988142297,0,1,0.92340425531914894,0,621,0,0,0,0,0,0,0,621,253,0,0,nan,0,0,0,195,0,621,58,0.77075098814229248,0,1,0.8705357142857143,195,0,621,58,0.77075098814229248,0,1,0.8705357142857143,2.0120093950000033,0.85770750988142297,0.9324626224437188,0.9324626224437188,67.269128680998847,51910,1.2958799591793266,51910,118382,0.4384957172543123,271690,1092925729,4.0226939857926309,10,0,874,59,217,0,621,36,0.85770750988142297,0,0,0
test__pure_attack__pure_dos__seed_0009,full,test,pure_attack,pure_dos,9,9,0,69.1835938,v6,50,0.29999999999999999,15,dos,9,60,0.10000000000000001,1,reference,0,0,0.050000000000000003,0.497,0.9799999999999881,3.43096184915,5,10,300,2,2,0.5,0.02,320,96939,325518,0,187131,185494,185494,269,269,283,0,910,240,0,594,43,0.84805653710247353,0,1,0.9177820267686424,240,0,594,43,0.84805653710247353,0,1,0.9177820267686424,0,594,0,0,0,0,0,0,0,594,283,0,0,nan,0,0,0,221,0,594,62,0.78091872791519434,0,1,0.87698412698412698,221,0,594,62,0.78091872791519434,0,1,0.87698412698412698,2.4799538124999998,0.84805653710247353,0.9255392559279485,0.9255392559279485,54.971176904998053,44460,1.2364187338056243,44460,105156,0.42280041081821296,235621,902211494,3.8290793010809736,10,0,877,33,240,0,594,43,0.84805653710247353,0,0,0
test__pure_attack__pure_dos__seed_0010,full,test,pure_attack,pure_dos,10,10,0,63.9407351,v6,50,0.29999999999999999,15,dos,10,60,0.10000000000000001,1,reference,0,0,0.050000000000000003,0.497,0.9799999999999881,3.43096184915,5,10,300,2,2,0.5,0.02,320,96926,362596,0,215285,213255,213255,262,261,272,1,881,237,0,555,35,0.87132352941176472,0,1,0.93123772102161095,237,0,555,35,0.87132352941176472,0,1,0.93123772102161095,0,555,0,0,0,0,0,0,0,555,272,0,0,nan,0,0,0,221,0,555,51,0.8125,0,1,0.89655172413793105,221,0,555,51,0.8125,0,1,0.89655172413793105,2.1783889639999998,0.87132352941176472,0.93703630100688928,0.93703630100688928,59.010475933000457,44616,1.3226303553209715,44616,97800,0.45619631901840491,264739,1009415314,3.8128697094119115,10,0,827,54,237,0,555,35,0.87132352941176472,0,0,0
test__pure_attack__pure_dos__seed_0011,full,test,pure_attack,pure_dos,11,11,0,60.2802726,v6,50,0.29999999999999999,15,dos,11,60,0.10000000000000001,1,reference,0,0,0.050000000000000003,0.497,0.9799999999999881,3.43096184915,5,10,300,2,2,0.5,0.02,320,96939,371905,0,206175,204234,204234,274,273,285,1,923,248,0,586,37,0.87017543859649127,0,1,0.93058161350844282,248,0,586,37,0.87017543859649127,0,1,0.93058161350844282,0,586,0,0,0,0,0,0,0,586,285,0,0,nan,0,0,0,232,0,586,53,0.81403508771929822,0,1,0.89748549323017413,232,0,586,53,0.81403508771929822,0,1,0.89748549323017413,2.4502630234999963,0.87017543859649127,0.9378210885575714,0.9378210885575714,63.256574519000701,50458,1.2536480740219729,50458,107473,0.46949466377601817,261525,931119547,3.5603462269381514,10,0,871,52,248,0,586,37,0.87017543859649127,0,0,0
test__pure_attack__pure_dos__seed_0012,full,test,pure_attack,pure_dos,12,12,0,75.7040231,v6,50,0.29999999999999999,15,dos,12,60,0.10000000000000001,1,reference,0,0,0.050000000000000003,0.497,0.9799999999999881,3.43096184915,5,10,300,2,2,0.5,0.02,320,96946,370246,0,197963,196343,196343,286,284,295,2,988,265,0,649,30,0.89830508474576276,0,1,0.9464285714285714,265,0,649,30,0.89830508474576276,0,1,0.9464285714285714,0,649,0,0,0,0,0,0,0,649,295,0,0,nan,0,0,0,253,0,649,42,0.85762711864406782,0,1,0.92335766423357668,253,0,649,42,0.85762711864406782,0,1,0.92335766423357668,2.280455473,0.89830508474576276,0.95053145647802351,0.95053145647802351,73.701178629000395,54445,1.3536813046009808,54445,123577,0.4405755116243314,257183,1019906186,3.9656827473044487,10,0,944,44,265,0,649,30,0.89830508474576276,0,0,0
test__pure_attack__pure_dos__seed_0013,full,test,pure_attack,pure_dos,13,13,0,72.3150338,v6,50,0.29999999999999999,15,dos,13,60,0.10000000000000001,1,reference,0,0,0.050000000000000003,0.497,0.9799999999999881,3.43096184915,5,10,300,2,2,0.5,0.02,320,96927,354246,0,193640,191744,191744,264,263,273,1,922,238,0,614,35,0.87179487179487181,0,1,0.93150684931506844,238,0,614,35,0.87179487179487181,0,1,0.93150684931506844,0,614,0,0,0,0,0,0,0,614,273,0,0,nan,0,0,0,226,0,614,47,0.82783882783882778,0,1,0.905811623246493,226,0,614,47,0.82783882783882778,0,1,0.905811623246493,2.1797593774999999,0.87179487179487181,0.93762453615873809,0.93762453615873809,74.779260063999516,58255,1.2836539363831347,58255,117523,0.49569020532151153,256735,993799935,3.8709172298284225,10,0,887,35,238,0,614,35,0.87179487179487181,0,0,0
test__pure_attack__pure_dos__seed_0014,full,test,pure_attack,pure_dos,14,14,0,73.3965107,v6,50,0.29999999999999999,15,dos,14,60,0.10000000000000001,1,reference,0,0,0.050000000000000003,0.497,0.9799999999999881,3.43096184915,5,10,300,2,2,0.5,0.02,320,96933,387972,0,228527,226255,226255,298,292,304,6,1002,262,0,644,42,0.86184210526315785,0,1,0.9257950530035336,262,0,644,42,0.86184210526315785,0,1,0.9257950530035336,0,644,0,0,0,0,0,0,0,644,304,0,0,nan,0,0,0,245,0,644,59,0.80592105263157898,0,1,0.89253187613843354,245,0,644,59,0.80592105263157898,0,1,0.89253187613843354,2.3194609119999985,0.86184210526315785,0.93235125858123569,0.93235125858123569,72.589303514000221,55936,1.2977206720895349,55936,124383,0.44970775749097547,290077,1144697120,3.9461836684742324,10,0,948,54,262,0,644,42,0.86184210526315785,0,0,0
test__pure_attack__pure_dos__seed_0015,full,test,pure_attack,pure_dos,15,15,0,72.7061386,v6,50,0.29999999999999999,15,dos,15,60,0.10000000000000001,1,reference,0,0,0.050000000000000003,0.497,0.9799999999999881,3.43096184915,5,10,300,2,2,0.5,0.02,320,96930,340547,0,186574,184812,184812,261,261,270,0,848,238,0,549,32,0.88148148148148153,0,1,0.93700787401574803,238,0,549,32,0.88148148148148153,0,1,0.93700787401574803,0,549,0,0,0,0,0,0,0,549,270,0,0,nan,0,0,0,221,0,549,49,0.81851851851851853,0,1,0.90020366598778001,221,0,549,49,0.81851851851851853,0,1,0.90020366598778001,2.4500318369999992,0.88148148148148153,0.94237671186669369,0.94237671186669369,59.252428974999255,44510,1.3312161081779208,44510,92746,0.47991288033985291,235143,897065126,3.8149769544489951,10,0,819,29,238,0,549,32,0.88148148148148153,0,0,0
test__pure_attack__pure_dos__seed_0016,full,test,pure_attack,pure_dos,16,16,0,68.8885034,v6,50,0.29999999999999999,15,dos,16,60,0.10000000000000001,1,reference,0,0,0.050000000000000003,0.497,0.9799999999999881,3.43096184915,5,10,300,2,2,0.5,0.02,320,96935,369874,0,211472,209664,209664,269,267,275,2,910,250,0,592,25,0.90909090909090906,0,1,0.95238095238095233,250,0,592,25,0.90909090909090906,0,1,0.95238095238095233,0,592,0,0,0,0,0,0,0,592,275,0,0,nan,0,0,0,225,0,592,50,0.81818181818181823,0,1,0.90000000000000002,225,0,592,50,0.81818181818181823,0,1,0.90000000000000002,2.4448675470000003,0.90909090909090906,0.9540847665847666,0.9540847665847666,57.6915364949989,43193,1.3356686614728983,43193,103812,0.41606943320618039,259106,999541915,3.8576563838737816,10,0,867,43,250,0,592,25,0.90909090909090906,0,0,0
test__pure_attack__pure_dos__seed_0017,full,test,pure_attack,pure_dos,17,17,0,66.2821146,v6,50,0.29999999999999999,15,dos,17,60,0.10000000000000001,1,reference,0,0,0.050000000000000003,0.497,0.9799999999999881,3.43096184915,5,10,300,2,2,0.5,0.02,320,96927,341218,0,196796,195181,195181,259,259,271,0,879,232,0,581,39,0.85608856088560881,0,1,0.92246520874751492,232,0,581,39,0.85608856088560881,0,1,0.92246520874751492,0,581,0,0,0,0,0,0,0,581,271,0,0,nan,0,0,0,219,0,581,52,0.80811808118081185,0,1,0.89387755102040811,219,0,581,52,0.80811808118081185,0,1,0.89387755102040811,2.4499995749999979,0.85608856088560881,0.92779658433417378,0.92779658433417378,63.375741361999744,47240,1.3415694615156593,47240,106536,0.44341818727941729,248362,931164131,3.749221422761936,10,0,852,27,232,0,581,39,0.85608856088560881,0,0,0
test__pure_attack__pure_dos__seed_0018,full,test,pure_attack,pure_dos,18,18,0,69.6274589,v6,50,0.29999999999999999,15,dos,18,60,0.10000000000000001,1,reference,0,0,0.050000000000000003,0.497,0.9799999999999881,3.43096184915,5,10,300,2,2,0.5,0.02,320,96933,376717,0,204238,202813,202813,268,268,282,0,933,246,0,642,36,0.87234042553191493,0,1,0.93181818181818177,246,0,642,36,0.87234042553191493,0,1,0.93181818181818177,0,642,0,0,0,0,0,0,0,642,282,0,0,nan,0,0,0,230,0,642,52,0.81560283687943258,0,1,0.8984375,230,0,642,52,0.81560283687943258,0,1,0.8984375,2.4949995795000017,0.87234042553191493,0.93557367269834957,0.93557367269834957,77.07056325699746,56966,1.3529221510549707,56966,118984,0.47877025482417807,265281,1018362517,3.8388068387860423,10,0,924,9,246,0,642,36,0.87234042553191493,0,0,0
test__pure_attack__pure_dos__seed_0019,full,test,pure_attack,pure_dos,19,19,0,74.931034,v6,50,0.29999999999999999,15,dos,19,60,0.10000000000000001,1,reference,0,0,0.050000000000000003,0.497,0.9799999999999881,3.43096184915,5,10,300,2,2,0.5,0.02,320,96934,344804,0,193507,191726,191726,279,278,287,1,931,250,0,613,37,0.87108013937282225,0,1,0.93109869646182497,250,0,613,37,0.87108013937282225,0,1,0.93109869646182497,0,613,0,0,0,0,0,0,0,613,287,0,0,nan,0,0,0,239,0,613,48,0.83275261324041816,0,1,0.90874524714828897,239,0,613,48,0.83275261324041816,0,1,0.90874524714828897,2.2299996444999994,0.87108013937282225,0.93522460510086336,0.93522460510086336,65.652828294999011,49266,1.3326194189704668,49266,109269,0.45086895642863029,246909,969659859,3.9271952784224151,10,0,900,31,250,0,613,37,0.87108013937282225,0,0,0
test__pure_attack__pure_dos__seed_0020,full,test,pure_attack,pure_dos,20,20,0,69.6860168,v6,50,0.29999999999999999,15,dos,20,60,0.10000000000000001,1,reference,0,0,0.050000000000000003,0.497,0.9799999999999881,3.43096184915,5,10,300,2,2,0.5,0.02,320,96930,354112,0,190632,189089,189089,300,296,311,4,1003,269,0,656,42,0.864951768488746,0,1,0.92758620689655169,269,0,656,42,0.864951768488746,0,1,0.92758620689655169,0,656,0,0,0,0,0,0,0,656,311,0,0,nan,0,0,0,250,0,656,61,0.8038585209003215,0,1,0.89126559714795006,250,0,656,61,0.8038585209003215,0,1,0.89126559714795006,2.4099995199999995,0.864951768488746,0.93237295114108698,0.93237295114108698,74.69489480399622,55948,1.3350771216843536,55948,119013,0.47009990505238924,250914,944342156,3.7636088699713848,10,0,967,36,269,0,656,42,0.864951768488746,0,0,0
test__pure_attack__pure_dos__seed_0021,full,test,pure_attack,pure_dos,21,21,0,74.8045996,v6,50,0.29999999999999999,15,dos,21,60,0.10000000000000001,1,reference,0,0,0.050000000000000003,0.497,0.9799999999999881,3.43096184915,5,10,300,2,2,0.5,0.02,320,96916,383640,0,209083,206923,206923,298,294,308,4,1034,266,0,702,42,0.86363636363636365,0,1,0.92682926829268297,266,0,702,42,0.86363636363636365,0,1,0.92682926829268297,0,702,0,0,0,0,0,0,0,702,308,0,0,nan,0,0,0,251,0,702,57,0.81493506493506496,0,1,0.89803220035778175,251,0,702,57,0.81493506493506496,0,1,0.89803220035778175,2.3051168364999999,0.86363636363636365,0.93123543123543129,0.93123543123543129,82.283529392993415,60492,1.3602382032829698,60492,135846,0.4452983525462656,274426,1082667402,3.9452070940800072,10,0,1010,24,266,0,702,42,0.86363636363636365,0,0,0
test__pure_attack__pure_dos__seed_0022,full,test,pure_attack,pure_dos,22,22,0,76.0956989,v6,50,0.29999999999999999,15,dos,22,60,0.10000000000000001,1,reference,0,0,0.050000000000000003,0.497,0.9799999999999881,3.43096184915,5,10,300,2,2,0.5,0.02,320,96925,357891,0,215057,213355,213355,291,291,309,0,1012,263,0,666,46,0.85113268608414239,0,1,0.91958041958041958,263,0,666,46,0.85113268608414239,0,1,0.91958041958041958,0,666,0,0,0,0,0,0,0,666,309,0,0,nan,0,0,0,251,0,666,58,0.81229773462783172,0,1,0.89642857142857146,251,0,666,58,0.81229773462783172,0,1,0.89642857142857146,2.3805982630000031,0.85113268608414239,0.92500753180364825,0.92500753180364825,63.715892354998438,49426,1.289116909217789,49426,116399,0.42462564111375528,268948,1065917131,3.9632833521721671,10,0,975,37,263,0,666,46,0.85113268608414239,0,0,0
test__pure_attack__pure_dos__seed_0023,full,test,pure_attack,pure_dos,23,23,0,72.4310592,v6,50,0.29999999999999999,15,dos,23,60,0.10000000000000001,1,reference,0,0,0.050000000000000003,0.497,0.9799999999999881,3.43096184915,5,10,300,2,2,0.5,0.02,320,96944,323180,0,198209,196465,196465,265,264,275,1,902,242,0,588,33,0.88,0,1,0.93617021276595747,242,0,588,33,0.88,0,1,0.93617021276595747,0,588,0,0,0,0,0,0,0,588,275,0,0,nan,0,0,0,228,0,588,47,0.8290909090909091,0,1,0.90656063618290261,228,0,588,47,0.8290909090909091,0,1,0.90656063618290261,2.3251390615000016,0.88,0.94151205936920224,0.94151205936920224,58.677137565002518,42572,1.3783035226205609,42572,99656,0.42718953199004578,246002,976525163,3.9695822107137344,10,0,863,39,242,0,588,33,0.88,0,0,0
test__pure_attack__pure_dos__seed_0024,full,test,pure_attack,pure_dos,24,24,0,58.230749,v6,50,0.29999999999999999,15,dos,24,60,0.10000000000000001,1,reference,0,0,0.050000000000000003,0.497,0.9799999999999881,3.43096184915,5,10,300,2,2,0.5,0.02,320,96938,380885,0,233332,231413,231413,292,291,302,1,961,270,0,644,32,0.89403973509933776,0,1,0.94405594405594406,270,0,644,32,0.89403973509933776,0,1,0.94405594405594406,0,644,0,0,0,0,0,0,0,644,302,0,0,nan,0,0,0,252,0,644,50,0.83443708609271527,0,1,0.90974729241877261,252,0,644,50,0.83443708609271527,0,1,0.90974729241877261,2.2299995695000021,0.89403973509933776,0.9500843239685739,0.9500843239685739,72.010976920998843,52470,1.3724218967219144,52470,117445,0.44676231427476693,290027,1023459417,3.5288418561030528,10,0,946,15,270,0,644,32,0.89403973509933776,0,0,0
test__pure_attack__pure_dos__seed_0025,full,test,pure_attack,pure_dos,25,25,0,65.6576626,v6,50,0.29999999999999999,15,dos,25,60,0.10000000000000001,1,reference,0,0,0.050000000000000003,0.497,0.9799999999999881,3.43096184915,5,10,300,2,2,0.5,0.02,320,96939,359358,0,192807,191376,191376,265,265,274,0,861,244,0,556,30,0.89051094890510951,0,1,0.94208494208494209,244,0,556,30,0.89051094890510951,0,1,0.94208494208494209,0,556,0,0,0,0,0,0,0,556,274,0,0,nan,0,0,0,234,0,556,40,0.85401459854014594,0,1,0.92125984251968507,234,0,556,40,0.85401459854014594,0,1,0.92125984251968507,2.571145118999997,0.89051094890510951,0.94505855169878694,0.94505855169878694,54.30091191299752,42845,1.2673803690745131,42845,101219,0.42329009375710092,239802,913231542,3.8082732504316059,10,0,830,31,244,0,556,30,0.89051094890510951,0,0,0
test__pure_attack__pure_dos__seed_0026,full,test,pure_attack,pure_dos,26,26,0,71.4842135,v6,50,0.29999999999999999,15,dos,26,60,0.10000000000000001,1,reference,0,0,0.050000000000000003,0.497,0.9799999999999881,3.43096184915,5,10,300,2,2,0.5,0.02,320,96942,354300,0,204544,202868,202868,261,260,273,1,954,237,0,646,36,0.86813186813186816,0,1,0.92941176470588238,237,0,646,36,0.86813186813186816,0,1,0.92941176470588238,0,646,0,0,0,0,0,0,0,646,273,0,0,nan,0,0,0,224,0,646,49,0.82051282051282048,0,1,0.90140845070422537,224,0,646,49,0.82051282051282048,0,1,0.90140845070422537,2.3900252480000006,0.86813186813186816,0.93579537077989094,0.93579537077989094,66.513406673000006,51202,1.2990392303620955,51202,115198,0.4444695220403132,259723,1031456208,3.9713702983563257,10,0,919,35,237,0,646,36,0.86813186813186816,0,0,0
test__pure_attack__pure_dos__seed_0027,full,test,pure_attack,pure_dos,27,27,0,74.4199431,v6,50,0.29999999999999999,15,dos,27,60,0.10000000000000001,1,reference,0,0,0.050000000000000003,0.497,0.9799999999999881,3.43096184915,5,10,300,2,2,0.5,0.02,320,96943,350702,0,186154,184462,184462,292,289,299,3,903,259,0,568,40,0.86622073578595316,0,1,0.92831541218637992,259,0,568,40,0.86622073578595316,0,1,0.92831541218637992,0,568,0,0,0,0,0,0,0,568,299,0,0,nan,0,0,0,242,0,568,57,0.80936454849498329,0,1,0.89463955637707948,242,0,568,57,0.80936454849498329,0,1,0.89463955637707948,2.3405796420000016,0.86622073578595316,0.93932827735644642,0.93932827735644642,57.236994184001034,45008,1.2717071228226322,45008,102321,0.4398706032974658,235415,899515720,3.8209787821506702,10,0,867,36,259,0,568,40,0.86622073578595316,0,0,0
test__pure_attack__pure_dos__seed_0028,full,test,pure_attack,pure_dos,28,28,0,71.3893061,v6,50,0.29999999999999999,15,dos,28,60,0.10000000000000001,1,reference,0,0,0.050000000000000003,0.497,0.9799999999999881,3.43096184915,5,10,300,2,2,0.5,0.02,320,96925,333684,0,184058,182450,182450,269,267,281,2,970,238,0,649,43,0.84697508896797158,0,1,0.91714836223506746,238,0,649,43,0.84697508896797158,0,1,0.91714836223506746,0,649,0,0,0,0,0,0,0,649,281,0,0,nan,0,0,0,220,0,649,61,0.7829181494661922,0,1,0.8782435129740519,220,0,649,61,0.7829181494661922,0,1,0.8782435129740519,2.4093302739999984,0.84697508896797158,0.92858983708854026,0.92858983708854026,66.050733156000561,51379,1.2855589473520419,51379,114251,0.4497028472398491,240079,928031969,3.8655274680417695,10,0,930,40,238,0,649,43,0.84697508896797158,0,0,0
test__pure_attack__pure_dos__seed_0029,full,test,pure_attack,pure_dos,29,29,0,65.3260644,v6,50,0.29999999999999999,15,dos,29,60,0.10000000000000001,1,reference,0,0,0.050000000000000003,0.497,0.9799999999999881,3.43096184915,5,10,300,2,2,0.5,0.02,320,96921,323074,0,185452,183512,183512,273,271,283,2,919,252,0,601,31,0.89045936395759717,0,1,0.94205607476635511,252,0,601,31,0.89045936395759717,0,1,0.94205607476635511,0,601,0,0,0,0,0,0,0,601,283,0,0,nan,0,0,0,236,0,601,47,0.83392226148409898,0,1,0.90944123314065506,236,0,601,47,0.83392226148409898,0,1,0.90944123314065506,2.1599216030000026,0.89045936395759717,0.94495628604857629,0.94495628604857629,60.947240651999849,44355,1.3740782471423705,44355,100968,0.43929759923936296,233634,871332262,3.7294754273778645,10,0,884,35,252,0,601,31,0.89045936395759717,0,0,0
test__pure_attack__pure_dos__seed_0030,full,test,pure_attack,pure_dos,30,30,0,66.1606835,v6,50,0.29999999999999999,15,dos,30,60,0.10000000000000001,1,reference,0,0,0.050000000000000003,0.497,0.9799999999999881,3.43096184915,5,10,300,2,2,0.5,0.02,320,96939,348969,0,190787,189048,189048,272,272,278,0,928,250,0,595,28,0.89928057553956831,0,1,0.94696969696969702,250,0,595,28,0.89928057553956831,0,1,0.94696969696969702,0,595,0,0,0,0,0,0,0,595,278,0,0,nan,0,0,0,234,0,595,44,0.84172661870503596,0,1,0.9140625,234,0,595,44,0.84172661870503596,0,1,0.9140625,2.1499995970000008,0.89928057553956831,0.9510156580617859,0.9510156580617859,64.369875832000091,49107,1.3108085574765327,49107,109574,0.44816288535601512,245602,915411897,3.7272167856939276,10,0,873,55,250,0,595,28,0.89928057553956831,0,0,0
test__pure_attack__pure_constoffset__seed_0001,full,test,pure_attack,pure_constoffset,1,1,0,24.4031372,v6,50,0.29999999999999999,15,constoffset,1,60,0.10000000000000001,1,reference,0,0,0.050000000000000003,0.497,0.9799999999999881,3.43096184915,5,10,300,2,2,0.5,0.02,320,29500,119243,0,24792,22255,22255,271,266,273,5,993,85,0,669,188,0.31135531135531136,0,1,0.47486033519553073,85,0,669,188,0.31135531135531136,0,1,0.47486033519553073,0,669,0,0,0,0,0,0,0,669,273,0,0,nan,0,0,0,20,0,669,253,0.073260073260073263,0,1,0.13651877133105803,20,0,669,253,0.073260073260073263,0,1,0.13651877133105803,0.10000000199999981,0.31135531135531136,0.66098873722192109,0.66098873722192109,64.167252068999019,53099,1.2084455840787778,53099,120643,0.44013328581020034,83276,284230698,3.4131166002209521,10,0,942,51,85,0,669,188,0.31135531135531136,0,0,0
test__pure_attack__pure_constoffset__seed_0002,full,test,pure_attack,pure_constoffset,2,2,0,20.6335493,v6,50,0.29999999999999999,15,constoffset,2,60,0.10000000000000001,1,reference,0,0,0.050000000000000003,0.497,0.9799999999999881,3.43096184915,5,10,300,2,2,0.5,0.02,320,29500,120945,0,24563,22836,22836,306,303,306,3,942,60,0,608,246,0.19607843137254902,0,1,0.32786885245901637,60,0,608,246,0.19607843137254902,0,1,0.32786885245901637,0,608,0,0,0,0,0,0,0,608,306,0,0,nan,0,0,0,11,0,608,295,0.035947712418300651,0,1,0.069400630914826497,11,0,608,295,0.035947712418300651,0,1,0.069400630914826497,0,0.19607843137254902,0.60262405400756791,0.60262405400756791,61.912888185999577,52299,1.183825468670521,52299,105819,0.49423071471096874,82031,255652462,3.1165347490582831,10,0,914,28,60,0,608,246,0.19607843137254902,0,0,0
test__pure_attack__pure_constoffset__seed_0003,full,test,pure_attack,pure_constoffset,3,3,0,23.6566734,v6,50,0.29999999999999999,15,constoffset,3,60,0.10000000000000001,1,reference,0,0,0.050000000000000003,0.497,0.9799999999999881,3.43096184915,5,10,300,2,2,0.5,0.02,320,29500,104592,0,19484,18137,18137,282,279,285,3,910,61,0,587,224,0.21403508771929824,0,1,0.35260115606936415,61,0,587,224,0.21403508771929824,0,1,0.35260115606936415,0,587,0,0,0,0,0,0,0,587,285,0,0,nan,0,0,0,11,0,587,274,0.038596491228070177,0,1,0.074324324324324328,11,0,587,274,0.038596491228070177,0,1,0.074324324324324328,0,0.21403508771929824,0.62149496398577364,0.62149496398577364,57.80411147399596,48317,1.1963514182171071,48317,103012,0.46904244165728265,71707,244448962,3.4089971969263813,10,0,872,38,61,0,587,224,0.21403508771929824,0,0,0
test__pure_attack__pure_constoffset__seed_0004,full,test,pure_attack,pure_constoffset,4,4,0,16.6120269,v6,50,0.29999999999999999,15,constoffset,4,60,0.10000000000000001,1,reference,0,0,0.050000000000000003,0.497,0.9799999999999881,3.43096184915,5,10,300,2,2,0.5,0.02,320,29500,121333,0,24476,21784,21784,255,247,251,8,893,105,0,588,146,0.41832669322709165,0,1,0.5898876404494382,105,0,588,146,0.41832669322709165,0,1,0.5898876404494382,0,588,0,0,0,0,0,0,0,588,251,0,0,nan,0,0,0,32,0,588,219,0.12749003984063745,0,1,0.22614840989399293,32,0,588,219,0.12749003984063745,0,1,0.22614840989399293,0.099999999999999645,0.41832669322709165,0.72016017562403445,0.72016017562403445,62.812768032000427,52493,1.1965932225630165,52493,108984,0.48165785803420685,82634,242579065,2.935584202628458,10,0,839,54,105,0,588,146,0.41832669322709165,0,0,0
test__pure_attack__pure_constoffset__seed_0005,full,test,pure_attack,pure_constoffset,5,5,0,23.7955399,v6,50,0.29999999999999999,15,constoffset,5,60,0.10000000000000001,1,reference,0,0,0.050000000000000003,0.497,0.9799999999999881,3.43096184915,5,10,300,2,2,0.5,0.02,320,29500,104564,0,23059,21265,21265,266,260,264,6,888,67,0,590,197,0.25378787878787878,0,1,0.40483383685800606,67,0,590,197,0.25378787878787878,0,1,0.40483383685800606,0,590,0,0,0,0,0,0,0,590,264,0,0,nan,0,0,0,15,0,590,249,0.056818181818181816,0,1,0.10752688172043011,15,0,590,249,0.056818181818181816,0,1,0.10752688172043011,0.099999999000001338,0.25378787878787878,0.63512455059065231,0.63512455059065231,54.603240557001627,46036,1.1860987174602839,46036,101213,0.45484275735330443,73257,251472703,3.4327463996614656,10,0,854,34,67,0,590,197,0.25378787878787878,0,0,0
test__pure_attack__pure_constoffset__seed_0006,full,test,pure_attack,pure_constoffset,6,6,0,21.2859013,v6,50,0.29999999999999999,15,constoffset,6,60,0.10000000000000001,1,reference,0,0,0.050000000000000003,0.497,0.9799999999999881,3.43096184915,5,10,300,2,2,0.5,0.02,320,29500,97702,0,21332,20004,20004,268,264,270,4,911,54,0,598,216,0.20000000000000001,0,1,0.33333333333333331,54,0,598,216,0.20000000000000001,0,1,0.33333333333333331,0,598,0,0,0,0,0,0,0,598,270,0,0,nan,0,0,0,11,0,598,259,0.040740740740740744,0,1,0.078291814946619215,11,0,598,259,0.040740740740740744,0,1,0.078291814946619215,0,0.20000000000000001,0.60914158305462651,0.60914158305462651,50.050045475999241,42273,1.1839719318713893,42273,95822,0.44116173738807374,67422,193595152,2.8713943816558394,10,0,868,43,54,0,598,216,0.20000000000000001,0,0,0
test__pure_attack__pure_constoffset__seed_0007,full,test,pure_attack,pure_constoffset,7,7,0,22.0904149,v6,50,0.29999999999999999,15,constoffset,7,60,0.10000000000000001,1,reference,0,0,0.050000000000000003,0.497,0.9799999999999881,3.43096184915,5,10,300,2,2,0.5,0.02,320,29500,107486,0,20753,19054,19054,256,249,253,7,923,65,0,624,188,0.25691699604743085,0,1,0.4088050314465409,65,0,624,188,0.25691699604743085,0,1,0.4088050314465409,0,624,0,0,0,0,0,0,0,624,253,0,0,nan,0,0,0,13,0,624,240,0.051383399209486168,0,1,0.097744360902255634,13,0,624,240,0.051383399209486168,0,1,0.097744360902255634,0,0.25691699604743085,0.64113965744400525,0.64113965744400525,62.16651384399767,51234,1.2133839607291579,51234,105968,0.48348558055261964,76730,227914207,2.9703402450149876,10,0,877,46,65,0,624,188,0.25691699604743085,0,0,0
test__pure_attack__pure_constoffset__seed_0008,full,test,pure_attack,pure_constoffset,8,8,0,19.7489865,v6,50,0.29999999999999999,15,constoffset,8,60,0.10000000000000001,1,reference,0,0,0.050000000000000003,0.497,0.9799999999999881,3.43096184915,5,10,300,2,2,0.5,0.02,320,29500,121814,0,24724,22089,22089,238,232,238,6,924,87,0,617,151,0.36554621848739494,0,1,0.53538461538461535,87,0,617,151,0.36554621848739494,0,1,0.53538461538461535,0,617,0,0,0,0,0,0,0,617,238,0,0,nan,0,0,0,22,0,617,216,0.092436974789915971,0,1,0.16923076923076924,22,0,617,216,0.092436974789915971,0,1,0.16923076923076924,0.099999999999999645,0.36554621848739494,0.68545278727374259,0.68545278727374259,63.810737332999189,54849,1.1633892565589015,54849,118382,0.46332212667466338,85831,249424953,2.9060007806037449,10,0,855,69,87,0,617,151,0.36554621848739494,0,0,0
test__pure_attack__pure_constoffset__seed_0009,full,test,pure_attack,pure_constoffset,9,9,0,19.5696731,v6,50,0.29999999999999999,15,constoffset,9,60,0.10000000000000001,1,reference,0,0,0.050000000000000003,0.497,0.9799999999999881,3.43096184915,5,10,300,2,2,0.5,0.02,320,29500,102915,0,21390,19753,19753,269,264,269,5,897,60,0,594,209,0.22304832713754646,0,1,0.36474164133738601,60,0,594,209,0.22304832713754646,0,1,0.36474164133738601,0,594,0,0,0,0,0,0,0,594,269,0,0,nan,0,0,0,15,0,594,254,0.055762081784386616,0,1,0.10563380281690141,15,0,594,254,0.055762081784386616,0,1,0.10563380281690141,0,0.22304832713754646,0.61575169288923937,0.61575169288923937,53.749649825997857,46707,1.150783604727297,46707,105156,0.44416866369964625,72173,200996606,2.7849279647513612,10,0,863,34,60,0,594,209,0.22304832713754646,0,0,0
test__pure_attack__pure_constoffset__seed_0010,full,test,pure_attack,pure_constoffset,10,10,0,21.0131914,v6,50,0.29999999999999999,15,constoffset,10,60,0.10000000000000001,1,reference,0,0,0.050000000000000003,0.497,0.9799999999999881,3.43096184915,5,10,300,2,2,0.5,0.02,320,29500,111310,0,24136,22106,22106,262,257,262,5,872,74,0,562,188,0.28244274809160308,0,1,0.44047619047619047,74,0,562,188,0.28244274809160308,0,1,0.44047619047619047,0,562,0,0,0,0,0,0,0,562,262,0,0,nan,0,0,0,22,0,562,240,0.083969465648854963,0,1,0.15492957746478872,22,0,562,240,0.083969465648854963,0,1,0.15492957746478872,0,0.28244274809160308,0.64694656488549618,0.64694656488549618,55.568572458000922,47604,1.1673088912276475,47604,97800,0.48674846625766871,76623,222430346,2.9029187841770749,10,0,824,48,74,0,562,188,0.28244274809160308,0,0,0
test__pure_attack__pure_constoffset__seed_0011,full,test,pure_attack,pure_constoffset,11,11,0,20.8112792,v6,50,0.29999999999999999,15,constoffset,11,60,0.10000000000000001,1,reference,0,0,0.050000000000000003,0.497,0.9799999999999881,3.43096184915,5,10,300,2,2,0.5,0.02,320,29500,116145,0,23481,21540,21540,274,267,274,7,917,71,0,591,203,0.25912408759124089,0,1,0.4115942028985507,71,0,591,203,0.25912408759124089,0,1,0.4115942028985507,0,591,0,0,0,0,0,0,0,591,274,0,0,nan,0,0,0,19,0,591,255,0.069343065693430656,0,1,0.12969283276450511,19,0,591,255,0.069343065693430656,0,1,0.12969283276450511,0.099999999999999645,0.25912408759124089,0.64541418108612147,0.64541418108612147,61.632923806000726,52081,1.1834051536260963,52081,107473,0.4845961311213049,80476,230978371,2.8701522317212582,10,0,865,52,71,0,591,203,0.25912408759124089,0,0,0
test__pure_attack__pure_constoffset__seed_0012,full,test,pure_attack,pure_constoffset,12,12,0,21.7697904,v6,50,0.29999999999999999,15,constoffset,12,60,0.10000000000000001,1,reference,0,0,0.050000000000000003,0.497,0.9799999999999881,3.43096184915,5,10,300,2,2,0.5,0.02,320,29500,120449,0,23211,21591,21591,286,280,286,6,989,72,0,658,214,0.25174825174825177,0,1,0.4022346368715084,72,0,658,214,0.25174825174825177,0,1,0.4022346368715084,0,658,0,0,0,0,0,0,0,658,286,0,0,nan,0,0,0,16,0,658,270,0.055944055944055944,0,1,0.10596026490066225,16,0,658,270,0.055944055944055944,0,1,0.10596026490066225,0.099999998999999562,0.25174825174825177,0.63350479307926122,0.63350479307926122,69.319958967001995,57915,1.1969258217560561,57915,123577,0.46865517046052257,85944,250174477,2.9109010169412639,10,0,944,45,72,0,658,214,0.25174825174825177,0,0,0
test__pure_attack__pure_constoffset__seed_0013,full,test,pure_attack,pure_constoffset,13,13,0,20.8951226,v6,50,0.29999999999999999,15,constoffset,13,60,0.10000000000000001,1,reference,0,0,0.050000000000000003,0.497,0.9799999999999881,3.43096184915,5,10,300,2,2,0.5,0.02,320,29500,121165,0,22267,20371,20371,264,261,262,3,916,76,0,621,186,0.29007633587786258,0,1,0.44970414201183434,76,0,621,186,0.29007633587786258,0,1,0.44970414201183434,0,621,0,0,0,0,0,0,0,621,262,0,0,nan,0,0,0,18,0,621,244,0.068702290076335881,0,1,0.12857142857142856,18,0,621,244,0.068702290076335881,0,1,0.12857142857142856,0.10000000249999985,0.29007633587786258,0.65402392103354601,0.65402392103354601,72.291044473999875,60329,1.1982801716255844,60329,117523,0.51333781472562823,87472,252903604,2.8912521035302725,10,0,883,33,76,0,621,186,0.29007633587786258,0,0,0
test__pure_attack__pure_constoffset__seed_0014,full,test,pure_attack,pure_constoffset,14,14,0,24.1864257,v6,50,0.29999999999999999,15,constoffset,14,60,0.10000000000000001,1,reference,0,0,0.050000000000000003,0.497,0.9799999999999881,3.43096184915,5,10,300,2,2,0.5,0.02,320,29500,126730,0,25662,23390,23390,297,288,295,9,994,75,0,646,220,0.25423728813559321,0,1,0.40540540540540543,75,0,646,220,0.25423728813559321,0,1,0.40540540540540543,0,646,0,0,0,0,0,0,0,646,295,0,0,nan,0,0,0,14,0,646,281,0.047457627118644069,0,1,0.090614886731391592,14,0,646,281,0.047457627118644069,0,1,0.090614886731391592,0,0.25423728813559321,0.63560371517027858,0.63560371517027858,69.456405910999763,59209,1.173071761235619,59209,124383,0.47602164282900394,90517,278798582,3.0800687384690169,10,0,941,53,75,0,646,220,0.25423728813559321,0,0,0
test__pure_attack__pure_constoffset__seed_0015,full,test,pure_attack,pure_constoffset,15,15,0,22.0109062,v6,50,0.29999999999999999,15,constoffset,15,60,0.10000000000000001,1,reference,0,0,0.050000000000000003,0.497,0.9799999999999881,3.43096184915,5,10,300,2,2,0.5,0.02,320,29500,102694,0,20827,19065,19065,261,256,260,5,845,61,0,556,199,0.23461538461538461,0,1,0.38006230529595014,61,0,556,199,0.23461538461538461,0,1,0.38006230529595014,0,556,0,0,0,0,0,0,0,556,260,0,0,nan,0,0,0,14,0,556,246,0.053846153846153849,0,1,0.10218978102189781,14,0,556,246,0.053846153846153849,0,1,0.10218978102189781,0,0.23461538461538461,0.62432553956834536,0.62432553956834536,56.672128293998931,46310,1.2237557394514993,46310,92746,0.49932072542212064,71232,212694093,2.9859345940026958,10,0,816,29,61,0,556,199,0.23461538461538461,0,0,0
test__pure_attack__pure_constoffset__seed_0016,full,test,pure_attack,pure_constoffset,16,16,0,19.3490918,v6,50,0.29999999999999999,15,constoffset,16,60,0.10000000000000001,1,reference,0,0,0.050000000000000003,0.497,0.9799999999999881,3.43096184915,5,10,300,2,2,0.5,0.02,320,29500,109115,0,23590,21782,21782,268,264,265,4,903,70,0,596,195,0.26415094339622641,0,1,0.41791044776119401,70,0,596,195,0.26415094339622641,0,1,0.41791044776119401,0,596,0,0,0,0,0,0,0,596,265,0,0,nan,0,0,0,8,0,596,257,0.030188679245283019,0,1,0.058608058608058608,8,0,596,257,0.030188679245283019,0,1,0.058608058608058608,0,0.26415094339622641,0.63165759149043943,0.63165759149043943,56.130485530999756,45614,1.2305538986056859,45614,103812,0.43939043655839399,73676,204285894,2.7727603832998535,10,0,861,42,70,0,596,195,0.26415094339622641,0,0,0
test__pure_attack__pure_constoffset__seed_0017,full,test,pure_attack,pure_constoffset,17,17,0,22.3768987,v6,50,0.29999999999999999,15,constoffset,17,60,0.10000000000000001,1,reference,0,0,0.050000000000000003,0.497,0.9799999999999881,3.43096184915,5,10,300,2,2,0.5,0.02,320,29500,107323,0,21636,20021,20021,259,251,254,8,876,64,0,592,190,0.25196850393700787,0,1,0.40251572327044027,64,0,592,190,0.25196850393700787,0,1,0.40251572327044027,0,592,0,0,0,0,0,0,0,592,254,0,0,nan,0,0,0,13,0,592,241,0.051181102362204724,0,1,0.097378277153558054,13,0,592,241,0.051181102362204724,0,1,0.097378277153558054,0,0.25196850393700787,0.63126795594807406,0.63126795594807406,59.687124686999155,50286,1.1869531218828135,50286,106536,0.47200946159044832,76270,237446434,3.1132350072112231,10,0,846,30,64,0,592,190,0.25196850393700787,0,0,0
test__pure_attack__pure_constoffset__seed_0018,full,test,pure_attack,pure_constoffset,18,18,0,23.1336327,v6,50,0.29999999999999999,15,constoffset,18,60,0.10000000000000001,1,reference,0,0,0.050000000000000003,0.497,0.9799999999999881,3.43096184915,5,10,300,2,2,0.5,0.02,320,29500,122800,0,23052,21627,21627,268,267,272,1,930,57,0,647,215,0.20955882352941177,0,1,0.34650455927051671,57,0,647,215,0.20955882352941177,0,1,0.34650455927051671,0,647,0,0,0,0,0,0,0,647,272,0,0,nan,0,0,0,3,0,647,269,0.011029411764705883,0,1,0.02181818181818182,3,0,647,269,0.011029411764705883,0,1,0.02181818181818182,0,0.20955882352941177,0.62083200745522316,0.62083200745522316,73.524286646997609,60795,1.2093804860103232,60795,118984,0.51095105224231829,87977,264192138,3.0029682530661419,10,0,919,11,57,0,647,215,0.20955882352941177,0,0,0
test__pure_attack__pure_constoffset__seed_0019,full,test,pure_attack,pure_constoffset,19,19,0,18.7252705,v6,50,0.29999999999999999,15,constoffset,19,60,0.10000000000000001,1,reference,0,0,0.050000000000000003,0.497,0.9799999999999881,3.43096184915,5,10,300,2,2,0.5,0.02,320,29500,110968,0,22311,20530,20530,279,272,276,7,929,65,0,614,211,0.23550724637681159,0,1,0.38123167155425219,65,0,614,211,0.23550724637681159,0,1,0.38123167155425219,0,614,0,0,0,0,0,0,0,614,276,0,0,nan,0,0,0,17,0,614,259,0.061594202898550728,0,1,0.11604095563139932,17,0,614,259,0.061594202898550728,0,1,0.11604095563139932,0.099999999000001338,0.23550724637681159,0.62436859746022755,0.62436859746022755,63.286879829999023,52210,1.2121601193257809,52210,109269,0.47781163916572861,78681,218161679,2.7727364802175876,10,0,890,39,65,0,614,211,0.23550724637681159,0,0,0
test__pure_attack__pure_constoffset__seed_0020,full,test,pure_attack,pure_constoffset,20,20,0,23.7735895,v6,50,0.29999999999999999,15,constoffset,20,60,0.10000000000000001,1,reference,0,0,0.050000000000000003,0.497,0.9799999999999881,3.43096184915,5,10,300,2,2,0.5,0.02,320,29500,119708,0,22493,20950,20950,300,292,300,8,997,54,0,660,246,0.17999999999999999,0,1,0.30508474576271188,54,0,660,246,0.17999999999999999,0,1,0.30508474576271188,0,660,0,0,0,0,0,0,0,660,300,0,0,nan,0,0,0,6,0,660,294,0.02,0,1,0.039215686274509803,6,0,660,294,0.02,0,1,0.039215686274509803,0,0.17999999999999999,0.59438383838383835,0.59438383838383835,70.555816525995482,59225,1.1913181346727815,59225,119013,0.49763471217430028,86090,265771850,3.0871396213265188,10,0,960,37,54,0,660,246,0.17999999999999999,0,0,0
test__pure_attack__pure_constoffset__seed_0021,full,test,pure_attack,pure_constoffset,21,21,0,24.1840451,v6,50,0.29999999999999999,15,constoffset,21,60,0.10000000000000001,1,reference,0,0,0.050000000000000003,0.497,0.9799999999999881,3.43096184915,5,10,300,2,2,0.5,0.02,320,29500,130314,0,24293,22133,22133,298,292,297,6,1033,89,0,710,208,0.29966329966329969,0,1,0.46113989637305697,89,0,710,208,0.29966329966329969,0,1,0.46113989637305697,0,710,0,0,0,0,0,0,0,710,297,0,0,nan,0,0,0,25,0,710,272,0.084175084175084181,0,1,0.15527950310559005,25,0,710,272,0.084175084175084181,0,1,0.15527950310559005,0,0.29966329966329969,0.65124484279413852,0.65124484279413852,77.669816887993164,64724,1.2000157111425926,64724,135846,0.47645127570925899,93916,284158666,3.0256683206269432,10,0,1007,26,89,0,710,208,0.29966329966329969,0,0,0
test__pure_attack__pure_constoffset__seed_0022,full,test,pure_attack,pure_constoffset,22,22,0,17.1119417,v6,50,0.29999999999999999,15,constoffset,22,60,0.10000000000000001,1,reference,0,0,0.050000000000000003,0.497,0.9799999999999881,3.43096184915,5,10,300,2,2,0.5,0.02,320,29500,114544,0,24403,22701,22701,291,288,293,3,998,68,0,667,225,0.23208191126279865,0,1,0.37673130193905818,68,0,667,225,0.23208191126279865,0,1,0.37673130193905818,0,667,0,0,0,0,0,0,0,667,293,0,0,nan,0,0,0,13,0,667,280,0.044368600682593858,0,1,0.084967320261437912,13,0,667,280,0.044368600682593858,0,1,0.084967320261437912,0,0.23208191126279865,0.61888850796444783,0.61888850796444783,60.768842714998499,51939,1.1700040954773581,51939,116399,0.4462151736698769,80826,209131596,2.5874297379556084,10,0,960,38,68,0,667,225,0.23208191126279865,0,0,0
test__pure_attack__pure_constoffset__seed_0023,full,test,pure_attack,pure_constoffset,23,23,0,21.482531,v6,50,0.29999999999999999,15,constoffset,23,60,0.10000000000000001,1,reference,0,0,0.050000000000000003,0.497,0.9799999999999881,3.43096184915,5,10,300,2,2,0.5,0.02,320,29500,104454,0,22331,20587,20587,265,261,265,4,893,60,0,586,205,0.22641509433962265,0,1,0.36923076923076925,60,0,586,205,0.22641509433962265,0,1,0.36923076923076925,0,586,0,0,0,0,0,0,0,586,265,0,0,nan,0,0,0,16,0,586,249,0.060377358490566038,0,1,0.11387900355871886,16,0,586,249,0.060377358490566038,0,1,0.11387900355871886,0.14999998950000037,0.22641509433962265,0.63018223968059761,0.63018223968059761,52.802943320002498,45780,1.1534063634775555,45780,99656,0.45938026812234084,73377,213830379,2.9141335704648594,10,0,851,42,60,0,586,205,0.22641509433962265,0,0,0
test__pure_attack__pure_constoffset__seed_0024,full,test,pure_attack,pure_constoffset,24,24,0,19.9938338,v6,50,0.29999999999999999,15,constoffset,24,60,0.10000000000000001,1,reference,0,0,0.050000000000000003,0.497,0.9799999999999881,3.43096184915,5,10,300,2,2,0.5,0.02,320,29500,122217,0,26406,24487,24487,292,290,293,2,958,78,0,648,215,0.26621160409556316,0,1,0.42048517520215634,78,0,648,215,0.26621160409556316,0,1,0.42048517520215634,0,648,0,0,0,0,0,0,0,648,293,0,0,nan,0,0,0,12,0,648,281,0.040955631399317405,0,1,0.078688524590163941,12,0,648,281,0.040955631399317405,0,1,0.078688524590163941,0,0.26621160409556316,0.64340791303248646,0.64340791303248646,66.575724728998779,56156,1.185549624777384,56156,117445,0.47814721784665165,86841,245856471,2.8311105468615057,10,0,941,17,78,0,648,215,0.26621160409556316,0,0,0
test__pure_attack__pure_constoffset__seed_0025,full,test,pure_attack,pure_constoffset,25,25,0,21.7110776,v6,50,0.29999999999999999,15,constoffset,25,60,0.10000000000000001,1,reference,0,0,0.050000000000000003,0.497,0.9799999999999881,3.43096184915,5,10,300,2,2,0.5,0.02,320,29500,106475,0,21809,20378,20378,265,257,260,8,850,56,0,555,204,0.2153846153846154,0,1,0.35443037974683544,56,0,555,204,0.2153846153846154,0,1,0.35443037974683544,0,555,0,0,0,0,0,0,0,555,260,0,0,nan,0,0,0,8,0,555,252,0.030769230769230771,0,1,0.059701492537313432,8,0,555,252,0.030769230769230771,0,1,0.059701492537313432,0.099999999499999603,0.2153846153846154,0.61206167706167702,0.61206167706167702,52.658178788997446,45295,1.1625605207859022,45295,101219,0.44749503551704717,71258,210674301,2.9565003368042886,10,0,815,35,56,0,555,204,0.2153846153846154,0,0,0
test__pure_attack__pure_constoffset__seed_0026,full,test,pure_attack,pure_constoffset,26,26,0,20.3778047,v6,50,0.29999999999999999,15,constoffset,26,60,0.10000000000000001,1,reference,0,0,0.050000000000000003,0.497,0.9799999999999881,3.43096184915,5,10,300,2,2,0.5,0.02,320,29500,114655,0,23042,21366,21366,261,255,258,6,954,55,0,658,203,0.2131782945736434,0,1,0.3514376996805112,55,0,658,203,0.2131782945736434,0,1,0.3514376996805112,0,658,0,0,0,0,0,0,0,658,258,0,0,nan,0,0,0,8,0,658,250,0.031007751937984496,0,1,0.060150375939849621,8,0,658,250,0.031007751937984496,0,1,0.060150375939849621,0.099999998999999562,0.2131782945736434,0.61900049480455221,0.61900049480455221,62.62267997100053,54048,1.1586493481905071,54048,115198,0.46917481206270945,81097,228491671,2.8175107710519502,10,0,916,38,55,0,658,203,0.2131782945736434,0,0,0
test__pure_attack__pure_constoffset__seed_0027,full,test,pure_attack,pure_constoffset,27,27,0,21.5203746,v6,50,0.29999999999999999,15,constoffset,27,60,0.10000000000000001,1,reference,0,0,0.050000000000000003,0.497,0.9799999999999881,3.43096184915,5,10,300,2,2,0.5,0.02,320,29500,108960,0,21883,20191,20191,292,283,288,9,896,71,0,573,217,0.24652777777777779,0,1,0.3955431754874652,71,0,573,217,0.24652777777777779,0,1,0.3955431754874652,0,573,0,0,0,0,0,0,0,573,288,0,0,nan,0,0,0,12,0,573,276,0.041666666666666664,0,1,0.080000000000000002,12,0,573,276,0.041666666666666664,0,1,0.080000000000000002,0,0.24652777777777779,0.62936300174520066,0.62936300174520066,54.048317409001477,46961,1.1509192182662524,46961,102321,0.45895759423774202,73104,210192187,2.875248782556358,10,0,861,35,71,0,573,217,0.24652777777777779,0,0,0
test__pure_attack__pure_constoffset__seed_0028,full,test,pure_attack,pure_constoffset,28,28,0,19.5666936,v6,50,0.29999999999999999,15,constoffset,28,60,0.10000000000000001,1,reference,0,0,0.050000000000000003,0.497,0.9799999999999881,3.43096184915,5,10,300,2,2,0.5,0.02,320,29500,110397,0,20640,19032,19032,269,261,265,8,965,65,0,664,200,0.24528301886792453,0,1,0.39393939393939392,65,0,664,200,0.24528301886792453,0,1,0.39393939393939392,0,664,0,0,0,0,0,0,0,664,265,0,0,nan,0,0,0,14,0,664,251,0.052830188679245285,0,1,0.1003584229390681,14,0,664,251,0.052830188679245285,0,1,0.1003584229390681,0,0.24528301886792453,0.62606274153216646,0.62606274153216646,64.827959640999964,53942,1.2018086025916719,53942,114251,0.47213591128305221,79278,218313697,2.7537740230580994,10,0,929,36,65,0,664,200,0.24528301886792453,0,0,0
test__pure_attack__pure_constoffset__seed_0029,full,test,pure_attack,pure_constoffset,29,29,0,19.5002529,v6,50,0.29999999999999999,15,constoffset,29,60,0.10000000000000001,1,reference,0,0,0.050000000000000003,0.497,0.9799999999999881,3.43096184915,5,10,300,2,2,0.5,0.02,320,29500,104978,0,22371,20431,20431,272,268,274,4,917,69,0,608,205,0.2518248175182482,0,1,0.40233236151603496,69,0,608,205,0.2518248175182482,0,1,0.40233236151603496,0,608,0,0,0,0,0,0,0,608,274,0,0,nan,0,0,0,16,0,608,258,0.058394160583941604,0,1,0.1103448275862069,16,0,608,258,0.058394160583941604,0,1,0.1103448275862069,0.099999984000000097,0.2518248175182482,0.63078058970418749,0.63078058970418749,55.674464581000308,46840,1.1886094060845496,46840,100968,0.46390935742017275,73070,200740773,2.7472392637197207,10,0,882,35,69,0,608,205,0.2518248175182482,0,0,0
test__pure_attack__pure_constoffset__seed_0030,full,test,pure_attack,pure_constoffset,30,30,0,20.6934046,v6,50,0.29999999999999999,15,constoffset,30,60,0.10000000000000001,1,reference,0,0,0.050000000000000003,0.497,0.9799999999999881,3.43096184915,5,10,300,2,2,0.5,0.02,320,29500,111663,0,21936,20197,20197,272,265,268,7,927,65,0,597,203,0.24253731343283583,0,1,0.39039039039039036,65,0,597,203,0.24253731343283583,0,1,0.39039039039039036,0,597,0,0,0,0,0,0,0,597,268,0,0,nan,0,0,0,10,0,597,258,0.037313432835820892,0,1,0.071942446043165464,10,0,597,258,0.037313432835820892,0,1,0.071942446043165464,0,0.24253731343283583,0.62374371859296485,0.62374371859296485,59.430316945000307,50293,1.1816816842304161,50293,109574,0.45898662091372039,77955,219122755,2.8108877557565259,10,0,865,62,65,0,597,203,0.24253731343283583,0,0,0
test__pure_attack__pure_revheading__seed_0001,full,test,pure_attack,pure_revheading,1,1,0,19.5269699,v6,50,0.29999999999999999,15,revheading,1,60,0.10000000000000001,1,reference,0,0,0.050000000000000003,0.497,0.9799999999999881,3.43096184915,5,10,300,2,2,0.5,0.02,320,29500,119243,0,24792,22255,22255,271,266,273,5,993,262,0,669,11,0.95970695970695974,0,1,0.97943925233644857,262,0,669,11,0.95970695970695974,0,1,0.97943925233644857,0,669,0,0,0,0,0,0,0,669,273,0,0,nan,0,0,0,262,0,669,11,0.95970695970695974,0,1,0.97943925233644857,262,0,669,11,0.95970695970695974,0,1,0.97943925233644857,1.2999997829999996,0.95970695970695974,0.99078773742450876,0.99078773742450876,64.167252068999019,53099,1.2084455840787778,53099,120643,0.44013328581020034,83276,249172656,2.9921304577549352,10,0,942,51,261,0,669,12,0.95604395604395609,0,0,0
test__pure_attack__pure_revheading__seed_0002,full,test,pure_attack,pure_revheading,2,2,0,23.7119621,v6,50,0.29999999999999999,15,revheading,2,60,0.10000000000000001,1,reference,0,0,0.050000000000000003,0.497,0.9799999999999881,3.43096184915,5,10,300,2,2,0.5,0.02,320,29500,120945,0,24563,22836,22836,306,303,306,3,942,295,0,608,11,0.96405228758169936,0,1,0.98169717138103163,295,0,608,11,0.96405228758169936,0,1,0.98169717138103163,0,608,0,0,0,0,0,0,0,608,306,0,0,nan,0,0,0,295,0,608,11,0.96405228758169936,0,1,0.98169717138103163,295,0,608,11,0.96405228758169936,0,1,0.98169717138103163,1.4999997409999999,0.96405228758169936,0.9917897531819746,0.9917897531819746,61.912888185999577,52299,1.183825468670521,52299,105819,0.49423071471096874,82031,267233750,3.2577165949458129,10,0,914,28,295,0,608,11,0.96405228758169936,0,0,0
test__pure_attack__pure_revheading__seed_0003,full,test,pure_attack,pure_revheading,3,3,0,21.873313,v6,50,0.29999999999999999,15,revheading,3,60,0.10000000000000001,1,reference,0,0,0.050000000000000003,0.497,0.9799999999999881,3.43096184915,5,10,300,2,2,0.5,0.02,320,29500,104592,0,19484,18137,18137,282,279,285,3,910,276,0,587,9,0.96842105263157896,0,1,0.98395721925133695,276,0,587,9,0.96842105263157896,0,1,0.98395721925133695,0,587,0,0,0,0,0,0,0,587,285,0,0,nan,0,0,0,276,0,587,9,0.96842105263157896,0,1,0.98395721925133695,276,0,587,9,0.96842105263157896,0,1,0.98395721925133695,1.3999997534999995,0.96842105263157896,0.99295854628052238,0.99295854628052238,57.80411147399596,48317,1.1963514182171071,48317,103012,0.46904244165728265,71707,229620578,3.2022058934274202,10,0,872,38,275,0,587,10,0.96491228070175439,0,0,0
test__pure_attack__pure_revheading__seed_0004,full,test,pure_attack,pure_revheading,4,4,0,21.7345048,v6,50,0.29999999999999999,15,revheading,4,60,0.10000000000000001,1,reference,0,0,0.050000000000000003,0.497,0.9799999999999881,3.43096184915,5,10,300,2,2,0.5,0.02,320,29500,121333,0,24476,21784,21784,255,247,251,8,893,242,0,588,9,0.96414342629482075,0,1,0.98174442190669375,242,0,588,9,0.96414342629482075,0,1,0.98174442190669375,0,588,0,0,0,0,0,0,0,588,251,0,0,nan,0,0,0,242,0,588,9,0.96414342629482075,0,1,0.98174442190669375,242,0,588,9,0.96414342629482075,0,1,0.98174442190669375,1.1999997975000021,0.96414342629482075,0.99600238501775207,0.99600238501775207,62.812768032000427,52493,1.1965932225630165,52493,108984,0.48165785803420685,82634,264326474,3.1987616961541252,10,0,839,54,240,0,588,11,0.95617529880478092,0,0,0
test__pure_attack__pure_revheading__seed_0005,full,test,pure_attack,pure_revheading,5,5,0,16.0588326,v6,50,0.29999999999999999,15,revheading,5,60,0.10000000000000001,1,reference,0,0,0.050000000000000003,0.497,0.9799999999999881,3.43096184915,5,10,300,2,2,0.5,0.02,320,29500,104564,0,23059,21265,21265,266,260,264,6,888,253,0,590,11,0.95833333333333337,0,1,0.97872340425531912,253,0,590,11,0.95833333333333337,0,1,0.97872340425531912,0,590,0,0,0,0,0,0,0,590,264,0,0,nan,0,0,0,253,0,590,11,0.95833333333333337,0,1,0.97872340425531912,253,0,590,11,0.95833333333333337,0,1,0.97872340425531912,1.3999997569999998,0.95833333333333337,0.9904982023626091,0.9904982023626091,54.603240557001627,46036,1.1860987174602839,46036,101213,0.45484275735330443,73257,210566607,2.8743547647323804,10,0,854,34,252,0,590,12,0.95454545454545459,0,0,0
test__pure_attack__pure_revheading__seed_0006,full,test,pure_attack,pure_revheading,6,6,0,21.0770377,v6,50,0.29999999999999999,15,revheading,6,60,0.10000000000000001,1,reference,0,0,0.050000000000000003,0.497,0.9799999999999881,3.43096184915,5,10,300,2,2,0.5,0.02,320,29500,97702,0,21332,20004,20004,268,264,270,4,911,258,0,598,12,0.9555555555555556,0,1,0.97727272727272729,258,0,598,12,0.9555555555555556,0,1,0.97727272727272729,0,598,0,0,0,0,0,0,0,598,270,0,0,nan,0,0,0,258,0,598,12,0.9555555555555556,0,1,0.97727272727272729,258,0,598,12,0.9555555555555556,0,1,0.97727272727272729,1.3999997269999973,0.9555555555555556,0.98324972129319954,0.98324972129319954,50.050045475999241,42273,1.1839719318713893,42273,95822,0.44116173738807374,67422,194534977,2.885333822787814,10,0,868,43,257,0,598,13,0.95185185185185184,0,0,0
test__pure_attack__pure_revheading__seed_0007,full,test,pure_attack,pure_revheading,7,7,0,18.3123883,v6,50,0.29999999999999999,15,revheading,7,60,0.10000000000000001,1,reference,0,0,0.050000000000000003,0.497,0.9799999999999881,3.43096184915,5,10,300,2,2,0.5,0.02,320,29500,107486,0,20753,19054,19054,256,249,253,7,923,245,0,624,8,0.96837944664031617,0,1,0.98393574297188757,245,0,624,8,0.96837944664031617,0,1,0.98393574297188757,0,624,0,0,0,0,0,0,0,624,253,0,0,nan,0,0,0,245,0,624,8,0.96837944664031617,0,1,0.98393574297188757,245,0,624,8,0.96837944664031617,0,1,0.98393574297188757,1.3999997450000023,0.96837944664031617,0.99603476233911015,0.99603476233911015,62.16651384399767,51234,1.2133839607291579,51234,105968,0.48348558055261964,76730,207860065,2.7089803857682782,10,0,877,46,245,0,624,8,0.96837944664031617,0,0,0
test__pure_attack__pure_revheading__seed_0008,full,test,pure_attack,pure_revheading,8,8,0,22.9657369,v6,50,0.29999999999999999,15,revheading,8,60,0.10000000000000001,1,reference,0,0,0.050000000000000003,0.497,0.9799999999999881,3.43096184915,5,10,300,2,2,0.5,0.02,320,29500,121814,0,24724,22089,22089,238,232,238,6,924,230,0,617,8,0.96638655462184875,0,1,0.98290598290598286,230,0,617,8,0.96638655462184875,0,1,0.98290598290598286,0,617,0,0,0,0,0,0,0,617,238,0,0,nan,0,0,0,230,0,617,8,0.96638655462184875,0,1,0.98290598290598286,230,0,617,8,0.96638655462184875,0,1,0.98290598290598286,1.2000002069999995,0.96638655462184875,0.99788894488103186,0.99788894488103186,63.810737332999189,54849,1.1633892565589015,54849,118382,0.46332212667466338,85831,257276211,2.9974742342510279,10,0,855,69,230,0,617,8,0.96638655462184875,0,0,0
test__pure_attack__pure_revheading__seed_0009,full,test,pure_attack,pure_revheading,9,9,0,19.0734228,v6,50,0.29999999999999999,15,revheading,9,60,0.10000000000000001,1,reference,0,0,0.050000000000000003,0.497,0.9799999999999881,3.43096184915,5,10,300,2,2,0.5,0.02,320,29500,102915,0,21390,19753,19753,269,264,269,5,897,256,0,594,13,0.95167286245353155,0,1,0.97523809523809524,256,0,594,13,0.95167286245353155,0,1,0.97523809523809524,0,594,0,0,0,0,0,0,0,594,269,0,0,nan,0,0,0,256,0,594,13,0.95167286245353155,0,1,0.97523809523809524,256,0,594,13,0.95167286245353155,0,1,0.97523809523809524,1.3999997835000011,0.95167286245353155,0.99250247205637543,0.99250247205637543,53.749649825997857,46707,1.150783604727297,46707,105156,0.44416866369964625,72173,206596210,2.8625138209579757,10,0,863,34,255,0,594,14,0.94795539033457255,0,0,0
test__pure_attack__pure_revheading__seed_0010,full,test,pure_attack,pure_revheading,10,10,0,21.448401,v6,50,0.29999999999999999,15,revheading,10,60,0.10000000000000001,1,reference,0,0,0.050000000000000003,0.497,0.9799999999999881,3.43096184915,5,10,300,2,2,0.5,0.02,320,29500,111310,0,24136,22106,22106,262,257,262,5,872,245,0,562,17,0.93511450381679384,0,1,0.9664694280078896,245,0,562,17,0.93511450381679384,0,1,0.9664694280078896,0,562,0,0,0,0,0,0,0,562,262,0,0,nan,0,0,0,245,0,562,17,0.93511450381679384,0,1,0.9664694280078896,245,0,562,17,0.93511450381679384,0,1,0.9664694280078896,1.3999996999999951,0.93511450381679384,0.98854961832061072,0.98854961832061072,55.568572458000922,47604,1.1673088912276475,47604,97800,0.48674846625766871,76623,226627200,2.9576915547550997,10,0,824,48,243,0,562,19,0.9274809160305344,0,0,0
test__pure_attack__pure_revheading__seed_0011,full,test,pure_attack,pure_revheading,11,11,0,22.3188365,v6,50,0.29999999999999999,15,revheading,11,60,0.10000000000000001,1,reference,0,0,0.050000000000000003,0.497,0.9799999999999881,3.43096184915,5,10,300,2,2,0.5,0.02,320,29500,116145,0,23481,21540,21540,274,267,274,7,917,259,0,591,15,0.94525547445255476,0,1,0.97185741088180111,259,0,591,15,0.94525547445255476,0,1,0.97185741088180111,0,591,0,0,0,0,0,0,0,591,274,0,0,nan,0,0,0,259,0,591,15,0.94525547445255476,0,1,0.97185741088180111,259,0,591,15,0.94525547445255476,0,1,0.97185741088180111,1.2999997749999999,0.94525547445255476,0.99265132708387371,0.99265132708387371,61.632923806000726,52081,1.1834051536260963,52081,107473,0.4845961311213049,80476,239095526,2.9710165266663351,10,0,865,52,258,0,591,16,0.94160583941605835,0,0,0
test__pure_attack__pure_revheading__seed_0012,full,test,pure_attack,pure_revheading,12,12,0,23.280984,v6,50,0.29999999999999999,15,revheading,12,60,0.10000000000000001,1,reference,0,0,0.050000000000000003,0.497,0.9799999999999881,3.43096184915,5,10,300,2,2,0.5,0.02,320,29500,120449,0,23211,21591,21591,286,280,286,6,989,273,0,658,13,0.95454545454545459,0,1,0.97674418604651159,273,0,658,13,0.95454545454545459,0,1,0.97674418604651159,0,658,0,0,0,0,0,0,0,658,286,0,0,nan,0,0,0,273,0,658,13,0.95454545454545459,0,1,0.97674418604651159,273,0,658,13,0.95454545454545459,0,1,0.97674418604651159,1.3999997270000009,0.95454545454545459,0.98772504091653024,0.98772504091653024,69.319958967001995,57915,1.1969258217560561,57915,123577,0.46865517046052257,85944,256052784,2.9792979614632786,10,0,944,45,273,0,658,13,0.95454545454545459,0,0,0
test__pure_attack__pure_revheading__seed_0013,full,test,pure_attack,pure_revheading,13,13,0,22.8214738,v6,50,0.29999999999999999,15,revheading,13,60,0.10000000000000001,1,reference,0,0,0.050000000000000003,0.497,0.9799999999999881,3.43096184915,5,10,300,2,2,0.5,0.02,320,29500,121165,0,22267,20371,20371,264,261,262,3,916,253,0,621,9,0.96564885496183206,0,1,0.98252427184466018,253,0,621,9,0.96564885496183206,0,1,0.98252427184466018,0,621,0,0,0,0,0,0,0,621,262,0,0,nan,0,0,0,253,0,621,9,0.96564885496183206,0,1,0.98252427184466018,253,0,621,9,0.96564885496183206,0,1,0.98252427184466018,1.3999997109999995,0.96564885496183206,0.9961770599009232,0.9961770599009232,72.291044473999875,60329,1.1982801716255844,60329,117523,0.51333781472562823,87472,262605289,3.0021639953356503,10,0,883,33,250,0,621,12,0.95419847328244278,0,0,0
test__pure_attack__pure_revheading__seed_0014,full,test,pure_attack,pure_revheading,14,14,0,18.8144366,v6,50,0.29999999999999999,15,revheading,14,60,0.10000000000000001,1,reference,0,0,0.050000000000000003,0.497,0.9799999999999881,3.43096184915,5,10,300,2,2,0.5,0.02,320,29500,126730,0,25662,23390,23390,297,288,295,9,994,281,0,646,14,0.9525423728813559,0,1,0.97569444444444442,281,0,646,14,0.9525423728813559,0,1,0.97569444444444442,0,646,0,0,0,0,0,0,0,646,295,0,0,nan,0,0,0,281,0,646,14,0.9525423728813559,0,1,0.97569444444444442,281,0,646,14,0.9525423728813559,0,1,0.97569444444444442,1.2999997729999997,0.9525423728813559,0.98808049535603715,0.98808049535603715,69.456405910999763,59209,1.173071761235619,59209,124383,0.47602164282900394,90517,243865726,2.6941428239999117,10,0,941,53,279,0,646,16,0.94576271186440675,0,0,0
test__pure_attack__pure_revheading__seed_0015,full,test,pure_attack,pure_revheading,15,15,0,18.2625538,v6,50,0.29999999999999999,15,revheading,15,60,0.10000000000000001,1,reference,0,0,0.050000000000000003,0.497,0.9799999999999881,3.43096184915,5,10,300,2,2,0.5,0.02,320,29500,102694,0,20827,19065,19065,261,256,260,5,845,249,0,556,11,0.95769230769230773,0,1,0.9783889980353635,249,0,556,11,0.95769230769230773,0,1,0.9783889980353635,0,556,0,0,0,0,0,0,0,556,260,0,0,nan,0,0,0,249,0,556,11,0.95769230769230773,0,1,0.9783889980353635,249,0,556,11,0.95769230769230773,0,1,0.9783889980353635,1.3999997929999992,0.95769230769230773,0.99229385722191477,0.99229385722191477,56.672128293998931,46310,1.2237557394514993,46310,92746,0.49932072542212064,71232,195440560,2.7437185534591193,10,0,816,29,249,0,556,11,0.95769230769230773,0,0,0
test__pure_attack__pure_revheading__seed_0016,full,test,pure_attack,pure_revheading,16,16,0,21.5462799,v6,50,0.29999999999999999,15,revheading,16,60,0.10000000000000001,1,reference,0,0,0.050000000000000003,0.497,0.9799999999999881,3.43096184915,5,10,300,2,2,0.5,0.02,320,29500,109115,0,23590,21782,21782,268,264,265,4,903,257,0,596,8,0.96981132075471699,0,1,0.98467432950191569,257,0,596,8,0.96981132075471699,0,1,0.98467432950191569,0,596,0,0,0,0,0,0,0,596,265,0,0,nan,0,0,0,257,0,596,8,0.96981132075471699,0,1,0.98467432950191569,257,0,596,8,0.96981132075471699,0,1,0.98467432950191569,1.3999997339999979,0.96981132075471699,0.99424464986703809,0.99424464986703809,56.130485530999756,45614,1.2305538986056859,45614,103812,0.43939043655839399,73676,214030123,2.9050182284597428,10,0,861,42,257,0,596,8,0.96981132075471699,0,0,0
test__pure_attack__pure_revheading__seed_0017,full,test,pure_attack,pure_revheading,17,17,0,21.9546272,v6,50,0.29999999999999999,15,revheading,17,60,0.10000000000000001,1,reference,0,0,0.050000000000000003,0.497,0.9799999999999881,3.43096184915,5,10,300,2,2,0.5,0.02,320,29500,107323,0,21636,20021,20021,259,251,254,8,876,244,0,592,10,0.96062992125984248,0,1,0.97991967871485941,244,0,592,10,0.96062992125984248,0,1,0.97991967871485941,0,592,0,0,0,0,0,0,0,592,254,0,0,nan,0,0,0,244,0,592,10,0.96062992125984248,0,1,0.97991967871485941,244,0,592,10,0.96062992125984248,0,1,0.97991967871485941,1.3999997575000016,0.96062992125984248,0.9940845126622686,0.9940845126622686,59.687124686999155,50286,1.1869531218828135,50286,106536,0.47200946159044832,76270,224326189,2.9412113412875311,10,0,846,30,244,0,592,10,0.96062992125984248,0,0,0
test__pure_attack__pure_revheading__seed_0018,full,test,pure_attack,pure_revheading,18,18,0,21.8798986,v6,50,0.29999999999999999,15,revheading,18,60,0.10000000000000001,1,reference,0,0,0.050000000000000003,0.497,0.9799999999999881,3.43096184915,5,10,300,2,2,0.5,0.02,320,29500,122800,0,23052,21627,21627,268,267,272,1,930,261,0,647,11,0.9595588235294118,0,1,0.9793621013133208,261,0,647,11,0.9595588235294118,0,1,0.9793621013133208,0,647,0,0,0,0,0,0,0,647,272,0,0,nan,0,0,0,261,0,647,11,0.9595588235294118,0,1,0.9793621013133208,261,0,647,11,0.9595588235294118,0,1,0.9793621013133208,1.3999997260000008,0.9595588235294118,0.99075200018183474,0.99075200018183474,73.524286646997609,60795,1.2093804860103232,60795,118984,0.51095105224231829,87977,260372785,2.959555167827955,10,0,919,11,260,0,647,12,0.95588235294117652,0,0,0
test__pure_attack__pure_revheading__seed_0019,full,test,pure_attack,pure_revheading,19,19,0,21.8478788,v6,50,0.29999999999999999,15,revheading,19,60,0.10000000000000001,1,reference,0,0,0.050000000000000003,0.497,0.9799999999999881,3.43096184915,5,10,300,2,2,0.5,0.02,320,29500,110968,0,22311,20530,20530,279,272,276,7,929,266,0,614,10,0.96376811594202894,0,1,0.98154981549815501,266,0,614,10,0.96376811594202894,0,1,0.98154981549815501,0,614,0,0,0,0,0,0,0,614,276,0,0,nan,0,0,0,266,0,614,10,0.96376811594202894,0,1,0.98154981549815501,266,0,614,10,0.96376811594202894,0,1,0.98154981549815501,1.2999997894999993,0.96376811594202894,0.98541283104376154,0.98541283104376154,63.286879829999023,52210,1.2121601193257809,52210,109269,0.47781163916572861,78681,231850872,2.9467199450947494,10,0,890,39,265,0,614,11,0.96014492753623193,0,0,0
test__pure_attack__pure_revheading__seed_0020,full,test,pure_attack,pure_revheading,20,20,0,23.2934626,v6,50,0.29999999999999999,15,revheading,20,60,0.10000000000000001,1,reference,0,0,0.050000000000000003,0.497,0.9799999999999881,3.43096184915,5,10,300,2,2,0.5,0.02,320,29500,119708,0,22493,20950,20950,300,292,300,8,997,284,0,660,16,0.94666666666666666,0,1,0.9726027397260274,284,0,660,16,0.94666666666666666,0,1,0.9726027397260274,0,660,0,0,0,0,0,0,0,660,300,0,0,nan,0,0,0,284,0,660,16,0.94666666666666666,0,1,0.9726027397260274,284,0,660,16,0.94666666666666666,0,1,0.9726027397260274,1.4998168565000007,0.94666666666666666,0.98330808080808085,0.98330808080808085,70.555816525995482,59225,1.1913181346727815,59225,119013,0.49763471217430028,86090,258152637,2.9986367406202814,10,0,960,37,284,0,660,16,0.94666666666666666,0,0,0
test__pure_attack__pure_revheading__seed_0021,full,test,pure_attack,pure_revheading,21,21,0,24.0650167,v6,50,0.29999999999999999,15,revheading,21,60,0.10000000000000001,1,reference,0,0,0.050000000000000003,0.497,0.9799999999999881,3.43096184915,5,10,300,2,2,0.5,0.02,320,29500,130314,0,24293,22133,22133,298,292,297,6,1033,289,0,710,8,0.97306397306397308,0,1,0.98634812286689422,289,0,710,8,0.97306397306397308,0,1,0.98634812286689422,0,710,0,0,0,0,0,0,0,710,297,0,0,nan,0,0,0,289,0,710,8,0.97306397306397308,0,1,0.98634812286689422,289,0,710,8,0.97306397306397308,0,1,0.98634812286689422,1.3999997459999989,0.97306397306397308,0.99661402759994311,0.99661402759994311,77.669816887993164,64724,1.2000157111425926,64724,135846,0.47645127570925899,93916,282530971,3.008336928744836,10,0,1007,26,287,0,710,10,0.96632996632996637,0,0,0
test__pure_attack__pure_revheading__seed_0022,full,test,pure_attack,pure_revheading,22,22,0,18.893654,v6,50,0.29999999999999999,15,revheading,22,60,0.10000000000000001,1,reference,0,0,0.050000000000000003,0.497,0.9799999999999881,3.43096184915,5,10,300,2,2,0.5,0.02,320,29500,114544,0,24403,22701,22701,291,288,293,3,998,282,0,667,11,0.96245733788395904,0,1,0.98086956521739133,282,0,667,11,0.96245733788395904,0,1,0.98086956521739133,0,667,0,0,0,0,0,0,0,667,293,0,0,nan,0,0,0,282,0,667,11,0.96245733788395904,0,1,0.98086956521739133,282,0,667,11,0.96245733788395904,0,1,0.98086956521739133,1.3999999839999999,0.96245733788395904,0.99484984470222226,0.99484984470222226,60.768842714998499,51939,1.1700040954773581,51939,116399,0.4462151736698769,80826,227152631,2.8103906045084504,10,0,960,38,281,0,667,12,0.95904436860068254,0,0,0
test__pure_attack__pure_revheading__seed_0023,full,test,pure_attack,pure_revheading,23,23,0,17.8457999,v6,50,0.29999999999999999,15,revheading,23,60,0.10000000000000001,1,reference,0,0,0.050000000000000003,0.497,0.9799999999999881,3.43096184915,5,10,300,2,2,0.5,0.02,320,29500,104454,0,22331,20587,20587,265,261,265,4,893,251,0,586,14,0.94716981132075473,0,1,0.97286821705426352,251,0,586,14,0.94716981132075473,0,1,0.97286821705426352,0,586,0,0,0,0,0,0,0,586,265,0,0,nan,0,0,0,251,0,586,14,0.94716981132075473,0,1,0.97286821705426352,251,0,586,14,0.94716981132075473,0,1,0.97286821705426352,1.3999997630000003,0.94716981132075473,0.98482838560113339,0.98482838560113339,52.802943320002498,45780,1.1534063634775555,45780,99656,0.45938026812234084,73377,194959355,2.6569545634190548,10,0,851,42,251,0,586,14,0.94716981132075473,0,0,0
test__pure_attack__pure_revheading__seed_0024,full,test,pure_attack,pure_revheading,24,24,0,23.1659059,v6,50,0.29999999999999999,15,revheading,24,60,0.10000000000000001,1,reference,0,0,0.050000000000000003,0.497,0.9799999999999881,3.43096184915,5,10,300,2,2,0.5,0.02,320,29500,122217,0,26406,24487,24487,292,290,293,2,958,287,0,648,6,0.97952218430034133,0,1,0.98965517241379308,287,0,648,6,0.97952218430034133,0,1,0.98965517241379308,0,648,0,0,0,0,0,0,0,648,293,0,0,nan,0,0,0,287,0,648,6,0.97952218430034133,0,1,0.98965517241379308,287,0,648,6,0.97952218430034133,0,1,0.98965517241379308,1.399999741000002,0.97952218430034133,0.99657122993300473,0.99657122993300473,66.575724728998779,56156,1.185549624777384,56156,117445,0.47814721784665165,86841,263803976,3.0377814166119688,10,0,941,17,286,0,648,7,0.97610921501706482,0,0,0
test__pure_attack__pure_revheading__seed_0025,full,test,pure_attack,pure_revheading,25,25,0,22.1483026,v6,50,0.29999999999999999,15,revheading,25,60,0.10000000000000001,1,reference,0,0,0.050000000000000003,0.497,0.9799999999999881,3.43096184915,5,10,300,2,2,0.5,0.02,320,29500,106475,0,21809,20378,20378,265,257,260,8,850,254,0,555,6,0.97692307692307689,0,1,0.98832684824902728,254,0,555,6,0.97692307692307689,0,1,0.98832684824902728,0,555,0,0,0,0,0,0,0,555,260,0,0,nan,0,0,0,254,0,555,6,0.97692307692307689,0,1,0.98832684824902728,254,0,555,6,0.97692307692307689,0,1,0.98832684824902728,1.4503327485000002,0.97692307692307689,0.99227997227997233,0.99227997227997233,52.658178788997446,45295,1.1625605207859022,45295,101219,0.44749503551704717,71258,213914193,3.0019674001515617,10,0,815,35,253,0,555,7,0.97307692307692306,0,0,0
test__pure_attack__pure_revheading__seed_0026,full,test,pure_attack,pure_revheading,26,26,0,22.6496216,v6,50,0.29999999999999999,15,revheading,26,60,0.10000000000000001,1,reference,0,0,0.050000000000000003,0.497,0.9799999999999881,3.43096184915,5,10,300,2,2,0.5,0.02,320,29500,114655,0,23042,21366,21366,261,255,258,6,954,250,0,658,8,0.96899224806201545,0,1,0.98425196850393704,250,0,658,8,0.96899224806201545,0,1,0.98425196850393704,0,658,0,0,0,0,0,0,0,658,258,0,0,nan,0,0,0,250,0,658,8,0.96899224806201545,0,1,0.98425196850393704,250,0,658,8,0.96899224806201545,0,1,0.98425196850393704,1.3999997195000002,0.96899224806201545,0.99222449989397044,0.99222449989397044,62.62267997100053,54048,1.1586493481905071,54048,115198,0.46917481206270945,81097,246403738,3.0383828994907334,10,0,916,38,250,0,658,8,0.96899224806201545,0,0,0
test__pure_attack__pure_revheading__seed_0027,full,test,pure_attack,pure_revheading,27,27,0,15.7075773,v6,50,0.29999999999999999,15,revheading,27,60,0.10000000000000001,1,reference,0,0,0.050000000000000003,0.497,0.9799999999999881,3.43096184915,5,10,300,2,2,0.5,0.02,320,29500,108960,0,21883,20191,20191,292,283,288,9,896,279,0,573,9,0.96875,0,1,0.98412698412698407,279,0,573,9,0.96875,0,1,0.98412698412698407,0,573,0,0,0,0,0,0,0,573,288,0,0,nan,0,0,0,279,0,573,9,0.96875,0,1,0.98412698412698407,279,0,573,9,0.96875,0,1,0.98412698412698407,1.399999796000003,0.96875,0.9930070777583867,0.9930070777583867,54.048317409001477,46961,1.1509192182662524,46961,102321,0.45895759423774202,73104,189405238,2.5909011545195884,10,0,861,35,279,0,573,9,0.96875,0,0,0
test__pure_attack__pure_revheading__seed_0028,full,test,pure_attack,pure_revheading,28,28,0,19.7601289,v6,50,0.29999999999999999,15,revheading,28,60,0.10000000000000001,1,reference,0,0,0.050000000000000003,0.497,0.9799999999999881,3.43096184915,5,10,300,2,2,0.5,0.02,320,29500,110397,0,20640,19032,19032,269,261,265,8,965,252,0,664,13,0.95094339622641511,0,1,0.97485493230174081,252,0,664,13,0.95094339622641511,0,1,0.97485493230174081,0,664,0,0,0,0,0,0,0,664,265,0,0,nan,0,0,0,252,0,664,13,0.95094339622641511,0,1,0.97485493230174081,252,0,664,13,0.95094339622641511,0,1,0.97485493230174081,1.2999997775000018,0.95094339622641511,0.99240736531029783,0.99240736531029783,64.827959640999964,53942,1.2018086025916719,53942,114251,0.47213591128305221,79278,222394904,2.8052537147758523,10,0,929,36,251,0,664,14,0.94716981132075473,0,0,0
test__pure_attack__pure_revheading__seed_0029,full,test,pure_attack,pure_revheading,29,29,0,21.9142046,v6,50,0.29999999999999999,15,revheading,29,60,0.10000000000000001,1,reference,0,0,0.050000000000000003,0.497,0.9799999999999881,3.43096184915,5,10,300,2,2,0.5,0.02,320,29500,104978,0,22371,20431,20431,272,268,274,4,917,263,0,608,11,0.95985401459854014,0,1,0.97951582867783982,263,0,608,11,0.95985401459854014,0,1,0.97951582867783982,0,608,0,0,0,0,0,0,0,608,274,0,0,nan,0,0,0,263,0,608,11,0.95985401459854014,0,1,0.97951582867783982,263,0,608,11,0.95985401459854014,0,1,0.97951582867783982,1.3999610029999978,0.95985401459854014,0.98720526796004615,0.98720526796004615,55.674464581000308,46840,1.1886094060845496,46840,100968,0.46390935742017275,73070,217051136,2.9704548515122489,10,0,882,35,262,0,608,12,0.95620437956204385,0,0,0
test__pure_attack__pure_revheading__seed_0030,full,test,pure_attack,pure_revheading,30,30,0,22.8172124,v6,50,0.29999999999999999,15,revheading,30,60,0.10000000000000001,1,reference,0,0,0.050000000000000003,0.497,0.9799999999999881,3.43096184915,5,10,300,2,2,0.5,0.02,320,29500,111663,0,21936,20197,20197,272,265,268,7,927,260,0,597,8,0.97014925373134331,0,1,0.98484848484848486,260,0,597,8,0.97014925373134331,0,1,0.98484848484848486,0,597,0,0,0,0,0,0,0,597,268,0,0,nan,0,0,0,260,0,597,8,0.97014925373134331,0,1,0.98484848484848486,260,0,597,8,0.97014925373134331,0,1,0.98484848484848486,1.3999997699999991,0.97014925373134331,0.99251231280782015,0.99251231280782015,59.430316945000307,50293,1.1816816842304161,50293,109574,0.45898662091372039,77955,238847248,3.0639118465781539,10,0,865,62,257,0,597,11,0.95895522388059706,0,0,0
test__pure_attack__pure_slydos__seed_0001,full,test,pure_attack,pure_slydos,1,1,0,28.5444518,v6,50,0.29999999999999999,15,slydos,1,60,0.10000000000000001,1,reference,0,0,0.050000000000000003,0.497,0.9799999999999881,3.43096184915,5,10,300,2,2,0.5,0.02,320,33996,135669,0,37401,34864,34864,271,268,274,3,990,0,0,670,274,0,0,nan,0,0,0,670,274,0,0,nan,0,0,670,0,0,0,0,0,0,0,670,274,0,0,nan,0,0,0,0,0,670,274,0,0,nan,0,0,0,670,274,0,0,nan,0,nan,0,0.49776119402985075,0.49776119402985075,64.350141817998733,52549,1.2245740512283532,52549,120643,0.43557438061056175,95325,338908279,3.5552927248885395,10,0,944,46,0,0,670,274,0,0,0,0
test__pure_attack__pure_slydos__seed_0002,full,test,pure_attack,pure_slydos,2,2,0,29.257677,v6,50,0.29999999999999999,15,slydos,2,60,0.10000000000000001,1,reference,0,0,0.050000000000000003,0.497,0.9799999999999881,3.43096184915,5,10,300,2,2,0.5,0.02,320,33996,140401,0,37722,35995,35995,306,304,309,2,939,0,0,597,309,0,0,nan,0,0,0,597,309,0,0,nan,0,0,597,0,0,0,0,0,0,0,597,309,0,0,nan,0,0,0,0,0,597,309,0,0,nan,0,0,0,597,309,0,0,nan,0,nan,0,0.49826803922525248,0.49826803922525248,62.34165060499943,51975,1.1994545570947461,51975,105819,0.4911688827148244,94847,328782514,3.4664513795902878,10,0,906,33,0,0,597,309,0,0,0,0
test__pure_attack__pure_slydos__seed_0003,full,test,pure_attack,pure_slydos,3,3,0,27.5053865,v6,50,0.29999999999999999,15,slydos,3,60,0.10000000000000001,1,reference,0,0,0.050000000000000003,0.497,0.9799999999999881,3.43096184915,5,10,300,2,2,0.5,0.02,320,33997,120931,0,30281,28934,28934,282,278,285,4,913,0,0,589,285,0,0,nan,0,0,0,589,285,0,0,nan,0,0,589,0,0,0,0,0,0,0,589,285,0,0,nan,0,0,0,0,0,589,285,0,0,nan,0,0,0,589,285,0,0,nan,0,nan,0,0.49660441426146013,0.49660441426146013,58.578422797996048,48216,1.2149166832171074,48216,103012,0.46806197336232674,82427,285943256,3.4690484428645956,10,0,874,39,0,0,589,285,0,0,0,0
test__pure_attack__pure_slydos__seed_0004,full,test,pure_attack,pure_slydos,4,4,0,19.8031886,v6,50,0.29999999999999999,15,slydos,4,60,0.10000000000000001,1,reference,0,0,0.050000000000000003,0.497,0.9799999999999881,3.43096184915,5,10,300,2,2,0.5,0.02,320,33993,139865,0,37673,34981,34981,255,253,258,2,893,0,0,584,258,0,0,nan,0,0,0,584,258,0,0,nan,0,0,584,0,0,0,0,0,0,0,584,258,0,0,nan,0,0,0,0,0,584,258,0,0,nan,0,0,0,584,258,0,0,nan,0,nan,0,0.49486301369863012,0.49486301369863012,63.575748775000662,52484,1.2113358123428219,52484,108984,0.48157527710489612,95820,289006637,3.0161410665831769,10,0,842,51,0,0,584,258,0,0,0,0
test__pure_attack__pure_slydos__seed_0005,full,test,pure_attack,pure_slydos,5,5,0,25.8270631,v6,50,0.29999999999999999,15,slydos,5,60,0.10000000000000001,1,reference,0,0,0.050000000000000003,0.497,0.9799999999999881,3.43096184915,5,10,300,2,2,0.5,0.02,320,33993,119395,0,35711,33917,33917,266,261,265,5,885,0,0,586,265,0,0,nan,0,0,0,586,265,0,0,nan,0,0,586,0,0,0,0,0,0,0,586,265,0,0,nan,0,0,0,0,0,586,265,0,0,nan,0,0,0,586,265,0,0,nan,0,nan,0,0.49658703071672355,0.49658703071672355,54.566977802001439,45220,1.2067000840778737,45220,101213,0.44678055190538762,85084,298472743,3.5079773282873399,10,0,851,34,0,0,586,265,0,0,0,0
test__pure_attack__pure_slydos__seed_0006,full,test,pure_attack,pure_slydos,6,6,0,24.6897101,v6,50,0.29999999999999999,15,slydos,6,60,0.10000000000000001,1,reference,0,0,0.050000000000000003,0.497,0.9799999999999881,3.43096184915,5,10,300,2,2,0.5,0.02,320,33996,114051,0,33760,32432,32432,268,264,269,4,908,0,0,601,269,0,0,nan,0,0,0,601,269,0,0,nan,0,0,601,0,0,0,0,0,0,0,601,269,0,0,nan,0,0,0,0,0,601,269,0,0,nan,0,0,0,601,269,0,0,nan,0,nan,0,0.49955773834192085,0.49955773834192085,49.905371563998578,42178,1.1832085818198725,42178,95822,0.44017031579386778,79765,243119740,3.0479501034288221,10,0,870,38,0,0,601,269,0,0,0,0
test__pure_attack__pure_slydos__seed_0007,full,test,pure_attack,pure_slydos,7,7,0,25.1888243,v6,50,0.29999999999999999,15,slydos,7,60,0.10000000000000001,1,reference,0,0,0.050000000000000003,0.497,0.9799999999999881,3.43096184915,5,10,300,2,2,0.5,0.02,320,33992,123766,0,32402,30703,30703,256,254,261,2,924,0,0,622,261,0,0,nan,0,0,0,622,261,0,0,nan,0,0,622,0,0,0,0,0,0,0,622,261,0,0,nan,0,0,0,0,0,622,261,0,0,nan,0,0,0,622,261,0,0,nan,0,nan,0,0.49981212502001948,0.49981212502001948,62.03200868199778,51436,1.2060037460533046,51436,105968,0.48539181639740298,88541,274238752,3.0973080493782539,10,0,883,41,0,0,622,261,0,0,0,0
test__pure_attack__pure_slydos__seed_0008,full,test,pure_attack,pure_slydos,8,8,0,25.9196959,v6,50,0.29999999999999999,15,slydos,8,60,0.10000000000000001,1,reference,0,0,0.050000000000000003,0.497,0.9799999999999881,3.43096184915,5,10,300,2,2,0.5,0.02,320,33992,138515,0,37389,34754,34754,238,234,240,4,924,0,0,619,240,0,0,nan,0,0,0,619,240,0,0,nan,0,0,619,0,0,0,0,0,0,0,619,240,0,0,nan,0,0,0,0,0,619,240,0,0,nan,0,0,0,619,240,0,0,nan,0,nan,0,0.50335891222401719,0.50335891222401719,65.260484549999063,54933,1.188001466331696,54933,118382,0.46403169400753491,98530,307631886,3.1222154267735713,10,0,859,65,0,0,619,240,0,0,0,0
test__pure_attack__pure_slydos__seed_0009,full,test,pure_attack,pure_slydos,9,9,0,25.2371141,v6,50,0.29999999999999999,15,slydos,9,60,0.10000000000000001,1,reference,0,0,0.050000000000000003,0.497,0.9799999999999881,3.43096184915,5,10,300,2,2,0.5,0.02,320,33997,118249,0,32893,31256,31256,269,262,272,7,900,0,0,591,272,0,0,nan,0,0,0,591,272,0,0,nan,0,0,591,0,0,0,0,0,0,0,591,272,0,0,nan,0,0,0,0,0,591,272,0,0,nan,0,0,0,591,272,0,0,nan,0,nan,0,0.49930016422812779,0.49930016422812779,53.813426434997602,46471,1.1580001815109982,46471,105156,0.44192437901784015,83438,251492921,3.0141293055921761,10,0,863,37,0,0,591,272,0,0,0,0
test__pure_attack__pure_slydos__seed_0010,full,test,pure_attack,pure_slydos,10,10,0,25.9111855,v6,50,0.29999999999999999,15,slydos,10,60,0.10000000000000001,1,reference,0,0,0.050000000000000003,0.497,0.9799999999999881,3.43096184915,5,10,300,2,2,0.5,0.02,320,33992,127388,0,36655,34625,34625,262,254,257,8,876,0,0,567,257,0,0,nan,0,0,0,567,257,0,0,nan,0,0,567,0,0,0,0,0,0,0,567,257,0,0,nan,0,0,0,0,0,567,257,0,0,nan,0,0,0,567,257,0,0,nan,0,nan,0,0.50194209403029122,0.50194209403029122,55.971779004001128,47229,1.1851146330432811,47229,97800,0.48291411042944787,88759,277190897,3.1229610180376075,10,0,824,52,0,0,567,257,0,0,0,0
test__pure_attack__pure_slydos__seed_0011,full,test,pure_attack,pure_slydos,11,11,0,26.0861597,v6,50,0.29999999999999999,15,slydos,11,60,0.10000000000000001,1,reference,0,0,0.050000000000000003,0.497,0.9799999999999881,3.43096184915,5,10,300,2,2,0.5,0.02,320,33996,134421,0,36496,34555,34555,274,267,273,7,912,0,0,588,273,0,0,nan,0,0,0,588,273,0,0,nan,0,0,588,0,0,0,0,0,0,0,588,273,0,0,nan,0,0,0,0,0,588,273,0,0,nan,0,0,0,588,273,0,0,nan,0,nan,0,0.49491664797787249,0.49491664797787249,61.096034683000809,51880,1.1776413778527526,51880,107473,0.48272589394545606,93279,283821827,3.0427194438190805,10,0,861,51,0,0,588,273,0,0,0,0
test__pure_attack__pure_slydos__seed_0012,full,test,pure_attack,pure_slydos,12,12,0,17.8430067,v6,50,0.29999999999999999,15,slydos,12,60,0.10000000000000001,1,reference,0,0,0.050000000000000003,0.497,0.9799999999999881,3.43096184915,5,10,300,2,2,0.5,0.02,320,33997,137866,0,35464,33844,33844,286,281,288,5,983,0,0,654,288,0,0,nan,0,0,0,654,288,0,0,nan,0,0,654,0,0,0,0,0,0,0,654,288,0,0,nan,0,0,0,0,0,654,288,0,0,nan,0,0,0,654,288,0,0,nan,0,nan,0,0.49770642201834864,0.49770642201834864,69.612683375001268,57595,1.2086584490841439,57595,123577,0.46606569183585944,97857,248230965,2.5366704987890492,10,0,942,41,0,0,654,288,0,0,0,0
test__pure_attack__pure_slydos__seed_0013,full,test,pure_attack,pure_slydos,13,13,0,26.3449353,v6,50,0.29999999999999999,15,slydos,13,60,0.10000000000000001,1,reference,0,0,0.050000000000000003,0.497,0.9799999999999881,3.43096184915,5,10,300,2,2,0.5,0.02,320,33995,137007,0,34066,32170,32170,264,261,265,3,918,0,0,620,265,0,0,nan,0,0,0,620,265,0,0,nan,0,0,620,0,0,0,0,0,0,0,620,265,0,0,nan,0,0,0,0,0,620,265,0,0,nan,0,0,0,620,265,0,0,nan,0,nan,0,0.50027388922702376,0.50027388922702376,72.297379581999536,59914,1.206685909503614,59914,117523,0.50980659105026249,98846,307987122,3.1158278736620599,10,0,885,33,0,0,620,265,0,0,0,0
test__pure_attack__pure_slydos__seed_0014,full,test,pure_attack,pure_slydos,14,14,0,24.6404971,v6,50,0.29999999999999999,15,slydos,14,60,0.10000000000000001,1,reference,0,0,0.050000000000000003,0.497,0.9799999999999881,3.43096184915,5,10,300,2,2,0.5,0.02,320,33995,145984,0,40292,38020,38020,297,289,298,8,997,0,0,648,298,0,0,nan,0,0,0,648,298,0,0,nan,0,0,648,0,0,0,0,0,0,0,648,298,0,0,nan,0,0,0,0,0,648,298,0,0,nan,0,0,0,648,298,0,0,nan,0,nan,0,0.50348257933548757,0.50348257933548757,69.779410269999872,59182,1.1790647539792483,59182,124383,0.47580457136425397,105139,313178144,2.9787057514338162,10,0,946,51,0,0,648,298,0,0,0,0
test__pure_attack__pure_slydos__seed_0015,full,test,pure_attack,pure_slydos,15,15,0,23.1158292,v6,50,0.29999999999999999,15,slydos,15,60,0.10000000000000001,1,reference,0,0,0.050000000000000003,0.497,0.9799999999999881,3.43096184915,5,10,300,2,2,0.5,0.02,320,33994,119240,0,32204,30442,30442,261,257,261,4,846,0,0,554,261,0,0,nan,0,0,0,554,261,0,0,nan,0,0,554,0,0,0,0,0,0,0,554,261,0,0,nan,0,0,0,0,0,554,261,0,0,nan,0,0,0,554,261,0,0,nan,0,nan,0,0.50011065466063598,0.50011065466063598,56.23397122999932,46152,1.2184514480412403,46152,92746,0.4976171479093438,82467,240482081,2.9161007554536966,10,0,815,31,0,0,554,261,0,0,0,0
test__pure_attack__pure_slydos__seed_0016,full,test,pure_attack,pure_slydos,16,16,0,21.1449116,v6,50,0.29999999999999999,15,slydos,16,60,0.10000000000000001,1,reference,0,0,0.050000000000000003,0.497,0.9799999999999881,3.43096184915,5,10,300,2,2,0.5,0.02,320,33995,126955,0,36515,34707,34707,268,266,268,2,903,0,0,600,268,0,0,nan,0,0,0,600,268,0,0,nan,0,0,600,0,0,0,0,0,0,0,600,268,0,0,nan,0,0,0,0,0,600,268,0,0,nan,0,0,0,600,268,0,0,nan,0,nan,0,0.50186567164179108,0.50186567164179108,56.607391948999322,45549,1.2427801257766213,45549,103812,0.43876430470465844,86532,234717338,2.7124917718300745,10,0,868,35,0,0,600,268,0,0,0,0
test__pure_attack__pure_slydos__seed_0017,full,test,pure_attack,pure_slydos,17,17,0,21.1232876,v6,50,0.29999999999999999,15,slydos,17,60,0.10000000000000001,1,reference,0,0,0.050000000000000003,0.497,0.9799999999999881,3.43096184915,5,10,300,2,2,0.5,0.02,320,33996,123117,0,33281,31666,31666,259,252,257,7,880,0,0,590,257,0,0,nan,0,0,0,590,257,0,0,nan,0,0,590,0,0,0,0,0,0,0,590,257,0,0,nan,0,0,0,0,0,590,257,0,0,nan,0,0,0,590,257,0,0,nan,0,nan,0,0.50134867770230163,0.50134867770230163,59.693251497999874,50114,1.1911492097617409,50114,106536,0.47039498385522266,87762,254261928,2.8971756341013197,10,0,847,33,0,0,590,257,0,0,0,0
test__pure_attack__pure_slydos__seed_0018,full,test,pure_attack,pure_slydos,18,18,0,24.4344057,v6,50,0.29999999999999999,15,slydos,18,60,0.10000000000000001,1,reference,0,0,0.050000000000000003,0.497,0.9799999999999881,3.43096184915,5,10,300,2,2,0.5,0.02,320,33995,142463,0,35845,34420,34420,268,267,275,1,932,0,0,646,275,0,0,nan,0,0,0,646,275,0,0,nan,0,0,646,0,0,0,0,0,0,0,646,275,0,0,nan,0,0,0,0,0,646,275,0,0,nan,0,0,0,646,275,0,0,nan,0,nan,0,0.49794539825499579,0.49794539825499579,73.176893068997686,61479,1.1902746152181669,61479,118984,0.51669972433268341,101446,300112227,2.9583446069830255,10,0,921,11,0,0,646,275,0,0,0,0
test__pure_attack__pure_slydos__seed_0019,full,test,pure_attack,pure_slydos,19,19,0,24.1858938,v6,50,0.29999999999999999,15,slydos,19,60,0.10000000000000001,1,reference,0,0,0.050000000000000003,0.497,0.9799999999999881,3.43096184915,5,10,300,2,2,0.5,0.02,320,33996,126719,0,33573,31792,31792,279,273,276,6,919,0,0,611,276,0,0,nan,0,0,0,611,276,0,0,nan,0,0,611,0,0,0,0,0,0,0,611,276,0,0,nan,0,0,0,0,0,611,276,0,0,nan,0,0,0,611,276,0,0,nan,0,nan,0,0.49935660238620461,0.49935660238620461,61.052092290998267,51989,1.1743271132546935,51989,109269,0.47578910761515159,89699,259776145,2.8960874145754132,10,0,887,32,0,0,611,276,0,0,0,0
test__pure_attack__pure_slydos__seed_0020,full,test,pure_attack,pure_slydos,20,20,0,23.2971145,v6,50,0.29999999999999999,15,slydos,20,60,0.10000000000000001,1,reference,0,0,0.050000000000000003,0.497,0.9799999999999881,3.43096184915,5,10,300,2,2,0.5,0.02,320,33993,136088,0,34567,33024,33024,300,294,302,6,997,0,0,666,302,0,0,nan,0,0,0,666,302,0,0,nan,0,0,666,0,0,0,0,0,0,0,666,302,0,0,nan,0,0,0,0,0,666,302,0,0,nan,0,0,0,666,302,0,0,nan,0,nan,0,0.5,0.5,69.974717108996074,58719,1.1916878201092675,58719,119013,0.49338307579844221,97643,278916011,2.8564875208668314,10,0,968,29,0,0,666,302,0,0,0,0
test__pure_attack__pure_slydos__seed_0021,full,test,pure_attack,pure_slydos,21,21,0,25.632532,v6,50,0.29999999999999999,15,slydos,21,60,0.10000000000000001,1,reference,0,0,0.050000000000000003,0.497,0.9799999999999881,3.43096184915,5,10,300,2,2,0.5,0.02,320,33994,149603,0,37990,35830,35830,298,292,300,6,1035,0,0,711,300,0,0,nan,0,0,0,711,300,0,0,nan,0,0,711,0,0,0,0,0,0,0,711,300,0,0,nan,0,0,0,0,0,711,300,0,0,nan,0,0,0,711,300,0,0,nan,0,nan,0,0.50289029535864982,0.50289029535864982,77.867698018993849,64784,1.2019587864132171,64784,135846,0.47689295231364925,107706,316360374,2.9372585928360535,10,0,1011,24,0,0,711,300,0,0,0,0
test__pure_attack__pure_slydos__seed_0022,full,test,pure_attack,pure_slydos,22,22,0,24.6823718,v6,50,0.29999999999999999,15,slydos,22,60,0.10000000000000001,1,reference,0,0,0.050000000000000003,0.497,0.9799999999999881,3.43096184915,5,10,300,2,2,0.5,0.02,320,33992,132078,0,37741,36039,36039,291,291,302,0,1004,0,0,665,302,0,0,nan,0,0,0,665,302,0,0,nan,0,0,665,0,0,0,0,0,0,0,665,302,0,0,nan,0,0,0,0,0,665,302,0,0,nan,0,0,0,665,302,0,0,nan,0,nan,0,0.50361499775929885,0.50361499775929885,60.93451845199781,51894,1.1742112470034649,51894,116399,0.4458285724104159,94123,276011422,2.9324545753960241,10,0,967,37,0,0,665,302,0,0,0,0
test__pure_attack__pure_slydos__seed_0023,full,test,pure_attack,pure_slydos,23,23,0,24.959726,v6,50,0.29999999999999999,15,slydos,23,60,0.10000000000000001,1,reference,0,0,0.050000000000000003,0.497,0.9799999999999881,3.43096184915,5,10,300,2,2,0.5,0.02,320,33998,120187,0,34940,33196,33196,265,260,266,5,894,0,0,586,266,0,0,nan,0,0,0,586,266,0,0,nan,0,0,586,0,0,0,0,0,0,0,586,266,0,0,nan,0,0,0,0,0,586,266,0,0,nan,0,0,0,586,266,0,0,nan,0,nan,0,0.49658703071672355,0.49658703071672355,52.979133706002607,45498,1.1644277486043917,45498,99656,0.45655053383639721,85676,257502041,3.0055329497175403,10,0,852,42,0,0,586,266,0,0,0,0
test__pure_attack__pure_slydos__seed_0024,full,test,pure_attack,pure_slydos,24,24,0,25.6926553,v6,50,0.29999999999999999,15,slydos,24,60,0.10000000000000001,1,reference,0,0,0.050000000000000003,0.497,0.9799999999999881,3.43096184915,5,10,300,2,2,0.5,0.02,320,33995,139842,0,40336,38417,38417,292,288,294,4,956,0,0,645,294,0,0,nan,0,0,0,645,294,0,0,nan,0,0,645,0,0,0,0,0,0,0,645,294,0,0,nan,0,0,0,0,0,645,294,0,0,nan,0,0,0,645,294,0,0,nan,0,nan,0,0.49797500395507038,0.49797500395507038,66.821920199998942,55915,1.195062509165679,55915,117445,0.47609519349482737,100528,305890082,3.0428346530319907,10,0,939,17,0,0,645,294,0,0,0,0
test__pure_attack__pure_slydos__seed_0025,full,test,pure_attack,pure_slydos,25,25,0,23.5502396,v6,50,0.29999999999999999,15,slydos,25,60,0.10000000000000001,1,reference,0,0,0.050000000000000003,0.497,0.9799999999999881,3.43096184915,5,10,300,2,2,0.5,0.02,320,33994,124936,0,34418,32987,32987,264,261,265,3,855,0,0,554,265,0,0,nan,0,0,0,554,265,0,0,nan,0,0,554,0,0,0,0,0,0,0,554,265,0,0,nan,0,0,0,0,0,554,265,0,0,nan,0,0,0,554,265,0,0,nan,0,nan,0,0.50007833253865541,0.50007833253865541,52.363172776997047,44741,1.1703621460628293,44741,101219,0.44202175480887973,83322,252671124,3.0324659033628572,10,0,819,36,0,0,554,265,0,0,0,0
test__pure_attack__pure_slydos__seed_0026,full,test,pure_attack,pure_slydos,26,26,0,26.5122376,v6,50,0.29999999999999999,15,slydos,26,60,0.10000000000000001,1,reference,0,0,0.050000000000000003,0.497,0.9799999999999881,3.43096184915,5,10,300,2,2,0.5,0.02,320,33996,132424,0,35781,34105,34105,261,257,261,4,954,0,0,654,261,0,0,nan,0,0,0,654,261,0,0,nan,0,0,654,0,0,0,0,0,0,0,654,261,0,0,nan,0,0,0,0,0,654,261,0,0,nan,0,0,0,654,261,0,0,nan,0,nan,0,0.50191570881226055,0.50191570881226055,63.597061977000557,54563,1.165571210838857,54563,115198,0.4736453757877741,94362,296928083,3.1466912846272863,10,0,915,39,0,0,654,261,0,0,0,0
test__pure_attack__pure_slydos__seed_0027,full,test,pure_attack,pure_slydos,27,27,0,19.0966149,v6,50,0.29999999999999999,15,slydos,27,60,0.10000000000000001,1,reference,0,0,0.050000000000000003,0.497,0.9799999999999881,3.43096184915,5,10,300,2,2,0.5,0.02,320,33996,124819,0,33000,31308,31308,292,285,289,7,895,0,0,563,289,0,0,nan,0,0,0,563,289,0,0,nan,0,0,563,0,0,0,0,0,0,0,563,289,0,0,nan,0,0,0,0,0,563,289,0,0,nan,0,0,0,563,289,0,0,nan,0,nan,0,0.49995390487194774,0.49995390487194774,54.26107036200149,46657,1.1629781246544246,46657,102321,0.45598655212517469,83930,226904545,2.7034974979149293,10,0,852,43,0,0,563,289,0,0,0,0
test__pure_attack__pure_slydos__seed_0028,full,test,pure_attack,pure_slydos,28,28,0,25.6649694,v6,50,0.29999999999999999,15,slydos,28,60,0.10000000000000001,1,reference,0,0,0.050000000000000003,0.497,0.9799999999999881,3.43096184915,5,10,300,2,2,0.5,0.02,320,33993,126307,0,32496,30888,30888,269,266,273,3,971,0,0,661,273,0,0,nan,0,0,0,661,273,0,0,nan,0,0,661,0,0,0,0,0,0,0,661,273,0,0,nan,0,0,0,0,0,661,273,0,0,nan,0,0,0,661,273,0,0,nan,0,nan,0,0.50290103240178885,0.50290103240178885,64.198327693999914,53715,1.1951657394396333,53715,114251,0.47014905777629956,90862,276705235,3.0453350685655169,10,0,934,37,0,0,661,273,0,0,0,0
test__pure_attack__pure_slydos__seed_0029,full,test,pure_attack,pure_slydos,29,29,0,19.358059,v6,50,0.29999999999999999,15,slydos,29,60,0.10000000000000001,1,reference,0,0,0.050000000000000003,0.497,0.9799999999999881,3.43096184915,5,10,300,2,2,0.5,0.02,320,33991,121302,0,34481,32541,32541,272,269,275,3,921,0,0,609,275,0,0,nan,0,0,0,609,275,0,0,nan,0,0,609,0,0,0,0,0,0,0,609,275,0,0,nan,0,0,0,0,0,609,275,0,0,nan,0,0,0,609,275,0,0,nan,0,nan,0,0.49753694581280788,0.49753694581280788,56.637497897000166,46909,1.2073908609648505,46909,100968,0.46459274225497188,85264,231696659,2.7174031126853069,10,0,884,37,0,0,609,275,0,0,0,0
test__pure_attack__pure_slydos__seed_0030,full,test,pure_attack,pure_slydos,30,30,0,25.7876039,v6,50,0.29999999999999999,15,slydos,30,60,0.10000000000000001,1,reference,0,0,0.050000000000000003,0.497,0.9799999999999881,3.43096184915,5,10,300,2,2,0.5,0.02,320,33995,129541,0,34254,32515,32515,272,269,275,3,933,0,0,600,275,0,0,nan,0,0,0,600,275,0,0,nan,0,0,600,0,0,0,0,0,0,0,600,275,0,0,nan,0,0,0,0,0,600,275,0,0,nan,0,0,0,600,275,0,0,nan,0,nan,0,0.50280303030303031,0.50280303030303031,59.510460011000703,50409,1.1805522825487651,50409,109574,0.46004526621278768,90387,276758961,3.0619332536758606,10,0,875,58,0,0,600,275,0,0,0,0
test__steady_state__pure_constoffset_steady__seed_0001,full,test,steady_state,pure_constoffset_steady,1,1,0,23.1465732,v6,50,0.29999999999999999,15,constoffset,1,60,0.10000000000000001,1,reference,0,0,0.050000000000000003,0.497,0.9799999999999881,3.43096184915,10,0,300,2,2,0.5,0.02,320,29500,119243,0,22255,22255,22255,271,266,273,5,942,0,0,669,273,0,0,nan,0,0,0,669,273,0,0,nan,0,0,669,0,0,0,0,0,0,0,669,273,0,0,nan,0,0,0,0,0,669,273,0,0,nan,0,0,0,669,273,0,0,nan,0,nan,0,0.49884196520967822,0.49884196520967822,59.155148015999004,48894,1.2098651780586371,48894,110867,0.44101490975673557,83276,246303359,2.9576751885297083,10,0,942,0,0,0,669,273,0,0,0,0
test__steady_state__pure_constoffset_steady__seed_0002,full,test,steady_state,pure_constoffset_steady,2,2,0,23.0124633,v6,50,0.29999999999999999,15,constoffset,2,60,0.10000000000000001,1,reference,0,0,0.050000000000000003,0.497,0.9799999999999881,3.43096184915,10,0,300,2,2,0.5,0.02,320,29500,120945,0,22836,22836,22836,306,303,306,3,914,0,0,608,306,0,0,nan,0,0,0,608,306,0,0,nan,0,0,608,0,0,0,0,0,0,0,608,306,0,0,nan,0,0,0,0,0,608,306,0,0,nan,0,0,0,608,306,0,0,nan,0,nan,0,0.50162323701410394,0.50162323701410394,56.440965560999658,47707,1.1830751370029482,47707,97455,0.48952850033348727,82031,239521340,2.9198880910875156,10,0,914,0,0,0,608,306,0,0,0,0
test__steady_state__pure_constoffset_steady__seed_0003,full,test,steady_state,pure_constoffset_steady,3,3,0,19.3342626,v6,50,0.29999999999999999,15,constoffset,3,60,0.10000000000000001,1,reference,0,0,0.050000000000000003,0.497,0.9799999999999881,3.43096184915,10,0,300,2,2,0.5,0.02,320,29500,104592,0,18137,18137,18137,282,279,285,3,872,0,0,587,285,0,0,nan,0,0,0,587,285,0,0,nan,0,0,587,0,0,0,0,0,0,0,587,285,0,0,nan,0,0,0,0,0,587,285,0,0,nan,0,0,0,587,285,0,0,nan,0,nan,0,0.50441136913834839,0.50441136913834839,53.840093555995907,45004,1.1963401821170543,45004,95627,0.47062022232214751,71707,196351997,2.7382542429609384,10,0,872,0,0,0,587,285,0,0,0,0
test__steady_state__pure_constoffset_steady__seed_0004,full,test,steady_state,pure_constoffset_steady,4,4,0,22.8349376,v6,50,0.29999999999999999,15,constoffset,4,60,0.10000000000000001,1,reference,0,0,0.050000000000000003,0.497,0.9799999999999881,3.43096184915,10,0,300,2,2,0.5,0.02,320,29500,121333,0,21784,21784,21784,255,247,251,8,839,0,0,588,251,0,0,nan,0,0,0,588,251,0,0,nan,0,0,588,0,0,0,0,0,0,0,588,251,0,0,nan,0,0,0,0,0,588,251,0,0,nan,0,0,0,588,251,0,0,nan,0,nan,0,0.50228338347291113,0.50228338347291113,56.662109323000571,47544,1.1917825450740487,47544,98492,0.48271940868293872,82634,244848646,2.9630496647868916,10,0,839,0,0,0,588,251,0,0,0,0
test__steady_state__pure_constoffset_steady__seed_0005,full,test,steady_state,pure_constoffset_steady,5,5,0,21.7642067,v6,50,0.29999999999999999,15,constoffset,5,60,0.10000000000000001,1,reference,0,0,0.050000000000000003,0.497,0.9799999999999881,3.43096184915,10,0,300,2,2,0.5,0.02,320,29500,104564,0,21265,21265,21265,266,260,264,6,854,0,0,590,264,0,0,nan,0,0,0,590,264,0,0,nan,0,0,590,0,0,0,0,0,0,0,590,264,0,0,nan,0,0,0,0,0,590,264,0,0,nan,0,0,0,590,264,0,0,nan,0,nan,0,0.50398690292758086,0.50398690292758086,50.217808074001624,42384,1.1848293713194042,42384,93294,0.45430574313460675,73257,216089834,2.9497499761114976,10,0,854,0,0,0,590,264,0,0,0,0
test__steady_state__pure_constoffset_steady__seed_0006,full,test,steady_state,pure_constoffset_steady,6,6,0,21.4613419,v6,50,0.29999999999999999,15,constoffset,6,60,0.10000000000000001,1,reference,0,0,0.050000000000000003,0.497,0.9799999999999881,3.43096184915,10,0,300,2,2,0.5,0.02,320,29500,97702,0,20004,20004,20004,268,264,270,4,868,0,0,598,270,0,0,nan,0,0,0,598,270,0,0,nan,0,0,598,0,0,0,0,0,0,0,598,270,0,0,nan,0,0,0,0,0,598,270,0,0,nan,0,0,0,598,270,0,0,nan,0,nan,0,0.50119534249969033,0.50119534249969033,46.070904796999237,38834,1.1863548642169037,38834,87807,0.44226542303005456,67422,196155237,2.9093654445136603,10,0,868,0,0,0,598,270,0,0,0,0
test__steady_state__pure_constoffset_steady__seed_0007,full,test,steady_state,pure_constoffset_steady,7,7,0,20.5705965,v6,50,0.29999999999999999,15,constoffset,7,60,0.10000000000000001,1,reference,0,0,0.050000000000000003,0.497,0.9799999999999881,3.43096184915,10,0,300,2,2,0.5,0.02,320,29500,107486,0,19054,19054,19054,256,249,253,7,877,0,0,624,253,0,0,nan,0,0,0,624,253,0,0,nan,0,0,624,0,0,0,0,0,0,0,624,253,0,0,nan,0,0,0,0,0,624,253,0,0,nan,0,0,0,624,253,0,0,nan,0,nan,0,0.50037372048241613,0.50037372048241613,56.981513348997723,46777,1.2181523686640385,46777,97209,0.48120030038370931,76730,217290332,2.8318823406750946,10,0,877,0,0,0,624,253,0,0,0,0
test__steady_state__pure_constoffset_steady__seed_0008,full,test,steady_state,pure_constoffset_steady,8,8,0,22.6689206,v6,50,0.29999999999999999,15,constoffset,8,60,0.10000000000000001,1,reference,0,0,0.050000000000000003,0.497,0.9799999999999881,3.43096184915,10,0,300,2,2,0.5,0.02,320,29500,121814,0,22093,22093,22093,238,232,238,6,855,0,0,617,238,0,0,nan,0,0,0,617,238,0,0,nan,0,0,617,0,0,0,0,0,0,0,617,238,0,0,nan,0,0,0,0,0,617,238,0,0,nan,0,0,0,617,238,0,0,nan,0,nan,0,0.49966972202170984,0.49966972202170984,58.021066580999282,49830,1.1643802243828876,49830,107643,0.46291909367074496,85831,259765621,3.0264778576504989,10,0,855,0,0,0,617,238,0,0,0,0
test__steady_state__pure_constoffset_steady__seed_0009,full,test,steady_state,pure_constoffset_steady,9,9,0,21.3749337,v6,50,0.29999999999999999,15,constoffset,9,60,0.10000000000000001,1,reference,0,0,0.050000000000000003,0.497,0.9799999999999881,3.43096184915,10,0,300,2,2,0.5,0.02,320,29500,102915,0,19753,19753,19753,269,264,269,5,863,0,0,594,269,0,0,nan,0,0,0,594,269,0,0,nan,0,0,594,0,0,0,0,0,0,0,594,269,0,0,nan,0,0,0,0,0,594,269,0,0,nan,0,0,0,594,269,0,0,nan,0,nan,0,0.4995087179102049,0.4995087179102049,50.068202206997825,43450,1.1523176572381546,43450,97281,0.44664425735755181,72173,210309361,2.9139617446967705,10,0,863,0,0,0,594,269,0,0,0,0
test__steady_state__pure_constoffset_steady__seed_0010,full,test,steady_state,pure_constoffset_steady,10,10,0,14.902871,v6,50,0.29999999999999999,15,constoffset,10,60,0.10000000000000001,1,reference,0,0,0.050000000000000003,0.497,0.9799999999999881,3.43096184915,10,0,300,2,2,0.5,0.02,320,29500,111310,0,22106,22106,22106,262,257,262,5,824,0,0,562,262,0,0,nan,0,0,0,562,262,0,0,nan,0,0,562,0,0,0,0,0,0,0,562,262,0,0,nan,0,0,0,0,0,562,262,0,0,nan,0,0,0,562,262,0,0,nan,0,nan,0,0.50190839694656486,0.50190839694656486,50.574141897000885,43327,1.1672661826805661,43327,89101,0.48626839204947192,76623,191968499,2.5053639116192268,10,0,824,0,0,0,562,262,0,0,0,0
test__steady_state__pure_constoffset_steady__seed_0011,full,test,steady_state,pure_constoffset_steady,11,11,0,22.5712397,v6,50,0.29999999999999999,15,constoffset,11,60,0.10000000000000001,1,reference,0,0,0.050000000000000003,0.497,0.9799999999999881,3.43096184915,10,0,300,2,2,0.5,0.02,320,29500,116145,0,21540,21540,21540,274,267,274,7,865,0,0,591,274,0,0,nan,0,0,0,591,274,0,0,nan,0,0,591,0,0,0,0,0,0,0,591,274,0,0,nan,0,0,0,0,0,591,274,0,0,nan,0,0,0,591,274,0,0,nan,0,nan,0,0.50111156397050649,0.50111156397050649,56.791800041000641,47850,1.1868714742110895,47850,98572,0.48543196851032749,80476,238604802,2.9649187583875936,10,0,865,0,0,0,591,274,0,0,0,0
test__steady_state__pure_constoffset_steady__seed_0012,full,test,steady_state,pure_constoffset_steady,12,12,0,22.4483516,v6,50,0.29999999999999999,15,constoffset,12,60,0.10000000000000001,1,reference,0,0,0.050000000000000003,0.497,0.9799999999999881,3.43096184915,10,0,300,2,2,0.5,0.02,320,29500,120449,0,21594,21594,21594,286,280,286,6,944,0,0,658,286,0,0,nan,0,0,0,658,286,0,0,nan,0,0,658,0,0,0,0,0,0,0,658,286,0,0,nan,0,0,0,0,0,658,286,0,0,nan,0,0,0,658,286,0,0,nan,0,nan,0,0.49848024316109424,0.49848024316109424,63.552801947001527,52979,1.199584777874281,52979,112516,0.47085747804756656,85944,250212685,2.911345585497533,10,0,944,0,0,0,658,286,0,0,0,0
test__steady_state__pure_constoffset_steady__seed_0013,full,test,steady_state,pure_constoffset_steady,13,13,0,20.2826056,v6,50,0.29999999999999999,15,constoffset,13,60,0.10000000000000001,1,reference,0,0,0.050000000000000003,0.497,0.9799999999999881,3.43096184915,10,0,300,2,2,0.5,0.02,320,29500,121165,0,20371,20371,20371,264,261,262,3,883,0,0,621,262,0,0,nan,0,0,0,621,262,0,0,nan,0,0,621,0,0,0,0,0,0,0,621,262,0,0,nan,0,0,0,0,0,621,262,0,0,nan,0,0,0,621,262,0,0,nan,0,nan,0,0.49919484702093397,0.49919484702093397,67.148660952000085,56010,1.1988691475093749,56010,109011,0.51380135949583072,87472,242354846,2.7706562785805744,10,0,883,0,0,0,621,262,0,0,0,0
test__steady_state__pure_constoffset_steady__seed_0014,full,test,steady_state,pure_constoffset_steady,14,14,0,23.0973241,v6,50,0.29999999999999999,15,constoffset,14,60,0.10000000000000001,1,reference,0,0,0.050000000000000003,0.497,0.9799999999999881,3.43096184915,10,0,300,2,2,0.5,0.02,320,29500,126730,0,23390,23390,23390,297,288,295,9,941,0,0,646,295,0,0,nan,0,0,0,646,295,0,0,nan,0,0,646,0,0,0,0,0,0,0,646,295,0,0,nan,0,0,0,0,0,646,295,0,0,nan,0,0,0,646,295,0,0,nan,0,nan,0,0.501067849084326,0.501067849084326,63.583236743000015,54206,1.1729925975537765,54206,114845,0.47199268579389614,90517,269838063,2.9810760741076261,10,0,941,0,0,0,646,295,0,0,0,0
test__steady_state__pure_constoffset_steady__seed_0015,full,test,steady_state,pure_constoffset_steady,15,15,0,19.3708784,v6,50,0.29999999999999999,15,constoffset,15,60,0.10000000000000001,1,reference,0,0,0.050000000000000003,0.497,0.9799999999999881,3.43096184915,10,0,300,2,2,0.5,0.02,320,29500,102694,0,19065,19065,19065,261,256,260,5,816,0,0,556,260,0,0,nan,0,0,0,556,260,0,0,nan,0,0,556,0,0,0,0,0,0,0,556,260,0,0,nan,0,0,0,0,0,556,260,0,0,nan,0,0,0,556,260,0,0,nan,0,nan,0,0.50102379634753735,0.50102379634753735,52.810573441998912,43048,1.2267834380691067,43048,85782,0.50183022079224082,71232,197956423,2.7790378341194968,10,0,816,0,0,0,556,260,0,0,0,0
test__steady_state__pure_constoffset_steady__seed_0016,full,test,steady_state,pure_constoffset_steady,16,16,0,19.7119557,v6,50,0.29999999999999999,15,constoffset,16,60,0.10000000000000001,1,reference,0,0,0.050000000000000003,0.497,0.9799999999999881,3.43096184915,10,0,300,2,2,0.5,0.02,320,29500,109115,0,21782,21782,21782,268,264,265,4,861,0,0,596,265,0,0,nan,0,0,0,596,265,0,0,nan,0,0,596,0,0,0,0,0,0,0,596,265,0,0,nan,0,0,0,0,0,596,265,0,0,nan,0,0,0,596,265,0,0,nan,0,nan,0,0.49328859060402686,0.49328859060402686,51.300440027999848,41541,1.2349351250090235,41541,94923,0.43762839354002719,73676,204237420,2.7721024485585537,10,0,861,0,0,0,596,265,0,0,0,0
test__steady_state__pure_constoffset_steady__seed_0017,full,test,steady_state,pure_constoffset_steady,17,17,0,21.6655296,v6,50,0.29999999999999999,15,constoffset,17,60,0.10000000000000001,1,reference,0,0,0.050000000000000003,0.497,0.9799999999999881,3.43096184915,10,0,300,2,2,0.5,0.02,320,29500,107323,0,20021,20021,20021,259,251,254,8,846,0,0,592,254,0,0,nan,0,0,0,592,254,0,0,nan,0,0,592,0,0,0,0,0,0,0,592,254,0,0,nan,0,0,0,0,0,592,254,0,0,nan,0,0,0,592,254,0,0,nan,0,nan,0,0.50309241327942111,0.50309241327942111,54.918991881999141,46232,1.1878999801436048,46232,98294,0.47034406983132238,76270,226724979,2.9726626327520647,10,0,846,0,0,0,592,254,0,0,0,0
test__steady_state__pure_constoffset_steady__seed_0018,full,test,steady_state,pure_constoffset_steady,18,18,0,21.1800958,v6,50,0.29999999999999999,15,constoffset,18,60,0.10000000000000001,1,reference,0,0,0.050000000000000003,0.497,0.9799999999999881,3.43096184915,10,0,300,2,2,0.5,0.02,320,29500,122800,0,21627,21627,21627,268,267,272,1,919,0,0,647,272,0,0,nan,0,0,0,647,272,0,0,nan,0,0,647,0,0,0,0,0,0,0,647,272,0,0,nan,0,0,0,0,0,647,272,0,0,nan,0,0,0,647,272,0,0,nan,0,nan,0,0.49768160741885625,0.49768160741885625,69.027849075997551,56931,1.2124826382111249,56931,111120,0.51233801295896331,87977,249804719,2.8394321129386091,10,0,919,0,0,0,647,272,0,0,0,0
test__steady_state__pure_constoffset_steady__seed_0019,full,test,steady_state,pure_constoffset_steady,19,19,0,15.7449368,v6,50,0.29999999999999999,15,constoffset,19,60,0.10000000000000001,1,reference,0,0,0.050000000000000003,0.497,0.9799999999999881,3.43096184915,10,0,300,2,2,0.5,0.02,320,29500,110968,0,20530,20530,20530,279,272,276,7,890,1,0,614,275,0.0036231884057971015,0,1,0.0072202166064981952,1,0,614,275,0.0036231884057971015,0,1,0.0072202166064981952,0,614,0,0,0,0,0,0,0,614,276,0,0,nan,0,0,0,1,0,614,275,0.0036231884057971015,0,1,0.0072202166064981952,1,0,614,275,0.0036231884057971015,0,1,0.0072202166064981952,49.899999586,0.0036231884057971015,0.5003776613322003,0.5003776613322003,59.030095507999071,48705,1.2119925163330063,48705,101188,0.48133177847175557,78681,195365404,2.4830061132929169,10,0,890,0,1,0,614,275,0.0036231884057971015,0,0,0
test__steady_state__pure_constoffset_steady__seed_0020,full,test,steady_state,pure_constoffset_steady,20,20,0,21.9065671,v6,50,0.29999999999999999,15,constoffset,20,60,0.10000000000000001,1,reference,0,0,0.050000000000000003,0.497,0.9799999999999881,3.43096184915,10,0,300,2,2,0.5,0.02,320,29500,119708,0,20950,20950,20950,300,292,300,8,960,0,0,660,300,0,0,nan,0,0,0,660,300,0,0,nan,0,0,660,0,0,0,0,0,0,0,660,300,0,0,nan,0,0,0,0,0,660,300,0,0,nan,0,0,0,660,300,0,0,nan,0,nan,0,0.50257575757575756,0.50257575757575756,64.887166819995571,54343,1.1940298993429801,54343,108909,0.49897620949600124,86090,246586732,2.8642900685329304,10,0,960,0,0,0,660,300,0,0,0,0
test__steady_state__pure_constoffset_steady__seed_0021,full,test,steady_state,pure_constoffset_steady,21,21,0,20.450915,v6,50,0.29999999999999999,15,constoffset,21,60,0.10000000000000001,1,reference,0,0,0.050000000000000003,0.497,0.9799999999999881,3.43096184915,10,0,300,2,2,0.5,0.02,320,29500,130314,0,22133,22133,22133,298,292,297,6,1007,0,0,710,297,0,0,nan,0,0,0,710,297,0,0,nan,0,0,710,0,0,0,0,0,0,0,710,297,0,0,nan,0,0,0,0,0,710,297,0,0,nan,0,0,0,710,297,0,0,nan,0,nan,0,0.49788732394366197,0.49788732394366197,72.068212792993506,60072,1.1996972431913955,60072,125447,0.47886358382424449,93916,257015802,2.7366561821201927,10,0,1007,0,0,0,710,297,0,0,0,0
test__steady_state__pure_constoffset_steady__seed_0022,full,test,steady_state,pure_constoffset_steady,22,22,0,20.8859997,v6,50,0.29999999999999999,15,constoffset,22,60,0.10000000000000001,1,reference,0,0,0.050000000000000003,0.497,0.9799999999999881,3.43096184915,10,0,300,2,2,0.5,0.02,320,29500,114544,0,22701,22701,22701,291,288,293,3,960,0,0,667,293,0,0,nan,0,0,0,667,293,0,0,nan,0,0,667,0,0,0,0,0,0,0,667,293,0,0,nan,0,0,0,0,0,667,293,0,0,nan,0,0,0,667,293,0,0,nan,0,nan,0,0.49870798389201304,0.49870798389201304,56.342597520998517,48117,1.1709499245796395,48117,108325,0.44419109162243248,80826,225450442,2.7893306856704525,10,0,960,0,0,0,667,293,0,0,0,0
test__steady_state__pure_constoffset_steady__seed_0023,full,test,steady_state,pure_constoffset_steady,23,23,0,19.0626233,v6,50,0.29999999999999999,15,constoffset,23,60,0.10000000000000001,1,reference,0,0,0.050000000000000003,0.497,0.9799999999999881,3.43096184915,10,0,300,2,2,0.5,0.02,320,29500,104454,0,20587,20587,20587,265,261,265,4,851,0,0,586,265,0,0,nan,0,0,0,586,265,0,0,nan,0,0,586,0,0,0,0,0,0,0,586,265,0,0,nan,0,0,0,0,0,586,265,0,0,nan,0,0,0,586,265,0,0,nan,0,nan,0,0.50566037735849056,0.50566037735849056,48.216447532002576,41731,1.1554107865136847,41731,91873,0.45422485387437006,73377,197993317,2.6983021519004593,10,0,851,0,0,0,586,265,0,0,0,0
test__steady_state__pure_constoffset_steady__seed_0024,full,test,steady_state,pure_constoffset_steady,24,24,0,19.9159128,v6,50,0.29999999999999999,15,constoffset,24,60,0.10000000000000001,1,reference,0,0,0.050000000000000003,0.497,0.9799999999999881,3.43096184915,10,0,300,2,2,0.5,0.02,320,29500,122217,0,24487,24487,24487,292,290,293,2,941,0,0,648,293,0,0,nan,0,0,0,648,293,0,0,nan,0,0,648,0,0,0,0,0,0,0,648,293,0,0,nan,0,0,0,0,0,648,293,0,0,nan,0,0,0,648,293,0,0,nan,0,nan,0,0.50093487970336659,0.50093487970336659,62.430556412998797,52510,1.1889269932012723,52510,109600,0.47910583941605839,86841,240732416,2.7721055261915453,10,0,941,0,0,0,648,293,0,0,0,0
test__steady_state__pure_constoffset_steady__seed_0025,full,test,steady_state,pure_constoffset_steady,25,25,0,18.9251441,v6,50,0.29999999999999999,15,constoffset,25,60,0.10000000000000001,1,reference,0,0,0.050000000000000003,0.497,0.9799999999999881,3.43096184915,10,0,300,2,2,0.5,0.02,320,29500,106475,0,20378,20378,20378,265,257,260,8,815,0,0,555,260,0,0,nan,0,0,0,555,260,0,0,nan,0,0,555,0,0,0,0,0,0,0,555,260,0,0,nan,0,0,0,0,0,555,260,0,0,nan,0,0,0,555,260,0,0,nan,0,nan,0,0.50396742896742897,0.50396742896742897,48.891513717997469,42005,1.1639450950600516,42005,93454,0.44947246773813854,71258,193436705,2.7145963260265513,10,0,815,0,0,0,555,260,0,0,0,0
test__steady_state__pure_constoffset_steady__seed_0026,full,test,steady_state,pure_constoffset_steady,26,26,0,17.0214247,v6,50,0.29999999999999999,15,constoffset,26,60,0.10000000000000001,1,reference,0,0,0.050000000000000003,0.497,0.9799999999999881,3.43096184915,10,0,300,2,2,0.5,0.02,320,29500,114655,0,21366,21366,21366,261,255,258,6,916,0,0,658,258,0,0,nan,0,0,0,658,258,0,0,nan,0,0,658,0,0,0,0,0,0,0,658,258,0,0,nan,0,0,0,0,0,658,258,0,0,nan,0,0,0,658,258,0,0,nan,0,nan,0,0.49924012158054709,0.49924012158054709,58.766927754000498,50662,1.1599804143934409,50662,107426,0.47159905423268111,81097,214714585,2.6476267309518229,10,0,916,0,0,0,658,258,0,0,0,0
test__steady_state__pure_constoffset_steady__seed_0027,full,test,steady_state,pure_constoffset_steady,27,27,0,20.8865964,v6,50,0.29999999999999999,15,constoffset,27,60,0.10000000000000001,1,reference,0,0,0.050000000000000003,0.497,0.9799999999999881,3.43096184915,10,0,300,2,2,0.5,0.02,320,29500,108960,0,20191,20191,20191,292,283,288,9,861,0,0,573,288,0,0,nan,0,0,0,573,288,0,0,nan,0,0,573,0,0,0,0,0,0,0,573,288,0,0,nan,0,0,0,0,0,573,288,0,0,nan,0,0,0,573,288,0,0,nan,0,nan,0,0.50085442117510182,0.50085442117510182,49.619141559001484,43138,1.150242050141441,43138,94168,0.45809616854982582,73104,212543220,2.9074088969139855,10,0,861,0,0,0,573,288,0,0,0,0
test__steady_state__pure_constoffset_steady__seed_0028,full,test,steady_state,pure_constoffset_steady,28,28,0,17.8440093,v6,50,0.29999999999999999,15,constoffset,28,60,0.10000000000000001,1,reference,0,0,0.050000000000000003,0.497,0.9799999999999881,3.43096184915,10,0,300,2,2,0.5,0.02,320,29500,110397,0,19032,19032,19032,269,261,265,8,929,0,0,664,265,0,0,nan,0,0,0,664,265,0,0,nan,0,0,664,0,0,0,0,0,0,0,664,265,0,0,nan,0,0,0,0,0,664,265,0,0,nan,0,0,0,664,265,0,0,nan,0,nan,0,0.49623493975903615,0.49623493975903615,59.592289422000306,49466,1.2047121138155563,49466,105021,0.47101055979280332,79278,207665644,2.6194611872146121,10,0,929,0,0,0,664,265,0,0,0,0
test__steady_state__pure_constoffset_steady__seed_0029,full,test,steady_state,pure_constoffset_steady,29,29,0,20.0119522,v6,50,0.29999999999999999,15,constoffset,29,60,0.10000000000000001,1,reference,0,0,0.050000000000000003,0.497,0.9799999999999881,3.43096184915,10,0,300,2,2,0.5,0.02,320,29500,104978,0,20431,20431,20431,272,268,274,4,882,0,0,608,274,0,0,nan,0,0,0,608,274,0,0,nan,0,0,608,0,0,0,0,0,0,0,608,274,0,0,nan,0,0,0,0,0,608,274,0,0,nan,0,0,0,608,274,0,0,nan,0,nan,0,0.49917763157894735,0.49917763157894735,51.329364884000363,43408,1.1824862901769344,43408,93214,0.46568112086167313,73070,204000461,2.7918497468181194,10,0,882,0,0,0,608,274,0,0,0,0
test__steady_state__pure_constoffset_steady__seed_0030,full,test,steady_state,pure_constoffset_steady,30,30,0,22.2287924,v6,50,0.29999999999999999,15,constoffset,30,60,0.10000000000000001,1,reference,0,0,0.050000000000000003,0.497,0.9799999999999881,3.43096184915,10,0,300,2,2,0.5,0.02,320,29500,111663,0,20197,20197,20197,272,265,268,7,865,0,0,597,268,0,0,nan,0,0,0,597,268,0,0,nan,0,0,597,0,0,0,0,0,0,0,597,268,0,0,nan,0,0,0,0,0,597,268,0,0,nan,0,0,0,597,268,0,0,nan,0,nan,0,0.50392197304932629,0.50392197304932629,53.822168210000349,45489,1.1831908419618007,45489,99465,0.45733675162117327,77955,228783990,2.9348212430248219,10,0,865,0,0,0,597,268,0,0,0,0
test__steady_state__pure_revheading_steady__seed_0001,full,test,steady_state,pure_revheading_steady,1,1,0,22.7144908,v6,50,0.29999999999999999,15,revheading,1,60,0.10000000000000001,1,reference,0,0,0.050000000000000003,0.497,0.9799999999999881,3.43096184915,10,0,300,2,2,0.5,0.02,320,29500,119243,0,22255,22255,22255,271,266,273,5,942,262,0,669,11,0.95970695970695974,0,1,0.97943925233644857,262,0,669,11,0.95970695970695974,0,1,0.97943925233644857,0,669,0,0,0,0,0,0,0,669,273,0,0,nan,0,0,0,262,0,669,11,0.95970695970695974,0,1,0.97943925233644857,262,0,669,11,0.95970695970695974,0,1,0.97943925233644857,1.2999997829999996,0.95970695970695974,0.99078773742450876,0.99078773742450876,59.155148015999004,48894,1.2098651780586371,48894,110867,0.44101490975673557,83276,246415111,2.959017135789423,10,0,942,0,263,0,669,10,0.96336996336996339,0,0,0
test__steady_state__pure_revheading_steady__seed_0002,full,test,steady_state,pure_revheading_steady,2,2,0,21.7209653,v6,50,0.29999999999999999,15,revheading,2,60,0.10000000000000001,1,reference,0,0,0.050000000000000003,0.497,0.9799999999999881,3.43096184915,10,0,300,2,2,0.5,0.02,320,29500,120945,0,22836,22836,22836,306,303,306,3,914,295,0,608,11,0.96405228758169936,0,1,0.98169717138103163,295,0,608,11,0.96405228758169936,0,1,0.98169717138103163,0,608,0,0,0,0,0,0,0,608,306,0,0,nan,0,0,0,295,0,608,11,0.96405228758169936,0,1,0.98169717138103163,295,0,608,11,0.96405228758169936,0,1,0.98169717138103163,1.4999997409999999,0.96405228758169936,0.99180319057447541,0.99180319057447541,56.440965560999658,47707,1.1830751370029482,47707,97455,0.48952850033348727,82031,236322764,2.8808958076824616,10,0,914,0,298,0,608,8,0.97385620915032678,0,0,0
test__steady_state__pure_revheading_steady__seed_0003,full,test,steady_state,pure_revheading_steady,3,3,0,21.5919696,v6,50,0.29999999999999999,15,revheading,3,60,0.10000000000000001,1,reference,0,0,0.050000000000000003,0.497,0.9799999999999881,3.43096184915,10,0,300,2,2,0.5,0.02,320,29500,104592,0,18137,18137,18137,282,279,285,3,872,276,0,587,9,0.96842105263157896,0,1,0.98395721925133695,276,0,587,9,0.96842105263157896,0,1,0.98395721925133695,0,587,0,0,0,0,0,0,0,587,285,0,0,nan,0,0,0,276,0,587,9,0.96842105263157896,0,1,0.98395721925133695,276,0,587,9,0.96842105263157896,0,1,0.98395721925133695,1.3999997534999995,0.96842105263157896,0.99297050121043662,0.99297050121043662,53.840093555995907,45004,1.1963401821170543,45004,95627,0.47062022232214751,71707,208011459,2.9008529013903805,10,0,872,0,278,0,587,7,0.9754385964912281,0,0,0
test__steady_state__pure_revheading_steady__seed_0004,full,test,steady_state,pure_revheading_steady,4,4,0,22.0299082,v6,50,0.29999999999999999,15,revheading,4,60,0.10000000000000001,1,reference,0,0,0.050000000000000003,0.497,0.9799999999999881,3.43096184915,10,0,300,2,2,0.5,0.02,320,29500,121333,0,21784,21784,21784,255,247,251,8,839,242,0,588,9,0.96414342629482075,0,1,0.98174442190669375,242,0,588,9,0.96414342629482075,0,1,0.98174442190669375,0,588,0,0,0,0,0,0,0,588,251,0,0,nan,0,0,0,242,0,588,9,0.96414342629482075,0,1,0.98174442190669375,242,0,588,9,0.96414342629482075,0,1,0.98174442190669375,1.1999997975000021,0.96414342629482075,0.99600238501775207,0.99600238501775207,56.662109323000571,47544,1.1917825450740487,47544,98492,0.48271940868293872,82634,252474065,3.0553291018224944,10,0,839,0,245,0,588,6,0.9760956175298805,0,0,0
test__steady_state__pure_revheading_steady__seed_0005,full,test,steady_state,pure_revheading_steady,5,5,0,19.899466,v6,50,0.29999999999999999,15,revheading,5,60,0.10000000000000001,1,reference,0,0,0.050000000000000003,0.497,0.9799999999999881,3.43096184915,10,0,300,2,2,0.5,0.02,320,29500,104564,0,21265,21265,21265,266,260,264,6,854,253,0,590,11,0.95833333333333337,0,1,0.97872340425531912,253,0,590,11,0.95833333333333337,0,1,0.97872340425531912,0,590,0,0,0,0,0,0,0,590,264,0,0,nan,0,0,0,253,0,590,11,0.95833333333333337,0,1,0.97872340425531912,253,0,590,11,0.95833333333333337,0,1,0.97872340425531912,1.3999997569999998,0.95833333333333337,0.9904982023626091,0.9904982023626091,50.217808074001624,42384,1.1848293713194042,42384,93294,0.45430574313460675,73257,210439335,2.8726174290511484,10,0,854,0,256,0,590,8,0.96969696969696972,0,0,0
test__steady_state__pure_revheading_steady__seed_0006,full,test,steady_state,pure_revheading_steady,6,6,0,17.1407932,v6,50,0.29999999999999999,15,revheading,6,60,0.10000000000000001,1,reference,0,0,0.050000000000000003,0.497,0.9799999999999881,3.43096184915,10,0,300,2,2,0.5,0.02,320,29500,97702,0,20004,20004,20004,268,264,270,4,868,258,0,598,12,0.9555555555555556,0,1,0.97727272727272729,258,0,598,12,0.9555555555555556,0,1,0.97727272727272729,0,598,0,0,0,0,0,0,0,598,270,0,0,nan,0,0,0,258,0,598,12,0.9555555555555556,0,1,0.97727272727272729,258,0,598,12,0.9555555555555556,0,1,0.97727272727272729,1.3999997269999973,0.9555555555555556,0.98324972129319954,0.98324972129319954,46.070904796999237,38834,1.1863548642169037,38834,87807,0.44226542303005456,67422,175473185,2.6026102014179346,10,0,868,0,258,0,598,12,0.9555555555555556,0,0,0
test__steady_state__pure_revheading_steady__seed_0007,full,test,steady_state,pure_revheading_steady,7,7,0,21.0574242,v6,50,0.29999999999999999,15,revheading,7,60,0.10000000000000001,1,reference,0,0,0.050000000000000003,0.497,0.9799999999999881,3.43096184915,10,0,300,2,2,0.5,0.02,320,29500,107486,0,19054,19054,19054,256,249,253,7,877,245,0,624,8,0.96837944664031617,0,1,0.98393574297188757,245,0,624,8,0.96837944664031617,0,1,0.98393574297188757,0,624,0,0,0,0,0,0,0,624,253,0,0,nan,0,0,0,245,0,624,8,0.96837944664031617,0,1,0.98393574297188757,245,0,624,8,0.96837944664031617,0,1,0.98393574297188757,1.3999997450000023,0.96837944664031617,0.99603476233911015,0.99603476233911015,56.981513348997723,46777,1.2181523686640385,46777,97209,0.48120030038370931,76730,223405299,2.9115769451322824,10,0,877,0,250,0,624,3,0.98814229249011853,0,0,0
test__steady_state__pure_revheading_steady__seed_0008,full,test,steady_state,pure_revheading_steady,8,8,0,22.929749,v6,50,0.29999999999999999,15,revheading,8,60,0.10000000000000001,1,reference,0,0,0.050000000000000003,0.497,0.9799999999999881,3.43096184915,10,0,300,2,2,0.5,0.02,320,29500,121814,0,22093,22093,22093,238,232,238,6,855,230,0,617,8,0.96638655462184875,0,1,0.98290598290598286,230,0,617,8,0.96638655462184875,0,1,0.98290598290598286,0,617,0,0,0,0,0,0,0,617,238,0,0,nan,0,0,0,230,0,617,8,0.96638655462184875,0,1,0.98290598290598286,230,0,617,8,0.96638655462184875,0,1,0.98290598290598286,1.2000002069999995,0.96638655462184875,0.99788894488103186,0.99788894488103186,58.021066580999282,49830,1.1643802243828876,49830,107643,0.46291909367074496,85831,263687573,3.0721717444746073,10,0,855,0,236,0,617,2,0.99159663865546221,0,0,0
test__steady_state__pure_revheading_steady__seed_0009,full,test,steady_state,pure_revheading_steady,9,9,0,20.8901773,v6,50,0.29999999999999999,15,revheading,9,60,0.10000000000000001,1,reference,0,0,0.050000000000000003,0.497,0.9799999999999881,3.43096184915,10,0,300,2,2,0.5,0.02,320,29500,102915,0,19753,19753,19753,269,264,269,5,863,256,0,594,13,0.95167286245353155,0,1,0.97523809523809524,256,0,594,13,0.95167286245353155,0,1,0.97523809523809524,0,594,0,0,0,0,0,0,0,594,269,0,0,nan,0,0,0,256,0,594,13,0.95167286245353155,0,1,0.97523809523809524,256,0,594,13,0.95167286245353155,0,1,0.97523809523809524,1.3999997835000011,0.95167286245353155,0.99250247205637543,0.99250247205637543,50.068202206997825,43450,1.1523176572381546,43450,97281,0.44664425735755181,72173,208266223,2.8856528480179566,10,0,863,0,259,0,594,10,0.96282527881040891,0,0,0
test__steady_state__pure_revheading_steady__seed_0010,full,test,steady_state,pure_revheading_steady,10,10,0,20.5107977,v6,50,0.29999999999999999,15,revheading,10,60,0.10000000000000001,1,reference,0,0,0.050000000000000003,0.497,0.9799999999999881,3.43096184915,10,0,300,2,2,0.5,0.02,320,29500,111310,0,22106,22106,22106,262,257,262,5,824,245,0,562,17,0.93511450381679384,0,1,0.9664694280078896,245,0,562,17,0.93511450381679384,0,1,0.9664694280078896,0,562,0,0,0,0,0,0,0,562,262,0,0,nan,0,0,0,245,0,562,17,0.93511450381679384,0,1,0.9664694280078896,245,0,562,17,0.93511450381679384,0,1,0.9664694280078896,1.3999996999999951,0.93511450381679384,0.98854961832061072,0.98854961832061072,50.574141897000885,43327,1.1672661826805661,43327,89101,0.48626839204947192,76623,224071092,2.9243320151912613,10,0,824,0,248,0,562,14,0.94656488549618323,0,0,0
test__steady_state__pure_revheading_steady__seed_0011,full,test,steady_state,pure_revheading_steady,11,11,0,22.8868891,v6,50,0.29999999999999999,15,revheading,11,60,0.10000000000000001,1,reference,0,0,0.050000000000000003,0.497,0.9799999999999881,3.43096184915,10,0,300,2,2,0.5,0.02,320,29500,116145,0,21540,21540,21540,274,267,274,7,865,259,0,591,15,0.94525547445255476,0,1,0.97185741088180111,259,0,591,15,0.94525547445255476,0,1,0.97185741088180111,0,591,0,0,0,0,0,0,0,591,274,0,0,nan,0,0,0,259,0,591,15,0.94525547445255476,0,1,0.97185741088180111,259,0,591,15,0.94525547445255476,0,1,0.97185741088180111,1.2999997749999999,0.94525547445255476,0.99266367779465703,0.99266367779465703,56.791800041000641,47850,1.1868714742110895,47850,98572,0.48543196851032749,80476,240798816,2.9921817187732991,10,0,865,0,264,0,591,10,0.96350364963503654,0,0,0
test__steady_state__pure_revheading_steady__seed_0012,full,test,steady_state,pure_revheading_steady,12,12,0,23.0131937,v6,50,0.29999999999999999,15,revheading,12,60,0.10000000000000001,1,reference,0,0,0.050000000000000003,0.497,0.9799999999999881,3.43096184915,10,0,300,2,2,0.5,0.02,320,29500,120449,0,21594,21594,21594,286,280,286,6,944,273,0,658,13,0.95454545454545459,0,1,0.97674418604651159,273,0,658,13,0.95454545454545459,0,1,0.97674418604651159,0,658,0,0,0,0,0,0,0,658,286,0,0,nan,0,0,0,273,0,658,13,0.95454545454545459,0,1,0.97674418604651159,273,0,658,13,0.95454545454545459,0,1,0.97674418604651159,1.3999997270000009,0.95454545454545459,0.98772504091653024,0.98772504091653024,63.552801947001527,52979,1.199584777874281,52979,112516,0.47085747804756656,85944,250808489,2.918278053150889,10,0,944,0,276,0,658,10,0.965034965034965,0,0,0
test__steady_state__pure_revheading_steady__seed_0013,full,test,steady_state,pure_revheading_steady,13,13,0,21.1521878,v6,50,0.29999999999999999,15,revheading,13,60,0.10000000000000001,1,reference,0,0,0.050000000000000003,0.497,0.9799999999999881,3.43096184915,10,0,300,2,2,0.5,0.02,320,29500,121165,0,20371,20371,20371,264,261,262,3,883,253,0,621,9,0.96564885496183206,0,1,0.98252427184466018,253,0,621,9,0.96564885496183206,0,1,0.98252427184466018,0,621,0,0,0,0,0,0,0,621,262,0,0,nan,0,0,0,253,0,621,9,0.96564885496183206,0,1,0.98252427184466018,253,0,621,9,0.96564885496183206,0,1,0.98252427184466018,1.3999997109999995,0.96564885496183206,0.9961770599009232,0.9961770599009232,67.148660952000085,56010,1.1988691475093749,56010,109011,0.51380135949583072,87472,249789458,2.8556504710078654,10,0,883,0,253,0,621,9,0.96564885496183206,0,0,0
test__steady_state__pure_revheading_steady__seed_0014,full,test,steady_state,pure_revheading_steady,14,14,0,23.3221796,v6,50,0.29999999999999999,15,revheading,14,60,0.10000000000000001,1,reference,0,0,0.050000000000000003,0.497,0.9799999999999881,3.43096184915,10,0,300,2,2,0.5,0.02,320,29500,126730,0,23390,23390,23390,297,288,295,9,941,281,0,646,14,0.9525423728813559,0,1,0.97569444444444442,281,0,646,14,0.9525423728813559,0,1,0.97569444444444442,0,646,0,0,0,0,0,0,0,646,295,0,0,nan,0,0,0,281,0,646,14,0.9525423728813559,0,1,0.97569444444444442,281,0,646,14,0.9525423728813559,0,1,0.97569444444444442,1.2999997729999997,0.9525423728813559,0.98808049535603715,0.98808049535603715,63.583236743000015,54206,1.1729925975537765,54206,114845,0.47199268579389614,90517,268592389,2.9673143056000533,10,0,941,0,283,0,646,12,0.95932203389830506,0,0,0
test__steady_state__pure_revheading_steady__seed_0015,full,test,steady_state,pure_revheading_steady,15,15,0,16.7531947,v6,50,0.29999999999999999,15,revheading,15,60,0.10000000000000001,1,reference,0,0,0.050000000000000003,0.497,0.9799999999999881,3.43096184915,10,0,300,2,2,0.5,0.02,320,29500,102694,0,19065,19065,19065,261,256,260,5,816,249,0,556,11,0.95769230769230773,0,1,0.9783889980353635,249,0,556,11,0.95769230769230773,0,1,0.9783889980353635,0,556,0,0,0,0,0,0,0,556,260,0,0,nan,0,0,0,249,0,556,11,0.95769230769230773,0,1,0.9783889980353635,249,0,556,11,0.95769230769230773,0,1,0.9783889980353635,1.3999997929999992,0.95769230769230773,0.99229385722191477,0.99229385722191477,52.810573441998912,43048,1.2267834380691067,43048,85782,0.50183022079224082,71232,183424606,2.5750309692273134,10,0,816,0,251,0,556,9,0.9653846153846154,0,0,0
test__steady_state__pure_revheading_steady__seed_0016,full,test,steady_state,pure_revheading_steady,16,16,0,22.1674209,v6,50,0.29999999999999999,15,revheading,16,60,0.10000000000000001,1,reference,0,0,0.050000000000000003,0.497,0.9799999999999881,3.43096184915,10,0,300,2,2,0.5,0.02,320,29500,109115,0,21782,21782,21782,268,264,265,4,861,257,0,596,8,0.96981132075471699,0,1,0.98467432950191569,257,0,596,8,0.96981132075471699,0,1,0.98467432950191569,0,596,0,0,0,0,0,0,0,596,265,0,0,nan,0,0,0,257,0,596,8,0.96981132075471699,0,1,0.98467432950191569,257,0,596,8,0.96981132075471699,0,1,0.98467432950191569,1.3999997339999979,0.96981132075471699,0.99426364442193238,0.99426364442193238,51.300440027999848,41541,1.2349351250090235,41541,94923,0.43762839354002719,73676,218361558,2.963808540094468,10,0,861,0,259,0,596,6,0.97735849056603774,0,0,0
test__steady_state__pure_revheading_steady__seed_0017,full,test,steady_state,pure_revheading_steady,17,17,0,21.5815348,v6,50,0.29999999999999999,15,revheading,17,60,0.10000000000000001,1,reference,0,0,0.050000000000000003,0.497,0.9799999999999881,3.43096184915,10,0,300,2,2,0.5,0.02,320,29500,107323,0,20021,20021,20021,259,251,254,8,846,244,0,592,10,0.96062992125984248,0,1,0.97991967871485941,244,0,592,10,0.96062992125984248,0,1,0.97991967871485941,0,592,0,0,0,0,0,0,0,592,254,0,0,nan,0,0,0,244,0,592,10,0.96062992125984248,0,1,0.97991967871485941,244,0,592,10,0.96062992125984248,0,1,0.97991967871485941,1.3999997575000016,0.96062992125984248,0.9940845126622686,0.9940845126622686,54.918991881999141,46232,1.1878999801436048,46232,98294,0.47034406983132238,76270,229543671,3.0096193916349812,10,0,846,0,248,0,592,6,0.97637795275590555,0,0,0
test__steady_state__pure_revheading_steady__seed_0018,full,test,steady_state,pure_revheading_steady,18,18,0,23.2778098,v6,50,0.29999999999999999,15,revheading,18,60,0.10000000000000001,1,reference,0,0,0.050000000000000003,0.497,0.9799999999999881,3.43096184915,10,0,300,2,2,0.5,0.02,320,29500,122800,0,21627,21627,21627,268,267,272,1,919,261,0,647,11,0.9595588235294118,0,1,0.9793621013133208,261,0,647,11,0.9595588235294118,0,1,0.9793621013133208,0,647,0,0,0,0,0,0,0,647,272,0,0,nan,0,0,0,261,0,647,11,0.9595588235294118,0,1,0.9793621013133208,261,0,647,11,0.9595588235294118,0,1,0.9793621013133208,1.3999997260000008,0.9595588235294118,0.990766206018729,0.990766206018729,69.027849075997551,56931,1.2124826382111249,56931,111120,0.51233801295896331,87977,269303461,3.0610666537845117,10,0,919,0,261,0,647,11,0.9595588235294118,0,0,0
test__steady_state__pure_revheading_steady__seed_0019,full,test,steady_state,pure_revheading_steady,19,19,0,22.227121,v6,50,0.29999999999999999,15,revheading,19,60,0.10000000000000001,1,reference,0,0,0.050000000000000003,0.497,0.9799999999999881,3.43096184915,10,0,300,2,2,0.5,0.02,320,29500,110968,0,20530,20530,20530,279,272,276,7,890,266,0,614,10,0.96376811594202894,0,1,0.98154981549815501,266,0,614,10,0.96376811594202894,0,1,0.98154981549815501,0,614,0,0,0,0,0,0,0,614,276,0,0,nan,0,0,0,266,0,614,10,0.96376811594202894,0,1,0.98154981549815501,266,0,614,10,0.96376811594202894,0,1,0.98154981549815501,1.2999997894999993,0.96376811594202894,0.98541283104376154,0.98541283104376154,59.030095507999071,48705,1.2119925163330063,48705,101188,0.48133177847175557,78681,235874243,2.9978551746927464,10,0,890,0,267,0,614,9,0.96739130434782605,0,0,0
test__steady_state__pure_revheading_steady__seed_0020,full,test,steady_state,pure_revheading_steady,20,20,0,16.227349,v6,50,0.29999999999999999,15,revheading,20,60,0.10000000000000001,1,reference,0,0,0.050000000000000003,0.497,0.9799999999999881,3.43096184915,10,0,300,2,2,0.5,0.02,320,29500,119708,0,20950,20950,20950,300,292,300,8,960,284,0,660,16,0.94666666666666666,0,1,0.9726027397260274,284,0,660,16,0.94666666666666666,0,1,0.9726027397260274,0,660,0,0,0,0,0,0,0,660,300,0,0,nan,0,0,0,284,0,660,16,0.94666666666666666,0,1,0.9726027397260274,284,0,660,16,0.94666666666666666,0,1,0.9726027397260274,1.4998168565000007,0.94666666666666666,0.98330808080808085,0.98330808080808085,64.887166819995571,54343,1.1940298993429801,54343,108909,0.49897620949600124,86090,222642254,2.5861569752584503,10,0,960,0,285,0,660,15,0.94999999999999996,0,0,0
test__steady_state__pure_revheading_steady__seed_0021,full,test,steady_state,pure_revheading_steady,21,21,0,20.5669471,v6,50,0.29999999999999999,15,revheading,21,60,0.10000000000000001,1,reference,0,0,0.050000000000000003,0.497,0.9799999999999881,3.43096184915,10,0,300,2,2,0.5,0.02,320,29500,130314,0,22133,22133,22133,298,292,297,6,1007,289,0,710,8,0.97306397306397308,0,1,0.98634812286689422,289,0,710,8,0.97306397306397308,0,1,0.98634812286689422,0,710,0,0,0,0,0,0,0,710,297,0,0,nan,0,0,0,289,0,710,8,0.97306397306397308,0,1,0.98634812286689422,289,0,710,8,0.97306397306397308,0,1,0.98634812286689422,1.3999997459999989,0.97306397306397308,0.99661876985820652,0.99661876985820652,72.068212792993506,60072,1.1996972431913955,60072,125447,0.47886358382424449,93916,263867993,2.8096170301120149,10,0,1007,0,291,0,710,6,0.97979797979797978,0,0,0
test__steady_state__pure_revheading_steady__seed_0022,full,test,steady_state,pure_revheading_steady,22,22,0,22.4817092,v6,50,0.29999999999999999,15,revheading,22,60,0.10000000000000001,1,reference,0,0,0.050000000000000003,0.497,0.9799999999999881,3.43096184915,10,0,300,2,2,0.5,0.02,320,29500,114544,0,22701,22701,22701,291,288,293,3,960,282,0,667,11,0.96245733788395904,0,1,0.98086956521739133,282,0,667,11,0.96245733788395904,0,1,0.98086956521739133,0,667,0,0,0,0,0,0,0,667,293,0,0,nan,0,0,0,282,0,667,11,0.96245733788395904,0,1,0.98086956521739133,282,0,667,11,0.96245733788395904,0,1,0.98086956521739133,1.3999999839999999,0.96245733788395904,0.99484984470222226,0.99484984470222226,56.342597520998517,48117,1.1709499245796395,48117,108325,0.44419109162243248,80826,236261069,2.9230825353227918,10,0,960,0,285,0,667,8,0.97269624573378843,0,0,0
test__steady_state__pure_revheading_steady__seed_0023,full,test,steady_state,pure_revheading_steady,23,23,0,21.0995763,v6,50,0.29999999999999999,15,revheading,23,60,0.10000000000000001,1,reference,0,0,0.050000000000000003,0.497,0.9799999999999881,3.43096184915,10,0,300,2,2,0.5,0.02,320,29500,104454,0,20587,20587,20587,265,261,265,4,851,251,0,586,14,0.94716981132075473,0,1,0.97286821705426352,251,0,586,14,0.94716981132075473,0,1,0.97286821705426352,0,586,0,0,0,0,0,0,0,586,265,0,0,nan,0,0,0,251,0,586,14,0.94716981132075473,0,1,0.97286821705426352,251,0,586,14,0.94716981132075473,0,1,0.97286821705426352,1.3999997630000003,0.94716981132075473,0.98490566037735849,0.98490566037735849,48.216447532002576,41731,1.1554107865136847,41731,91873,0.45422485387437006,73377,214062663,2.9172991945705058,10,0,851,0,255,0,586,10,0.96226415094339623,0,0,0
test__steady_state__pure_revheading_steady__seed_0024,full,test,steady_state,pure_revheading_steady,24,24,0,23.6875208,v6,50,0.29999999999999999,15,revheading,24,60,0.10000000000000001,1,reference,0,0,0.050000000000000003,0.497,0.9799999999999881,3.43096184915,10,0,300,2,2,0.5,0.02,320,29500,122217,0,24487,24487,24487,292,290,293,2,941,287,0,648,6,0.97952218430034133,0,1,0.98965517241379308,287,0,648,6,0.97952218430034133,0,1,0.98965517241379308,0,648,0,0,0,0,0,0,0,648,293,0,0,nan,0,0,0,287,0,648,6,0.97952218430034133,0,1,0.98965517241379308,287,0,648,6,0.97952218430034133,0,1,0.98965517241379308,1.399999741000002,0.97952218430034133,0.99658176378881724,0.99658176378881724,62.430556412998797,52510,1.1889269932012723,52510,109600,0.47910583941605839,86841,267581025,3.0812752616851484,10,0,941,0,290,0,648,3,0.98976109215017061,0,0,0
test__steady_state__pure_revheading_steady__seed_0025,full,test,steady_state,pure_revheading_steady,25,25,0,18.0261234,v6,50,0.29999999999999999,15,revheading,25,60,0.10000000000000001,1,reference,0,0,0.050000000000000003,0.497,0.9799999999999881,3.43096184915,10,0,300,2,2,0.5,0.02,320,29500,106475,0,20378,20378,20378,265,257,260,8,815,254,0,555,6,0.97692307692307689,0,1,0.98832684824902728,254,0,555,6,0.97692307692307689,0,1,0.98832684824902728,0,555,0,0,0,0,0,0,0,555,260,0,0,nan,0,0,0,254,0,555,6,0.97692307692307689,0,1,0.98832684824902728,254,0,555,6,0.97692307692307689,0,1,0.98832684824902728,1.4503327485000002,0.97692307692307689,0.99227997227997233,0.99227997227997233,48.891513717997469,42005,1.1639450950600516,42005,93454,0.44947246773813854,71258,194780933,2.733460565831205,10,0,815,0,254,0,555,6,0.97692307692307689,0,0,0
test__steady_state__pure_revheading_steady__seed_0026,full,test,steady_state,pure_revheading_steady,26,26,0,22.3465024,v6,50,0.29999999999999999,15,revheading,26,60,0.10000000000000001,1,reference,0,0,0.050000000000000003,0.497,0.9799999999999881,3.43096184915,10,0,300,2,2,0.5,0.02,320,29500,114655,0,21366,21366,21366,261,255,258,6,916,250,0,658,8,0.96899224806201545,0,1,0.98425196850393704,250,0,658,8,0.96899224806201545,0,1,0.98425196850393704,0,658,0,0,0,0,0,0,0,658,258,0,0,nan,0,0,0,250,0,658,8,0.96899224806201545,0,1,0.98425196850393704,250,0,658,8,0.96899224806201545,0,1,0.98425196850393704,1.3999997195000002,0.96899224806201545,0.99223628095473715,0.99223628095473715,58.766927754000498,50662,1.1599804143934409,50662,107426,0.47159905423268111,81097,242437374,2.9894740126021926,10,0,916,0,253,0,658,5,0.98062015503875966,0,0,0
test__steady_state__pure_revheading_steady__seed_0027,full,test,steady_state,pure_revheading_steady,27,27,0,22.5460668,v6,50,0.29999999999999999,15,revheading,27,60,0.10000000000000001,1,reference,0,0,0.050000000000000003,0.497,0.9799999999999881,3.43096184915,10,0,300,2,2,0.5,0.02,320,29500,108960,0,20191,20191,20191,292,283,288,9,861,279,0,573,9,0.96875,0,1,0.98412698412698407,279,0,573,9,0.96875,0,1,0.98412698412698407,0,573,0,0,0,0,0,0,0,573,288,0,0,nan,0,0,0,279,0,573,9,0.96875,0,1,0.98412698412698407,279,0,573,9,0.96875,0,1,0.98412698412698407,1.399999796000003,0.96875,0.99301919720767884,0.99301919720767884,49.619141559001484,43138,1.150242050141441,43138,94168,0.45809616854982582,73104,220669813,3.0185737168964759,10,0,861,0,282,0,573,6,0.97916666666666663,0,0,0
test__steady_state__pure_revheading_steady__seed_0028,full,test,steady_state,pure_revheading_steady,28,28,0,17.9399776,v6,50,0.29999999999999999,15,revheading,28,60,0.10000000000000001,1,reference,0,0,0.050000000000000003,0.497,0.9799999999999881,3.43096184915,10,0,300,2,2,0.5,0.02,320,29500,110397,0,19032,19032,19032,269,261,265,8,929,252,0,664,13,0.95094339622641511,0,1,0.97485493230174081,252,0,664,13,0.95094339622641511,0,1,0.97485493230174081,0,664,0,0,0,0,0,0,0,664,265,0,0,nan,0,0,0,252,0,664,13,0.95094339622641511,0,1,0.97485493230174081,252,0,664,13,0.95094339622641511,0,1,0.97485493230174081,1.2999997775000018,0.95094339622641511,0.99239599909070242,0.99239599909070242,59.592289422000306,49466,1.2047121138155563,49466,105021,0.47101055979280332,79278,208100220,2.62494285930523,10,0,929,0,253,0,664,12,0.95471698113207548,0,0,0
test__steady_state__pure_revheading_steady__seed_0029,full,test,steady_state,pure_revheading_steady,29,29,0,21.3725792,v6,50,0.29999999999999999,15,revheading,29,60,0.10000000000000001,1,reference,0,0,0.050000000000000003,0.497,0.9799999999999881,3.43096184915,10,0,300,2,2,0.5,0.02,320,29500,104978,0,20431,20431,20431,272,268,274,4,882,263,0,608,11,0.95985401459854014,0,1,0.97951582867783982,263,0,608,11,0.95985401459854014,0,1,0.97951582867783982,0,608,0,0,0,0,0,0,0,608,274,0,0,nan,0,0,0,263,0,608,11,0.95985401459854014,0,1,0.97951582867783982,263,0,608,11,0.95985401459854014,0,1,0.97951582867783982,1.3999610029999978,0.95985401459854014,0.98720526796004615,0.98720526796004615,51.329364884000363,43408,1.1824862901769344,43408,93214,0.46568112086167313,73070,211821561,2.8988854659915151,10,0,882,0,265,0,608,9,0.96715328467153283,0,0,0
test__steady_state__pure_revheading_steady__seed_0030,full,test,steady_state,pure_revheading_steady,30,30,0,18.11402,v6,50,0.29999999999999999,15,revheading,30,60,0.10000000000000001,1,reference,0,0,0.050000000000000003,0.497,0.9799999999999881,3.43096184915,10,0,300,2,2,0.5,0.02,320,29500,111663,0,20197,20197,20197,272,265,268,7,865,260,0,597,8,0.97014925373134331,0,1,0.98484848484848486,260,0,597,8,0.97014925373134331,0,1,0.98484848484848486,0,597,0,0,0,0,0,0,0,597,268,0,0,nan,0,0,0,260,0,597,8,0.97014925373134331,0,1,0.98484848484848486,260,0,597,8,0.97014925373134331,0,1,0.98484848484848486,1.3999997699999991,0.97014925373134331,0.99251231280782015,0.99251231280782015,53.822168210000349,45489,1.1831908419618007,45489,99465,0.45733675162117327,77955,210954511,2.7061062279520236,10,0,865,0,260,0,597,8,0.97014925373134331,0,0,0
test__steady_state__pure_slydos_steady__seed_0001,full,test,steady_state,pure_slydos_steady,1,1,0,26.074763,v6,50,0.29999999999999999,15,slydos,1,60,0.10000000000000001,1,reference,0,0,0.050000000000000003,0.497,0.9799999999999881,3.43096184915,10,0,300,2,2,0.5,0.02,320,34806,139207,0,34878,34878,34878,271,268,274,3,952,0,0,678,274,0,0,nan,0,0,0,678,274,0,0,nan,0,0,678,0,0,0,0,0,0,0,678,274,0,0,nan,0,0,0,0,0,678,274,0,0,nan,0,0,0,678,274,0,0,nan,0,nan,0,0.5010873543914045,0.5010873543914045,59.081086172998667,48201,1.2257232458454943,48201,110867,0.43476417689664193,97807,292466826,2.9902443178913578,10,0,952,0,0,0,678,274,0,0,0,0
test__steady_state__pure_slydos_steady__seed_0002,full,test,steady_state,pure_slydos_steady,2,2,0,26.7759971,v6,50,0.29999999999999999,15,slydos,2,60,0.10000000000000001,1,reference,0,0,0.050000000000000003,0.497,0.9799999999999881,3.43096184915,10,0,300,2,2,0.5,0.02,320,34806,142919,0,35912,35912,35912,306,303,307,3,907,0,0,600,307,0,0,nan,0,0,0,600,307,0,0,nan,0,0,600,0,0,0,0,0,0,0,600,307,0,0,nan,0,0,0,0,0,600,307,0,0,nan,0,0,0,600,307,0,0,nan,0,nan,0,0.49912866449511401,0.49912866449511401,56.928906764999674,47397,1.2011078077726371,47397,97455,0.48634754502077882,96607,289311576,2.9947268417402464,10,0,907,0,0,0,600,307,0,0,0,0
test__steady_state__pure_slydos_steady__seed_0003,full,test,steady_state,pure_slydos_steady,3,3,0,23.9046721,v6,50,0.29999999999999999,15,slydos,3,60,0.10000000000000001,1,reference,0,0,0.050000000000000003,0.497,0.9799999999999881,3.43096184915,10,0,300,2,2,0.5,0.02,320,34807,123737,0,28992,28992,28992,282,279,287,3,879,0,0,592,287,0,0,nan,0,0,0,592,287,0,0,nan,0,0,592,0,0,0,0,0,0,0,592,287,0,0,nan,0,0,0,0,0,592,287,0,0,nan,0,0,0,592,287,0,0,nan,0,nan,0,0.50269269705245312,0.50269269705245312,54.47722427499604,44771,1.2167971292800259,44771,95627,0.4681836719754881,83879,244716779,2.9174975738861932,10,0,879,0,0,0,592,287,0,0,0,0
test__steady_state__pure_slydos_steady__seed_0004,full,test,steady_state,pure_slydos_steady,4,4,0,23.628614,v6,50,0.29999999999999999,15,slydos,4,60,0.10000000000000001,1,reference,0,0,0.050000000000000003,0.497,0.9799999999999881,3.43096184915,10,0,300,2,2,0.5,0.02,320,34803,144264,0,34831,34831,34831,255,254,260,1,849,0,0,589,260,0,0,nan,0,0,0,589,260,0,0,nan,0,0,589,0,0,0,0,0,0,0,589,260,0,0,nan,0,0,0,0,0,589,260,0,0,nan,0,0,0,589,260,0,0,nan,0,nan,0,0.50022528405380695,0.50022528405380695,57.394772562000895,47466,1.2091765171280684,47466,98492,0.48192746619014742,98345,288473868,2.9332845391224769,10,0,849,0,0,0,589,260,0,0,0,0
test__steady_state__pure_slydos_steady__seed_0005,full,test,steady_state,pure_slydos_steady,5,5,0,17.8034447,v6,50,0.29999999999999999,15,slydos,5,60,0.10000000000000001,1,reference,0,0,0.050000000000000003,0.497,0.9799999999999881,3.43096184915,10,0,300,2,2,0.5,0.02,320,34803,121993,0,33743,33743,33743,266,261,269,5,854,0,0,585,269,0,0,nan,0,0,0,585,269,0,0,nan,0,0,585,0,0,0,0,0,0,0,585,269,0,0,nan,0,0,0,0,0,585,269,0,0,nan,0,0,0,585,269,0,0,nan,0,nan,0,0.49914529914529915,0.49914529914529915,50.365044429001173,41661,1.2089254801613303,41661,93294,0.44655604862049009,86899,223382209,2.5705958526565325,10,0,854,0,0,0,585,269,0,0,0,0
test__steady_state__pure_slydos_steady__seed_0006,full,test,steady_state,pure_slydos_steady,6,6,0,23.3752098,v6,50,0.29999999999999999,15,slydos,6,60,0.10000000000000001,1,reference,0,0,0.050000000000000003,0.497,0.9799999999999881,3.43096184915,10,0,300,2,2,0.5,0.02,320,34806,115766,0,32202,32202,32202,268,265,270,3,876,0,0,606,270,0,0,nan,0,0,0,606,270,0,0,nan,0,0,606,0,0,0,0,0,0,0,606,270,0,0,nan,0,0,0,0,0,606,270,0,0,nan,0,0,0,606,270,0,0,nan,0,nan,0,0.50102676934360102,0.50102676934360102,46.013318493999286,38767,1.1869197640776765,38767,87807,0.44150238591456265,80932,230469593,2.8476942742055056,10,0,876,0,0,0,606,270,0,0,0,0
test__steady_state__pure_slydos_steady__seed_0007,full,test,steady_state,pure_slydos_steady,7,7,0,24.159577,v6,50,0.29999999999999999,15,slydos,7,60,0.10000000000000001,1,reference,0,0,0.050000000000000003,0.497,0.9799999999999881,3.43096184915,10,0,300,2,2,0.5,0.02,320,34802,125693,0,30634,30634,30634,256,254,262,2,894,0,0,632,262,0,0,nan,0,0,0,632,262,0,0,nan,0,0,632,0,0,0,0,0,0,0,632,262,0,0,nan,0,0,0,0,0,632,262,0,0,nan,0,0,0,632,262,0,0,nan,0,nan,0,0.49446202531645572,0.49446202531645572,56.621107444998103,46773,1.2105511180595239,46773,97209,0.48115915193037684,89878,263642316,2.9333353657179733,10,0,894,0,0,0,632,262,0,0,0,0
test__steady_state__pure_slydos_steady__seed_0008,full,test,steady_state,pure_slydos_steady,8,8,0,26.3632307,v6,50,0.29999999999999999,15,slydos,8,60,0.10000000000000001,1,reference,0,0,0.050000000000000003,0.497,0.9799999999999881,3.43096184915,10,0,300,2,2,0.5,0.02,320,34802,142012,0,34911,34911,34911,238,232,244,6,863,0,0,619,244,0,0,nan,0,0,0,619,244,0,0,nan,0,0,619,0,0,0,0,0,0,0,619,244,0,0,nan,0,0,0,0,0,619,244,0,0,nan,0,0,0,619,244,0,0,nan,0,nan,0,0.50086734288514001,0.50086734288514001,58.960492905999551,49640,1.1877617426671947,49640,107643,0.46115399979562072,101159,311566031,3.0799635326565111,10,0,863,0,0,0,619,244,0,0,0,0
test__steady_state__pure_slydos_steady__seed_0009,full,test,steady_state,pure_slydos_steady,9,9,0,24.7334859,v6,50,0.29999999999999999,15,slydos,9,60,0.10000000000000001,1,reference,0,0,0.050000000000000003,0.497,0.9799999999999881,3.43096184915,10,0,300,2,2,0.5,0.02,320,34807,120043,0,31127,31127,31127,269,264,274,5,864,0,0,590,274,0,0,nan,0,0,0,590,274,0,0,nan,0,0,590,0,0,0,0,0,0,0,590,274,0,0,nan,0,0,0,0,0,590,274,0,0,nan,0,0,0,590,274,0,0,nan,0,nan,0,0.49941234690090314,0.49941234690090314,49.856692374997515,43042,1.1583265734630712,43042,97281,0.44245022152321622,84752,253408868,2.9900045780630542,10,0,864,0,0,0,590,274,0,0,0,0
test__steady_state__pure_slydos_steady__seed_0010,full,test,steady_state,pure_slydos_steady,10,10,0,16.8887313,v6,50,0.29999999999999999,15,slydos,10,60,0.10000000000000001,1,reference,0,0,0.050000000000000003,0.497,0.9799999999999881,3.43096184915,10,0,300,2,2,0.5,0.02,320,34802,130134,0,34894,34894,34894,262,257,261,5,819,0,0,558,261,0,0,nan,0,0,0,558,261,0,0,nan,0,0,558,0,0,0,0,0,0,0,558,261,0,0,nan,0,0,0,0,0,558,261,0,0,nan,0,0,0,558,261,0,0,nan,0,nan,0,0.5,0.5,50.73808741900055,42690,1.1885239498477524,42690,89101,0.47911920180469353,90867,233931146,2.5744345692055424,10,0,819,0,0,0,558,261,0,0,0,0
test__steady_state__pure_slydos_steady__seed_0011,full,test,steady_state,pure_slydos_steady,11,11,0,25.6286164,v6,50,0.29999999999999999,15,slydos,11,60,0.10000000000000001,1,reference,0,0,0.050000000000000003,0.497,0.9799999999999881,3.43096184915,10,0,300,2,2,0.5,0.02,320,34806,137131,0,34428,34428,34428,274,271,276,3,869,0,0,593,276,0,0,nan,0,0,0,593,276,0,0,nan,0,0,593,0,0,0,0,0,0,0,593,276,0,0,nan,0,0,0,0,0,593,276,0,0,nan,0,0,0,593,276,0,0,nan,0,nan,0,0.49578414839797641,0.49578414839797641,56.018282202000719,47561,1.1778196884422263,47561,98572,0.48250010144868727,95067,298912209,3.1442267979425038,10,0,869,0,0,0,593,276,0,0,0,0
test__steady_state__pure_slydos_steady__seed_0012,full,test,steady_state,pure_slydos_steady,12,12,0,27.2172046,v6,50,0.29999999999999999,15,slydos,12,60,0.10000000000000001,1,reference,0,0,0.050000000000000003,0.497,0.9799999999999881,3.43096184915,10,0,300,2,2,0.5,0.02,320,34807,140084,0,33706,33706,33706,286,282,289,4,945,0,0,656,289,0,0,nan,0,0,0,656,289,0,0,nan,0,0,656,0,0,0,0,0,0,0,656,289,0,0,nan,0,0,0,0,0,656,289,0,0,nan,0,0,0,656,289,0,0,nan,0,nan,0,0.49639473795256983,0.49639473795256983,63.835123163001398,52630,1.2129037272088428,52630,112516,0.46775569696754238,99505,299669064,3.0115980503492286,10,0,945,0,0,0,656,289,0,0,0,0
test__steady_state__pure_slydos_steady__seed_0013,full,test,steady_state,pure_slydos_steady,13,13,0,22.640964,v6,50,0.29999999999999999,15,slydos,13,60,0.10000000000000001,1,reference,0,0,0.050000000000000003,0.497,0.9799999999999881,3.43096184915,10,0,300,2,2,0.5,0.02,320,34805,140953,0,32429,32429,32429,264,261,262,3,879,0,0,617,262,0,0,nan,0,0,0,617,262,0,0,nan,0,0,617,0,0,0,0,0,0,0,617,262,0,0,nan,0,0,0,0,0,617,262,0,0,nan,0,0,0,617,262,0,0,nan,0,nan,0,0.50028765140361509,0.50028765140361509,67.435909090999587,55776,1.2090488577703598,55776,109011,0.51165478713157386,101327,294609269,2.9075100318769924,10,0,879,0,0,0,617,262,0,0,0,0
test__steady_state__pure_slydos_steady__seed_0014,full,test,steady_state,pure_slydos_steady,14,14,0,27.00514,v6,50,0.29999999999999999,15,slydos,14,60,0.10000000000000001,1,reference,0,0,0.050000000000000003,0.497,0.9799999999999881,3.43096184915,10,0,300,2,2,0.5,0.02,320,34805,148890,0,37897,37897,37897,297,290,297,7,949,0,0,652,297,0,0,nan,0,0,0,652,297,0,0,nan,0,0,652,0,0,0,0,0,0,0,652,297,0,0,nan,0,0,0,0,0,652,297,0,0,nan,0,0,0,652,297,0,0,nan,0,nan,0,0.49861601702092501,0.49861601702092501,64.157678286000362,54344,1.1805843936037164,54344,114845,0.47319430536810486,107449,339407404,3.1587767592066935,10,0,949,0,0,0,652,297,0,0,0,0
test__steady_state__pure_slydos_steady__seed_0015,full,test,steady_state,pure_slydos_steady,15,15,0,25.8354088,v6,50,0.29999999999999999,15,slydos,15,60,0.10000000000000001,1,reference,0,0,0.050000000000000003,0.497,0.9799999999999881,3.43096184915,10,0,300,2,2,0.5,0.02,320,34804,121414,0,30302,30302,30302,261,257,263,4,816,0,0,553,263,0,0,nan,0,0,0,553,263,0,0,nan,0,0,553,0,0,0,0,0,0,0,553,263,0,0,nan,0,0,0,0,0,553,263,0,0,nan,0,0,0,553,263,0,0,nan,0,nan,0,0.50570342205323193,0.50570342205323193,52.503893704999186,42985,1.2214468699546164,42985,85782,0.50109580098388939,84117,253683473,3.0158407099635034,10,0,816,0,0,0,553,263,0,0,0,0
test__steady_state__pure_slydos_steady__seed_0016,full,test,steady_state,pure_slydos_steady,16,16,0,20.303421,v6,50,0.29999999999999999,15,slydos,16,60,0.10000000000000001,1,reference,0,0,0.050000000000000003,0.497,0.9799999999999881,3.43096184915,10,0,300,2,2,0.5,0.02,320,34805,129983,0,34794,34794,34794,268,263,267,5,864,0,0,597,267,0,0,nan,0,0,0,597,267,0,0,nan,0,0,597,0,0,0,0,0,0,0,597,267,0,0,nan,0,0,0,0,0,597,267,0,0,nan,0,0,0,597,267,0,0,nan,0,nan,0,0.50019761729998302,0.50019761729998302,51.928376666000034,41545,1.2499308380310514,41545,94923,0.4376705329582925,88496,244238488,2.7598816669679986,10,0,864,0,0,0,597,267,0,0,0,0
test__steady_state__pure_slydos_steady__seed_0017,full,test,steady_state,pure_slydos_steady,17,17,0,26.0251496,v6,50,0.29999999999999999,15,slydos,17,60,0.10000000000000001,1,reference,0,0,0.050000000000000003,0.497,0.9799999999999881,3.43096184915,10,0,300,2,2,0.5,0.02,320,34806,125667,0,31590,31590,31590,259,256,259,3,850,0,0,591,259,0,0,nan,0,0,0,591,259,0,0,nan,0,0,591,0,0,0,0,0,0,0,591,259,0,0,nan,0,0,0,0,0,591,259,0,0,nan,0,0,0,591,259,0,0,nan,0,nan,0,0.50216895648367732,0.50216895648367732,55.494076874999635,46408,1.1957868659498285,46408,98294,0.47213461655848782,89669,276649929,3.0852349083852837,10,0,850,0,0,0,591,259,0,0,0,0
test__steady_state__pure_slydos_steady__seed_0018,full,test,steady_state,pure_slydos_steady,18,18,0,26.6493811,v6,50,0.29999999999999999,15,slydos,18,60,0.10000000000000001,1,reference,0,0,0.050000000000000003,0.497,0.9799999999999881,3.43096184915,10,0,300,2,2,0.5,0.02,320,34805,144470,0,34358,34358,34358,268,266,274,2,919,0,0,645,274,0,0,nan,0,0,0,645,274,0,0,nan,0,0,645,0,0,0,0,0,0,0,645,274,0,0,nan,0,0,0,0,0,645,274,0,0,nan,0,0,0,645,274,0,0,nan,0,nan,0,0.49844961240310076,0.49844961240310076,68.480991083997566,57449,1.192031037685557,57449,111120,0.51699964002879772,102802,313395719,3.0485371782650144,10,0,919,0,0,0,645,274,0,0,0,0
test__steady_state__pure_slydos_steady__seed_0019,full,test,steady_state,pure_slydos_steady,19,19,0,25.6578595,v6,50,0.29999999999999999,15,slydos,19,60,0.10000000000000001,1,reference,0,0,0.050000000000000003,0.497,0.9799999999999881,3.43096184915,10,0,300,2,2,0.5,0.02,320,34806,129297,0,31912,31912,31912,279,272,277,7,896,0,0,619,277,0,0,nan,0,0,0,619,277,0,0,nan,0,0,619,0,0,0,0,0,0,0,619,277,0,0,nan,0,0,0,0,0,619,277,0,0,nan,0,0,0,619,277,0,0,nan,0,nan,0,0.49857403638102682,0.49857403638102682,56.777387109998628,48479,1.1711748821138765,48479,101188,0.47909831205281261,91782,280838457,3.0598424200823691,10,0,896,0,0,0,619,277,0,0,0,0
test__steady_state__pure_slydos_steady__seed_0020,full,test,steady_state,pure_slydos_steady,20,20,0,27.4643416,v6,50,0.29999999999999999,15,slydos,20,60,0.10000000000000001,1,reference,0,0,0.050000000000000003,0.497,0.9799999999999881,3.43096184915,10,0,300,2,2,0.5,0.02,320,34803,137830,0,32841,32841,32841,300,292,299,8,961,0,0,662,299,0,0,nan,0,0,0,662,299,0,0,nan,0,0,662,0,0,0,0,0,0,0,662,299,0,0,nan,0,0,0,0,0,662,299,0,0,nan,0,0,0,662,299,0,0,nan,0,nan,0,0.49773413897280966,0.49773413897280966,63.984231171996257,53696,1.191601444651301,53696,108909,0.49303546997952419,98793,307358645,3.111137884263055,10,0,961,0,0,0,662,299,0,0,0,0
test__steady_state__pure_slydos_steady__seed_0021,full,test,steady_state,pure_slydos_steady,21,21,0,28.5742767,v6,50,0.29999999999999999,15,slydos,21,60,0.10000000000000001,1,reference,0,0,0.050000000000000003,0.497,0.9799999999999881,3.43096184915,10,0,300,2,2,0.5,0.02,320,34804,152538,0,35833,35833,35833,298,296,303,2,1007,0,0,704,303,0,0,nan,0,0,0,704,303,0,0,nan,0,0,704,0,0,0,0,0,0,0,704,303,0,0,nan,0,0,0,0,0,704,303,0,0,nan,0,0,0,704,303,0,0,nan,0,nan,0,0.49289772727272729,0.49289772727272729,72.155518715993267,60026,1.2020710811313975,60026,125447,0.47849689510311127,109750,340412898,3.1017120546697039,10,0,1007,0,0,0,704,303,0,0,0,0
test__steady_state__pure_slydos_steady__seed_0022,full,test,steady_state,pure_slydos_steady,22,22,0,20.6422999,v6,50,0.29999999999999999,15,slydos,22,60,0.10000000000000001,1,reference,0,0,0.050000000000000003,0.497,0.9799999999999881,3.43096184915,10,0,300,2,2,0.5,0.02,320,34802,134618,0,36174,36174,36174,291,290,299,1,970,0,0,671,299,0,0,nan,0,0,0,671,299,0,0,nan,0,0,671,0,0,0,0,0,0,0,671,299,0,0,nan,0,0,0,0,0,671,299,0,0,nan,0,0,0,671,299,0,0,nan,0,nan,0,0.49887354270818274,0.49887354270818274,56.56561500799755,48095,1.1761225700799989,48095,108325,0.44398799907685205,96010,262597838,2.7351092386209772,10,0,970,0,0,0,671,299,0,0,0,0
test__steady_state__pure_slydos_steady__seed_0023,full,test,steady_state,pure_slydos_steady,23,23,0,23.5338414,v6,50,0.29999999999999999,15,slydos,23,60,0.10000000000000001,1,reference,0,0,0.050000000000000003,0.497,0.9799999999999881,3.43096184915,10,0,300,2,2,0.5,0.02,320,34808,122854,0,33317,33317,33317,265,261,266,4,852,0,0,586,266,0,0,nan,0,0,0,586,266,0,0,nan,0,0,586,0,0,0,0,0,0,0,586,266,0,0,nan,0,0,0,0,0,586,266,0,0,nan,0,0,0,586,266,0,0,nan,0,nan,0,0.49829351535836175,0.49829351535836175,48.204369361003231,41341,1.1660184649864114,41341,91873,0.44997986350723279,87587,256335012,2.9266330848185236,10,0,852,0,0,0,586,266,0,0,0,0
test__steady_state__pure_slydos_steady__seed_0024,full,test,steady_state,pure_slydos_steady,24,24,0,27.6311754,v6,50,0.29999999999999999,15,slydos,24,60,0.10000000000000001,1,reference,0,0,0.050000000000000003,0.497,0.9799999999999881,3.43096184915,10,0,300,2,2,0.5,0.02,320,34805,142629,0,38489,38489,38489,292,291,297,1,953,0,0,656,297,0,0,nan,0,0,0,656,297,0,0,nan,0,0,656,0,0,0,0,0,0,0,656,297,0,0,nan,0,0,0,0,0,656,297,0,0,nan,0,0,0,656,297,0,0,nan,0,nan,0,0.50092130656155043,0.50092130656155043,62.900080200999433,52379,1.2008644724221431,52379,109600,0.47791058394160585,102694,320068069,3.1167163514908371,10,0,953,0,0,0,656,297,0,0,0,0
test__steady_state__pure_slydos_steady__seed_0025,full,test,steady_state,pure_slydos_steady,25,25,0,22.4792308,v6,50,0.29999999999999999,15,slydos,25,60,0.10000000000000001,1,reference,0,0,0.050000000000000003,0.497,0.9799999999999881,3.43096184915,10,0,300,2,2,0.5,0.02,320,34804,127263,0,32820,32820,32820,264,259,264,5,821,0,0,557,264,0,0,nan,0,0,0,557,264,0,0,nan,0,0,557,0,0,0,0,0,0,0,557,264,0,0,nan,0,0,0,0,0,557,264,0,0,nan,0,0,0,557,264,0,0,nan,0,nan,0,0.49551166965888688,0.49551166965888688,48.800850222997319,41679,1.1708738266992327,41679,93454,0.44598412052988634,84883,243835868,2.872611335603124,10,0,821,0,0,0,557,264,0,0,0,0
test__steady_state__pure_slydos_steady__seed_0026,full,test,steady_state,pure_slydos_steady,26,26,0,26.5278431,v6,50,0.29999999999999999,15,slydos,26,60,0.10000000000000001,1,reference,0,0,0.050000000000000003,0.497,0.9799999999999881,3.43096184915,10,0,300,2,2,0.5,0.02,320,34806,135073,0,34102,34102,34102,261,257,261,4,912,0,0,651,261,0,0,nan,0,0,0,651,261,0,0,nan,0,0,651,0,0,0,0,0,0,0,651,261,0,0,nan,0,0,0,0,0,651,261,0,0,nan,0,0,0,651,261,0,0,nan,0,nan,0,0.49884351219167683,0.49884351219167683,59.500474409000383,51017,1.1662872064017953,51017,107426,0.47490365460875394,96167,297613357,3.0947555502407273,10,0,912,0,0,0,651,261,0,0,0,0
test__steady_state__pure_slydos_steady__seed_0027,full,test,steady_state,pure_slydos_steady,27,27,0,25.121656,v6,50,0.29999999999999999,15,slydos,27,60,0.10000000000000001,1,reference,0,0,0.050000000000000003,0.497,0.9799999999999881,3.43096184915,10,0,300,2,2,0.5,0.02,320,34806,128026,0,31276,31276,31276,292,286,287,6,857,0,0,570,287,0,0,nan,0,0,0,570,287,0,0,nan,0,0,570,0,0,0,0,0,0,0,570,287,0,0,nan,0,0,0,0,0,570,287,0,0,nan,0,0,0,570,287,0,0,nan,0,nan,0,0.50172993459257897,0.50172993459257897,49.798387076001326,42864,1.1617764808697586,42864,94168,0.4551864752357489,85637,254368300,2.9703083947359201,10,0,857,0,0,0,570,287,0,0,0,0
test__steady_state__pure_slydos_steady__seed_0028,full,test,steady_state,pure_slydos_steady,28,28,0,24.0014156,v6,50,0.29999999999999999,15,slydos,28,60,0.10000000000000001,1,reference,0,0,0.050000000000000003,0.497,0.9799999999999881,3.43096184915,10,0,300,2,2,0.5,0.02,320,34803,129017,0,30874,30874,30874,269,266,272,3,925,0,0,653,272,0,0,nan,0,0,0,653,272,0,0,nan,0,0,653,0,0,0,0,0,0,0,653,272,0,0,nan,0,0,0,0,0,653,272,0,0,nan,0,0,0,653,272,0,0,nan,0,nan,0,0.49954114494189711,0.49954114494189711,58.999679140000829,49206,1.199034246636606,49206,105021,0.46853486445568027,92579,273970293,2.9593135916352522,10,0,925,0,0,0,653,272,0,0,0,0
test__steady_state__pure_slydos_steady__seed_0029,full,test,steady_state,pure_slydos_steady,29,29,0,24.7817577,v6,50,0.29999999999999999,15,slydos,29,60,0.10000000000000001,1,reference,0,0,0.050000000000000003,0.497,0.9799999999999881,3.43096184915,10,0,300,2,2,0.5,0.02,320,34801,123767,0,32457,32457,32457,272,269,276,3,891,0,0,615,276,0,0,nan,0,0,0,615,276,0,0,nan,0,0,615,0,0,0,0,0,0,0,615,276,0,0,nan,0,0,0,0,0,615,276,0,0,nan,0,0,0,615,276,0,0,nan,0,nan,0,0.50099858607281722,0.50099858607281722,52.021401344000104,43271,1.2022232290448591,43271,93214,0.464211384555968,87079,267862422,3.0760851870140904,10,0,891,0,0,0,615,276,0,0,0,0
test__steady_state__pure_slydos_steady__seed_0030,full,test,steady_state,pure_slydos_steady,30,30,0,24.5451865,v6,50,0.29999999999999999,15,slydos,30,60,0.10000000000000001,1,reference,0,0,0.050000000000000003,0.497,0.9799999999999881,3.43096184915,10,0,300,2,2,0.5,0.02,320,34805,132365,0,32514,32514,32514,272,264,267,8,868,0,0,601,267,0,0,nan,0,0,0,601,267,0,0,nan,0,0,601,0,0,0,0,0,0,0,601,267,0,0,nan,0,0,0,0,0,601,267,0,0,nan,0,0,0,601,267,0,0,nan,0,nan,0,0.50020876566521466,0.50020876566521466,53.871015485000051,45578,1.1819521586072239,45578,99465,0.45823153873221734,92192,271570491,2.945705603523082,10,0,868,0,0,0,601,267,0,0,0,0
test__steady_state__pure_falsify_steady__seed_0001,full,test,steady_state,pure_falsify_steady,1,1,0,22.2572594,v6,50,0.29999999999999999,15,falsify,1,60,0.10000000000000001,1,reference,0,0,0.050000000000000003,0.497,0.9799999999999881,3.43096184915,10,0,300,2,2,0.5,0.02,320,29500,119243,0,22255,22255,22255,271,266,273,5,942,266,0,669,7,0.97435897435897434,0,1,0.98701298701298701,266,0,669,7,0.97435897435897434,0,1,0.98701298701298701,0,669,0,0,0,0,0,0,0,669,273,0,0,nan,0,0,0,265,0,669,8,0.97069597069597069,0,1,0.98513011152416352,265,0,669,8,0.97069597069597069,0,1,0.98513011152416352,0.59999994950000168,0.97435897435897434,0.98894528490941047,0.98894528490941047,59.155148015999004,48894,1.2098651780586371,48894,110867,0.44101490975673557,83276,255546759,3.068672354579951,10,0,942,0,265,0,669,8,0.97069597069597069,0,0,0
test__steady_state__pure_falsify_steady__seed_0002,full,test,steady_state,pure_falsify_steady,2,2,0,22.9083657,v6,50,0.29999999999999999,15,falsify,2,60,0.10000000000000001,1,reference,0,0,0.050000000000000003,0.497,0.9799999999999881,3.43096184915,10,0,300,2,2,0.5,0.02,320,29500,120945,0,22836,22836,22836,306,303,306,3,914,300,0,608,6,0.98039215686274506,0,1,0.99009900990099009,300,0,608,6,0.98039215686274506,0,1,0.99009900990099009,0,608,0,0,0,0,0,0,0,608,306,0,0,nan,0,0,0,297,0,608,9,0.97058823529411764,0,1,0.9850746268656716,297,0,608,9,0.97058823529411764,0,1,0.9850746268656716,0.79999985599999945,0.98039215686274506,0.99180319057447541,0.99180319057447541,56.440965560999658,47707,1.1830751370029482,47707,97455,0.48952850033348727,82031,245974823,2.9985593617047215,10,0,914,0,301,0,608,5,0.9836601307189542,0,0,0
test__steady_state__pure_falsify_steady__seed_0003,full,test,steady_state,pure_falsify_steady,3,3,0,21.6147357,v6,50,0.29999999999999999,15,falsify,3,60,0.10000000000000001,1,reference,0,0,0.050000000000000003,0.497,0.9799999999999881,3.43096184915,10,0,300,2,2,0.5,0.02,320,29500,104592,0,18137,18137,18137,282,279,285,3,872,278,0,587,7,0.9754385964912281,0,1,0.98756660746003555,278,0,587,7,0.9754385964912281,0,1,0.98756660746003555,0,587,0,0,0,0,0,0,0,587,285,0,0,nan,0,0,0,274,0,587,11,0.96140350877192982,0,1,0.98032200357781751,274,0,587,11,0.96140350877192982,0,1,0.98032200357781751,0.69999999699999993,0.9754385964912281,0.98769837711826414,0.98769837711826414,53.840093555995907,45004,1.1963401821170543,45004,95627,0.47062022232214751,71707,208767636,2.9113982735297808,10,0,872,0,278,0,587,7,0.9754385964912281,0,0,0
test__steady_state__pure_falsify_steady__seed_0004,full,test,steady_state,pure_falsify_steady,4,4,0,20.7784963,v6,50,0.29999999999999999,15,falsify,4,60,0.10000000000000001,1,reference,0,0,0.050000000000000003,0.497,0.9799999999999881,3.43096184915,10,0,300,2,2,0.5,0.02,320,29500,121333,0,21784,21784,21784,255,247,251,8,839,248,0,588,3,0.98804780876494025,0,1,0.9939879759519038,248,0,588,3,0.98804780876494025,0,1,0.9939879759519038,0,588,0,0,0,0,0,0,0,588,251,0,0,nan,0,0,0,247,0,588,4,0.98406374501992033,0,1,0.99196787148594379,247,0,588,4,0.98406374501992033,0,1,0.99196787148594379,0.5999998929999979,0.98804780876494025,0.99400357752662816,0.99400357752662816,56.662109323000571,47544,1.1917825450740487,47544,98492,0.48271940868293872,82634,244688010,2.9611057191954888,10,0,839,0,245,0,588,6,0.9760956175298805,0,0,0
test__steady_state__pure_falsify_steady__seed_0005,full,test,steady_state,pure_falsify_steady,5,5,0,16.0641719,v6,50,0.29999999999999999,15,falsify,5,60,0.10000000000000001,1,reference,0,0,0.050000000000000003,0.497,0.9799999999999881,3.43096184915,10,0,300,2,2,0.5,0.02,320,29500,104564,0,21265,21265,21265,266,260,264,6,854,257,0,590,7,0.97348484848484851,0,1,0.98656429942418422,257,0,590,7,0.97348484848484851,0,1,0.98656429942418422,0,590,0,0,0,0,0,0,0,590,264,0,0,nan,0,0,0,255,0,590,9,0.96590909090909094,0,1,0.98265895953757221,255,0,590,9,0.96590909090909094,0,1,0.98265895953757221,0.70001290300000107,0.97348484848484851,0.98669748330765283,0.98669748330765283,50.217808074001624,42384,1.1848293713194042,42384,93294,0.45430574313460675,73257,194279732,2.6520295944414869,10,0,854,0,255,0,590,9,0.96590909090909094,0,0,0
test__steady_state__pure_falsify_steady__seed_0006,full,test,steady_state,pure_falsify_steady,6,6,0,17.8117801,v6,50,0.29999999999999999,15,falsify,6,60,0.10000000000000001,1,reference,0,0,0.050000000000000003,0.497,0.9799999999999881,3.43096184915,10,0,300,2,2,0.5,0.02,320,29500,97702,0,20004,20004,20004,268,264,270,4,868,261,0,598,9,0.96666666666666667,0,1,0.98305084745762716,261,0,598,9,0.96666666666666667,0,1,0.98305084745762716,0,598,0,0,0,0,0,0,0,598,270,0,0,nan,0,0,0,259,0,598,11,0.95925925925925926,0,1,0.9792060491493384,259,0,598,11,0.95925925925925926,0,1,0.9792060491493384,0.69999986999999919,0.96666666666666667,0.98324972129319954,0.98324972129319954,46.070904796999237,38834,1.1863548642169037,38834,87807,0.44226542303005456,67422,182948323,2.7134811040906528,10,0,868,0,261,0,598,9,0.96666666666666667,0,0,0
test__steady_state__pure_falsify_steady__seed_0007,full,test,steady_state,pure_falsify_steady,7,7,0,19.8877332,v6,50,0.29999999999999999,15,falsify,7,60,0.10000000000000001,1,reference,0,0,0.050000000000000003,0.497,0.9799999999999881,3.43096184915,10,0,300,2,2,0.5,0.02,320,29500,107486,0,19054,19054,19054,256,249,253,7,877,249,0,624,4,0.98418972332015808,0,1,0.99203187250996017,249,0,624,4,0.98418972332015808,0,1,0.99203187250996017,0,624,0,0,0,0,0,0,0,624,253,0,0,nan,0,0,0,245,0,624,8,0.96837944664031617,0,1,0.98393574297188757,245,0,624,8,0.96837944664031617,0,1,0.98393574297188757,0.69999987799999985,0.98418972332015808,0.99603476233911015,0.99603476233911015,56.981513348997723,46777,1.2181523686640385,46777,97209,0.48120030038370931,76730,217362301,2.8328202919327512,10,0,877,0,248,0,624,5,0.98023715415019763,0,0,0
test__steady_state__pure_falsify_steady__seed_0008,full,test,steady_state,pure_falsify_steady,8,8,0,21.6268609,v6,50,0.29999999999999999,15,falsify,8,60,0.10000000000000001,1,reference,0,0,0.050000000000000003,0.497,0.9799999999999881,3.43096184915,10,0,300,2,2,0.5,0.02,320,29500,121814,0,22093,22093,22093,238,232,238,6,855,235,0,617,3,0.98739495798319332,0,1,0.9936575052854123,235,0,617,3,0.98739495798319332,0,1,0.9936575052854123,0,617,0,0,0,0,0,0,0,617,238,0,0,nan,0,0,0,231,0,617,7,0.97058823529411764,0,1,0.9850746268656716,231,0,617,7,0.97058823529411764,0,1,0.9850746268656716,0.59999988899999934,0.98739495798319332,0.99366683464309546,0.99366683464309546,58.021066580999282,49830,1.1643802243828876,49830,107643,0.46291909367074496,85831,255516157,2.9769681933101091,10,0,855,0,233,0,617,5,0.97899159663865543,0,0,0
test__steady_state__pure_falsify_steady__seed_0009,full,test,steady_state,pure_falsify_steady,9,9,0,16.4557197,v6,50,0.29999999999999999,15,falsify,9,60,0.10000000000000001,1,reference,0,0,0.050000000000000003,0.497,0.9799999999999881,3.43096184915,10,0,300,2,2,0.5,0.02,320,29500,102915,0,19753,19753,19753,269,264,269,5,863,260,0,594,9,0.96654275092936803,0,1,0.98298676748582225,260,0,594,9,0.96654275092936803,0,1,0.98298676748582225,0,594,0,0,0,0,0,0,0,594,269,0,0,nan,0,0,0,260,0,594,9,0.96654275092936803,0,1,0.98298676748582225,260,0,594,9,0.96654275092936803,0,1,0.98298676748582225,0.69999987549999965,0.96654275092936803,0.99062809007046926,0.99062809007046926,50.068202206997825,43450,1.1523176572381546,43450,97281,0.44664425735755181,72173,186466584,2.5836058359774428,10,0,863,0,263,0,594,6,0.97769516728624539,0,0,0
test__steady_state__pure_falsify_steady__seed_0010,full,test,steady_state,pure_falsify_steady,10,10,0,19.8968621,v6,50,0.29999999999999999,15,falsify,10,60,0.10000000000000001,1,reference,0,0,0.050000000000000003,0.497,0.9799999999999881,3.43096184915,10,0,300,2,2,0.5,0.02,320,29500,111310,0,22106,22106,22106,262,257,262,5,824,256,0,562,6,0.97709923664122134,0,1,0.98841698841698844,256,0,562,6,0.97709923664122134,0,1,0.98841698841698844,0,562,0,0,0,0,0,0,0,562,262,0,0,nan,0,0,0,253,0,562,9,0.96564885496183206,0,1,0.98252427184466018,253,0,562,9,0.96564885496183206,0,1,0.98252427184466018,0.69999986100000022,0.97709923664122134,0.98854961832061072,0.98854961832061072,50.574141897000885,43327,1.1672661826805661,43327,89101,0.48626839204947192,76623,216460001,2.8250003393237018,10,0,824,0,255,0,562,7,0.97328244274809161,0,0,0
test__steady_state__pure_falsify_steady__seed_0011,full,test,steady_state,pure_falsify_steady,11,11,0,21.2889364,v6,50,0.29999999999999999,15,falsify,11,60,0.10000000000000001,1,reference,0,0,0.050000000000000003,0.497,0.9799999999999881,3.43096184915,10,0,300,2,2,0.5,0.02,320,29500,116145,0,21540,21540,21540,274,267,274,7,865,267,0,591,7,0.97445255474452552,0,1,0.98706099815157111,267,0,591,7,0.97445255474452552,0,1,0.98706099815157111,0,591,0,0,0,0,0,0,0,591,274,0,0,nan,0,0,0,265,0,591,9,0.96715328467153283,0,1,0.98330241187384049,265,0,591,9,0.96715328467153283,0,1,0.98330241187384049,0.60071326399999947,0.97445255474452552,0.9889955166919856,0.9889955166919856,56.791800041000641,47850,1.1868714742110895,47850,98572,0.48543196851032749,80476,235242457,2.9231380411551271,10,0,865,0,270,0,591,4,0.98540145985401462,0,0,0
test__steady_state__pure_falsify_steady__seed_0012,full,test,steady_state,pure_falsify_steady,12,12,0,21.2705267,v6,50,0.29999999999999999,15,falsify,12,60,0.10000000000000001,1,reference,0,0,0.050000000000000003,0.497,0.9799999999999881,3.43096184915,10,0,300,2,2,0.5,0.02,320,29500,120449,0,21594,21594,21594,286,280,286,6,944,277,0,658,9,0.96853146853146854,0,1,0.98401420959147423,277,0,658,9,0.96853146853146854,0,1,0.98401420959147423,0,658,0,0,0,0,0,0,0,658,286,0,0,nan,0,0,0,276,0,658,10,0.965034965034965,0,1,0.98220640569395012,276,0,658,10,0.965034965034965,0,1,0.98220640569395012,0.69999986799999903,0.96853146853146854,0.98772504091653024,0.98772504091653024,63.552801947001527,52979,1.199584777874281,52979,112516,0.47085747804756656,85944,251809813,2.9299289421018337,10,0,944,0,277,0,658,9,0.96853146853146854,0,0,0
test__steady_state__pure_falsify_steady__seed_0013,full,test,steady_state,pure_falsify_steady,13,13,0,22.3161115,v6,50,0.29999999999999999,15,falsify,13,60,0.10000000000000001,1,reference,0,0,0.050000000000000003,0.497,0.9799999999999881,3.43096184915,10,0,300,2,2,0.5,0.02,320,29500,121165,0,20371,20371,20371,264,261,262,3,883,256,0,621,6,0.97709923664122134,0,1,0.98841698841698844,256,0,621,6,0.97709923664122134,0,1,0.98841698841698844,0,621,0,0,0,0,0,0,0,621,262,0,0,nan,0,0,0,252,0,621,10,0.96183206106870234,0,1,0.98054474708171202,252,0,621,10,0.96183206106870234,0,1,0.98054474708171202,0.69999986299999684,0.97709923664122134,0.99235411980184629,0.99235411980184629,67.148660952000085,56010,1.1988691475093749,56010,109011,0.51380135949583072,87472,259811222,2.9702215794768612,10,0,883,0,257,0,621,5,0.98091603053435117,0,0,0
test__steady_state__pure_falsify_steady__seed_0014,full,test,steady_state,pure_falsify_steady,14,14,0,15.0733398,v6,50,0.29999999999999999,15,falsify,14,60,0.10000000000000001,1,reference,0,0,0.050000000000000003,0.497,0.9799999999999881,3.43096184915,10,0,300,2,2,0.5,0.02,320,29500,126730,0,23390,23390,23390,297,288,295,9,941,285,0,646,10,0.96610169491525422,0,1,0.98275862068965514,285,0,646,10,0.96610169491525422,0,1,0.98275862068965514,0,646,0,0,0,0,0,0,0,646,295,0,0,nan,0,0,0,282,0,646,13,0.95593220338983054,0,1,0.97746967071057189,282,0,646,13,0.95593220338983054,0,1,0.97746967071057189,0.59999989899999662,0.96610169491525422,0.98297213622291024,0.98297213622291024,63.583236743000015,54206,1.1729925975537765,54206,114845,0.47199268579389614,90517,223909688,2.4736755305633196,10,0,941,0,282,0,646,13,0.95593220338983054,0,0,0
test__steady_state__pure_falsify_steady__seed_0015,full,test,steady_state,pure_falsify_steady,15,15,0,21.1327155,v6,50,0.29999999999999999,15,falsify,15,60,0.10000000000000001,1,reference,0,0,0.050000000000000003,0.497,0.9799999999999881,3.43096184915,10,0,300,2,2,0.5,0.02,320,29500,102694,0,19065,19065,19065,261,256,260,5,816,256,0,556,4,0.98461538461538467,0,1,0.99224806201550386,256,0,556,4,0.98461538461538467,0,1,0.99224806201550386,0,556,0,0,0,0,0,0,0,556,260,0,0,nan,0,0,0,252,0,556,8,0.96923076923076923,0,1,0.984375,252,0,556,8,0.96923076923076923,0,1,0.984375,0.69999989100000093,0.98461538461538467,0.99229385722191477,0.99229385722191477,52.810573441998912,43048,1.2267834380691067,43048,85782,0.50183022079224082,71232,212313119,2.9805862393306377,10,0,816,0,256,0,556,4,0.98461538461538467,0,0,0
test__steady_state__pure_falsify_steady__seed_0016,full,test,steady_state,pure_falsify_steady,16,16,0,20.7010265,v6,50,0.29999999999999999,15,falsify,16,60,0.10000000000000001,1,reference,0,0,0.050000000000000003,0.497,0.9799999999999881,3.43096184915,10,0,300,2,2,0.5,0.02,320,29500,109115,0,21782,21782,21782,268,264,265,4,861,262,0,596,3,0.98867924528301887,0,1,0.9943074003795066,262,0,596,3,0.98867924528301887,0,1,0.9943074003795066,0,596,0,0,0,0,0,0,0,596,265,0,0,nan,0,0,0,261,0,596,4,0.98490566037735849,0,1,0.99239543726235746,261,0,596,4,0.98490566037735849,0,1,0.99239543726235746,0.64999992450000033,0.98867924528301887,0.99426364442193238,0.99426364442193238,51.300440027999848,41541,1.2349351250090235,41541,94923,0.43762839354002719,73676,212957887,2.8904648325099083,10,0,861,0,260,0,596,5,0.98113207547169812,0,0,0
test__steady_state__pure_falsify_steady__seed_0017,full,test,steady_state,pure_falsify_steady,17,17,0,18.3154555,v6,50,0.29999999999999999,15,falsify,17,60,0.10000000000000001,1,reference,0,0,0.050000000000000003,0.497,0.9799999999999881,3.43096184915,10,0,300,2,2,0.5,0.02,320,29500,107323,0,20021,20021,20021,259,251,254,8,846,248,0,592,6,0.97637795275590555,0,1,0.98804780876494025,248,0,592,6,0.97637795275590555,0,1,0.98804780876494025,0,592,0,0,0,0,0,0,0,592,254,0,0,nan,0,0,0,246,0,592,8,0.96850393700787396,0,1,0.98399999999999999,246,0,592,8,0.96850393700787396,0,1,0.98399999999999999,0.69999986599999886,0.97637795275590555,0.9901408544371143,0.9901408544371143,54.918991881999141,46232,1.1878999801436048,46232,98294,0.47034406983132238,76270,207966075,2.7267087321358332,10,0,846,0,248,0,592,6,0.97637795275590555,0,0,0
test__steady_state__pure_falsify_steady__seed_0018,full,test,steady_state,pure_falsify_steady,18,18,0,22.9574195,v6,50,0.29999999999999999,15,falsify,18,60,0.10000000000000001,1,reference,0,0,0.050000000000000003,0.497,0.9799999999999881,3.43096184915,10,0,300,2,2,0.5,0.02,320,29500,122800,0,21627,21627,21627,268,267,272,1,919,268,0,647,4,0.98529411764705888,0,1,0.99259259259259258,268,0,647,4,0.98529411764705888,0,1,0.99259259259259258,0,647,0,0,0,0,0,0,0,647,272,0,0,nan,0,0,0,266,0,647,6,0.9779411764705882,0,1,0.98884758364312264,266,0,647,6,0.9779411764705882,0,1,0.98884758364312264,0.69999989100000093,0.98529411764705888,0.99261296481498318,0.99261296481498318,69.027849075997551,56931,1.2124826382111249,56931,111120,0.51233801295896331,87977,269673501,3.0652727531059254,10,0,919,0,267,0,647,5,0.98161764705882348,0,0,0
test__steady_state__pure_falsify_steady__seed_0019,full,test,steady_state,pure_falsify_steady,19,19,0,18.0304535,v6,50,0.29999999999999999,15,falsify,19,60,0.10000000000000001,1,reference,0,0,0.050000000000000003,0.497,0.9799999999999881,3.43096184915,10,0,300,2,2,0.5,0.02,320,29500,110968,0,20530,20530,20530,279,272,276,7,890,267,0,614,9,0.96739130434782605,0,1,0.98342541436464093,267,0,614,9,0.96739130434782605,0,1,0.98342541436464093,0,614,0,0,0,0,0,0,0,614,276,0,0,nan,0,0,0,266,0,614,10,0.96376811594202894,0,1,0.98154981549815501,266,0,614,10,0.96376811594202894,0,1,0.98154981549815501,0.69999987699999622,0.96739130434782605,0.98541283104376154,0.98541283104376154,59.030095507999071,48705,1.2119925163330063,48705,101188,0.48133177847175557,78681,210298706,2.67280164207369,10,0,890,0,267,0,614,9,0.96739130434782605,0,0,0
test__steady_state__pure_falsify_steady__seed_0020,full,test,steady_state,pure_falsify_steady,20,20,0,23.4198492,v6,50,0.29999999999999999,15,falsify,20,60,0.10000000000000001,1,reference,0,0,0.050000000000000003,0.497,0.9799999999999881,3.43096184915,10,0,300,2,2,0.5,0.02,320,29500,119708,0,20950,20950,20950,300,292,300,8,960,289,0,660,11,0.96333333333333337,0,1,0.98132427843803061,289,0,660,11,0.96333333333333337,0,1,0.98132427843803061,0,660,0,0,0,0,0,0,0,660,300,0,0,nan,0,0,0,286,0,660,14,0.95333333333333337,0,1,0.97610921501706482,286,0,660,14,0.95333333333333337,0,1,0.97610921501706482,0.79999984600000218,0.96333333333333337,0.98330808080808085,0.98330808080808085,64.887166819995571,54343,1.1940298993429801,54343,108909,0.49897620949600124,86090,263616697,3.0621059008014866,10,0,960,0,289,0,660,11,0.96333333333333337,0,0,0
test__steady_state__pure_falsify_steady__seed_0021,full,test,steady_state,pure_falsify_steady,21,21,0,24.4404093,v6,50,0.29999999999999999,15,falsify,21,60,0.10000000000000001,1,reference,0,0,0.050000000000000003,0.497,0.9799999999999881,3.43096184915,10,0,300,2,2,0.5,0.02,320,29500,130314,0,22133,22133,22133,298,292,297,6,1007,293,0,710,4,0.98653198653198648,0,1,0.99322033898305084,293,0,710,4,0.98653198653198648,0,1,0.99322033898305084,0,710,0,0,0,0,0,0,0,710,297,0,0,nan,0,0,0,290,0,710,7,0.97643097643097643,0,1,0.98807495741056217,290,0,710,7,0.97643097643097643,0,1,0.98807495741056217,0.69999987499999961,0.98653198653198648,0.99492815478730967,0.99492815478730967,72.068212792993506,60072,1.1996972431913955,60072,125447,0.47886358382424449,93916,292927796,3.1190403765066654,10,0,1007,0,292,0,710,5,0.98316498316498313,0,0,0
test__steady_state__pure_falsify_steady__seed_0022,full,test,steady_state,pure_falsify_steady,22,22,0,19.7217915,v6,50,0.29999999999999999,15,falsify,22,60,0.10000000000000001,1,reference,0,0,0.050000000000000003,0.497,0.9799999999999881,3.43096184915,10,0,300,2,2,0.5,0.02,320,29500,114544,0,22701,22701,22701,291,288,293,3,960,284,0,667,9,0.96928327645051193,0,1,0.98440207972270366,284,0,667,9,0.96928327645051193,0,1,0.98440207972270366,0,667,0,0,0,0,0,0,0,667,293,0,0,nan,0,0,0,284,0,667,9,0.96928327645051193,0,1,0.98440207972270366,284,0,667,9,0.96928327645051193,0,1,0.98440207972270366,0.69999995199999976,0.96928327645051193,0.98969968940444453,0.98969968940444453,56.342597520998517,48117,1.1709499245796395,48117,108325,0.44419109162243248,80826,229468442,2.8390424120951181,10,0,960,0,285,0,667,8,0.97269624573378843,0,0,0
test__steady_state__pure_falsify_steady__seed_0023,full,test,steady_state,pure_falsify_steady,23,23,0,19.1784197,v6,50,0.29999999999999999,15,falsify,23,60,0.10000000000000001,1,reference,0,0,0.050000000000000003,0.497,0.9799999999999881,3.43096184915,10,0,300,2,2,0.5,0.02,320,29500,104454,0,20587,20587,20587,265,261,265,4,851,255,0,586,10,0.96226415094339623,0,1,0.98076923076923073,255,0,586,10,0.96226415094339623,0,1,0.98076923076923073,0,586,0,0,0,0,0,0,0,586,265,0,0,nan,0,0,0,255,0,586,10,0.96226415094339623,0,1,0.98076923076923073,255,0,586,10,0.96226415094339623,0,1,0.98076923076923073,0.70006472400000064,0.96226415094339623,0.98301886792452831,0.98301886792452831,48.216447532002576,41731,1.1554107865136847,41731,91873,0.45422485387437006,73377,209031739,2.8487365114409151,10,0,851,0,257,0,586,8,0.96981132075471699,0,0,0
test__steady_state__pure_falsify_steady__seed_0024,full,test,steady_state,pure_falsify_steady,24,24,0,20.0768267,v6,50,0.29999999999999999,15,falsify,24,60,0.10000000000000001,1,reference,0,0,0.050000000000000003,0.497,0.9799999999999881,3.43096184915,10,0,300,2,2,0.5,0.02,320,29500,122217,0,24487,24487,24487,292,290,293,2,941,289,0,648,4,0.98634812286689422,0,1,0.99312714776632305,289,0,648,4,0.98634812286689422,0,1,0.99312714776632305,0,648,0,0,0,0,0,0,0,648,293,0,0,nan,0,0,0,284,0,648,9,0.96928327645051193,0,1,0.98440207972270366,284,0,648,9,0.96928327645051193,0,1,0.98440207972270366,0.69999988000000002,0.98634812286689422,0.99487264568322586,0.99487264568322586,62.430556412998797,52510,1.1889269932012723,52510,109600,0.47910583941605839,86841,250948866,2.8897509931944585,10,0,941,0,290,0,648,3,0.98976109215017061,0,0,0
test__steady_state__pure_falsify_steady__seed_0025,full,test,steady_state,pure_falsify_steady,25,25,0,21.9721324,v6,50,0.29999999999999999,15,falsify,25,60,0.10000000000000001,1,reference,0,0,0.050000000000000003,0.497,0.9799999999999881,3.43096184915,10,0,300,2,2,0.5,0.02,320,29500,106475,0,20378,20378,20378,265,257,260,8,815,255,0,555,5,0.98076923076923073,0,1,0.99029126213592233,255,0,555,5,0.98076923076923073,0,1,0.99029126213592233,0,555,0,0,0,0,0,0,0,555,260,0,0,nan,0,0,0,253,0,555,7,0.97307692307692306,0,1,0.98635477582845998,253,0,555,7,0.97307692307692306,0,1,0.98635477582845998,0.79999985100000082,0.98076923076923073,0.99034996534996533,0.99034996534996533,48.891513717997469,42005,1.1639450950600516,42005,93454,0.44947246773813854,71258,213402024,2.994779870330349,10,0,815,0,255,0,555,5,0.98076923076923073,0,0,0
test__steady_state__pure_falsify_steady__seed_0026,full,test,steady_state,pure_falsify_steady,26,26,0,22.8563719,v6,50,0.29999999999999999,15,falsify,26,60,0.10000000000000001,1,reference,0,0,0.050000000000000003,0.497,0.9799999999999881,3.43096184915,10,0,300,2,2,0.5,0.02,320,29500,114655,0,21366,21366,21366,261,255,258,6,916,254,0,658,4,0.98449612403100772,0,1,0.9921875,254,0,658,4,0.98449612403100772,0,1,0.9921875,0,658,0,0,0,0,0,0,0,658,258,0,0,nan,0,0,0,252,0,658,6,0.97674418604651159,0,1,0.9882352941176471,252,0,658,6,0.97674418604651159,0,1,0.9882352941176471,0.69999989449999944,0.98449612403100772,0.99223628095473715,0.99223628095473715,58.766927754000498,50662,1.1599804143934409,50662,107426,0.47159905423268111,81097,249371713,3.0749807391148871,10,0,916,0,252,0,658,6,0.97674418604651159,0,0,0
test__steady_state__pure_falsify_steady__seed_0027,full,test,steady_state,pure_falsify_steady,27,27,0,19.891565,v6,50,0.29999999999999999,15,falsify,27,60,0.10000000000000001,1,reference,0,0,0.050000000000000003,0.497,0.9799999999999881,3.43096184915,10,0,300,2,2,0.5,0.02,320,29500,108960,0,20191,20191,20191,292,283,288,9,861,281,0,573,7,0.97569444444444442,0,1,0.9876977152899824,281,0,573,7,0.97569444444444442,0,1,0.9876977152899824,0,573,0,0,0,0,0,0,0,573,288,0,0,nan,0,0,0,279,0,573,9,0.96875,0,1,0.98412698412698407,279,0,573,9,0.96875,0,1,0.98412698412698407,0.69999988400000035,0.97569444444444442,0.99127399650959858,0.99127399650959858,49.619141559001484,43138,1.150242050141441,43138,94168,0.45809616854982582,73104,211138620,2.8881951739986866,10,0,861,0,281,0,573,7,0.97569444444444442,0,0,0
test__steady_state__pure_falsify_steady__seed_0028,full,test,steady_state,pure_falsify_steady,28,28,0,21.8063951,v6,50,0.29999999999999999,15,falsify,28,60,0.10000000000000001,1,reference,0,0,0.050000000000000003,0.497,0.9799999999999881,3.43096184915,10,0,300,2,2,0.5,0.02,320,29500,110397,0,19032,19032,19032,269,261,265,8,929,258,0,664,7,0.97358490566037736,0,1,0.98661567877629064,258,0,664,7,0.97358490566037736,0,1,0.98661567877629064,0,664,0,0,0,0,0,0,0,664,265,0,0,nan,0,0,0,255,0,664,10,0.96226415094339623,0,1,0.98076923076923073,255,0,664,10,0.96226415094339623,0,1,0.98076923076923073,0.69993165049999817,0.97358490566037736,0.99239599909070242,0.99239599909070242,59.592289422000306,49466,1.2047121138155563,49466,105021,0.47101055979280332,79278,235028240,2.9646085925477434,10,0,929,0,257,0,664,8,0.96981132075471699,0,0,0
test__steady_state__pure_falsify_steady__seed_0029,full,test,steady_state,pure_falsify_steady,29,29,0,21.4894184,v6,50,0.29999999999999999,15,falsify,29,60,0.10000000000000001,1,reference,0,0,0.050000000000000003,0.497,0.9799999999999881,3.43096184915,10,0,300,2,2,0.5,0.02,320,29500,104978,0,20431,20431,20431,272,268,274,4,882,266,0,608,8,0.97080291970802923,0,1,0.98518518518518516,266,0,608,8,0.97080291970802923,0,1,0.98518518518518516,0,608,0,0,0,0,0,0,0,608,274,0,0,nan,0,0,0,264,0,608,10,0.96350364963503654,0,1,0.98141263940520451,264,0,608,10,0.96350364963503654,0,1,0.98141263940520451,0.69999985500000061,0.97080291970802923,0.98720526796004615,0.98720526796004615,51.329364884000363,43408,1.1824862901769344,43408,93214,0.46568112086167313,73070,215402342,2.9478902696044886,10,0,882,0,266,0,608,8,0.97080291970802923,0,0,0
test__steady_state__pure_falsify_steady__seed_0030,full,test,steady_state,pure_falsify_steady,30,30,0,21.0231552,v6,50,0.29999999999999999,15,falsify,30,60,0.10000000000000001,1,reference,0,0,0.050000000000000003,0.497,0.9799999999999881,3.43096184915,10,0,300,2,2,0.5,0.02,320,29500,111663,0,20197,20197,20197,272,265,268,7,865,264,0,597,4,0.9850746268656716,0,1,0.99248120300751874,264,0,597,4,0.9850746268656716,0,1,0.99248120300751874,0,597,0,0,0,0,0,0,0,597,268,0,0,nan,0,0,0,261,0,597,7,0.97388059701492535,0,1,0.98676748582230622,261,0,597,7,0.97388059701492535,0,1,0.98676748582230622,0.75050003000000132,0.9850746268656716,0.99438423460586511,0.99438423460586511,53.822168210000349,45489,1.1831908419618007,45489,99465,0.45733675162117327,77955,236479066,3.0335330126354947,10,0,865,0,262,0,597,6,0.97761194029850751,0,0,0
test__mixedhard_prevalence__mixedhard_frac_0p1__seed_0001,full,test,mixedhard_prevalence,mixedhard_frac_0p1,1,1,0,38.7034486,v6,70,0.10000000000000001,7,mixedhard,1,60,0.10000000000000001,1,reference,0,0,0.050000000000000003,0.497,0.9799999999999881,3.43096184915,5,10,300,2,2,0.5,0.02,320,46094,232831,0,33882,32710,32710,790,626,634,164,2312,505,0,1578,129,0.79652996845425872,0,1,0.88674275680421422,82,423,1633,74,0.52564102564102566,0.20573929961089493,0.16237623762376238,0.24810892586989411,0,1578,0,478,423,28,28,337,0,1578,297,0.53154574132492116,0,1,0.694129763130793,337,28,414,0,1578,220,0.65299684542586756,0,1,0.79007633587786263,74,340,1716,82,0.47435897435897434,0.16536964980544747,0.17874396135265699,0.25964912280701752,0,0.79652996845425872,0.93809598061676125,0.67658759852339623,195.52503106899877,163784,1.1937981186745883,163784,345071,0.47463855264568738,208728,650170505,3.1149175242420757,10,0,2212,100,505,0,1578,129,0.79652996845425872,0,10,1
test__mixedhard_prevalence__mixedhard_frac_0p1__seed_0002,full,test,mixedhard_prevalence,mixedhard_frac_0p1,2,2,0,43.900808,v6,70,0.10000000000000001,7,mixedhard,2,60,0.10000000000000001,1,reference,0,0,0.050000000000000003,0.497,0.9799999999999881,3.43096184915,5,10,300,2,2,0.5,0.02,320,46095,235748,0,44356,42476,42476,565,443,454,122,2318,331,0,1767,123,0.72907488986784141,0,1,0.84331210191082806,117,214,1836,54,0.68421052631578949,0.10439024390243902,0.35347432024169184,0.46613545816733065,0,1767,0,283,214,25,23,195,0,1767,259,0.42951541850220265,0,1,0.60092449922958402,152,23,301,0,1767,153,0.66299559471365643,0,1,0.7973509933774835,102,199,1851,69,0.59649122807017541,0.09707317073170732,0.33887043189368771,0.43220338983050849,0.10000001600000274,0.72907488986784141,0.92043559232029204,0.81076166024818141,183.28846625199591,154401,1.18709377693147,154401,332077,0.46495541696654691,209523,687850148,3.2829338449716738,10,0,2221,97,331,0,1767,123,0.72907488986784141,0,1,1
test__mixedhard_prevalence__mixedhard_frac_0p1__seed_0003,full,test,mixedhard_prevalence,mixedhard_frac_0p1,3,3,0,47.9089129,v6,70,0.10000000000000001,7,mixedhard,3,60,0.10000000000000001,1,reference,0,0,0.050000000000000003,0.497,0.9799999999999881,3.43096184915,5,10,300,2,2,0.5,0.02,320,46091,252004,0,43092,40937,40937,627,547,550,80,2494,441,0,1807,109,0.80181818181818176,0,1,0.89001009081735616,130,311,1865,51,0.71823204419889508,0.14292279411764705,0.29478458049886619,0.41800643086816719,0,1807,0,369,311,19,19,259,0,1807,291,0.47090909090909089,0,1,0.64029666254635353,230,18,354,0,1807,196,0.64363636363636367,0,1,0.7831858407079646,117,237,1939,64,0.64640883977900554,0.10891544117647059,0.33050847457627119,0.43738317757009348,0.19999996399999986,0.80181818181818176,0.94218845902299142,0.8084541050536237,203.4802927810058,168059,1.2107670090920795,168059,365705,0.45954799633584448,225306,754874229,3.3504399749673777,10,0,2357,137,440,0,1807,110,0.80000000000000004,0,8,2
test__mixedhard_prevalence__mixedhard_frac_0p1__seed_0004,full,test,mixedhard_prevalence,mixedhard_frac_0p1,4,4,0,41.2413747,v6,70,0.10000000000000001,7,mixedhard,4,60,0.10000000000000001,1,reference,0,0,0.050000000000000003,0.497,0.9799999999999881,3.43096184915,5,10,300,2,2,0.5,0.02,320,46091,269796,0,55924,54238,54238,519,469,470,50,2449,388,0,1873,82,0.82553191489361699,0,1,0.90442890442890445,112,276,1909,46,0.70886075949367089,0.12631578947368421,0.28865979381443296,0.41025641025641024,0,1873,0,312,276,12,12,293,0,1873,177,0.62340425531914889,0,1,0.76802096985583224,263,12,313,0,1873,157,0.66595744680851066,0,1,0.79948914431673057,104,209,1976,54,0.65822784810126578,0.095652173913043481,0.33226837060702874,0.44161358811040341,0,0.82553191489361699,0.93040803807749539,0.80488659734090318,206.09819357000785,175652,1.1733324617425811,175652,379875,0.46239420862125702,243805,770552470,3.1605277578392572,10,0,2343,106,388,0,1873,82,0.82553191489361699,0,8,1
test__mixedhard_prevalence__mixedhard_frac_0p1__seed_0005,full,test,mixedhard_prevalence,mixedhard_frac_0p1,5,5,0,46.0413431,v6,70,0.10000000000000001,7,mixedhard,5,60,0.10000000000000001,1,reference,0,0,0.050000000000000003,0.497,0.9799999999999881,3.43096184915,5,10,300,2,2,0.5,0.02,320,46096,228864,0,42993,41187,41187,509,425,432,84,2191,336,0,1638,96,0.77777777777777779,0,1,0.875,129,207,1678,56,0.69729729729729728,0.10981432360742706,0.38392857142857145,0.49520153550863721,0,1638,0,247,207,20,20,197,0,1638,235,0.45601851851851855,0,1,0.62639109697933226,174,20,270,0,1638,162,0.625,0,1,0.76923076923076927,113,157,1728,72,0.61081081081081079,0.083289124668435008,0.41851851851851851,0.49670329670329672,0,0.77777777777777779,0.92667562632840406,0.81539035056276432,175.33077551899311,148590,1.1799634936334416,148590,325330,0.45673623705160915,204576,684993873,3.3483589130689815,10,0,2070,121,334,0,1638,98,0.77314814814814814,0,12,1
test__mixedhard_prevalence__mixedhard_frac_0p1__seed_0006,full,test,mixedhard_prevalence,mixedhard_frac_0p1,6,6,0,43.3510082,v6,70,0.10000000000000001,7,mixedhard,6,60,0.10000000000000001,1,reference,0,0,0.050000000000000003,0.497,0.9799999999999881,3.43096184915,5,10,300,2,2,0.5,0.02,320,46091,245440,0,45050,43460,43460,406,380,385,26,2257,266,0,1813,119,0.69090909090909092,0,1,0.81720430107526887,130,136,1850,82,0.6132075471698113,0.068479355488418936,0.48872180451127817,0.54393305439330542,0,1813,0,173,136,19,19,87,0,1813,298,0.22597402597402597,0,1,0.36864406779661019,85,19,232,0,1813,153,0.60259740259740258,0,1,0.75202593192868716,123,109,1877,89,0.58018867924528306,0.054884189325276937,0.53017241379310343,0.55405405405405406,0.59992849549999949,0.69090909090909092,0.86687487911977712,0.77919374299340671,203.64217009800427,166159,1.2255861560192602,166159,351625,0.4725460362602204,222017,704423278,3.1728348639969011,10,0,2198,59,266,0,1813,119,0.69090909090909092,0,8,1
test__mixedhard_prevalence__mixedhard_frac_0p1__seed_0007,full,test,mixedhard_prevalence,mixedhard_frac_0p1,7,7,0,46.1209634,v6,70,0.10000000000000001,7,mixedhard,7,60,0.10000000000000001,1,reference,0,0,0.050000000000000003,0.497,0.9799999999999881,3.43096184915,5,10,300,2,2,0.5,0.02,320,46094,224794,0,39807,38515,38515,531,447,457,84,2363,370,0,1802,87,0.80962800875273522,0,1,0.89480048367593712,135,235,1833,56,0.70680628272251311,0.11363636363636363,0.36486486486486486,0.48128342245989303,0,1802,0,266,235,16,16,215,0,1802,242,0.47045951859956237,0,1,0.63988095238095233,198,16,315,0,1802,142,0.68927789934354489,0,1,0.81606217616580312,130,185,1883,61,0.68062827225130895,0.089458413926499031,0.41269841269841268,0.51383399209486169,0.23999998400000067,0.80962800875273522,0.93186515347644361,0.80572321184441043,186.07163366399692,152079,1.2235195764306506,152079,340350,0.44683120317320407,202248,657828680,3.2525843518848148,10,0,2259,104,370,0,1802,87,0.80962800875273522,0,15,2
test__mixedhard_prevalence__mixedhard_frac_0p1__seed_0008,full,test,mixedhard_prevalence,mixedhard_frac_0p1,8,8,0,43.7909809,v6,70,0.10000000000000001,7,mixedhard,8,60,0.10000000000000001,1,reference,0,0,0.050000000000000003,0.497,0.9799999999999881,3.43096184915,5,10,300,2,2,0.5,0.02,320,46094,249494,0,45245,43559,43559,552,479,487,73,2320,375,0,1752,112,0.77002053388090352,0,1,0.87006960556844548,128,247,1797,67,0.65641025641025641,0.12084148727984344,0.34133333333333332,0.44912280701754387,0,1752,0,292,247,16,16,217,0,1752,270,0.44558521560574949,0,1,0.61647727272727271,209,16,326,0,1752,161,0.66940451745379881,0,1,0.80196801968019682,122,204,1840,73,0.62564102564102564,0.099804305283757333,0.37423312883435583,0.46833013435700577,0.20000000399999962,0.77002053388090352,0.91297009929397199,0.7786680214762407,196.68421272799407,166204,1.1833903680296147,166204,350866,0.4736965109186983,221986,680683453,3.0663350526609787,10,0,2239,81,375,0,1752,112,0.77002053388090352,0,8,1
test__mixedhard_prevalence__mixedhard_frac_0p1__seed_0009,full,test,mixedhard_prevalence,mixedhard_frac_0p1,9,9,0,44.6636725,v6,70,0.10000000000000001,7,mixedhard,9,60,0.10000000000000001,1,reference,0,0,0.050000000000000003,0.497,0.9799999999999881,3.43096184915,5,10,300,2,2,0.5,0.02,320,46098,240686,0,39637,37995,37995,555,478,478,77,2336,376,0,1763,102,0.78661087866108792,0,1,0.88056206088992972,131,245,1814,51,0.71978021978021978,0.11898980087421078,0.34840425531914893,0.46953405017921146,0,1763,0,296,245,16,16,238,0,1763,240,0.497907949790795,0,1,0.66480446927374304,203,16,323,0,1763,155,0.67573221757322177,0,1,0.80649188514357051,118,205,1854,64,0.64835164835164838,0.099562894609033517,0.3653250773993808,0.46732673267326735,0,0.78661087866108792,0.92447259687153649,0.81477592344518035,193.38922703999634,164198,1.177780649216168,164198,341153,0.48130311033465922,216576,689250921,3.1824898465203901,10,0,2241,95,376,0,1763,102,0.78661087866108792,0,4,1
test__mixedhard_prevalence__mixedhard_frac_0p1__seed_0010,full,test,mixedhard_prevalence,mixedhard_frac_0p1,10,10,0,40.4482049,v6,70,0.10000000000000001,7,mixedhard,10,60,0.10000000000000001,1,reference,0,0,0.050000000000000003,0.497,0.9799999999999881,3.43096184915,5,10,300,2,2,0.5,0.02,320,46098,214740,0,30355,29374,29374,300,281,286,19,2132,187,0,1774,99,0.65384615384615385,0,1,0.79069767441860461,89,98,1803,70,0.55974842767295596,0.051551814834297736,0.47593582887700536,0.51445086705202314,0,1774,0,127,98,9,9,93,0,1774,193,0.32517482517482516,0,1,0.49076517150395776,86,9,155,0,1774,131,0.54195804195804198,0,1,0.7029478458049887,81,74,1827,78,0.50943396226415094,0.038926880589163597,0.52258064516129032,0.51592356687898089,0.36056275700000029,0.65384615384615385,0.84037101568104955,0.76556363913067926,181.24408183000048,155698,1.164074566339969,155698,327714,0.47510329128447365,195609,587997896,3.0059859004442537,10,0,2060,72,187,0,1774,99,0.65384615384615385,0,3,1
test__mixedhard_prevalence__mixedhard_frac_0p1__seed_0011,full,test,mixedhard_prevalence,mixedhard_frac_0p1,11,11,0,37.0009477,v6,70,0.10000000000000001,7,mixedhard,11,60,0.10000000000000001,1,reference,0,0,0.050000000000000003,0.497,0.9799999999999881,3.43096184915,5,10,300,2,2,0.5,0.02,320,46098,248242,0,45673,43844,43844,537,478,487,59,2402,394,0,1776,93,0.80903490759753593,0,1,0.89443813847900111,104,290,1801,68,0.60465116279069764,0.13868962219033956,0.26395939086294418,0.36749116607773852,0,1776,0,315,290,16,16,195,0,1776,292,0.40041067761806981,0,1,0.57184750733137835,195,16,325,0,1776,162,0.66735112936344965,0,1,0.80049261083743839,92,233,1858,80,0.53488372093023251,0.11142993782879006,0.28307692307692306,0.37022132796780682,0.59845250600000099,0.80903490759753593,0.92669427641193558,0.74602671471311155,201.1071074360018,160057,1.2564718033950517,160057,352474,0.45409590494618041,219616,631503479,2.8754893951260381,10,0,2263,139,394,0,1776,93,0.80903490759753593,0,29,2
test__mixedhard_prevalence__mixedhard_frac_0p1__seed_0012,full,test,mixedhard_prevalence,mixedhard_frac_0p1,12,12,0,44.3901376,v6,70,0.10000000000000001,7,mixedhard,12,60,0.10000000000000001,1,reference,0,0,0.050000000000000003,0.497,0.9799999999999881,3.43096184915,5,10,300,2,2,0.5,0.02,320,46091,249011,0,46477,44854,44854,608,502,508,106,2481,352,0,1890,156,0.69291338582677164,0,1,0.81860465116279069,100,252,1960,86,0.5376344086021505,0.11392405063291139,0.28409090909090912,0.37174721189591076,0,1890,0,322,252,20,20,202,0,1890,306,0.39763779527559057,0,1,0.56901408450704227,183,20,277,0,1890,231,0.54527559055118113,0,1,0.70573248407643308,88,189,2023,98,0.4731182795698925,0.085443037974683542,0.3176895306859206,0.38012958963282939,0.49999990149999718,0.69291338582677164,0.88597258675998836,0.71882109315755705,191.52798723000689,163508,1.1713676837219396,163508,353067,0.46310756881838289,220564,693359537,3.1435752752035691,10,0,2398,83,352,0,1890,156,0.69291338582677164,0,0,0
test__mixedhard_prevalence__mixedhard_frac_0p1__seed_0013,full,test,mixedhard_prevalence,mixedhard_frac_0p1,13,13,0,46.9384397,v6,70,0.10000000000000001,7,mixedhard,13,60,0.10000000000000001,1,reference,0,0,0.050000000000000003,0.497,0.9799999999999881,3.43096184915,5,10,300,2,2,0.5,0.02,320,46099,255435,0,53945,52343,52343,695,604,609,91,2570,474,0,1868,135,0.77832512315270941,0,1,0.8753462603878116,151,323,1932,71,0.68018018018018023,0.14323725055432374,0.31856540084388185,0.43390804597701149,0,1868,0,387,323,25,25,230,0,1868,379,0.37766830870279144,0,1,0.54827175208581647,220,23,410,0,1868,199,0.6732348111658456,0,1,0.80471050049067716,142,268,1987,80,0.63963963963963966,0.1188470066518847,0.34634146341463412,0.44936708860759494,0.57343142150000137,0.77832512315270941,0.93657855226562303,0.78510217534607774,197.23194855900448,163313,1.2076928876391009,163313,362272,0.45080215970320642,228224,748715445,3.2806166091208637,10,0,2477,93,474,0,1868,135,0.77832512315270941,0,9,1
test__mixedhard_prevalence__mixedhard_frac_0p1__seed_0014,full,test,mixedhard_prevalence,mixedhard_frac_0p1,14,14,0,47.7215326,v6,70,0.10000000000000001,7,mixedhard,14,60,0.10000000000000001,1,reference,0,0,0.050000000000000003,0.497,0.9799999999999881,3.43096184915,5,10,300,2,2,0.5,0.02,320,46096,260149,0,52219,50469,50469,358,320,328,38,2448,238,0,1996,90,0.72560975609756095,0,1,0.8409893992932862,98,140,2031,55,0.64052287581699341,0.064486411791801007,0.41176470588235292,0.50127877237851659,0,1996,0,175,140,9,9,139,0,1996,189,0.42378048780487804,0,1,0.59528907922912211,130,9,172,0,1996,156,0.52439024390243905,0,1,0.68799999999999994,89,83,2088,64,0.5816993464052288,0.038231229847996318,0.51744186046511631,0.5476923076923077,0.49999994750000099,0.72560975609756095,0.89402662031379831,0.79516833602779358,211.08046679599948,170040,1.2413577205128175,170040,379491,0.44807386736444343,235436,777116935,3.3007566175096419,10,0,2324,124,237,0,1996,91,0.72256097560975607,0,24,1
test__mixedhard_prevalence__mixedhard_frac_0p1__seed_0015,full,test,mixedhard_prevalence,mixedhard_frac_0p1,15,15,0,31.8521608,v6,70,0.10000000000000001,7,mixedhard,15,60,0.10000000000000001,1,reference,0,0,0.050000000000000003,0.497,0.9799999999999881,3.43096184915,5,10,300,2,2,0.5,0.02,320,46094,257417,0,41570,40315,40315,511,451,457,60,2231,362,0,1721,95,0.79212253829321666,0,1,0.88400488400488397,144,218,1764,52,0.73469387755102045,0.1099899091826438,0.39779005524861877,0.5161290322580645,0,1721,0,261,218,13,12,233,0,1721,224,0.50984682713347917,0,1,0.67536231884057973,197,12,257,0,1721,200,0.56236323851203496,0,1,0.71988795518207283,138,119,1863,58,0.70408163265306123,0.060040363269424822,0.53696498054474706,0.60927152317880795,0,0.79212253829321666,0.91515987982153779,0.83510651990362239,210.71590215399652,177708,1.1857423534899751,177708,362752,0.48988840860973887,231110,650263496,2.8136536541041064,10,0,2178,53,362,0,1721,95,0.79212253829321666,0,0,0
test__mixedhard_prevalence__mixedhard_frac_0p1__seed_0016,full,test,mixedhard_prevalence,mixedhard_frac_0p1,16,16,0,50.5805004,v6,70,0.10000000000000001,7,mixedhard,16,60,0.10000000000000001,1,reference,0,0,0.050000000000000003,0.497,0.9799999999999881,3.43096184915,5,10,300,2,2,0.5,0.02,320,46096,259315,0,48246,46812,46812,713,578,581,135,2563,440,0,1885,141,0.75731497418244409,0,1,0.861900097943193,116,324,1937,89,0.56585365853658531,0.14329942503317117,0.26363636363636361,0.35968992248062015,0,1882,0,379,324,26,26,216,0,1885,365,0.37177280550774527,0,1,0.5420326223337516,206,26,354,0,1885,227,0.60929432013769358,0,1,0.75721925133689838,103,251,2010,102,0.5024390243902439,0.11101282618310482,0.29096045197740111,0.36851520572450808,0.60000000199999892,0.75731497418244409,0.91237553472700961,0.74157020959860198,228.09990990700044,175129,1.3024679516642044,175129,376004,0.46576366208870118,235215,807141677,3.4315059711327938,10,0,2466,97,440,0,1885,141,0.75731497418244409,0,10,1
test__mixedhard_prevalence__mixedhard_frac_0p1__seed_0017,full,test,mixedhard_prevalence,mixedhard_frac_0p1,17,17,0,48.5361081,v6,70,0.10000000000000001,7,mixedhard,17,60,0.10000000000000001,1,reference,0,0,0.050000000000000003,0.497,0.9799999999999881,3.43096184915,5,10,300,2,2,0.5,0.02,320,46097,247332,0,48747,47494,47494,445,405,417,40,2266,304,0,1759,113,0.72901678657074342,0,1,0.84327323162274614,124,180,1812,60,0.67391304347826086,0.09036144578313253,0.40789473684210525,0.50819672131147542,0,1759,0,233,180,11,10,188,0,1759,229,0.45083932853717024,0,1,0.62148760330578512,163,10,249,0,1759,168,0.59712230215827333,0,1,0.74774774774774777,113,136,1856,71,0.61413043478260865,0.068273092369477914,0.45381526104417669,0.52193995381062352,0.49987003999999757,0.72901678657074342,0.88804544766688076,0.79909174742448053,197.45015937300394,163540,1.2073508583404913,163540,343889,0.47556042792877934,223276,772544785,3.4600440038338203,10,0,2176,90,304,0,1759,113,0.72901678657074342,0,0,0
test__mixedhard_prevalence__mixedhard_frac_0p1__seed_0018,full,test,mixedhard_prevalence,mixedhard_frac_0p1,18,18,0,48.1477598,v6,70,0.10000000000000001,7,mixedhard,18,60,0.10000000000000001,1,reference,0,0,0.050000000000000003,0.497,0.9799999999999881,3.43096184915,5,10,300,2,2,0.5,0.02,320,46091,248199,0,46843,45361,45361,553,474,480,79,2396,365,0,1810,115,0.76041666666666663,0,1,0.86390532544378695,133,232,1856,69,0.65841584158415845,0.1111111111111111,0.36438356164383562,0.46913580246913578,0,1810,0,278,232,16,16,215,0,1810,265,0.44791666666666669,0,1,0.61870503597122306,203,16,264,0,1810,216,0.55000000000000004,0,1,0.70967741935483875,120,144,1944,82,0.59405940594059403,0.068965517241379309,0.45454545454545453,0.51502145922746778,0.39999999300000155,0.76041666666666663,0.91191988950276248,0.78139581199499264,194.27045998700163,161053,1.2062517307159855,161053,349580,0.46070427369986844,218268,721420818,3.3052065259222609,10,0,2290,106,365,0,1810,115,0.76041666666666663,0,21,2
test__mixedhard_prevalence__mixedhard_frac_0p1__seed_0019,full,test,mixedhard_prevalence,mixedhard_frac_0p1,19,19,0,43.1111738,v6,70,0.10000000000000001,7,mixedhard,19,60,0.10000000000000001,1,reference,0,0,0.050000000000000003,0.497,0.9799999999999881,3.43096184915,5,10,300,2,2,0.5,0.02,320,46099,222586,0,36469,35408,35408,489,351,364,138,2239,232,0,1794,132,0.63736263736263732,0,1,0.77852348993288589,92,140,1849,77,0.54437869822485208,0.070387129210658622,0.39655172413793105,0.45885286783042395,0,1794,0,195,140,18,17,116,0,1794,248,0.31868131868131866,0,1,0.48333333333333334,114,17,198,0,1794,166,0.54395604395604391,0,1,0.70462633451957291,84,114,1875,85,0.49704142011834318,0.057315233785822019,0.42424242424242425,0.45776566757493187,0.59999995049999821,0.63736263736263732,0.87574653607262298,0.74685474250388972,181.01391170999091,153482,1.179382023364244,153482,330237,0.46476318522757898,199628,638757058,3.1997368004488349,10,0,2158,81,232,0,1794,132,0.63736263736263732,0,0,0
test__mixedhard_prevalence__mixedhard_frac_0p1__seed_0020,full,test,mixedhard_prevalence,mixedhard_frac_0p1,20,20,0,47.9654206,v6,70,0.10000000000000001,7,mixedhard,20,60,0.10000000000000001,1,reference,0,0,0.050000000000000003,0.497,0.9799999999999881,3.43096184915,5,10,300,2,2,0.5,0.02,320,46093,247377,0,40935,39411,39411,387,312,316,75,2303,256,0,1915,60,0.810126582278481,0,1,0.8951048951048951,131,125,1955,20,0.86754966887417218,0.060096153846153848,0.51171875,0.64373464373464373,0,1915,0,165,125,12,11,200,0,1915,116,0.63291139240506333,0,1,0.77519379844961245,118,12,182,0,1915,134,0.57594936708860756,0,1,0.73092369477911645,114,68,2012,37,0.75496688741721851,0.032692307692307694,0.62637362637362637,0.68468468468468469,0.49789547549999824,0.810126582278481,0.939371054631986,0.91011684921039226,202.49417370199012,171150,1.1831386135085604,171150,367321,0.46594123396157583,222735,768824335,3.451744606819763,10,0,2231,72,256,0,1915,60,0.810126582278481,0,13,1
test__mixedhard_prevalence__mixedhard_frac_0p1__seed_0021,full,test,mixedhard_prevalence,mixedhard_frac_0p1,21,21,0,51.3267179,v6,70,0.10000000000000001,7,mixedhard,21,60,0.10000000000000001,1,reference,0,0,0.050000000000000003,0.497,0.9799999999999881,3.43096184915,5,10,300,2,2,0.5,0.02,320,46095,284174,0,57560,55352,55352,417,369,378,48,2406,324,0,1894,54,0.8571428571428571,0,1,0.92307692307692313,146,178,1915,33,0.81564245810055869,0.085045389393215487,0.45061728395061729,0.58051689860834987,0,1894,0,199,178,12,12,220,0,1894,158,0.58201058201058198,0,1,0.73578595317725748,174,12,243,0,1894,135,0.6428571428571429,0,1,0.78260869565217395,133,110,1983,46,0.74301675977653636,0.052556139512661249,0.54732510288065839,0.63033175355450233,0.399999929999999,0.8571428571428571,0.96674963544023729,0.89049425192247633,216.95506625899122,176930,1.2262197832984301,176930,374552,0.47237766718639868,247920,860256702,3.4698963455953535,10,0,2272,134,323,0,1894,55,0.85449735449735453,0,25,1
test__mixedhard_prevalence__mixedhard_frac_0p1__seed_0022,full,test,mixedhard_prevalence,mixedhard_frac_0p1,22,22,0,34.9663737,v6,70,0.10000000000000001,7,mixedhard,22,60,0.10000000000000001,1,reference,0,0,0.050000000000000003,0.497,0.9799999999999881,3.43096184915,5,10,300,2,2,0.5,0.02,320,46100,246717,0,42040,40620,40620,789,632,640,157,2553,496,0,1795,144,0.77500000000000002,0,1,0.87323943661971826,92,404,1856,83,0.52571428571428569,0.17876106194690267,0.18548387096774194,0.27421758569299554,0,1795,0,465,404,26,26,336,0,1795,304,0.52500000000000002,0,1,0.68852459016393441,326,26,398,0,1795,242,0.62187499999999996,0,1,0.76685934489402696,88,310,1950,87,0.50285714285714289,0.13716814159292035,0.22110552763819097,0.30715532286212915,0.29996740650000131,0.77500000000000002,0.92445682451253486,0.69194943109987361,204.26158380400017,166062,1.2300320591345411,166062,369480,0.449447872685937,220056,662246541,3.0094455093248991,10,0,2435,118,496,0,1795,144,0.77500000000000002,0,2,1
test__mixedhard_prevalence__mixedhard_frac_0p1__seed_0023,full,test,mixedhard_prevalence,mixedhard_frac_0p1,23,23,0,46.8704222,v6,70,0.10000000000000001,7,mixedhard,23,60,0.10000000000000001,1,reference,0,0,0.050000000000000003,0.497,0.9799999999999881,3.43096184915,5,10,300,2,2,0.5,0.02,320,46098,244081,0,51185,49902,49902,492,430,436,62,2350,352,0,1850,84,0.80733944954128445,0,1,0.89340101522842641,148,204,1881,53,0.73631840796019898,0.097841726618705036,0.42045454545454547,0.53526220614828213,0,1850,0,235,204,20,20,165,0,1850,271,0.37844036697247707,0,1,0.54908485856905154,144,19,307,0,1850,129,0.70412844036697253,0,1,0.82637954239569311,144,163,1922,57,0.71641791044776115,0.078177458033573136,0.46905537459283386,0.56692913385826771,0.39999993849999704,0.80733944954128445,0.93077671708405652,0.82901559349535292,200.22111511199751,162095,1.2352084586939605,162095,360449,0.44970300930228685,223220,756723223,3.3900332541886926,10,0,2286,64,352,0,1850,84,0.80733944954128445,0,0,0
test__mixedhard_prevalence__mixedhard_frac_0p1__seed_0024,full,test,mixedhard_prevalence,mixedhard_frac_0p1,24,24,0,47.626956,v6,70,0.10000000000000001,7,mixedhard,24,60,0.10000000000000001,1,reference,0,0,0.050000000000000003,0.497,0.9799999999999881,3.43096184915,5,10,300,2,2,0.5,0.02,320,46092,246475,0,45743,43969,43969,503,440,447,63,2307,341,0,1753,106,0.76286353467561518,0,1,0.86548223350253806,112,229,1801,58,0.6588235294117647,0.11280788177339901,0.3284457478005865,0.43835616438356162,0,1753,0,277,229,18,18,205,0,1753,242,0.45861297539149887,0,1,0.62883435582822089,205,18,257,0,1753,190,0.57494407158836691,0,1,0.73011363636363635,102,155,1875,68,0.59999999999999998,0.076354679802955669,0.39688715953307391,0.47775175644028101,0.49999990300000086,0.76286353467561518,0.91882244691427029,0.77717473196175024,198.36451059100202,165859,1.1959827961762823,165859,346649,0.47846380632859176,222782,752660810,3.3784632959574834,10,0,2200,107,341,0,1753,106,0.76286353467561518,0,9,1
test__mixedhard_prevalence__mixedhard_frac_0p1__seed_0025,full,test,mixedhard_prevalence,mixedhard_frac_0p1,25,25,0,39.4339467,v6,70,0.10000000000000001,7,mixedhard,25,60,0.10000000000000001,1,reference,0,0,0.050000000000000003,0.497,0.9799999999999881,3.43096184915,5,10,300,2,2,0.5,0.02,320,46097,257223,0,32405,31006,31006,394,357,361,37,2449,256,0,1968,105,0.70914127423822715,0,1,0.82982171799027549,103,153,2001,72,0.58857142857142852,0.071030640668523673,0.40234375,0.47795823665893272,0,1968,0,186,153,12,12,131,0,1968,230,0.36288088642659277,0,1,0.53252032520325199,115,12,225,0,1968,136,0.62326869806094187,0,1,0.76791808873720135,97,128,2026,78,0.55428571428571427,0.059424326833797586,0.43111111111111111,0.48499999999999999,0.29999994699999633,0.70914127423822715,0.88136359029795286,0.77851173895742143,219.26474210500697,185622,1.1812432906929511,185622,372325,0.49854831128718191,231676,680934757,2.9391683083271465,10,0,2329,120,256,0,1968,105,0.70914127423822715,0,10,2
test__mixedhard_prevalence__mixedhard_frac_0p1__seed_0026,full,test,mixedhard_prevalence,mixedhard_frac_0p1,26,26,0,44.0460601,v6,70,0.10000000000000001,7,mixedhard,26,60,0.10000000000000001,1,reference,0,0,0.050000000000000003,0.497,0.9799999999999881,3.43096184915,5,10,300,2,2,0.5,0.02,320,46099,223551,0,35285,34077,34077,344,301,305,43,2234,233,0,1847,72,0.76393442622950825,0,1,0.86617100371747213,109,124,1856,63,0.63372093023255816,0.062626262626262627,0.46781115879828328,0.53827160493827164,0,1847,0,133,124,8,8,146,0,1847,159,0.47868852459016392,0,1,0.64745011086474502,124,8,180,0,1847,125,0.5901639344262295,0,1,0.74226804123711343,103,77,1903,69,0.59883720930232553,0.03888888888888889,0.57222222222222219,0.58522727272727271,0,0.76393442622950825,0.89935029778018405,0.79582599248296926,186.91362755700078,157903,1.1837243596195182,157903,350271,0.45080237872961221,203637,645069772,3.1677434454445903,10,0,2152,82,233,0,1847,72,0.76393442622950825,0,1,1
test__mixedhard_prevalence__mixedhard_frac_0p1__seed_0027,full,test,mixedhard_prevalence,mixedhard_frac_0p1,27,27,0,40.4000629,v6,70,0.10000000000000001,7,mixedhard,27,60,0.10000000000000001,1,reference,0,0,0.050000000000000003,0.497,0.9799999999999881,3.43096184915,5,10,300,2,2,0.5,0.02,320,46098,244794,0,35349,34052,34052,555,420,430,135,2345,319,0,1793,111,0.74186046511627912,0,1,0.85180240320427236,118,201,1846,58,0.67045454545454541,0.098192476795310207,0.36990595611285265,0.47676767676767678,0,1793,0,254,201,19,18,184,0,1793,246,0.42790697674418604,0,1,0.59934853420195444,184,18,269,0,1793,161,0.62558139534883717,0,1,0.76967095851216027,105,164,1883,71,0.59659090909090906,0.080117244748412308,0.3903345724907063,0.47191011235955055,0,0.74186046511627912,0.92053334025084632,0.7958708975440778,215.86146267500911,176300,1.2243985404141187,176300,366016,0.48167293233082709,223856,697357551,3.1152059850975631,10,0,2223,122,319,0,1793,111,0.74186046511627912,0,2,1
test__mixedhard_prevalence__mixedhard_frac_0p1__seed_0028,full,test,mixedhard_prevalence,mixedhard_frac_0p1,28,28,0,45.4513068,v6,70,0.10000000000000001,7,mixedhard,28,60,0.10000000000000001,1,reference,0,0,0.050000000000000003,0.497,0.9799999999999881,3.43096184915,5,10,300,2,2,0.5,0.02,320,46094,233997,0,36699,35010,35010,456,394,401,62,2330,307,0,1833,94,0.76558603491271815,0,1,0.86723163841807904,103,204,1866,61,0.62804878048780488,0.098550724637681164,0.33550488599348532,0.43736730360934184,0,1833,0,237,204,12,12,193,0,1833,208,0.48129675810473815,0,1,0.64983164983164987,193,12,251,0,1833,150,0.62593516209476308,0,1,0.76993865030674846,95,156,1914,69,0.57926829268292679,0.075362318840579715,0.37848605577689243,0.45783132530120479,0,0.76558603491271815,0.9187315399444651,0.77246818663838812,189.41601390500671,163037,1.1617977140465459,163037,355386,0.45876033383419718,211001,683309703,3.2384192634158131,10,0,2234,96,307,0,1833,94,0.76558603491271815,0,0,0
test__mixedhard_prevalence__mixedhard_frac_0p1__seed_0029,full,test,mixedhard_prevalence,mixedhard_frac_0p1,29,29,0,46.1168532,v6,70,0.10000000000000001,7,mixedhard,29,60,0.10000000000000001,1,reference,0,0,0.050000000000000003,0.497,0.9799999999999881,3.43096184915,5,10,300,2,2,0.5,0.02,320,46093,243245,0,41965,40886,40886,350,317,324,33,2361,232,0,1949,92,0.71604938271604934,0,1,0.83453237410071945,91,141,1972,69,0.56874999999999998,0.066729768102224321,0.39224137931034481,0.4642857142857143,0,1949,0,164,141,11,11,153,0,1949,171,0.47222222222222221,0,1,0.64150943396226412,118,11,191,0,1949,133,0.58950617283950613,0,1,0.74174757281553394,86,105,2008,74,0.53749999999999998,0.049692380501656412,0.45026178010471202,0.49002849002849003,0.29999994049999756,0.71604938271604934,0.88044122025223448,0.75321817321344064,200.51375950400015,166385,1.2051192084863427,166385,363701,0.4574774333862156,219309,714971103,3.2601083539663214,10,0,2273,88,231,0,1949,93,0.71296296296296291,0,2,1
test__mixedhard_prevalence__mixedhard_frac_0p1__seed_0030,full,test,mixedhard_prevalence,mixedhard_frac_0p1,30,30,0,40.192528,v6,70,0.10000000000000001,7,mixedhard,30,60,0.10000000000000001,1,reference,0,0,0.050000000000000003,0.497,0.9799999999999881,3.43096184915,5,10,300,2,2,0.5,0.02,320,46098,227677,0,39288,38278,38278,287,251,255,36,2099,177,0,1787,78,0.69411764705882351,0,1,0.81944444444444442,80,97,1802,63,0.55944055944055948,0.051079515534491839,0.4519774011299435,0.5,0,1787,0,112,97,11,11,82,0,1787,173,0.32156862745098042,0,1,0.48664688427299702,82,11,138,0,1787,117,0.54117647058823526,0,1,0.70229007633587781,73,65,1834,70,0.51048951048951052,0.034228541337546076,0.52898550724637683,0.5195729537366548,0.39999998700000106,0.69411764705882351,0.85827051581684721,0.75769359655615576,192.07252996098833,158415,1.2124642865952613,158415,334465,0.47363700237693029,207637,656415687,3.1613618333919296,10,0,2042,57,177,0,1787,78,0.69411764705882351,0,17,2
test__mixedhard_prevalence__mixedhard_frac_0p2__seed_0001,full,test,mixedhard_prevalence,mixedhard_frac_0p2,1,1,0,44.6685076,v6,70,0.20000000000000001,14,mixedhard,1,60,0.10000000000000001,1,reference,0,0,0.050000000000000003,0.497,0.9799999999999881,3.43096184915,5,10,300,2,2,0.5,0.02,320,50891,243061,0,53708,51527,51527,1130,933,942,197,2111,758,0,1070,184,0.80467091295116777,0,1,0.8917647058823529,180,578,1151,103,0.63604240282685509,0.33429728166570272,0.23746701846965698,0.345821325648415,0,1070,0,659,578,33,33,500,0,1070,442,0.53078556263269638,0,1,0.69348127600554788,462,33,617,0,1070,325,0.65498938428874731,0,1,0.79153303399615138,162,455,1274,121,0.57243816254416957,0.26315789473684209,0.26256077795786059,0.35999999999999999,0,0.80467091295116777,0.93748834256007307,0.67924329715291221,158.95600459499957,132925,1.1958322707917968,132925,276795,0.48022905038024533,196861,643609919,3.2693622352827627,10,0,2012,99,757,0,1070,185,0.80360934182590238,0,10,1
test__mixedhard_prevalence__mixedhard_frac_0p2__seed_0002,full,test,mixedhard_prevalence,mixedhard_frac_0p2,2,2,0,49.0383045,v6,70,0.20000000000000001,14,mixedhard,2,60,0.10000000000000001,1,reference,0,0,0.050000000000000003,0.497,0.9799999999999881,3.43096184915,5,10,300,2,2,0.5,0.02,320,50894,252356,0,73568,70791,70791,921,788,793,133,2092,605,0,1202,188,0.76292559899117274,0,1,0.86552217453505009,204,401,1280,110,0.64968152866242035,0.23854848304580606,0.33719008264462808,0.44396082698585421,0,1202,0,479,401,30,29,381,0,1202,412,0.48045397225725095,0,1,0.64906303236797269,328,29,532,0,1202,261,0.67087011349306436,0,1,0.80301886792452826,187,345,1336,127,0.59554140127388533,0.20523497917906008,0.35150375939849626,0.44208037825059104,0.1399999980000004,0.76292559899117274,0.90733183240207049,0.7203571577427752,146.14448915599439,122325,1.1947229851297314,122325,261774,0.46729239725870408,205571,699321711,3.401850022619922,10,0,1995,97,605,0,1202,188,0.76292559899117274,0,5,1
test__mixedhard_prevalence__mixedhard_frac_0p2__seed_0003,full,test,mixedhard_prevalence,mixedhard_frac_0p2,3,3,0,45.0500013,v6,70,0.20000000000000001,14,mixedhard,3,60,0.10000000000000001,1,reference,0,0,0.050000000000000003,0.497,0.9799999999999881,3.43096184915,5,10,300,2,2,0.5,0.02,320,50882,267226,0,64984,61334,61334,863,757,763,106,2213,616,0,1329,147,0.80733944954128445,0,1,0.89340101522842641,234,382,1398,78,0.75,0.21460674157303372,0.37987012987012986,0.50431034482758619,0,1329,0,451,382,25,25,364,0,1329,399,0.47706422018348627,0,1,0.64596273291925466,316,25,499,0,1329,264,0.653997378768021,0,1,0.79080824088748014,212,287,1493,100,0.67948717948717952,0.16123595505617977,0.42484969939879758,0.52281134401972873,0.39999996049999975,0.80733944954128445,0.93685079391377157,0.79046024200518583,165.02976154900091,136105,1.2125179938209536,136105,292553,0.46523194087908859,213377,688988138,3.2289709668802167,10,0,2092,121,615,0,1329,148,0.80602883355176935,0,14,2
test__mixedhard_prevalence__mixedhard_frac_0p2__seed_0004,full,test,mixedhard_prevalence,mixedhard_frac_0p2,4,4,0,52.1083059,v6,70,0.20000000000000001,14,mixedhard,4,60,0.10000000000000001,1,reference,0,0,0.050000000000000003,0.497,0.9799999999999881,3.43096184915,5,10,300,2,2,0.5,0.02,320,50886,298961,0,95243,92489,92489,1096,899,906,197,2315,744,0,1316,162,0.82119205298013243,0,1,0.90181818181818185,231,513,1385,93,0.71296296296296291,0.27028451001053738,0.31048387096774194,0.43258426966292135,0,1316,0,582,513,31,31,490,0,1316,416,0.54083885209713023,0,1,0.70200573065902583,397,31,627,0,1316,279,0.69205298013245031,0,1,0.81800391389432481,217,410,1488,107,0.66975308641975306,0.21601685985247629,0.34609250398724084,0.45636172450052576,0.099999991500000718,0.82119205298013243,0.94151955554660927,0.76072116197686979,160.48219624900747,135987,1.1801289553340208,135987,297554,0.45701620546186572,242235,830026018,3.426532160918117,10,0,2222,93,744,0,1316,162,0.82119205298013243,0,0,0
test__mixedhard_prevalence__mixedhard_frac_0p2__seed_0005,full,test,mixedhard_prevalence,mixedhard_frac_0p2,5,5,0,46.3228098,v6,70,0.20000000000000001,14,mixedhard,5,60,0.10000000000000001,1,reference,0,0,0.050000000000000003,0.497,0.9799999999999881,3.43096184915,5,10,300,2,2,0.5,0.02,320,50896,260181,0,82409,79392,79392,793,666,677,127,1983,508,0,1182,169,0.75036927621861149,0,1,0.85738396624472579,212,296,1246,105,0.66876971608832803,0.191958495460441,0.41732283464566927,0.51393939393939392,0,1182,0,360,296,28,27,282,0,1182,395,0.41654357459379615,0,1,0.58811261730969755,240,28,427,0,1182,250,0.63072378138847862,0,1,0.77355072463768115,197,230,1312,120,0.62145110410094639,0.14915693904020752,0.46135831381733022,0.52956989247311825,0.20004552100000073,0.75036927621861149,0.91374244889492062,0.7689264219109927,134.53423299999338,114422,1.1757724301270156,114422,254219,0.45009224330203484,208451,706343815,3.3885364666036621,10,0,1859,124,508,0,1182,169,0.75036927621861149,0,20,1
test__mixedhard_prevalence__mixedhard_frac_0p2__seed_0006,full,test,mixedhard_prevalence,mixedhard_frac_0p2,6,6,0,53.5076298,v6,70,0.20000000000000001,14,mixedhard,6,60,0.10000000000000001,1,reference,0,0,0.050000000000000003,0.497,0.9799999999999881,3.43096184915,5,10,300,2,2,0.5,0.02,320,50884,277937,0,80245,77427,77427,602,551,562,51,1983,407,0,1352,155,0.72419928825622781,0,1,0.84004127966976261,208,199,1393,114,0.64596273291925466,0.125,0.51105651105651106,0.57064471879286693,0,1352,0,240,199,25,25,201,0,1352,361,0.35765124555160144,0,1,0.52686762778505902,149,25,338,0,1352,224,0.60142348754448394,0,1,0.75111111111111106,193,145,1447,129,0.59937888198757761,0.091080402010050257,0.57100591715976334,0.58484848484848484,0.49999992000000049,0.72419928825622781,0.88310714060098128,0.77090225974593463,157.65651392800623,126740,1.2439365151333932,126740,273275,0.46378190467477814,216434,786270625,3.6328424600571076,10,0,1914,69,407,0,1352,155,0.72419928825622781,0,20,2
test__mixedhard_prevalence__mixedhard_frac_0p2__seed_0007,full,test,mixedhard_prevalence,mixedhard_frac_0p2,7,7,0,51.016014,v6,70,0.20000000000000001,14,mixedhard,7,60,0.10000000000000001,1,reference,0,0,0.050000000000000003,0.497,0.9799999999999881,3.43096184915,5,10,300,2,2,0.5,0.02,320,50894,247086,0,70562,67793,67793,924,797,809,127,2107,644,0,1220,165,0.79604449938195299,0,1,0.8864418444597385,266,378,1275,110,0.70744680851063835,0.22867513611615245,0.41304347826086957,0.52156862745098043,0,1220,0,433,378,26,26,404,0,1220,405,0.49938195302843014,0,1,0.66611706512778235,330,26,560,0,1220,249,0.69221260815822006,0,1,0.81811541271000732,256,304,1349,120,0.68085106382978722,0.18390804597701149,0.45714285714285713,0.54700854700854706,0.29999994749999814,0.79604449938195299,0.92267117874728977,0.7637218274961064,145.85171907099433,117773,1.2384138900341704,117773,267031,0.44104617066932306,197236,665361639,3.3734289835526985,10,0,2029,78,644,0,1220,165,0.79604449938195299,0,13,2
test__mixedhard_prevalence__mixedhard_frac_0p2__seed_0008,full,test,mixedhard_prevalence,mixedhard_frac_0p2,8,8,0,50.7490457,v6,70,0.20000000000000001,14,mixedhard,8,60,0.10000000000000001,1,reference,0,0,0.050000000000000003,0.497,0.9799999999999881,3.43096184915,5,10,300,2,2,0.5,0.02,320,50884,274372,0,81817,79365,79365,851,733,740,118,2119,576,0,1318,164,0.77837837837837842,0,1,0.87537993920972645,298,278,1363,119,0.71462829736211031,0.16940889701401585,0.51736111111111116,0.60020140986908355,0,1318,0,323,278,21,21,270,0,1318,470,0.36486486486486486,0,1,0.53465346534653468,211,20,518,0,1318,222,0.69999999999999996,0,1,0.82352941176470584,279,239,1402,138,0.6690647482014388,0.14564290067032298,0.53861003861003864,0.59679144385026739,0.59999998900000051,0.77837837837837842,0.92539371693392936,0.79977772809174963,156.96413791399226,130880,1.1992981197584984,130880,274613,0.47659797606085658,222053,763070460,3.4364339144258351,10,0,2058,61,574,0,1318,166,0.77567567567567564,0,36,2
test__mixedhard_prevalence__mixedhard_frac_0p2__seed_0009,full,test,mixedhard_prevalence,mixedhard_frac_0p2,9,9,0,35.662085,v6,70,0.20000000000000001,14,mixedhard,9,60,0.10000000000000001,1,reference,0,0,0.050000000000000003,0.497,0.9799999999999881,3.43096184915,5,10,300,2,2,0.5,0.02,320,50895,269892,0,79165,76342,76342,896,792,801,104,2175,616,0,1296,185,0.76903870162297128,0,1,0.86944248412138325,246,370,1365,116,0.6795580110497238,0.2132564841498559,0.39935064935064934,0.50306748466257667,0,1296,0,439,370,24,23,355,0,1296,446,0.44319600499375778,0,1,0.61418685121107264,279,22,536,0,1296,265,0.66916354556803992,0,1,0.80179506357516828,227,309,1426,135,0.6270718232044199,0.17809798270893371,0.42350746268656714,0.50556792873051226,0.50009099299999971,0.76903870162297128,0.92548858679736745,0.75479325552884236,152.13743318099728,127734,1.1910488451077808,127734,265199,0.48165339989969796,218265,652956772,2.9915779992211302,10,0,2097,78,616,0,1296,185,0.76903870162297128,0,23,2
test__mixedhard_prevalence__mixedhard_frac_0p2__seed_0010,full,test,mixedhard_prevalence,mixedhard_frac_0p2,10,10,0,48.7777784,v6,70,0.20000000000000001,14,mixedhard,10,60,0.10000000000000001,1,reference,0,0,0.050000000000000003,0.497,0.9799999999999881,3.43096184915,5,10,300,2,2,0.5,0.02,320,50897,236222,0,64127,61794,61794,686,634,643,52,1904,461,0,1200,182,0.71695178849144636,0,1,0.83514492753623193,188,273,1264,118,0.6143790849673203,0.17761873780091086,0.40780911062906722,0.49022164276401564,0,1200,0,337,273,24,23,244,0,1200,399,0.37947122861586313,0,1,0.55016910935738439,216,21,384,0,1200,259,0.59720062208398139,0,1,0.74780915287244398,178,206,1331,128,0.5816993464052288,0.13402732595966169,0.46354166666666669,0.51594202898550723,0.49999991500000007,0.71695178849144636,0.88608864696734058,0.73134682196452638,142.83315090399995,121949,1.1712531542202065,121949,259142,0.47058755431385108,194331,652723477,3.3588232294384324,10,0,1843,61,460,0,1200,183,0.71539657853810268,0,21,2
test__mixedhard_prevalence__mixedhard_frac_0p2__seed_0011,full,test,mixedhard_prevalence,mixedhard_frac_0p2,11,11,0,52.9083199,v6,70,0.20000000000000001,14,mixedhard,11,60,0.10000000000000001,1,reference,0,0,0.050000000000000003,0.497,0.9799999999999881,3.43096184915,5,10,300,2,2,0.5,0.02,320,50894,271411,0,75248,72254,72254,854,739,752,115,2137,620,0,1248,132,0.82446808510638303,0,1,0.90379008746355682,256,364,1301,79,0.76417910447761195,0.21861861861861862,0.41290322580645161,0.53612565445026183,0,1248,0,417,364,26,25,365,0,1248,387,0.4853723404255319,0,1,0.65353625783348257,284,25,542,0,1248,210,0.7207446808510638,0,1,0.83771251931993818,232,310,1355,103,0.69253731343283587,0.18618618618618618,0.4280442804428044,0.52907639680729757,0.1999999635000016,0.82446808510638303,0.93576104746317512,0.79884093048272153,156.8655364549989,126667,1.2384088709371732,126667,279056,0.45391247634883319,214715,743663612,3.4634916610390518,10,0,2000,137,620,0,1248,132,0.82446808510638303,0,2,1
test__mixedhard_prevalence__mixedhard_frac_0p2__seed_0012,full,test,mixedhard_prevalence,mixedhard_frac_0p2,12,12,0,51.0286589,v6,70,0.20000000000000001,14,mixedhard,12,60,0.10000000000000001,1,reference,0,0,0.050000000000000003,0.497,0.9799999999999881,3.43096184915,5,10,300,2,2,0.5,0.02,320,50882,269891,0,72623,69736,69736,921,771,784,150,2189,565,0,1335,219,0.72066326530612246,0,1,0.83765752409191996,209,356,1418,136,0.60579710144927534,0.20067643742953778,0.36991150442477877,0.45934065934065932,0,1335,0,439,356,32,32,348,0,1335,436,0.44387755102040816,0,1,0.61484098939929333,298,30,469,0,1335,315,0.5982142857142857,0,1,0.74860335195530725,189,280,1494,156,0.54782608695652169,0.15783540022547915,0.40298507462686567,0.46437346437346438,0.499999901999999,0.72066326530612246,0.90289402277765041,0.71883731189647571,150.03187437200219,127860,1.1734074329110136,127860,273943,0.46673943119554068,209698,705229680,3.3630729906818377,10,0,2119,70,565,0,1335,219,0.72066326530612246,0,36,3
test__mixedhard_prevalence__mixedhard_frac_0p2__seed_0013,full,test,mixedhard_prevalence,mixedhard_frac_0p2,13,13,0,50.9555707,v6,70,0.20000000000000001,14,mixedhard,13,60,0.10000000000000001,1,reference,0,0,0.050000000000000003,0.497,0.9799999999999881,3.43096184915,5,10,300,2,2,0.5,0.02,320,50890,269045,0,71760,69183,69183,1044,919,926,125,2304,699,0,1289,227,0.75485961123110146,0,1,0.86030769230769233,230,469,1371,145,0.61333333333333329,0.25489130434782609,0.32904148783977111,0.42830540037243947,0,1289,0,551,469,31,31,378,0,1289,548,0.40820734341252701,0,1,0.57975460122699385,366,30,587,0,1289,339,0.63390928725701945,0,1,0.77594183740912093,210,377,1463,165,0.56000000000000005,0.2048913043478261,0.35775127768313458,0.43659043659043661,0.39989364699999896,0.75485961123110146,0.92115583429819026,0.6967275362318841,150.58366033100498,124006,1.2143255998177909,124006,281627,0.44031999772749064,205092,672407937,3.2785673600140428,10,0,2215,89,699,0,1289,227,0.75485961123110146,0,19,3
test__mixedhard_prevalence__mixedhard_frac_0p2__seed_0014,full,test,mixedhard_prevalence,mixedhard_frac_0p2,14,14,0,51.4907584,v6,70,0.20000000000000001,14,mixedhard,14,60,0.10000000000000001,1,reference,0,0,0.050000000000000003,0.497,0.9799999999999881,3.43096184915,5,10,300,2,2,0.5,0.02,320,50889,287194,0,84532,81736,81736,636,579,588,57,2167,411,0,1460,177,0.69897959183673475,0,1,0.82282282282282282,210,201,1518,119,0.63829787234042556,0.1169284467713787,0.51094890510948909,0.56756756756756754,0,1460,0,259,201,18,17,246,0,1460,342,0.41836734693877553,0,1,0.58992805755395683,189,18,320,0,1460,268,0.54421768707482998,0,1,0.70484581497797361,191,129,1590,138,0.58054711246200608,0.075043630017452012,0.59687500000000004,0.58859784283513095,0.49999990499999925,0.69897959183673475,0.8795190336408536,0.78005873917648449,159.4247156950035,128470,1.2409489818245778,128470,287347,0.44709010360296086,224694,750616371,3.3406159977569496,10,0,2048,119,411,0,1460,177,0.69897959183673475,0,28,3
test__mixedhard_prevalence__mixedhard_frac_0p2__seed_0015,full,test,mixedhard_prevalence,mixedhard_frac_0p2,15,15,0,44.2740825,v6,70,0.20000000000000001,14,mixedhard,15,60,0.10000000000000001,1,reference,0,0,0.050000000000000003,0.497,0.9799999999999881,3.43096184915,5,10,300,2,2,0.5,0.02,320,50892,275340,0,68754,66143,66141,651,580,589,71,2040,500,0,1397,89,0.84889643463497455,0,1,0.91827364554637281,253,247,1416,70,0.78328173374613008,0.14852675886951291,0.50600000000000001,0.61482381530984209,0,1396,0,267,247,17,17,294,0,1397,295,0.49915110356536502,0,1,0.66591166477916197,209,17,379,0,1397,210,0.64346349745331066,0,1,0.78305785123966942,241,138,1525,82,0.74613003095975228,0.08298256163559832,0.63588390501319259,0.68660968660968658,0.59999988300000417,0.84889643463497455,0.94454524794217054,0.84175619800092716,169.66846579399805,141796,1.1965673629298292,141796,292633,0.48455232321713548,220855,675937129,3.0605470965112858,10,0,1986,54,500,0,1397,89,0.84889643463497455,0,17,2
test__mixedhard_prevalence__mixedhard_frac_0p2__seed_0016,full,test,mixedhard_prevalence,mixedhard_frac_0p2,16,16,0,54.0280111,v6,70,0.20000000000000001,14,mixedhard,16,60,0.10000000000000001,1,reference,0,0,0.050000000000000003,0.497,0.9799999999999881,3.43096184915,5,10,300,2,2,0.5,0.02,320,50894,290829,0,91830,88780,88780,898,752,759,146,2266,571,0,1406,188,0.75230566534914356,0,1,0.85864661654135344,221,350,1470,124,0.64057971014492754,0.19230769230769232,0.38704028021015763,0.48253275109170307,0,1403,0,417,350,29,29,296,0,1406,463,0.38998682476943347,0,1,0.56113744075829386,246,29,485,0,1406,274,0.63899868247694336,0,1,0.77974276527331188,197,288,1532,148,0.57101449275362315,0.15824175824175823,0.40618556701030928,0.47469879518072289,0.69999988100000365,0.75230566534914356,0.91002610682244545,0.74938445612358651,178.99574921700142,135620,1.319832983461152,135620,293240,0.46248806438412221,237775,814251563,3.4244624666176007,10,0,2165,101,570,0,1406,189,0.75098814229249011,0,39,3
test__mixedhard_prevalence__mixedhard_frac_0p2__seed_0017,full,test,mixedhard_prevalence,mixedhard_frac_0p2,17,17,0,33.1402355,v6,70,0.20000000000000001,14,mixedhard,17,60,0.10000000000000001,1,reference,0,0,0.050000000000000003,0.497,0.9799999999999881,3.43096184915,5,10,300,2,2,0.5,0.02,320,50895,274828,0,84426,81589,81589,691,610,618,81,1997,443,0,1294,175,0.71682847896440127,0,1,0.83506126295947225,217,226,1364,105,0.67391304347826086,0.14213836477987421,0.48984198645598193,0.56732026143790848,0,1294,0,296,226,21,20,254,0,1294,364,0.4110032362459547,0,1,0.58256880733944949,212,21,350,0,1294,268,0.56634304207119746,0,1,0.72314049586776863,201,149,1441,121,0.62422360248447206,0.093710691823899364,0.57428571428571429,0.5982142857142857,0.59999991599999802,0.71682847896440127,0.88826198086263208,0.77776475643579823,153.4430321540037,125587,1.2218066531886558,125587,266253,0.47168294817335393,219449,616832509,2.810823968211293,10,0,1912,85,443,0,1294,175,0.71682847896440127,0,11,2
test__mixedhard_prevalence__mixedhard_frac_0p2__seed_0018,full,test,mixedhard_prevalence,mixedhard_frac_0p2,18,18,0,50.9907796,v6,70,0.20000000000000001,14,mixedhard,18,60,0.10000000000000001,1,reference,0,0,0.050000000000000003,0.497,0.9799999999999881,3.43096184915,5,10,300,2,2,0.5,0.02,320,50888,266243,0,76937,74507,74507,757,677,688,80,2169,527,0,1377,161,0.76598837209302328,0,1,0.86748971193415636,243,284,1433,105,0.69827586206896552,0.16540477577169482,0.46110056925996207,0.55542857142857138,0,1377,0,340,284,18,18,294,0,1377,394,0.42732558139534882,0,1,0.59877800407331971,235,18,437,0,1377,251,0.63517441860465118,0,1,0.77688888888888885,221,216,1501,127,0.63505747126436785,0.12580081537565521,0.50572082379862704,0.56305732484076432,0.59999989500000339,0.76598837209302328,0.90942561348398099,0.7842844375715462,151.31555689800297,124056,1.2197359007061566,124056,275748,0.44988902911353845,210091,700827741,3.3358294310560663,10,0,2065,104,527,0,1377,161,0.76598837209302328,0,26,3
test__mixedhard_prevalence__mixedhard_frac_0p2__seed_0019,full,test,mixedhard_prevalence,mixedhard_frac_0p2,19,19,0,50.0729271,v6,70,0.20000000000000001,14,mixedhard,19,60,0.10000000000000001,1,reference,0,0,0.050000000000000003,0.497,0.9799999999999881,3.43096184915,5,10,300,2,2,0.5,0.02,320,50891,253283,0,72917,70766,70766,904,745,755,159,2004,570,0,1177,185,0.75496688741721851,0,1,0.86037735849056607,173,397,1227,135,0.56168831168831168,0.24445812807881773,0.30350877192982456,0.39407744874715261,0,1177,0,447,397,28,27,358,0,1177,397,0.47417218543046358,0,1,0.64330637915543576,348,28,456,0,1177,299,0.60397350993377485,0,1,0.75309661436829067,160,296,1328,148,0.51948051948051943,0.18226600985221675,0.35087719298245612,0.41884816753926701,0.29999994299999599,0.75496688741721851,0.90688527910784522,0.67385423997185079,140.05653235099732,118329,1.1836196735457691,118329,255224,0.46362802871203335,199655,670151903,3.3565495629961681,10,0,1932,72,570,0,1177,185,0.75496688741721851,0,7,2
test__mixedhard_prevalence__mixedhard_frac_0p2__seed_0020,full,test,mixedhard_prevalence,mixedhard_frac_0p2,20,20,0,51.0953638,v6,70,0.20000000000000001,14,mixedhard,20,60,0.10000000000000001,1,reference,0,0,0.050000000000000003,0.497,0.9799999999999881,3.43096184915,5,10,300,2,2,0.5,0.02,320,50887,270531,0,64931,62708,62708,545,496,503,49,2032,405,0,1469,98,0.80516898608349896,0,1,0.89207048458149785,264,141,1503,64,0.80487804878048785,0.08576642335766424,0.6518518518518519,0.72032742155525242,0,1469,0,175,141,11,11,263,0,1469,240,0.52286282306163023,0,1,0.6866840731070496,122,11,334,0,1469,169,0.66401590457256465,0,1,0.79808841099163674,234,100,1544,94,0.71341463414634143,0.060827250608272508,0.70059880239520955,0.70694864048338368,0.69999989100000093,0.80516898608349896,0.92509206165322566,0.87200592694795565,162.71556726999245,136904,1.1885377145298344,136904,287041,0.47694928599050312,211122,724831447,3.4332350347192619,10,0,1972,60,405,0,1469,98,0.80516898608349896,0,15,1
test__mixedhard_prevalence__mixedhard_frac_0p2__seed_0021,full,test,mixedhard_prevalence,mixedhard_frac_0p2,21,21,0,57.238627,v6,70,0.20000000000000001,14,mixedhard,21,60,0.10000000000000001,1,reference,0,0,0.050000000000000003,0.497,0.9799999999999881,3.43096184915,5,10,300,2,2,0.5,0.02,320,50891,308419,0,90937,87658,87658,799,676,685,123,2105,552,0,1278,133,0.80583941605839415,0,1,0.89248181083265965,235,317,1330,81,0.74367088607594933,0.19247115968427445,0.42572463768115942,0.54147465437788023,0,1278,0,369,317,25,25,378,0,1278,307,0.55182481751824819,0,1,0.7111947318908749,302,25,425,0,1278,260,0.62043795620437958,0,1,0.76576576576576572,209,216,1431,107,0.66139240506329111,0.13114754098360656,0.49176470588235294,0.5641025641025641,0.29999999650000042,0.80583941605839415,0.94133168842740134,0.79132273485355042,170.95324005999009,138529,1.2340610273660395,138529,292040,0.47434940419120669,241510,864044753,3.5776769202103433,10,0,1963,142,552,0,1278,133,0.80583941605839415,0,20,2
test__mixedhard_prevalence__mixedhard_frac_0p2__seed_0022,full,test,mixedhard_prevalence,mixedhard_frac_0p2,22,22,0,39.2811522,v6,70,0.20000000000000001,14,mixedhard,22,60,0.10000000000000001,1,reference,0,0,0.050000000000000003,0.497,0.9799999999999881,3.43096184915,5,10,300,2,2,0.5,0.02,320,50893,278705,0,80618,77795,77795,1090,903,913,187,2275,706,0,1248,207,0.7732749178532311,0,1,0.87214329833230386,216,490,1350,105,0.67289719626168221,0.26630434782608697,0.30594900849858359,0.42064264849074978,0,1248,0,592,490,33,33,487,0,1248,426,0.53340635268346115,0,1,0.69571428571428573,409,33,572,0,1248,341,0.62650602409638556,0,1,0.77037037037037037,201,371,1469,120,0.62616822429906538,0.2016304347826087,0.35139860139860141,0.45016797312430012,0.59999981500000121,0.7732749178532311,0.93215387774875724,0.72904137884328868,153.82182201299599,126382,1.2171181181892674,126382,285921,0.44201720055539817,217498,668724373,3.0746230907870418,10,0,2161,114,706,0,1248,207,0.7732749178532311,0,27,3
test__mixedhard_prevalence__mixedhard_frac_0p2__seed_0023,full,test,mixedhard_prevalence,mixedhard_frac_0p2,23,23,0,52.6828525,v6,70,0.20000000000000001,14,mixedhard,23,60,0.10000000000000001,1,reference,0,0,0.050000000000000003,0.497,0.9799999999999881,3.43096184915,5,10,300,2,2,0.5,0.02,320,50893,266087,0,82310,79783,79783,810,705,713,105,2139,547,0,1359,166,0.76718092566619911,0,1,0.86825396825396828,244,303,1424,101,0.70724637681159419,0.17544875506658947,0.44606946983546619,0.547085201793722,0,1359,0,368,303,25,24,282,0,1359,431,0.39551192145862551,0,1,0.56683417085427135,216,23,471,0,1359,242,0.66058906030855535,0,1,0.79560810810810811,232,239,1488,113,0.672463768115942,0.13839027214823393,0.49256900212314225,0.56862745098039214,0.4999999190000004,0.76718092566619911,0.91015328695404485,0.78347557547225233,154.06198224199957,122729,1.2553021880892012,122729,278449,0.44075934910881348,213565,766247927,3.5878909325029849,10,0,2072,67,547,0,1359,166,0.76718092566619911,0,8,1
test__mixedhard_prevalence__mixedhard_frac_0p2__seed_0024,full,test,mixedhard_prevalence,mixedhard_frac_0p2,24,24,0,52.9631789,v6,70,0.20000000000000001,14,mixedhard,24,60,0.10000000000000001,1,reference,0,0,0.050000000000000003,0.497,0.9799999999999881,3.43096184915,5,10,300,2,2,0.5,0.02,320,50886,284467,0,81489,78532,78532,842,729,737,113,2099,586,0,1258,151,0.79511533242876531,0,1,0.88586545729402877,232,354,1330,79,0.74598070739549838,0.21021377672209027,0.39590443686006827,0.51727982162764774,0,1258,0,426,354,32,31,373,0,1258,364,0.50610583446404345,0,1,0.67207207207207209,281,30,495,0,1258,242,0.67164179104477617,0,1,0.8035714285714286,215,280,1404,96,0.6913183279742765,0.166270783847981,0.43434343434343436,0.53349875930521096,0.51000009299999949,0.79511533242876531,0.93534189868693818,0.79332339171013744,153.15985936399954,127083,1.20519549714753,127083,266434,0.47697741279266159,218175,778579683,3.5686017325541424,10,0,1995,104,586,0,1258,151,0.79511533242876531,0,30,2
test__mixedhard_prevalence__mixedhard_frac_0p2__seed_0025,full,test,mixedhard_prevalence,mixedhard_frac_0p2,25,25,0,51.4422975,v6,70,0.20000000000000001,14,mixedhard,25,60,0.10000000000000001,1,reference,0,0,0.050000000000000003,0.497,0.9799999999999881,3.43096184915,5,10,300,2,2,0.5,0.02,320,50889,282480,0,69340,66004,66004,598,542,552,56,2149,426,0,1499,126,0.77173913043478259,0,1,0.87116564417177911,228,198,1525,100,0.69512195121951215,0.11491584445734185,0.53521126760563376,0.60477453580901852,0,1499,0,224,198,14,14,198,0,1499,354,0.35869565217391303,0,1,0.52800000000000002,168,14,346,0,1499,206,0.62681159420289856,0,1,0.77060133630289529,206,140,1583,122,0.62804878048780488,0.081253627394080097,0.59537572254335258,0.61127596439169141,0.52547610800000211,0.77173913043478259,0.90145604315920758,0.80606181787296693,169.89561903900506,144480,1.1759109844892377,144480,295789,0.4884562982396235,225264,734131938,3.2589847379075216,10,0,2051,98,425,0,1499,127,0.76992753623188404,0,39,4
test__mixedhard_prevalence__mixedhard_frac_0p2__seed_0026,full,test,mixedhard_prevalence,mixedhard_frac_0p2,26,26,0,49.0775298,v6,70,0.20000000000000001,14,mixedhard,26,60,0.10000000000000001,1,reference,0,0,0.050000000000000003,0.497,0.9799999999999881,3.43096184915,5,10,300,2,2,0.5,0.02,320,50890,247775,0,64779,62885,62885,630,519,527,111,2039,367,0,1419,160,0.69639468690702089,0,1,0.82102908277404918,178,189,1470,109,0.62020905923344949,0.11392405063291139,0.48501362397820164,0.54434250764525993,0,1419,0,240,189,22,19,235,0,1419,292,0.4459203036053131,0,1,0.61679790026246717,179,20,309,0,1419,218,0.58633776091081591,0,1,0.73923444976076558,163,146,1513,124,0.56794425087108014,0.088004822182037368,0.52750809061488668,0.54697986577181212,0.39999999900000027,0.69639468690702089,0.88247930966698895,0.77167409106279128,153.13042992499567,128001,1.1963221375223294,128001,281600,0.45454900568181816,202218,682622371,3.3756756124578424,10,0,1946,93,367,0,1419,160,0.69639468690702089,0,13,2
test__mixedhard_prevalence__mixedhard_frac_0p2__seed_0027,full,test,mixedhard_prevalence,mixedhard_frac_0p2,27,27,0,48.0246647,v6,70,0.20000000000000001,14,mixedhard,27,60,0.10000000000000001,1,reference,0,0,0.050000000000000003,0.497,0.9799999999999881,3.43096184915,5,10,300,2,2,0.5,0.02,320,50889,288831,0,88688,85822,85822,807,700,712,107,2137,566,0,1336,146,0.7949438202247191,0,1,0.88575899843505479,243,323,1391,91,0.72754491017964074,0.18844807467911318,0.42932862190812721,0.54000000000000004,0,1336,0,378,323,22,22,343,0,1336,369,0.48174157303370785,0,1,0.6502369668246446,259,22,456,0,1336,256,0.6404494382022472,0,1,0.78082191780821919,226,230,1484,108,0.67664670658682635,0.13418903150525088,0.49561403508771928,0.57215189873417727,0.39999999549999998,0.7949438202247191,0.93844193635201512,0.80103707404327862,162.99503442900087,130682,1.2472646150885423,130682,281146,0.46481899084461453,229672,758925302,3.3043875700999688,10,0,2048,89,566,0,1336,146,0.7949438202247191,0,27,2
test__mixedhard_prevalence__mixedhard_frac_0p2__seed_0028,full,test,mixedhard_prevalence,mixedhard_frac_0p2,28,28,0,38.0230412,v6,70,0.20000000000000001,14,mixedhard,28,60,0.10000000000000001,1,reference,0,0,0.050000000000000003,0.497,0.9799999999999881,3.43096184915,5,10,300,2,2,0.5,0.02,320,50889,257422,0,68212,65768,65768,616,558,570,58,2059,413,0,1381,157,0.72456140350877196,0,1,0.84028484231943035,194,219,1424,114,0.62987012987012991,0.13329275715155203,0.46973365617433416,0.53814147018030511,0,1381,0,262,219,15,15,216,0,1381,354,0.37894736842105264,0,1,0.54961832061068705,185,14,334,0,1381,236,0.5859649122807018,0,1,0.73893805309734517,178,156,1487,130,0.57792207792207795,0.094948265368228854,0.53293413173652693,0.55451713395638624,0.50000000800000066,0.72456140350877196,0.88546565544926759,0.7602303357020338,152.58060184900472,130255,1.1713991927296818,130255,285872,0.45564098617563104,208795,602402289,2.8851375224502505,10,0,1951,108,412,0,1381,158,0.72280701754385968,0,19,1
test__mixedhard_prevalence__mixedhard_frac_0p2__seed_0029,full,test,mixedhard_prevalence,mixedhard_frac_0p2,29,29,0,45.5318219,v6,70,0.20000000000000001,14,mixedhard,29,60,0.10000000000000001,1,reference,0,0,0.050000000000000003,0.497,0.9799999999999881,3.43096184915,5,10,300,2,2,0.5,0.02,320,50892,270555,0,70945,68841,68841,669,578,594,91,2133,417,0,1454,177,0.70202020202020199,0,1,0.82492581602373882,182,235,1502,129,0.58520900321543412,0.13529073114565343,0.43645083932853718,0.5,0,1454,0,283,235,25,25,262,0,1454,332,0.44107744107744107,0,1,0.61214953271028039,192,25,351,0,1454,243,0.59090909090909094,0,1,0.74285714285714288,171,180,1557,140,0.54983922829581988,0.10362694300518134,0.48717948717948717,0.5166163141993958,0.3999999989999985,0.70202020202020199,0.88395474691898346,0.7522505261871838,160.28452684899543,132081,1.213532051157967,132081,289970,0.45549884470807323,212624,666416214,3.134247375649033,10,0,2048,85,416,0,1454,178,0.70033670033670037,0,14,1
test__mixedhard_prevalence__mixedhard_frac_0p2__seed_0030,full,test,mixedhard_prevalence,mixedhard_frac_0p2,30,30,0,48.5382011,v6,70,0.20000000000000001,14,mixedhard,30,60,0.10000000000000001,1,reference,0,0,0.050000000000000003,0.497,0.9799999999999881,3.43096184915,5,10,300,2,2,0.5,0.02,320,50896,252521,0,68726,66747,66747,726,608,611,118,1926,440,0,1264,171,0.72013093289689034,0,1,0.83729781160799244,183,257,1312,123,0.59803921568627449,0.16379859783301465,0.41590909090909089,0.4906166219839142,0,1264,0,305,257,31,31,212,0,1264,399,0.34697217675941078,0,1,0.51518833535844466,186,31,384,0,1264,227,0.62847790507364976,0,1,0.77185929648241203,172,212,1357,134,0.56209150326797386,0.13511790949649458,0.44791666666666669,0.49855072463768119,0.50047037950000117,0.72013093289689034,0.89457519318817458,0.73392881690598488,151.78589730899037,124196,1.2221480346306675,124196,260490,0.47677837920841493,201842,685937902,3.3983903350145166,10,0,1875,51,440,0,1264,171,0.72013093289689034,0,16,2
test__mixedhard_prevalence__mixedhard_frac_0p3__seed_0001,full,test,mixedhard_prevalence,mixedhard_frac_0p3,1,1,0,52.166324,v6,70,0.29999999999999999,21,mixedhard,1,60,0.10000000000000001,1,reference,0,0,0.050000000000000003,0.497,0.9799999999999881,3.43096184915,5,10,300,2,2,0.5,0.02,320,55688,263799,0,71347,68128,68128,1138,969,983,169,1855,760,0,789,223,0.77314343845371314,0,1,0.87205966724039008,293,467,891,121,0.70772946859903385,0.3438880706921944,0.38552631578947366,0.49914821124361158,0,789,0,569,467,31,31,534,0,789,449,0.54323499491353,0,1,0.70402109426499671,416,31,646,0,789,337,0.65717192268565616,0,1,0.79312461632903619,273,373,985,141,0.65942028985507251,0.27466863033873345,0.42260061919504643,0.51509433962264151,0.3005909915000009,0.77314343845371314,0.93106962855230946,0.69853898529380376,120.2985660589991,99387,1.2104054459738105,99387,205967,0.48253846489971697,179383,598961704,3.3390104078981846,10,0,1772,83,759,0,789,224,0.77212614445574768,0,13,3
test__mixedhard_prevalence__mixedhard_frac_0p3__seed_0002,full,test,mixedhard_prevalence,mixedhard_frac_0p3,2,2,0,53.7690311,v6,70,0.29999999999999999,21,mixedhard,2,60,0.10000000000000001,1,reference,0,0,0.050000000000000003,0.497,0.9799999999999881,3.43096184915,5,10,300,2,2,0.5,0.02,320,55689,275460,0,98037,94262,94262,990,868,877,122,1836,649,0,878,228,0.74002280501710371,0,1,0.85058977719528184,316,333,968,138,0.69603524229074887,0.25595695618754805,0.48690292758089371,0.57298277425203992,0,878,0,423,333,28,25,412,0,878,465,0.46978335233751423,0,1,0.63925523661753292,295,24,584,0,878,293,0.66590649942987457,0,1,0.79945242984257359,292,292,1009,162,0.64317180616740088,0.22444273635664874,0.5,0.56262042389210021,0.59999988999999943,0.74002280501710371,0.91018186871271134,0.73938210864567078,112.47077079899429,93164,1.2072342406830352,93164,198754,0.46874025176851786,199527,710225222,3.559544432583059,10,0,1755,81,648,0,878,229,0.73888255416191562,0,5,1
test__mixedhard_prevalence__mixedhard_frac_0p3__seed_0003,full,test,mixedhard_prevalence,mixedhard_frac_0p3,3,3,0,58.0122074,v6,70,0.29999999999999999,21,mixedhard,3,60,0.10000000000000001,1,reference,0,0,0.050000000000000003,0.497,0.9799999999999881,3.43096184915,5,10,300,2,2,0.5,0.02,320,55681,296345,0,95711,91102,91096,979,887,897,92,1911,712,0,890,185,0.79375696767001114,0,1,0.88502175264139216,318,394,960,115,0.73441108545034639,0.29098966026587886,0.44662921348314605,0.55545851528384282,0,889,0,465,394,27,27,405,0,890,492,0.451505016722408,0,1,0.62211981566820274,341,27,538,0,890,359,0.59977703455964326,0,1,0.7498257839721254,287,251,1103,146,0.66281755196304848,0.18537666174298376,0.53345724907063197,0.59114315139031925,0.40000000450000073,0.79375696767001114,0.9247955106284369,0.74639593233290469,126.39507639300011,103064,1.2263746448129327,103064,220015,0.46844078812808215,209664,748450995,3.5697639795100731,10,0,1787,124,711,0,890,186,0.79264214046822745,0,9,2
test__mixedhard_prevalence__mixedhard_frac_0p3__seed_0004,full,test,mixedhard_prevalence,mixedhard_frac_0p3,4,4,0,52.4728017,v6,70,0.29999999999999999,21,mixedhard,4,60,0.10000000000000001,1,reference,0,0,0.050000000000000003,0.497,0.9799999999999881,3.43096184915,5,10,300,2,2,0.5,0.02,320,55684,333063,0,120304,116355,116355,1150,966,973,184,1968,799,0,890,174,0.82117163412127436,0,1,0.90180586907449212,337,462,947,117,0.74229074889867841,0.32789212207239177,0.42177722152690866,0.53790901835594573,0,890,0,519,462,29,29,548,0,890,425,0.56320657759506676,0,1,0.72057856673241294,380,29,661,0,890,312,0.67934224049331959,0,1,0.80905752753977966,317,344,1065,137,0.69823788546255505,0.24414478353442157,0.4795763993948563,0.56860986547085202,0.30000004800000113,0.82117163412127436,0.93761158007783174,0.74701884987321909,115.34285290000444,97130,1.1875100679502157,97130,216161,0.44934100045799197,226746,778374610,3.4328041509001261,10,0,1863,105,799,0,890,174,0.82117163412127436,0,24,3
test__mixedhard_prevalence__mixedhard_frac_0p3__seed_0005,full,test,mixedhard_prevalence,mixedhard_frac_0p3,5,5,0,42.8121413,v6,70,0.29999999999999999,21,mixedhard,5,60,0.10000000000000001,1,reference,0,0,0.050000000000000003,0.497,0.9799999999999881,3.43096184915,5,10,300,2,2,0.5,0.02,320,55691,278381,0,88216,84593,84593,1087,912,920,175,1816,699,0,791,221,0.75978260869565217,0,1,0.86349598517603454,290,409,882,130,0.69047619047619047,0.31680867544539115,0.41487839771101576,0.51831992850759612,0,791,0,500,409,35,35,418,0,791,502,0.45434782608695651,0,1,0.62481315396113601,305,31,595,0,791,325,0.64673913043478259,0,1,0.78547854785478544,267,328,963,153,0.63571428571428568,0.25406661502711075,0.44873949579831934,0.52610837438423641,0.39999993300000014,0.75978260869565217,0.92331940856373329,0.72171351112094717,101.39944763999523,85825,1.1814674936206844,85825,188577,0.45511912905603547,183539,580083147,3.1605443366260033,10,0,1711,105,699,0,791,221,0.75978260869565217,0,16,2
test__mixedhard_prevalence__mixedhard_frac_0p3__seed_0006,full,test,mixedhard_prevalence,mixedhard_frac_0p3,6,6,0,58.1088886,v6,70,0.29999999999999999,21,mixedhard,6,60,0.10000000000000001,1,reference,0,0,0.050000000000000003,0.497,0.9799999999999881,3.43096184915,5,10,300,2,2,0.5,0.02,320,55678,310064,0,102850,99694,99694,890,801,810,89,1781,617,0,910,193,0.7617283950617284,0,1,0.86475122634898394,292,325,950,153,0.65617977528089888,0.25490196078431371,0.47325769854132899,0.54990583804143123,0,910,0,365,325,30,30,346,0,910,464,0.42716049382716048,0,1,0.59861591695501726,260,30,511,0,910,299,0.6308641975308642,0,1,0.77365632096896286,272,239,1036,173,0.61123595505617978,0.18745098039215685,0.53228962818003911,0.56903765690376573,0.3999999439999975,0.7617283950617284,0.90368606701940035,0.72562767129323635,116.71208473400513,95591,1.2209526496637249,95591,206543,0.46281403872317145,206568,754579663,3.6529359000426012,10,0,1720,61,617,0,910,193,0.7617283950617284,0,19,2
test__mixedhard_prevalence__mixedhard_frac_0p3__seed_0007,full,test,mixedhard_prevalence,mixedhard_frac_0p3,7,7,0,56.4618905,v6,70,0.29999999999999999,21,mixedhard,7,60,0.10000000000000001,1,reference,0,0,0.050000000000000003,0.497,0.9799999999999881,3.43096184915,5,10,300,2,2,0.5,0.02,320,55689,274506,0,89836,86494,86494,945,826,840,119,1869,641,0,966,199,0.76309523809523805,0,1,0.8656313301823092,348,293,1019,146,0.70445344129554655,0.22332317073170732,0.54290171606864279,0.61321585903083697,0,966,0,346,293,27,27,368,0,966,472,0.43809523809523809,0,1,0.60927152317880795,274,27,562,0,966,278,0.669047619047619,0,1,0.80171184022824538,334,228,1084,160,0.67611336032388669,0.17378048780487804,0.59430604982206403,0.63257575757575757,0.50000009999999939,0.76309523809523805,0.906996204278813,0.76368865409301867,117.97374124499666,94207,1.2522821153947865,94207,216852,0.43442993377972072,191824,660673181,3.4441633007340062,10,0,1806,63,641,0,966,199,0.76309523809523805,0,30,2
test__mixedhard_prevalence__mixedhard_frac_0p3__seed_0008,full,test,mixedhard_prevalence,mixedhard_frac_0p3,8,8,0,53.3907599,v6,70,0.29999999999999999,21,mixedhard,8,60,0.10000000000000001,1,reference,0,0,0.050000000000000003,0.497,0.9799999999999881,3.43096184915,5,10,300,2,2,0.5,0.02,320,55681,298226,0,97179,94061,94061,971,838,849,133,1865,685,0,957,164,0.806831566548881,0,1,0.89308996088657111,426,259,1008,113,0.79035250463821893,0.20441988950276244,0.62189781021897805,0.69607843137254899,0,957,0,310,259,20,20,384,0,957,465,0.45229681978798586,0,1,0.62287104622871048,195,20,625,0,957,224,0.73616018845700826,0,1,0.84803256445047492,403,222,1045,136,0.74768089053803344,0.17521704814522493,0.64480000000000004,0.69243986254295531,0.89999985700000096,0.806831566548881,0.93717484335249657,0.82217573834441571,119.27751195999639,99779,1.1954169911504062,99779,208866,0.47771777120258924,205097,707886948,3.4514739269711403,10,0,1806,59,683,0,957,166,0.80447585394581866,0,29,2
test__mixedhard_prevalence__mixedhard_frac_0p3__seed_0009,full,test,mixedhard_prevalence,mixedhard_frac_0p3,9,9,0,50.3898094,v6,70,0.29999999999999999,21,mixedhard,9,60,0.10000000000000001,1,reference,0,0,0.050000000000000003,0.497,0.9799999999999881,3.43096184915,5,10,300,2,2,0.5,0.02,320,55689,295461,0,103325,99343,99343,978,878,887,100,1902,676,0,932,211,0.76211950394588501,0,1,0.8650031989763276,358,318,1006,137,0.72323232323232323,0.24018126888217523,0.52958579881656809,0.61144321093082832,0,932,0,392,318,29,29,385,0,932,502,0.43404735062006766,0,1,0.60534591194968557,240,28,589,0,932,298,0.66403607666290865,0,1,0.79810298102981025,340,249,1075,155,0.68686868686868685,0.18806646525679757,0.57724957555178269,0.62730627306273068,0.5999998884999993,0.76211950394588501,0.91734447503520089,0.77157984680643288,107.92099061899833,90823,1.1882561754070922,90823,192214,0.4725098067778622,203755,698411125,3.4277005472258346,10,0,1819,83,676,0,932,211,0.76211950394588501,0,17,2
test__mixedhard_prevalence__mixedhard_frac_0p3__seed_0010,full,test,mixedhard_prevalence,mixedhard_frac_0p3,10,10,0,41.2384536,v6,70,0.29999999999999999,21,mixedhard,10,60,0.10000000000000001,1,reference,0,0,0.050000000000000003,0.497,0.9799999999999881,3.43096184915,5,10,300,2,2,0.5,0.02,320,55689,254074,0,80974,77900,77900,776,702,710,74,1675,483,0,891,227,0.68028169014084505,0,1,0.80972338642078789,245,238,976,142,0.63307493540051685,0.19604612850082373,0.50724637681159424,0.56321839080459768,0,891,0,323,238,24,23,256,0,891,454,0.36056338028169016,0,1,0.53002070393374745,202,21,410,0,891,300,0.57746478873239437,0,1,0.7321428571428571,230,180,1034,157,0.59431524547803616,0.14827018121911037,0.56097560975609762,0.57716436637390212,0.59999991200000125,0.68028169014084505,0.87095841039503008,0.7255469139113444,111.13393825199728,93379,1.1901384492444478,93379,195645,0.47728794500242788,181380,575346154,3.1720484838460687,10,0,1601,74,483,0,891,227,0.68028169014084505,0,20,3
test__mixedhard_prevalence__mixedhard_frac_0p3__seed_0011,full,test,mixedhard_prevalence,mixedhard_frac_0p3,11,11,0,55.8637712,v6,70,0.29999999999999999,21,mixedhard,11,60,0.10000000000000001,1,reference,0,0,0.050000000000000003,0.497,0.9799999999999881,3.43096184915,5,10,300,2,2,0.5,0.02,320,55685,308830,0,110858,106361,106361,1175,1013,1019,162,1934,869,0,806,150,0.85279685966633956,0,1,0.92055084745762716,361,508,864,92,0.79690949227373065,0.37026239067055394,0.41542002301495973,0.54614220877458397,0,806,0,566,508,34,34,577,0,806,442,0.5662414131501472,0,1,0.72305764411027573,395,34,757,0,806,262,0.74288518155053973,0,1,0.85247747747747749,334,423,949,119,0.73730684326710816,0.30830903790087466,0.44121532364597094,0.55206611570247932,0.1999999980000009,0.85279685966633956,0.95385199813956656,0.75327344750577618,113.10840016300105,91485,1.2363600608077943,91485,205616,0.4449313283012995,213325,764558273,3.5840069049572247,10,0,1825,109,869,0,806,150,0.85279685966633956,0,10,3
test__mixedhard_prevalence__mixedhard_frac_0p3__seed_0012,full,test,mixedhard_prevalence,mixedhard_frac_0p3,12,12,0,57.1025892,v6,70,0.29999999999999999,21,mixedhard,12,60,0.10000000000000001,1,reference,0,0,0.050000000000000003,0.497,0.9799999999999881,3.43096184915,5,10,300,2,2,0.5,0.02,320,55681,290063,0,96391,92939,92939,1001,876,888,125,1953,630,0,997,258,0.70945945945945943,0,1,0.83003952569169959,315,315,1081,174,0.64417177914110424,0.22564469914040114,0.5,0.5630026809651475,0,997,0,399,315,28,28,344,0,997,544,0.38738738738738737,0,1,0.55844155844155841,263,28,542,0,997,346,0.61036036036036034,0,1,0.75804195804195806,288,254,1142,201,0.58895705521472397,0.18194842406876791,0.53136531365313655,0.55868089233753637,0.69998048549999936,0.70945945945945943,0.88455908265336547,0.72422375352306623,119.82876549600053,100388,1.193656268637691,100388,212531,0.47234521081630443,205167,726255782,3.5398274673802317,10,0,1885,68,630,0,997,258,0.70945945945945943,0,27,3
test__mixedhard_prevalence__mixedhard_frac_0p3__seed_0013,full,test,mixedhard_prevalence,mixedhard_frac_0p3,13,13,0,44.7997956,v6,70,0.29999999999999999,21,mixedhard,13,60,0.10000000000000001,1,reference,0,0,0.050000000000000003,0.497,0.9799999999999881,3.43096184915,5,10,300,2,2,0.5,0.02,320,55684,285980,0,85779,82683,82683,1000,884,890,116,2031,637,0,1044,253,0.71573033707865163,0,1,0.8343156516044532,287,350,1119,178,0.6172043010752688,0.2382573179033356,0.45054945054945056,0.52087114337568063,0,1044,0,425,350,31,31,337,0,1044,553,0.37865168539325844,0,1,0.54930725346373266,268,30,545,0,1044,345,0.61235955056179781,0,1,0.75958188153310102,266,279,1190,199,0.57204301075268815,0.18992511912865895,0.48807339449541287,0.52673267326732676,0.5999998840000007,0.71573033707865163,0.89809720607860866,0.7159694620728021,120.72103994100266,99344,1.2151819932859826,99344,221972,0.44755194348836791,193326,587095949,3.0368183741452262,10,0,1934,97,636,0,1044,254,0.71460674157303372,0,18,3
test__mixedhard_prevalence__mixedhard_frac_0p3__seed_0014,full,test,mixedhard_prevalence,mixedhard_frac_0p3,14,14,0,58.2220867,v6,70,0.29999999999999999,21,mixedhard,14,60,0.10000000000000001,1,reference,0,0,0.050000000000000003,0.497,0.9799999999999881,3.43096184915,5,10,300,2,2,0.5,0.02,320,55688,318653,0,112756,108678,108678,938,842,848,96,1883,642,0,934,206,0.75707547169811318,0,1,0.86174496644295306,303,339,986,154,0.66301969365426694,0.25584905660377361,0.4719626168224299,0.55141037306642404,0,934,0,391,339,26,26,410,0,934,438,0.48349056603773582,0,1,0.65182829888712246,292,26,511,0,934,337,0.60259433962264153,0,1,0.75202354672553351,276,235,1090,181,0.60393873085339167,0.17735849056603772,0.54011741682974557,0.57024793388429751,0.59999988899999934,0.75707547169811318,0.90040995818350777,0.73218942240204776,118.17854844700142,94205,1.254482760437359,94205,210245,0.44807248686056744,217108,756764380,3.4856586583635796,10,0,1782,101,642,0,934,206,0.75707547169811318,0,54,3
test__mixedhard_prevalence__mixedhard_frac_0p3__seed_0015,full,test,mixedhard_prevalence,mixedhard_frac_0p3,15,15,0,46.1257338,v6,70,0.29999999999999999,21,mixedhard,15,60,0.10000000000000001,1,reference,0,0,0.050000000000000003,0.497,0.9799999999999881,3.43096184915,5,10,300,2,2,0.5,0.02,320,55684,313010,0,105918,102329,102325,774,698,715,76,1776,582,0,999,133,0.813986013986014,0,1,0.89745566692366996,351,231,1039,93,0.79054054054054057,0.18188976377952756,0.60309278350515461,0.68421052631578949,0,998,0,272,231,17,17,324,0,999,391,0.45314685314685316,0,1,0.62367661212704528,193,17,493,0,999,222,0.68951048951048954,0,1,0.81622516556291391,335,158,1112,109,0.75450450450450446,0.12440944881889764,0.67951318458417853,0.71504802561366065,0.70369439199999917,0.813986013986014,0.93189343189343188,0.82972972972972969,129.65169036299889,107861,1.2020256660238537,107861,225047,0.47928210551573669,222885,707430572,3.1739712048814415,10,0,1714,62,582,0,999,133,0.813986013986014,0,31,3
test__mixedhard_prevalence__mixedhard_frac_0p3__seed_0016,full,test,mixedhard_prevalence,mixedhard_frac_0p3,16,16,0,57.3681428,v6,70,0.29999999999999999,21,mixedhard,16,60,0.10000000000000001,1,reference,0,0,0.050000000000000003,0.497,0.9799999999999881,3.43096184915,5,10,300,2,2,0.5,0.02,320,55694,330555,0,127150,123114,123114,1052,924,931,128,2032,701,0,1002,230,0.75295381310418907,0,1,0.85906862745098034,331,370,1078,154,0.68247422680412373,0.25552486187845302,0.47218259629101283,0.55817875210792578,0,1000,0,448,370,30,30,359,0,1002,572,0.38560687432867885,0,1,0.55658914728682174,287,29,570,0,1002,361,0.61224489795918369,0,1,0.759493670886076,298,272,1176,187,0.61443298969072169,0.18784530386740331,0.52280701754385961,0.56492890995260658,0.69999987099999927,0.75295381310418907,0.91230214115271069,0.73855940650452812,141.63027357499763,103468,1.3688316539896164,103468,222225,0.46560017999775005,239524,832244363,3.4745760884086772,10,0,1933,99,701,0,1002,230,0.75295381310418907,0,29,5
test__mixedhard_prevalence__mixedhard_frac_0p3__seed_0017,full,test,mixedhard_prevalence,mixedhard_frac_0p3,17,17,0,52.0981116,v6,70,0.29999999999999999,21,mixedhard,17,60,0.10000000000000001,1,reference,0,0,0.050000000000000003,0.497,0.9799999999999881,3.43096184915,5,10,300,2,2,0.5,0.02,320,55693,300745,0,100344,97166,97166,971,815,829,156,1791,631,0,871,198,0.76115802171290714,0,1,0.86438356164383556,286,345,944,125,0.69586374695863751,0.26764934057408846,0.45324881141045958,0.54894433781190022,0,871,0,418,345,30,29,437,0,871,392,0.52714113389626061,0,1,0.69036334913112163,333,30,501,0,871,328,0.60434258142340169,0,1,0.75338345864661649,264,237,1052,147,0.64233576642335766,0.18386346004654772,0.52694610778443118,0.57894736842105265,0.59999990799999381,0.76115802171290714,0.91708364551927202,0.73517919736342885,126.78516088700518,104698,1.2109606762975909,104698,213901,0.489469427445407,213857,708422440,3.3125987926511637,10,0,1700,91,631,0,871,198,0.76115802171290714,0,25,3
test__mixedhard_prevalence__mixedhard_frac_0p3__seed_0018,full,test,mixedhard_prevalence,mixedhard_frac_0p3,18,18,0,53.1247564,v6,70,0.29999999999999999,21,mixedhard,18,60,0.10000000000000001,1,reference,0,0,0.050000000000000003,0.497,0.9799999999999881,3.43096184915,5,10,300,2,2,0.5,0.02,320,55682,287606,0,101201,98131,98131,822,753,766,69,1919,564,0,1068,202,0.73629242819843344,0,1,0.84812030075187972,345,219,1143,127,0.73093220338983056,0.16079295154185022,0.61170212765957444,0.66602316602316602,0,1068,0,294,219,17,17,299,0,1068,467,0.39033942558746737,0,1,0.56150234741784033,196,17,505,0,1068,261,0.65926892950391647,0,1,0.79464988198269082,322,183,1179,150,0.68220338983050843,0.1343612334801762,0.63762376237623763,0.65916069600818838,0.80000006349999886,0.73629242819843344,0.89851825231515436,0.8069241705866248,116.00822278600265,93671,1.2384646559340953,93671,210674,0.44462534532025783,202680,679604181,3.3530895056246299,10,0,1834,85,564,0,1068,202,0.73629242819843344,0,20,4
test__mixedhard_prevalence__mixedhard_frac_0p3__seed_0019,full,test,mixedhard_prevalence,mixedhard_frac_0p3,19,19,0,47.1603894,v6,70,0.29999999999999999,21,mixedhard,19,60,0.10000000000000001,1,reference,0,0,0.050000000000000003,0.497,0.9799999999999881,3.43096184915,5,10,300,2,2,0.5,0.02,320,55684,263345,0,85606,82533,82533,1113,941,952,172,1838,734,0,822,218,0.77100840336134457,0,1,0.87069988137603793,281,453,888,152,0.64896073903002305,0.3378076062639821,0.38283378746594005,0.48157669237360756,0,822,0,519,453,36,36,511,0,822,441,0.53676470588235292,0,1,0.69856459330143539,415,36,601,0,822,351,0.63130252100840334,0,1,0.77398583386992914,266,335,1006,167,0.61431870669745958,0.24981357196122297,0.44259567387687188,0.51450676982591881,0.29999995300000037,0.77100840336134457,0.9174730111022511,0.68819759822131288,111.66343888399913,94201,1.1853742410802341,94201,203789,0.46224771700140832,187130,592055015,3.1638701170309411,10,0,1774,64,732,0,822,220,0.76890756302521013,0,6,1
test__mixedhard_prevalence__mixedhard_frac_0p3__seed_0020,full,test,mixedhard_prevalence,mixedhard_frac_0p3,20,20,0,54.4652759,v6,70,0.29999999999999999,21,mixedhard,20,60,0.10000000000000001,1,reference,0,0,0.050000000000000003,0.497,0.9799999999999881,3.43096184915,5,10,300,2,2,0.5,0.02,320,55684,289695,0,83282,80565,80565,782,714,722,68,1805,607,0,1021,115,0.84072022160664817,0,1,0.9134687735139202,349,258,1051,85,0.80414746543778803,0.19709702062643239,0.5749588138385503,0.6705091258405379,0,1021,0,288,258,15,15,411,0,1021,311,0.56925207756232687,0,1,0.72550750220653137,230,15,529,0,1021,193,0.73268698060941828,0,1,0.84572342126298961,313,216,1093,121,0.72119815668202769,0.1650114591291062,0.59168241965973534,0.65005192107995846,0.49999998900000087,0.84072022160664817,0.93585127828075787,0.81633357155178787,127.87360349699532,107601,1.1884053447179423,107601,225640,0.47687023577379895,199072,680471214,3.4182165950008039,10,0,1743,62,607,0,1021,115,0.84072022160664817,0,15,4
test__mixedhard_prevalence__mixedhard_frac_0p3__seed_0021,full,test,mixedhard_prevalence,mixedhard_frac_0p3,21,21,0,61.8359723,v6,70,0.29999999999999999,21,mixedhard,21,60,0.10000000000000001,1,reference,0,0,0.050000000000000003,0.497,0.9799999999999881,3.43096184915,5,10,300,2,2,0.5,0.02,320,55683,339182,0,123794,119809,119809,937,830,846,107,1912,673,0,936,173,0.79550827423167847,0,1,0.88610928242264653,351,322,1001,108,0.76470588235294112,0.24338624338624337,0.52154531946508176,0.62014134275618371,0,932,0,391,322,26,26,433,0,936,413,0.51182033096926716,0,1,0.67709147771696643,270,26,557,0,936,289,0.65839243498817968,0,1,0.79401282965074838,318,239,1084,141,0.69281045751633985,0.18065003779289493,0.57091561938958713,0.62598425196850394,0.59999998999999882,0.79550827423167847,0.92691663635812571,0.78440841357118984,130.26949696098973,103584,1.2576218041491904,103584,222038,0.46651474072005694,238075,888955701,3.7339313283629108,10,0,1782,130,673,0,936,173,0.79550827423167847,0,23,3
test__mixedhard_prevalence__mixedhard_frac_0p3__seed_0022,full,test,mixedhard_prevalence,mixedhard_frac_0p3,22,22,0,53.776489,v6,70,0.29999999999999999,21,mixedhard,22,60,0.10000000000000001,1,reference,0,0,0.050000000000000003,0.497,0.9799999999999881,3.43096184915,5,10,300,2,2,0.5,0.02,320,55692,307115,0,99384,95715,95715,1273,1112,1122,161,2076,915,0,862,207,0.81550802139037437,0,1,0.89837997054491903,372,543,945,124,0.75,0.36491935483870969,0.40655737704918032,0.52728561304039689,0,860,0,628,543,36,35,585,0,862,537,0.52139037433155078,0,1,0.68541300527240778,403,34,797,0,862,325,0.71033868092691621,0,1,0.83064095883272537,350,447,1041,146,0.70564516129032262,0.30040322580645162,0.43914680050188204,0.54137664346481051,0.59999988799999926,0.81550802139037437,0.94280442613662208,0.73256075485605276,119.63975703399498,96686,1.2374051779367745,96686,219065,0.44135758793052288,204972,698178420,3.4062136291786196,10,0,1984,92,915,0,862,207,0.81550802139037437,0,21,3
test__mixedhard_prevalence__mixedhard_frac_0p3__seed_0023,full,test,mixedhard_prevalence,mixedhard_frac_0p3,23,23,0,57.4405774,v6,70,0.29999999999999999,21,mixedhard,23,60,0.10000000000000001,1,reference,0,0,0.050000000000000003,0.497,0.9799999999999881,3.43096184915,5,10,300,2,2,0.5,0.02,320,55693,290861,0,108739,105632,105632,1004,855,867,149,1906,721,0,974,146,0.83160322952710497,0,1,0.90806045340050379,364,357,1024,96,0.79130434782608694,0.25850832729905865,0.50485436893203883,0.61642675698560545,0,974,0,407,357,29,28,387,0,974,480,0.44636678200692043,0,1,0.61722488038277512,254,28,632,0,974,235,0.72895040369088815,0,1,0.84322881921280857,348,284,1097,112,0.75652173913043474,0.20564808110065169,0.55063291139240511,0.63736263736263732,0.60000001699999927,0.83160322952710497,0.94301433582250394,0.80373311714888396,121.18218503799559,95809,1.2648309139850704,95809,215198,0.44521324547625907,212089,780169159,3.6784989273371083,10,0,1841,65,721,0,974,146,0.83160322952710497,0,21,1
test__mixedhard_prevalence__mixedhard_frac_0p3__seed_0024,full,test,mixedhard_prevalence,mixedhard_frac_0p3,24,24,0,57.1013534,v6,70,0.29999999999999999,21,mixedhard,24,60,0.10000000000000001,1,reference,0,0,0.050000000000000003,0.497,0.9799999999999881,3.43096184915,5,10,300,2,2,0.5,0.02,320,55681,311475,0,98848,95317,95317,1019,884,896,135,1829,704,0,829,192,0.7857142857142857,0,1,0.88,316,388,915,106,0.74881516587677721,0.2977743668457406,0.44886363636363635,0.56127886323268206,0,829,0,474,388,34,34,453,0,829,443,0.5055803571428571,0,1,0.67160859896219427,333,33,589,0,829,307,0.6573660714285714,0,1,0.79326599326599323,294,295,1008,128,0.69668246445497628,0.2264006139677667,0.49915110356536502,0.58160237388724034,0.69999986000000014,0.7857142857142857,0.92486240952955368,0.75285251315775115,117.66177011499886,98722,1.1918495382488083,98722,205109,0.4813148130993764,206209,732263016,3.5510720482617151,10,0,1725,104,704,0,829,192,0.7857142857142857,0,25,3
test__mixedhard_prevalence__mixedhard_frac_0p3__seed_0025,full,test,mixedhard_prevalence,mixedhard_frac_0p3,25,25,0,50.0630763,v6,70,0.29999999999999999,21,mixedhard,25,60,0.10000000000000001,1,reference,0,0,0.050000000000000003,0.497,0.9799999999999881,3.43096184915,5,10,300,2,2,0.5,0.02,320,55684,297319,0,83572,79132,79132,970,879,885,91,1899,713,0,917,172,0.80564971751412429,0,1,0.8923654568210263,306,407,961,128,0.70506912442396308,0.29751461988304095,0.42917251051893407,0.53356582388840457,0,917,0,451,407,26,26,430,0,917,455,0.48587570621468928,0,1,0.6539923954372624,379,26,542,0,917,343,0.61242937853107349,0,1,0.75963559915907497,282,260,1108,152,0.64976958525345618,0.19005847953216373,0.52029520295202947,0.57786885245901642,0.041219129999999993,0.80564971751412429,0.92566585956416469,0.72095477268439923,130.80305366800644,110700,1.1815994007949995,110700,229412,0.48253796662772652,203758,652049735,3.2001184493369585,10,0,1802,97,712,0,917,173,0.80451977401129948,0,23,4
test__mixedhard_prevalence__mixedhard_frac_0p3__seed_0026,full,test,mixedhard_prevalence,mixedhard_frac_0p3,26,26,0,41.2347173,v6,70,0.29999999999999999,21,mixedhard,26,60,0.10000000000000001,1,reference,0,0,0.050000000000000003,0.497,0.9799999999999881,3.43096184915,5,10,300,2,2,0.5,0.02,320,55681,254522,0,76840,74463,74463,816,716,728,100,1808,556,0,992,172,0.76373626373626369,0,1,0.86604361370716509,264,292,1029,135,0.66165413533834583,0.22104466313398941,0.47482014388489208,0.55287958115183244,0,992,0,329,292,27,26,365,0,992,363,0.50137362637362637,0,1,0.66788655077767611,265,25,476,0,992,252,0.65384615384615385,0,1,0.79069767441860461,248,228,1093,151,0.62155388471177941,0.17259651778955337,0.52100840336134457,0.56685714285714284,0.49999990249999815,0.76373626373626369,0.90602844735909249,0.73845381811834654,115.93169715799678,97205,1.1926515833341576,97205,217190,0.44755743818776189,182293,561890634,3.0823489327620917,10,0,1720,88,555,0,992,173,0.76236263736263732,0,19,2
test__mixedhard_prevalence__mixedhard_frac_0p3__seed_0027,full,test,mixedhard_prevalence,mixedhard_frac_0p3,27,27,0,56.8825984,v6,70,0.29999999999999999,21,mixedhard,27,60,0.10000000000000001,1,reference,0,0,0.050000000000000003,0.497,0.9799999999999881,3.43096184915,5,10,300,2,2,0.5,0.02,320,55687,301966,0,97492,94067,94067,1040,910,925,130,1888,753,0,862,172,0.81405405405405407,0,1,0.89749702026221689,306,447,920,114,0.72857142857142854,0.32699341623994149,0.4063745019920319,0.52173913043478259,0,862,0,505,447,32,31,456,0,862,469,0.49297297297297299,0,1,0.66039102099927594,370,32,619,0,862,306,0.66918918918918924,0,1,0.80181347150259064,283,336,1031,137,0.67380952380952386,0.24579370885149962,0.45718901453957994,0.54475457170356112,0.49990881600000137,0.81405405405405407,0.93366840158023456,0.72577507228202176,127.72325865100444,101480,1.2586052291190821,101480,215924,0.46998017821085197,208160,747325663,3.5901501873558801,10,0,1787,101,753,0,862,172,0.81405405405405407,0,31,3
test__mixedhard_prevalence__mixedhard_frac_0p3__seed_0028,full,test,mixedhard_prevalence,mixedhard_frac_0p3,28,28,0,54.1841307,v6,70,0.29999999999999999,21,mixedhard,28,60,0.10000000000000001,1,reference,0,0,0.050000000000000003,0.497,0.9799999999999881,3.43096184915,5,10,300,2,2,0.5,0.02,320,55680,274700,0,82525,79529,79529,806,730,738,76,1880,548,0,1052,190,0.74254742547425479,0,1,0.85225505443234839,319,229,1106,136,0.70109890109890105,0.17153558052434456,0.58211678832116787,0.63609172482552345,0,1052,0,283,229,20,20,301,0,1052,437,0.40785907859078591,0,1,0.57940327237728584,179,18,467,0,1052,271,0.63279132791327908,0,1,0.77510373443983405,294,173,1162,161,0.64615384615384619,0.1295880149812734,0.62955032119914345,0.63774403470715835,0.69999986099999845,0.74254742547425479,0.89642260966335896,0.78642877721529403,120.83948949200096,102727,1.1763167374886929,102727,224801,0.4569686077908906,194027,689528688,3.5537769898003884,10,0,1790,90,548,0,1052,190,0.74254742547425479,0,15,2
test__mixedhard_prevalence__mixedhard_frac_0p3__seed_0029,full,test,mixedhard_prevalence,mixedhard_frac_0p3,29,29,0,44.0275849,v6,70,0.29999999999999999,21,mixedhard,29,60,0.10000000000000001,1,reference,0,0,0.050000000000000003,0.497,0.9799999999999881,3.43096184915,5,10,300,2,2,0.5,0.02,320,55683,306573,0,111650,108559,108559,871,773,780,98,1875,577,0,1004,203,0.73974358974358978,0,1,0.8504053058216654,253,324,1049,158,0.61557177615571779,0.23597960670065549,0.43847487001733104,0.51214574898785425,0,1004,0,369,324,27,27,340,0,1004,440,0.4358974358974359,0,1,0.6071428571428571,270,27,467,0,1004,313,0.5987179487179487,0,1,0.74899759422614276,236,231,1142,175,0.57420924574209242,0.16824471959213402,0.50535331905781589,0.5375854214123007,0.4999999050000028,0.73974358974358978,0.89551026662580446,0.70918726287118805,118.55670196799812,95813,1.2373759507373543,95813,218591,0.43832088237850597,215647,718408186,3.3314082087856547,10,0,1784,91,576,0,1004,204,0.7384615384615385,0,12,2
test__mixedhard_prevalence__mixedhard_frac_0p3__seed_0030,full,test,mixedhard_prevalence,mixedhard_frac_0p3,30,30,0,54.4696137,v6,70,0.29999999999999999,21,mixedhard,30,60,0.10000000000000001,1,reference,0,0,0.050000000000000003,0.497,0.9799999999999881,3.43096184915,5,10,300,2,2,0.5,0.02,320,55687,278755,0,91547,88908,88908,797,713,721,84,1694,490,0,931,231,0.67961165048543692,0,1,0.80924855491329484,273,217,1003,159,0.63194444444444442,0.1778688524590164,0.55714285714285716,0.59219088937093278,0,931,0,289,217,25,24,237,0,931,484,0.3287101248266297,0,1,0.49478079331941544,179,24,434,0,931,287,0.60194174757281549,0,1,0.75151515151515147,258,176,1044,174,0.59722222222222221,0.14426229508196722,0.59447004608294929,0.59584295612009242,0.59999988799999571,0.67961165048543692,0.87938341991296842,0.75111945962355797,119.77123804299671,97678,1.2261843817747775,97678,200398,0.48742003413207718,197001,695419002,3.5300277765087484,10,0,1652,42,490,0,931,231,0.67961165048543692,0,10,3
test__mixedhard_prevalence__mixedhard_frac_0p5__seed_0001,full,test,mixedhard_prevalence,mixedhard_frac_0p5,1,1,0,60.982826,v6,70,0.5,35,mixedhard,1,60,0.10000000000000001,1,reference,0,0,0.050000000000000003,0.497,0.9799999999999881,3.43096184915,5,10,300,2,2,0.5,0.02,320,65277,301623,0,97493,93939,93939,1048,910,920,138,1338,734,0,345,186,0.79782608695652169,0,1,0.88754534461910517,411,323,414,117,0.77840909090909094,0.43826322930800543,0.55994550408719346,0.65134706814580035,0,345,0,392,323,25,25,485,0,345,435,0.52717391304347827,0,1,0.69039145907473309,297,25,652,0,345,268,0.70869565217391306,0,1,0.82951653944020354,382,270,467,146,0.72348484848484851,0.36635006784260515,0.58588957055214719,0.64745762711864407,0.59999995950000073,0.79782608695652169,0.93459199747952115,0.68668023518769783,62.515886335998999,52270,1.1960184873923665,52270,113044,0.46238632744771946,156601,555036079,3.5442690595845492,10,0,1265,73,734,0,345,186,0.79782608695652169,0,20,3
test__mixedhard_prevalence__mixedhard_frac_0p5__seed_0002,full,test,mixedhard_prevalence,mixedhard_frac_0p5,2,2,0,54.1566795,v6,70,0.5,35,mixedhard,2,60,0.10000000000000001,1,reference,0,0,0.050000000000000003,0.497,0.9799999999999881,3.43096184915,5,10,300,2,2,0.5,0.02,320,65282,315379,0,104571,100261,100261,930,846,855,84,1320,650,0,407,205,0.76023391812865493,0,1,0.86378737541528239,413,237,458,154,0.72839506172839508,0.34100719424460429,0.63538461538461544,0.67871815940838132,0,407,0,288,237,23,23,409,0,407,446,0.47836257309941521,0,1,0.64715189873417722,208,22,590,0,407,265,0.6900584795321637,0,1,0.81660899653979235,397,193,502,170,0.70017636684303353,0.27769784172661871,0.67288135593220344,0.68625756266205706,0.60066940650000333,0.76023391812865493,0.91206373837952781,0.73024881681956022,52.796175652997171,44445,1.187899103453643,44445,97671,0.45504806953957672,154771,522608152,3.3766542310898036,10,0,1262,58,650,0,407,205,0.76023391812865493,0,20,4
test__mixedhard_prevalence__mixedhard_frac_0p5__seed_0003,full,test,mixedhard_prevalence,mixedhard_frac_0p5,3,3,0,62.2127669,v6,70,0.5,35,mixedhard,3,60,0.10000000000000001,1,reference,0,0,0.050000000000000003,0.497,0.9799999999999881,3.43096184915,5,10,300,2,2,0.5,0.02,320,65269,359628,0,123307,118185,118183,960,886,897,74,1398,745,0,420,152,0.83054626532887399,0,1,0.90742996345919613,482,263,464,108,0.81694915254237288,0.36176066024759285,0.6469798657718121,0.72209737827715359,0,419,0,308,263,22,21,440,0,420,457,0.49052396878483834,0,1,0.65818997756170528,220,19,625,0,420,272,0.69676700111482726,0,1,0.82128777923784491,438,187,540,152,0.74237288135593216,0.25722145804676755,0.70079999999999998,0.72098765432098766,0.79999983400000119,0.83054626532887399,0.93422519509476032,0.7531275499498753,60.133325277999703,48600,1.237311219711928,48600,107586,0.45173163794545756,179093,640883233,3.578494039409692,10,0,1317,81,745,0,420,152,0.83054626532887399,0,14,3
test__mixedhard_prevalence__mixedhard_frac_0p5__seed_0004,full,test,mixedhard_prevalence,mixedhard_frac_0p5,4,4,0,69.6154378,v6,70,0.5,35,mixedhard,4,60,0.10000000000000001,1,reference,0,0,0.050000000000000003,0.497,0.9799999999999881,3.43096184915,5,10,300,2,2,0.5,0.02,320,65268,381796,0,137966,133345,133345,1205,1054,1063,151,1455,867,0,326,196,0.81561618062088426,0,1,0.89844559585492223,471,396,394,128,0.78631051752921532,0.50126582278481013,0.54325259515570934,0.64256480218281031,0,326,0,464,396,29,28,594,0,326,469,0.55879586077140164,0,1,0.71695835847917921,324,28,757,0,326,306,0.71213546566321728,0,1,0.83186813186813191,439,318,472,160,0.73288814691151916,0.40253164556962023,0.57992073976221925,0.64749262536873153,0.59999991399999963,0.81561618062088426,0.93819148260796792,0.67085860400245134,55.251287851000882,46181,1.1964073504471726,46181,106331,0.43431360562770971,190881,709942872,3.7192956449306114,10,0,1389,66,865,0,326,198,0.81373471307619949,0,33,4
test__mixedhard_prevalence__mixedhard_frac_0p5__seed_0005,full,test,mixedhard_prevalence,mixedhard_frac_0p5,5,5,0,53.0692663,v6,70,0.5,35,mixedhard,5,60,0.10000000000000001,1,reference,0,0,0.050000000000000003,0.497,0.9799999999999881,3.43096184915,5,10,300,2,2,0.5,0.02,320,65278,323639,0,110655,106338,106338,965,841,843,124,1282,674,0,370,169,0.79952550415183865,0,1,0.88859591298615692,427,247,413,126,0.77215189873417722,0.37424242424242427,0.63353115727002962,0.69600651996740015,0,370,0,290,247,25,25,427,0,370,416,0.5065243179122183,0,1,0.67244094488188977,206,23,602,0,370,241,0.71411625148279956,0,1,0.83321799307958477,404,198,462,149,0.73056057866184454,0.29999999999999999,0.67109634551495012,0.69956709956709962,0.69736207600000011,0.79952550415183865,0.92903401622262827,0.7235821140884432,47.532936374998258,39121,1.2150235519285872,39121,89044,0.4393445936840214,156129,532972482,3.4136674288569071,10,0,1213,69,673,0,370,170,0.79833926453143533,0,10,3
test__mixedhard_prevalence__mixedhard_frac_0p5__seed_0006,full,test,mixedhard_prevalence,mixedhard_frac_0p5,6,6,0,58.2422025,v6,70,0.5,35,mixedhard,6,60,0.10000000000000001,1,reference,0,0,0.050000000000000003,0.497,0.9799999999999881,3.43096184915,5,10,300,2,2,0.5,0.02,320,65267,353487,0,102033,98315,98315,971,878,895,93,1303,693,0,362,202,0.77430167597765365,0,1,0.87279596977329976,395,298,409,155,0.71818181818181814,0.42149929278642151,0.56998556998557004,0.63555913113435236,0,362,0,345,298,28,28,433,0,362,462,0.48379888268156424,0,1,0.65210843373493976,243,28,609,0,362,286,0.68044692737430168,0,1,0.80984042553191493,368,241,466,182,0.66909090909090907,0.34087694483734088,0.60426929392446638,0.63503019844693698,0.59999990100000034,0.77430167597765365,0.91068242847001446,0.68255239809695256,61.083044190000706,49884,1.2245017278085297,49884,105904,0.47103036712494334,157412,531792438,3.3783475084491652,10,0,1257,46,693,0,362,202,0.77430167597765365,0,29,3
test__mixedhard_prevalence__mixedhard_frac_0p5__seed_0007,full,test,mixedhard_prevalence,mixedhard_frac_0p5,7,7,0,61.9379691,v6,70,0.5,35,mixedhard,7,60,0.10000000000000001,1,reference,0,0,0.050000000000000003,0.497,0.9799999999999881,3.43096184915,5,10,300,2,2,0.5,0.02,320,65281,311267,0,96413,92940,92940,883,783,795,100,1357,599,0,511,196,0.7534591194968554,0,1,0.85939741750358678,408,191,574,133,0.75415896487985212,0.24967320261437909,0.6811352253756261,0.71578947368421053,0,511,0,254,191,22,21,387,0,511,408,0.48679245283018868,0,1,0.65482233502538068,191,21,539,0,511,256,0.67798742138364776,0,1,0.80809595202398798,390,149,616,151,0.72088724584103514,0.19477124183006536,0.72356215213358066,0.72222222222222221,0.70020941900000011,0.7534591194968554,0.91585742593755004,0.78396457782127027,70.460671790995178,55966,1.2589906691740553,55966,123248,0.45409256133973774,157614,548122770,3.4776274315733375,10,0,1306,51,599,0,511,196,0.7534591194968554,0,25,3
test__mixedhard_prevalence__mixedhard_frac_0p5__seed_0008,full,test,mixedhard_prevalence,mixedhard_frac_0p5,8,8,0,66.1644892,v6,70,0.5,35,mixedhard,8,60,0.10000000000000001,1,reference,0,0,0.050000000000000003,0.497,0.9799999999999881,3.43096184915,5,10,300,2,2,0.5,0.02,320,65276,349761,0,119853,115781,115781,1004,885,893,119,1322,714,0,374,179,0.79955207166853304,0,1,0.88861232109520849,444,270,430,123,0.78306878306878303,0.38571428571428573,0.62184873949579833,0.69320843091334894,0,374,0,326,270,26,26,448,0,374,445,0.50167973124300114,0,1,0.66815809097688295,237,26,630,0,374,263,0.70548712206047037,0,1,0.82731451083388052,415,215,485,152,0.73192239858906527,0.30714285714285716,0.65873015873015872,0.69340016708437757,0.60051443399999993,0.79955207166853304,0.92833146696528557,0.73059964726631388,59.069129994995599,49000,1.2054924488774612,49000,105690,0.46362002081559278,174717,654533667,3.7462506052645135,10,0,1267,55,713,0,374,180,0.79843225083986558,0,6,2
test__mixedhard_prevalence__mixedhard_frac_0p5__seed_0009,full,test,mixedhard_prevalence,mixedhard_frac_0p5,9,9,0,66.64787,v6,70,0.5,35,mixedhard,9,60,0.10000000000000001,1,reference,0,0,0.050000000000000003,0.497,0.9799999999999881,3.43096184915,5,10,300,2,2,0.5,0.02,320,65279,350024,0,121198,116403,116403,988,902,909,86,1370,710,0,401,199,0.78107810781078113,0,1,0.87708462013588639,465,245,470,130,0.78151260504201681,0.34265734265734266,0.65492957746478875,0.71264367816091956,0,397,0,318,245,29,29,466,0,401,443,0.5126512651265126,0,1,0.67781818181818176,198,28,624,0,401,285,0.68646864686468645,0,1,0.81409001956947158,436,188,527,159,0.73277310924369743,0.26293706293706293,0.69871794871794868,0.71534044298605415,0.79995447650000084,0.78107810781078113,0.92224883336213925,0.75797496621026028,48.458801216997216,40402,1.1994159006236627,40402,90743,0.44523544515830421,168027,642525204,3.8239402238925888,10,0,1310,60,710,0,401,199,0.78107810781078113,0,11,3
test__mixedhard_prevalence__mixedhard_frac_0p5__seed_0010,full,test,mixedhard_prevalence,mixedhard_frac_0p5,10,10,0,49.2127203,v6,70,0.5,35,mixedhard,10,60,0.10000000000000001,1,reference,0,0,0.050000000000000003,0.497,0.9799999999999881,3.43096184915,5,10,300,2,2,0.5,0.02,320,65284,296937,0,99934,96628,96628,776,707,725,69,1181,481,0,396,244,0.663448275862069,0,1,0.79767827529021562,288,193,462,178,0.61802575107296143,0.29465648854961835,0.59875259875259879,0.6082365364308342,0,396,0,259,193,25,24,262,0,396,463,0.36137931034482756,0,1,0.53090172239108413,173,22,417,0,396,308,0.57517241379310347,0,1,0.73029772329246934,273,144,511,193,0.58583690987124459,0.2198473282442748,0.65467625899280579,0.61834654586636462,0.70018155100000001,0.663448275862069,0.85241379310344823,0.68107165088621691,59.935582690999432,50564,1.185341007258117,50564,103314,0.48942060127378673,155492,510659733,3.2841543809327809,10,0,1121,60,481,0,396,244,0.663448275862069,0,17,2
test__mixedhard_prevalence__mixedhard_frac_0p5__seed_0011,full,test,mixedhard_prevalence,mixedhard_frac_0p5,11,11,0,61.8781417,v6,70,0.5,35,mixedhard,11,60,0.10000000000000001,1,reference,0,0,0.050000000000000003,0.497,0.9799999999999881,3.43096184915,5,10,300,2,2,0.5,0.02,320,65270,359399,0,129556,124220,124220,1039,907,910,132,1388,741,0,404,169,0.81428571428571428,0,1,0.89763779527559051,457,284,463,110,0.80599647266313934,0.38018741633199465,0.61673414304993257,0.69877675840978593,0,404,0,343,284,27,26,514,0,404,396,0.56483516483516483,0,1,0.7219101123595506,257,26,661,0,404,249,0.72637362637362635,0,1,0.84150222788033102,428,233,514,139,0.75485008818342147,0.31191432396251673,0.64750378214826021,0.69706840390879476,0.599999897,0.81428571428571428,0.93373952779893377,0.74147737333814978,61.220084364000307,47630,1.2853261466302814,47630,104341,0.45648402833018659,184957,697645746,3.7719348064685305,10,0,1314,74,741,0,404,169,0.81428571428571428,0,10,4
test__mixedhard_prevalence__mixedhard_frac_0p5__seed_0012,full,test,mixedhard_prevalence,mixedhard_frac_0p5,12,12,0,66.1630462,v6,70,0.5,35,mixedhard,12,60,0.10000000000000001,1,reference,0,0,0.050000000000000003,0.497,0.9799999999999881,3.43096184915,5,10,300,2,2,0.5,0.02,320,65268,334852,0,112185,107895,107895,1034,932,938,102,1389,771,0,393,167,0.82196162046908317,0,1,0.90228203627852543,486,285,434,126,0.79411764705882348,0.39638386648122392,0.63035019455252916,0.70281995661605201,0,393,0,326,285,26,26,483,0,393,455,0.5149253731343284,0,1,0.67980295566502458,245,26,667,0,393,271,0.71108742004264391,0,1,0.83115264797507793,451,216,503,161,0.73692810457516345,0.3004172461752434,0.67616191904047973,0.70523846755277564,0.79985151900000062,0.82196162046908317,0.93747185555320456,0.72338237566700303,59.443222101999034,49013,1.2128052170240351,49013,103005,0.47583127032668315,167072,609624240,3.6488713847921854,10,0,1331,58,771,0,393,167,0.82196162046908317,0,14,3
test__mixedhard_prevalence__mixedhard_frac_0p5__seed_0013,full,test,mixedhard_prevalence,mixedhard_frac_0p5,13,13,0,65.4854866,v6,70,0.5,35,mixedhard,13,60,0.10000000000000001,1,reference,0,0,0.050000000000000003,0.497,0.9799999999999881,3.43096184915,5,10,300,2,2,0.5,0.02,320,65275,329804,0,98496,94793,94793,997,918,928,79,1459,694,0,454,234,0.74784482758620685,0,1,0.8557336621454994,394,300,504,184,0.68166089965397925,0.37313432835820898,0.56772334293948123,0.61949685534591192,0,454,0,350,300,27,27,414,0,454,514,0.44612068965517243,0,1,0.61698956780923997,252,26,584,0,454,344,0.62931034482758619,0,1,0.77248677248677244,363,221,583,215,0.62802768166089962,0.27487562189054726,0.62157534246575341,0.6247848537005164,0.7000000015000003,0.74784482758620685,0.89709051724137934,0.67158476647902354,67.119009380001899,52688,1.2738955621773818,52688,117442,0.4486299620238075,157058,555313750,3.5357240637216822,10,0,1382,77,694,0,454,234,0.74784482758620685,0,39,5
test__mixedhard_prevalence__mixedhard_frac_0p5__seed_0014,full,test,mixedhard_prevalence,mixedhard_frac_0p5,14,14,0,68.2029489,v6,70,0.5,35,mixedhard,14,60,0.10000000000000001,1,reference,0,0,0.050000000000000003,0.497,0.9799999999999881,3.43096184915,5,10,300,2,2,0.5,0.02,320,65271,352424,0,122150,117446,117446,1001,914,924,87,1436,696,0,437,228,0.75324675324675328,0,1,0.85925925925925928,402,294,488,177,0.69430051813471505,0.37595907928388744,0.57758620689655171,0.63058823529411767,0,437,0,345,294,30,30,427,0,437,497,0.4621212121212121,0,1,0.63212435233160624,241,30,578,0,437,346,0.62554112554112551,0,1,0.76964047936085223,374,204,578,205,0.6459412780656304,0.2608695652173913,0.6470588235294118,0.64649956784788243,0.79998691750000095,0.75324675324675328,0.89586614758239469,0.67948199780024643,61.867338752001622,49307,1.254737435901629,49307,112151,0.43964833126766589,178147,655735900,3.6808697311770615,10,0,1361,75,696,0,437,228,0.75324675324675328,0,46,5
test__mixedhard_prevalence__mixedhard_frac_0p5__seed_0015,full,test,mixedhard_prevalence,mixedhard_frac_0p5,15,15,0,66.6645363,v6,70,0.5,35,mixedhard,15,60,0.10000000000000001,1,reference,0,0,0.050000000000000003,0.497,0.9799999999999881,3.43096184915,5,10,300,2,2,0.5,0.02,320,65270,349750,0,127754,123378,123373,892,819,831,73,1291,644,0,407,187,0.77496991576413954,0,1,0.87322033898305085,433,211,477,117,0.78727272727272724,0.3066860465116279,0.67236024844720499,0.72529313232830817,0,405,0,283,211,24,22,388,0,407,443,0.46690734055354993,0,1,0.6365873666940115,187,24,553,0,407,278,0.66546329723225028,0,1,0.79913294797687862,408,145,543,142,0.74181818181818182,0.21075581395348839,0.73779385171790235,0.73980054397098827,0.59999990549999893,0.77496991576413954,0.91938607462073163,0.76689878435517966,67.344905060001338,54520,1.235233034849621,54520,111339,0.48967567519018496,188787,699746495,3.7065396187237472,10,0,1238,53,643,0,407,188,0.77376654632972319,0,10,3
test__mixedhard_prevalence__mixedhard_frac_0p5__seed_0016,full,test,mixedhard_prevalence,mixedhard_frac_0p5,16,16,0,64.3975007,v6,70,0.5,35,mixedhard,16,60,0.10000000000000001,1,reference,0,0,0.050000000000000003,0.497,0.9799999999999881,3.43096184915,5,10,300,2,2,0.5,0.02,320,65283,367743,0,136998,132434,132434,1019,897,902,122,1436,685,0,462,217,0.75942350332594233,0,1,0.86326402016383108,399,286,507,172,0.69877408056042034,0.36065573770491804,0.58248175182481754,0.63535031847133761,0,461,0,332,286,29,25,444,0,462,458,0.49223946784922396,0,1,0.65973254086181277,242,26,600,0,462,302,0.66518847006651882,0,1,0.79893475366178424,364,236,557,207,0.63747810858143605,0.29760403530895335,0.60666666666666669,0.62169086251067462,0.76542954200000146,0.75942350332594233,0.91221287950777974,0.69953710554037851,89.23262769999593,61001,1.4628059818690831,61001,130212,0.46847448775842471,205211,757008280,3.6889264220728908,10,0,1364,72,685,0,462,217,0.75942350332594233,0,43,5
test__mixedhard_prevalence__mixedhard_frac_0p5__seed_0017,full,test,mixedhard_prevalence,mixedhard_frac_0p5,17,17,0,46.4068562,v6,70,0.5,35,mixedhard,17,60,0.10000000000000001,1,reference,0,0,0.050000000000000003,0.497,0.9799999999999881,3.43096184915,5,10,300,2,2,0.5,0.02,320,65287,347937,0,127706,123156,123156,934,834,846,100,1281,691,0,365,155,0.81678486997635935,0,1,0.89915419648666228,437,254,406,114,0.7931034482758621,0.38484848484848483,0.63241678726483352,0.70370370370370372,0,365,0,295,254,24,24,443,0,365,403,0.52364066193853431,0,1,0.68735453840186189,241,24,594,0,365,252,0.7021276595744681,0,1,0.82499999999999996,400,194,466,151,0.72595281306715065,0.29393939393939394,0.67340067340067344,0.69868995633187769,0.79999987699999764,0.81678486997635935,0.93421742932089769,0.73175631083979542,63.770323757002473,51043,1.2493451356111998,51043,104333,0.48923159498912139,185088,597838765,3.2300244478302211,10,0,1211,70,691,0,365,155,0.81678486997635935,0,20,4
test__mixedhard_prevalence__mixedhard_frac_0p5__seed_0018,full,test,mixedhard_prevalence,mixedhard_frac_0p5,18,18,0,53.5343306,v6,70,0.5,35,mixedhard,18,60,0.10000000000000001,1,reference,0,0,0.050000000000000003,0.497,0.9799999999999881,3.43096184915,5,10,300,2,2,0.5,0.02,320,65273,342008,0,130397,126819,126819,906,845,854,61,1392,662,0,470,192,0.77517564402810302,0,1,0.87335092348284959,447,215,523,139,0.76279863481228671,0.29132791327913277,0.67522658610271902,0.71634615384615385,0,470,0,268,215,19,19,351,0,470,503,0.41100702576112413,0,1,0.58257261410788386,171,19,599,0,470,255,0.70140515222482436,0,1,0.82450103234686856,426,173,565,160,0.726962457337884,0.23441734417344173,0.71118530884808018,0.71898734177215184,0.8011798305000033,0.77517564402810302,0.91162738551995615,0.76315588667832068,58.234203765999744,46332,1.2568894881723158,46332,108832,0.42572037635989413,181795,586924006,3.2284936659424073,10,0,1324,68,662,0,470,192,0.77517564402810302,0,19,5
test__mixedhard_prevalence__mixedhard_frac_0p5__seed_0019,full,test,mixedhard_prevalence,mixedhard_frac_0p5,19,19,0,61.8053202,v6,70,0.5,35,mixedhard,19,60,0.10000000000000001,1,reference,0,0,0.050000000000000003,0.497,0.9799999999999881,3.43096184915,5,10,300,2,2,0.5,0.02,320,65276,313130,0,108903,105517,105517,1028,898,904,130,1292,730,0,334,174,0.80752212389380529,0,1,0.89351285189718477,408,322,388,120,0.77272727272727271,0.45352112676056339,0.55890410958904113,0.64864864864864868,0,334,0,376,322,31,31,518,0,334,386,0.57300884955752207,0,1,0.72855133614627288,313,31,616,0,334,288,0.68141592920353977,0,1,0.81052631578947365,378,238,472,150,0.71590909090909094,0.3352112676056338,0.61363636363636365,0.66083916083916083,0.59999988949999761,0.80752212389380529,0.93378729267129457,0.68796548228766541,57.67135543899974,48601,1.1866289878603267,48601,101305,0.47974927200039486,162877,565108453,3.4695411445446567,10,0,1238,54,730,0,334,174,0.80752212389380529,0,13,4
test__mixedhard_prevalence__mixedhard_frac_0p5__seed_0020,full,test,mixedhard_prevalence,mixedhard_frac_0p5,20,20,0,62.9224272,v6,70,0.5,35,mixedhard,20,60,0.10000000000000001,1,reference,0,0,0.050000000000000003,0.497,0.9799999999999881,3.43096184915,5,10,300,2,2,0.5,0.02,320,65283,335062,0,113253,109149,109149,960,854,867,106,1314,680,0,397,187,0.78431372549019607,0,1,0.87912087912087911,436,244,463,121,0.78276481149012567,0.3451202263083451,0.64117647058823535,0.70493128536782534,0,397,0,310,244,25,24,433,0,397,434,0.49942329873125718,0,1,0.66615384615384621,221,24,610,0,397,257,0.70357554786620535,0,1,0.82599864590385919,406,204,503,151,0.72890484739676842,0.28854314002828857,0.66557377049180333,0.69580119965724074,0.59999989050000124,0.78431372549019607,0.91882893326244408,0.74103540130878953,60.824731501998087,50478,1.2049750683861897,50478,109082,0.46275279147797072,169436,587799073,3.4691510245756509,10,0,1264,50,680,0,397,187,0.78431372549019607,0,17,4
test__mixedhard_prevalence__mixedhard_frac_0p5__seed_0021,full,test,mixedhard_prevalence,mixedhard_frac_0p5,21,21,0,69.4640385,v6,70,0.5,35,mixedhard,21,60,0.10000000000000001,1,reference,0,0,0.050000000000000003,0.497,0.9799999999999881,3.43096184915,5,10,300,2,2,0.5,0.02,320,65271,402731,0,134684,130307,130307,895,803,813,92,1347,647,0,416,166,0.79581795817958179,0,1,0.88630136986301367,417,230,463,119,0.77798507462686572,0.3318903318903319,0.6445131375579598,0.70498732037193579,0,414,0,279,230,24,22,419,0,416,394,0.51537515375153753,0,1,0.68019480519480524,207,21,563,0,416,250,0.69249692496924964,0,1,0.8183139534883721,390,173,520,146,0.72761194029850751,0.24963924963924963,0.69271758436944941,0.70973612374886264,0.69999986799999903,0.79581795817958179,0.91637542577348852,0.73456715341043699,68.353991139994037,53092,1.2874631044223994,53092,115527,0.45956356522717634,196146,728700527,3.7150924668359284,10,0,1229,118,647,0,416,166,0.79581795817958179,0,14,4
test__mixedhard_prevalence__mixedhard_frac_0p5__seed_0022,full,test,mixedhard_prevalence,mixedhard_frac_0p5,22,22,0,61.109433,v6,70,0.5,35,mixedhard,22,60,0.10000000000000001,1,reference,0,0,0.050000000000000003,0.497,0.9799999999999881,3.43096184915,5,10,300,2,2,0.5,0.02,320,65283,338829,0,103635,99466,99466,1222,1090,1102,132,1507,916,0,340,186,0.83121597096188748,0,1,0.90782953419226953,490,426,396,130,0.79032258064516125,0.51824817518248179,0.53493449781659386,0.63802083333333337,0,340,0,482,426,27,27,660,0,340,442,0.59891107078039929,0,1,0.74914869466515321,380,27,797,0,340,305,0.72323049001814887,0,1,0.8393891521853607,467,330,492,153,0.75322580645161286,0.40145985401459855,0.58594730238393977,0.65913902611150321,0.69900644100000164,0.83121597096188748,0.94766600832710579,0.66399124872458992,61.731724587996148,48625,1.2695470352287126,48625,112978,0.43039352794349345,158204,541324527,3.4216867272635332,10,0,1442,65,916,0,340,186,0.83121597096188748,0,17,5
test__mixedhard_prevalence__mixedhard_frac_0p5__seed_0023,full,test,mixedhard_prevalence,mixedhard_frac_0p5,23,23,0,64.6514837,v6,70,0.5,35,mixedhard,23,60,0.10000000000000001,1,reference,0,0,0.050000000000000003,0.497,0.9799999999999881,3.43096184915,5,10,300,2,2,0.5,0.02,320,65290,335892,0,121908,118380,118380,1034,897,908,137,1359,743,0,387,165,0.81828193832599116,0,1,0.90006056935190792,425,318,436,116,0.78558225508317925,0.4217506631299735,0.5720053835800808,0.661993769470405,0,387,0,367,318,29,28,501,0,387,407,0.55176211453744495,0,1,0.71114265436479773,272,29,652,0,387,256,0.7180616740088106,0,1,0.83589743589743593,407,245,509,134,0.75231053604436227,0.32493368700265252,0.62423312883435578,0.68231349538977371,0.69999990300000015,0.81828193832599116,0.93539909389975984,0.71349475624764047,60.710111407999854,48570,1.2499508216594577,48570,110010,0.44150531769839108,176083,634817241,3.6052159549757783,10,0,1295,64,742,0,387,166,0.81718061674008813,0,23,3
test__mixedhard_prevalence__mixedhard_frac_0p5__seed_0024,full,test,mixedhard_prevalence,mixedhard_frac_0p5,24,24,0,62.2363539,v6,70,0.5,35,mixedhard,24,60,0.10000000000000001,1,reference,0,0,0.050000000000000003,0.497,0.9799999999999881,3.43096184915,5,10,300,2,2,0.5,0.02,320,65265,365273,0,127946,123681,123681,1002,902,914,100,1341,692,0,361,222,0.75711159737417943,0,1,0.86176836861768369,393,299,428,155,0.71715328467153283,0.41127922971114167,0.56791907514450868,0.63387096774193552,0,361,0,366,299,30,29,442,0,361,472,0.48358862144420134,0,1,0.65191740412979349,264,28,598,0,361,316,0.65426695842450766,0,1,0.79100529100529104,371,227,500,177,0.67700729927007297,0.31224209078404402,0.62040133779264217,0.64746945898778363,0.79999984449999939,0.75711159737417943,0.90766288634173253,0.67906555286699666,55.322469944000147,45685,1.2109547979424351,45685,101704,0.44919570518367025,179615,631705798,3.5169991259081925,10,0,1275,66,692,0,361,222,0.75711159737417943,0,22,4
test__mixedhard_prevalence__mixedhard_frac_0p5__seed_0025,full,test,mixedhard_prevalence,mixedhard_frac_0p5,25,25,0,59.7014946,v6,70,0.5,35,mixedhard,25,60,0.10000000000000001,1,reference,0,0,0.050000000000000003,0.497,0.9799999999999881,3.43096184915,5,10,300,2,2,0.5,0.02,320,65271,334988,0,106524,101359,101359,1146,1024,1026,122,1432,847,0,329,179,0.82553606237816768,0,1,0.90443139348638546,447,400,362,146,0.75379426644182124,0.52493438320209973,0.52774498229043687,0.62083333333333335,0,329,0,433,400,29,29,575,0,329,451,0.56042884990253417,0,1,0.71830106183635223,352,29,711,0,329,315,0.69298245614035092,0,1,0.81865284974093266,413,298,464,180,0.69645868465430016,0.39107611548556431,0.58087201125175814,0.6334355828220859,0.50002590200000085,0.82553606237816768,0.93675234184752665,0.63379076982999383,67.507717605002327,55559,1.2150635829478991,55559,114742,0.48420804936291856,169249,581189988,3.4339345461420749,10,0,1355,77,846,0,329,180,0.82456140350877194,0,60,5
test__mixedhard_prevalence__mixedhard_frac_0p5__seed_0026,full,test,mixedhard_prevalence,mixedhard_frac_0p5,26,26,0,53.6653122,v6,70,0.5,35,mixedhard,26,60,0.10000000000000001,1,reference,0,0,0.050000000000000003,0.497,0.9799999999999881,3.43096184915,5,10,300,2,2,0.5,0.02,320,65275,291652,0,95741,92048,92048,909,840,856,69,1330,658,0,412,198,0.76869158878504673,0,1,0.86922060766182296,380,278,453,157,0.707635009310987,0.38030095759233928,0.57750759878419455,0.63598326359832635,0,412,0,319,278,24,23,462,0,412,394,0.53971962616822433,0,1,0.70106221547799696,263,23,549,0,412,307,0.64135514018691586,0,1,0.78149466192170813,356,193,538,181,0.66294227188081933,0.26402188782489738,0.64845173041894355,0.65561694290976058,0.59999343700000018,0.76869158878504673,0.91194509345794394,0.69259859328946594,60.189302470999579,50225,1.1983932796615147,50225,111194,0.45168804072162166,151825,501310840,3.3018991602173555,10,0,1268,62,657,0,412,199,0.76752336448598135,0,25,4
test__mixedhard_prevalence__mixedhard_frac_0p5__seed_0027,full,test,mixedhard_prevalence,mixedhard_frac_0p5,27,27,0,66.7092057,v6,70,0.5,35,mixedhard,27,60,0.10000000000000001,1,reference,0,0,0.050000000000000003,0.497,0.9799999999999881,3.43096184915,5,10,300,2,2,0.5,0.02,320,65270,356823,0,113265,109766,109766,1038,946,955,92,1338,781,0,303,174,0.8178010471204189,0,1,0.89976958525345618,414,367,361,116,0.78113207547169816,0.50412087912087911,0.53008962868117793,0.63157894736842102,0,303,0,425,367,32,31,518,0,303,437,0.54240837696335076,0,1,0.70332654446707399,330,32,676,0,303,279,0.70785340314136125,0,1,0.82893930104230529,383,293,435,147,0.72264150943396221,0.40247252747252749,0.56656804733727806,0.63515754560530679,0.79999983600000135,0.8178010471204189,0.93433725571510029,0.66746578892805308,67.412682181001401,52833,1.2759578706679804,52833,112546,0.46943472002558956,172464,642586634,3.7259174900269039,10,0,1258,80,781,0,303,174,0.8178010471204189,0,37,5
test__mixedhard_prevalence__mixedhard_frac_0p5__seed_0028,full,test,mixedhard_prevalence,mixedhard_frac_0p5,28,28,0,61.0311831,v6,70,0.5,35,mixedhard,28,60,0.10000000000000001,1,reference,0,0,0.050000000000000003,0.497,0.9799999999999881,3.43096184915,5,10,300,2,2,0.5,0.02,320,65274,333841,0,116078,112223,112223,989,886,894,103,1385,707,0,420,187,0.79082774049216997,0,1,0.88319800124921921,400,307,465,142,0.73800738007380073,0.39766839378238344,0.56577086280056577,0.64051240992794234,0,420,0,352,307,29,29,476,0,420,418,0.53243847874720363,0,1,0.69489051094890508,268,29,588,0,420,306,0.65771812080536918,0,1,0.79352226720647778,372,216,556,170,0.68634686346863472,0.27979274611398963,0.63265306122448983,0.65840707964601775,0.69999985000000109,0.79082774049216997,0.91661073825503359,0.6950629027015659,62.857381691999933,52233,1.2034036278214908,52233,120025,0.43518433659654238,174306,620271122,3.558518478996707,10,0,1314,71,706,0,420,188,0.78970917225950787,0,23,4
test__mixedhard_prevalence__mixedhard_frac_0p5__seed_0029,full,test,mixedhard_prevalence,mixedhard_frac_0p5,29,29,0,67.7114991,v6,70,0.5,35,mixedhard,29,60,0.10000000000000001,1,reference,0,0,0.050000000000000003,0.497,0.9799999999999881,3.43096184915,5,10,300,2,2,0.5,0.02,320,65278,358669,0,135326,131346,131346,875,805,812,70,1331,614,0,449,198,0.75615763546798032,0,1,0.86115007012622724,372,242,493,154,0.70722433460076051,0.3292517006802721,0.60586319218241047,0.65263157894736845,0,449,0,286,242,25,25,387,0,449,425,0.47660098522167488,0,1,0.64553794829024191,206,25,501,0,449,311,0.61699507389162567,0,1,0.76313785224676312,336,165,570,190,0.63878326996197721,0.22448979591836735,0.6706586826347305,0.65433300876338851,0.65781199650000133,0.75615763546798032,0.89648041076502794,0.70587930989886449,58.167330729999691,45932,1.2663792286423343,45932,111745,0.41104299968678687,187384,721821883,3.8520998751227427,10,0,1261,70,613,0,449,199,0.75492610837438423,0,21,4
test__mixedhard_prevalence__mixedhard_frac_0p5__seed_0030,full,test,mixedhard_prevalence,mixedhard_frac_0p5,30,30,0,59.0591608,v6,70,0.5,35,mixedhard,30,60,0.10000000000000001,1,reference,0,0,0.050000000000000003,0.497,0.9799999999999881,3.43096184915,5,10,300,2,2,0.5,0.02,320,65273,325242,0,118850,115074,115074,831,757,765,74,1215,544,0,410,221,0.71111111111111114,0,1,0.83116883116883122,358,186,475,156,0.69649805447470814,0.28139183055975792,0.65808823529411764,0.67674858223062384,0,410,0,251,186,25,25,319,0,410,446,0.4169934640522876,0,1,0.58856088560885611,170,25,464,0,410,301,0.60653594771241826,0,1,0.75508543531326278,340,124,537,174,0.66147859922178986,0.1875945537065053,0.73275862068965514,0.69529652351738236,0.6999998685000044,0.71111111111111114,0.87616610871991074,0.73173825768055711,59.230600687998454,46314,1.2788919265880392,46314,101035,0.45839560548324837,170510,617898956,3.6238282564072488,10,0,1175,40,544,0,410,221,0.71111111111111114,0,4,2
test__score_variant__reference_half_life_1p351__seed_0001,full,test,score_variant,reference_half_life_1p351,1,1,0,50.4340272,v6,70,0.29999999999999999,21,mixedhard,1,60,0.10000000000000001,1,reference,0,0,0.050000000000000003,0.497,0.95000000000012663,1.3513407334,5,10,300,2,2,0.5,0.02,320,55688,263799,0,71347,68128,68128,1138,969,983,169,1855,758,0,789,225,0.77110885045778232,0,1,0.87076392877656517,293,465,893,121,0.70772946859903385,0.34241531664212077,0.38654353562005278,0.5,0,789,0,569,465,31,31,534,0,789,449,0.54323499491353,0,1,0.70402109426499671,416,31,582,0,789,401,0.59206510681586977,0,1,0.74376996805111817,263,319,1039,151,0.63526570048309183,0.23490427098674521,0.45189003436426117,0.5281124497991968,0.30000000200000088,0.77110885045778232,0.93119276109578941,0.7036624974209017,120.2985660589991,99387,1.2104054459738105,99387,205967,0.48253846489971697,179383,588212688,3.2790882525099927,10,0,1772,83,757,0,789,226,0.77009155645981686,0,13,3
test__score_variant__reference_half_life_1p351__seed_0002,full,test,score_variant,reference_half_life_1p351,2,2,0,40.7277981,v6,70,0.29999999999999999,21,mixedhard,2,60,0.10000000000000001,1,reference,0,0,0.050000000000000003,0.497,0.95000000000012663,1.3513407334,5,10,300,2,2,0.5,0.02,320,55689,275460,0,98037,94262,94262,990,868,877,122,1836,642,0,878,235,0.73204104903078682,0,1,0.84529295589203424,314,328,973,140,0.69162995594713661,0.25211375864719449,0.48909657320872274,0.57299270072992703,0,878,0,423,328,28,25,412,0,878,465,0.46978335233751423,0,1,0.63925523661753292,295,24,510,0,878,367,0.58152793614595211,0,1,0.73540014419610666,275,235,1066,179,0.60572687224669608,0.18063028439661799,0.53921568627450978,0.5705394190871369,0.59996191749999905,0.73204104903078682,0.90952148424817469,0.74005593799415559,112.47077079899429,93164,1.2072342406830352,93164,198754,0.46874025176851786,199527,615727222,3.0859343447252754,10,0,1755,81,641,0,878,236,0.73090079817559861,0,5,1
test__score_variant__reference_half_life_1p351__seed_0003,full,test,score_variant,reference_half_life_1p351,3,3,0,53.0856751,v6,70,0.29999999999999999,21,mixedhard,3,60,0.10000000000000001,1,reference,0,0,0.050000000000000003,0.497,0.95000000000012663,1.3513407334,5,10,300,2,2,0.5,0.02,320,55681,296345,0,95711,91102,91096,979,887,897,92,1911,710,0,890,187,0.79152731326644366,0,1,0.88363410080896077,317,393,961,116,0.73210161662817552,0.29025110782865582,0.44647887323943664,0.55468066491688539,0,889,0,465,393,27,27,405,0,890,492,0.451505016722408,0,1,0.62211981566820274,341,27,456,0,890,441,0.50836120401337792,0,1,0.67405764966740578,273,183,1171,160,0.63048498845265588,0.13515509601181683,0.59868421052631582,0.61417322834645671,0.39999998550000004,0.79152731326644366,0.92334748788095145,0.75046479339294059,126.39507639300011,103064,1.2263746448129327,103064,220015,0.46844078812808215,209664,708998808,3.3815953525641027,10,0,1787,124,709,0,890,188,0.79041248606465997,0,9,2
test__score_variant__reference_half_life_1p351__seed_0004,full,test,score_variant,reference_half_life_1p351,4,4,0,53.8139429,v6,70,0.29999999999999999,21,mixedhard,4,60,0.10000000000000001,1,reference,0,0,0.050000000000000003,0.497,0.95000000000012663,1.3513407334,5,10,300,2,2,0.5,0.02,320,55684,333063,0,120304,116355,116355,1150,966,973,184,1968,795,0,890,178,0.81706063720452204,0,1,0.89932126696832582,337,458,951,117,0.74229074889867841,0.32505322924059615,0.42389937106918241,0.53963170536429139,0,890,0,519,458,29,29,548,0,890,425,0.56320657759506676,0,1,0.72057856673241294,380,29,618,0,890,355,0.63514902363823222,0,1,0.77686989314896293,311,307,1102,143,0.68502202643171806,0.21788502484031227,0.50323624595469252,0.58022388059701491,0.29999995699999715,0.81706063720452204,0.93812776424125544,0.75489068074023813,115.34285290000444,97130,1.1875100679502157,97130,216161,0.44934100045799197,226746,794253431,3.5028332627697951,10,0,1863,105,795,0,890,178,0.81706063720452204,0,24,3
test__score_variant__reference_half_life_1p351__seed_0005,full,test,score_variant,reference_half_life_1p351,5,5,0,49.2467084,v6,70,0.29999999999999999,21,mixedhard,5,60,0.10000000000000001,1,reference,0,0,0.050000000000000003,0.497,0.95000000000012663,1.3513407334,5,10,300,2,2,0.5,0.02,320,55691,278381,0,88216,84593,84593,1087,912,920,175,1816,692,0,791,228,0.75217391304347825,0,1,0.85856079404466501,289,403,888,131,0.68809523809523809,0.31216111541440744,0.41763005780346824,0.51978417266187049,0,791,0,500,403,35,35,418,0,791,502,0.45434782608695651,0,1,0.62481315396113601,305,31,545,0,791,375,0.59239130434782605,0,1,0.74402730375426618,247,298,993,173,0.58809523809523812,0.23082881487219209,0.45321100917431195,0.51191709844559585,0.3665746894999975,0.75217391304347825,0.92249148023965266,0.72524713216037773,101.39944763999523,85825,1.1814674936206844,85825,188577,0.45511912905603547,183539,620129407,3.3787337132707491,10,0,1711,105,692,0,791,228,0.75217391304347825,0,16,2
test__score_variant__reference_half_life_1p351__seed_0006,full,test,score_variant,reference_half_life_1p351,6,6,0,56.4040547,v6,70,0.29999999999999999,21,mixedhard,6,60,0.10000000000000001,1,reference,0,0,0.050000000000000003,0.497,0.95000000000012663,1.3513407334,5,10,300,2,2,0.5,0.02,320,55678,310064,0,102850,99694,99694,890,801,810,89,1781,617,0,910,193,0.7617283950617284,0,1,0.86475122634898394,292,325,950,153,0.65617977528089888,0.25490196078431371,0.47325769854132899,0.54990583804143123,0,910,0,365,325,30,30,346,0,910,464,0.42716049382716048,0,1,0.59861591695501726,260,30,458,0,910,352,0.5654320987654321,0,1,0.72239747634069396,260,198,1077,185,0.5842696629213483,0.15529411764705883,0.56768558951965065,0.57585825027685489,0.3999999439999975,0.7617283950617284,0.90239858906525572,0.72382551222736291,116.71208473400513,95591,1.2209526496637249,95591,206543,0.46281403872317145,206568,753157154,3.6460495042794623,10,0,1720,61,617,0,910,193,0.7617283950617284,0,19,2
test__score_variant__reference_half_life_1p351__seed_0007,full,test,score_variant,reference_half_life_1p351,7,7,0,53.5737849,v6,70,0.29999999999999999,21,mixedhard,7,60,0.10000000000000001,1,reference,0,0,0.050000000000000003,0.497,0.95000000000012663,1.3513407334,5,10,300,2,2,0.5,0.02,320,55689,274506,0,89836,86494,86494,945,826,840,119,1869,640,0,966,200,0.76190476190476186,0,1,0.86486486486486491,348,292,1020,146,0.70445344129554655,0.2225609756097561,0.54374999999999996,0.61375661375661372,0,966,0,346,292,27,27,368,0,966,472,0.43809523809523809,0,1,0.60927152317880795,274,27,508,0,966,332,0.60476190476190472,0,1,0.75370919881305642,323,185,1127,171,0.65384615384615385,0.1410060975609756,0.63582677165354329,0.64471057884231542,0.50000009099999954,0.76190476190476186,0.90875295770482101,0.76751197294361606,117.97374124499666,94207,1.2522821153947865,94207,216852,0.43442993377972072,191824,662422659,3.4532835255233962,10,0,1806,63,640,0,966,200,0.76190476190476186,0,30,2
test__score_variant__reference_half_life_1p351__seed_0008,full,test,score_variant,reference_half_life_1p351,8,8,0,56.8669493,v6,70,0.29999999999999999,21,mixedhard,8,60,0.10000000000000001,1,reference,0,0,0.050000000000000003,0.497,0.95000000000012663,1.3513407334,5,10,300,2,2,0.5,0.02,320,55681,298226,0,97179,94061,94061,971,838,849,133,1865,683,0,957,166,0.80447585394581866,0,1,0.89164490861618795,424,259,1008,115,0.7866419294990723,0.20441988950276244,0.62079062957540265,0.69394435351882156,0,957,0,310,259,20,20,384,0,957,465,0.45229681978798586,0,1,0.62287104622871048,195,20,588,0,957,261,0.69257950530035339,0,1,0.81837160751565763,387,201,1066,152,0.71799628942486082,0.15864246250986583,0.65816326530612246,0.68677905944986695,0.89999985600000088,0.80447585394581866,0.93617791168662379,0.8200444273282248,119.27751195999639,99779,1.1954169911504062,99779,208866,0.47771777120258924,205097,731915770,3.5686322569320859,10,0,1806,59,681,0,957,168,0.80212014134275622,0,29,2
test__score_variant__reference_half_life_1p351__seed_0009,full,test,score_variant,reference_half_life_1p351,9,9,0,53.5951594,v6,70,0.29999999999999999,21,mixedhard,9,60,0.10000000000000001,1,reference,0,0,0.050000000000000003,0.497,0.95000000000012663,1.3513407334,5,10,300,2,2,0.5,0.02,320,55689,295461,0,103325,99343,99343,978,878,887,100,1902,673,0,932,214,0.75873731679819612,0,1,0.86282051282051286,358,315,1009,137,0.72323232323232323,0.23791540785498488,0.53194650817236255,0.61301369863013699,0,932,0,392,315,29,29,385,0,932,502,0.43404735062006766,0,1,0.60534591194968557,240,28,529,0,932,358,0.59639233370913192,0,1,0.74717514124293782,329,200,1124,166,0.6646464646464646,0.15105740181268881,0.62192816635160686,0.642578125,0.59999988599999909,0.75873731679819612,0.91817671564951053,0.77687677378009701,107.92099061899833,90823,1.1882561754070922,90823,192214,0.4725098067778622,203755,724880998,3.5576108463595983,10,0,1819,83,673,0,932,214,0.75873731679819612,0,17,2
test__score_variant__reference_half_life_1p351__seed_0010,full,test,score_variant,reference_half_life_1p351,10,10,0,52.6675299,v6,70,0.29999999999999999,21,mixedhard,10,60,0.10000000000000001,1,reference,0,0,0.050000000000000003,0.497,0.95000000000012663,1.3513407334,5,10,300,2,2,0.5,0.02,320,55689,254074,0,80974,77900,77900,776,702,710,74,1675,479,0,891,231,0.67464788732394365,0,1,0.80571909167367539,243,236,978,144,0.62790697674418605,0.19439868204283361,0.50730688935281842,0.56120092378752884,0,891,0,323,236,24,23,256,0,891,454,0.36056338028169016,0,1,0.53002070393374745,202,21,366,0,891,344,0.51549295774647885,0,1,0.6802973977695167,221,145,1069,166,0.57105943152454786,0.11943986820428336,0.60382513661202186,0.58698539176626829,0.5999998960000017,0.67464788732394365,0.86780480864987908,0.728011698146942,111.13393825199728,93379,1.1901384492444478,93379,195645,0.47728794500242788,181380,632152230,3.4852366854118428,10,0,1601,74,479,0,891,231,0.67464788732394365,0,20,3
test__score_variant__reference_half_life_1p351__seed_0011,full,test,score_variant,reference_half_life_1p351,11,11,0,56.9077817,v6,70,0.29999999999999999,21,mixedhard,11,60,0.10000000000000001,1,reference,0,0,0.050000000000000003,0.497,0.95000000000012663,1.3513407334,5,10,300,2,2,0.5,0.02,320,55685,308830,0,110858,106361,106361,1175,1013,1019,162,1934,863,0,806,156,0.84690873405299316,0,1,0.9171094580233794,359,504,868,94,0.79249448123620314,0.36734693877551022,0.41599073001158748,0.54559270516717329,0,806,0,566,504,34,34,577,0,806,442,0.5662414131501472,0,1,0.72305764411027573,395,34,687,0,806,332,0.67419038272816489,0,1,0.80539273153575619,318,369,1003,135,0.70198675496688745,0.26895043731778423,0.46288209606986902,0.55789473684210522,0.19999999400000235,0.84690873405299316,0.95282194142556931,0.76223540504186538,113.10840016300105,91485,1.2363600608077943,91485,205616,0.4449313283012995,213325,759474522,3.5601758912457515,10,0,1825,109,863,0,806,156,0.84690873405299316,0,10,3
test__score_variant__reference_half_life_1p351__seed_0012,full,test,score_variant,reference_half_life_1p351,12,12,0,51.25048,v6,70,0.29999999999999999,21,mixedhard,12,60,0.10000000000000001,1,reference,0,0,0.050000000000000003,0.497,0.95000000000012663,1.3513407334,5,10,300,2,2,0.5,0.02,320,55681,290063,0,96391,92939,92939,1001,876,888,125,1953,629,0,997,259,0.70833333333333337,0,1,0.82926829268292679,315,314,1082,174,0.64417177914110424,0.22492836676217765,0.50079491255961839,0.56350626118067981,0,997,0,399,314,28,28,344,0,997,544,0.38738738738738737,0,1,0.55844155844155841,263,28,484,0,997,404,0.54504504504504503,0,1,0.70553935860058314,276,208,1188,213,0.56441717791411039,0.14899713467048711,0.57024793388429751,0.56731757451181908,0.69997398799999644,0.70833333333333337,0.88553103002701794,0.72802661416492342,119.82876549600053,100388,1.193656268637691,100388,212531,0.47234521081630443,205167,678437273,3.3067563155868145,10,0,1885,68,629,0,997,259,0.70833333333333337,0,27,3
test__score_variant__reference_half_life_1p351__seed_0013,full,test,score_variant,reference_half_life_1p351,13,13,0,55.5603371,v6,70,0.29999999999999999,21,mixedhard,13,60,0.10000000000000001,1,reference,0,0,0.050000000000000003,0.497,0.95000000000012663,1.3513407334,5,10,300,2,2,0.5,0.02,320,55684,285980,0,85779,82683,82683,1000,884,890,116,2031,632,0,1044,258,0.71011235955056184,0,1,0.83048620236530879,286,346,1123,179,0.61505376344086027,0.2355343771272975,0.45253164556962028,0.52142206016408388,0,1044,0,425,346,31,31,337,0,1044,553,0.37865168539325844,0,1,0.54930725346373266,268,30,499,0,1044,391,0.56067415730337078,0,1,0.71850251979841617,256,243,1226,209,0.55053763440860215,0.16541865214431586,0.51302605210420837,0.53112033195020747,0.59999988199999876,0.71011235955056184,0.89624660984114679,0.71861920551615099,120.72103994100266,99344,1.2151819932859826,99344,221972,0.44755194348836791,193326,634488035,3.2819591518988651,10,0,1934,97,631,0,1044,259,0.70898876404494382,0,18,3
test__score_variant__reference_half_life_1p351__seed_0014,full,test,score_variant,reference_half_life_1p351,14,14,0,58.5550033,v6,70,0.29999999999999999,21,mixedhard,14,60,0.10000000000000001,1,reference,0,0,0.050000000000000003,0.497,0.95000000000012663,1.3513407334,5,10,300,2,2,0.5,0.02,320,55688,318653,0,112756,108678,108678,938,842,848,96,1883,641,0,934,207,0.75589622641509435,0,1,0.86098052384150436,303,338,987,154,0.66301969365426694,0.2550943396226415,0.47269890795631825,0.55191256830601088,0,934,0,391,338,26,26,410,0,934,438,0.48349056603773582,0,1,0.65182829888712246,292,26,454,0,934,394,0.535377358490566,0,1,0.69738863287250386,261,193,1132,196,0.57111597374179435,0.14566037735849058,0.57488986784140972,0.57299670691547755,0.59999988799999926,0.75589622641509435,0.89934876368631567,0.73206473721151066,118.17854844700142,94205,1.254482760437359,94205,210245,0.44807248686056744,217108,768188353,3.5382775070471841,10,0,1782,101,641,0,934,207,0.75589622641509435,0,54,3
test__score_variant__reference_half_life_1p351__seed_0015,full,test,score_variant,reference_half_life_1p351,15,15,0,42.5518822,v6,70,0.29999999999999999,21,mixedhard,15,60,0.10000000000000001,1,reference,0,0,0.050000000000000003,0.497,0.95000000000012663,1.3513407334,5,10,300,2,2,0.5,0.02,320,55684,313010,0,105918,102329,102325,774,698,715,76,1776,581,0,999,134,0.81258741258741263,0,1,0.89660493827160492,351,230,1040,93,0.79054054054054057,0.18110236220472442,0.60413080895008608,0.68487804878048786,0,998,0,272,230,17,17,324,0,999,391,0.45314685314685316,0,1,0.62367661212704528,193,17,462,0,999,253,0.64615384615384619,0,1,0.78504672897196259,323,139,1131,121,0.72747747747747749,0.1094488188976378,0.69913419913419916,0.71302428256070638,0.70000013800000005,0.81258741258741263,0.93198863198863202,0.83100393700787401,129.65169036299889,107861,1.2020256660238537,107861,225047,0.47928210551573669,222885,701411925,3.1469678309442086,10,0,1714,62,581,0,999,134,0.81258741258741263,0,31,3
test__score_variant__reference_half_life_1p351__seed_0016,full,test,score_variant,reference_half_life_1p351,16,16,0,59.276788,v6,70,0.29999999999999999,21,mixedhard,16,60,0.10000000000000001,1,reference,0,0,0.050000000000000003,0.497,0.95000000000012663,1.3513407334,5,10,300,2,2,0.5,0.02,320,55694,330555,0,127150,123114,123114,1052,924,931,128,2032,697,0,1002,234,0.74865735767991404,0,1,0.85626535626535627,330,367,1081,155,0.68041237113402064,0.25345303867403313,0.47345767575322811,0.55837563451776651,0,1000,0,448,367,30,30,359,0,1002,572,0.38560687432867885,0,1,0.55658914728682174,287,29,520,0,1002,411,0.55853920515574651,0,1,0.71674707098552726,279,241,1207,206,0.57525773195876284,0.1664364640883978,0.53653846153846152,0.55522388059701488,0.69999986699999539,0.74865735767991404,0.91252403892537159,0.74217334966110382,141.63027357499763,103468,1.3688316539896164,103468,222225,0.46560017999775005,239524,874768703,3.6521129531904943,10,0,1933,99,697,0,1002,234,0.74865735767991404,0,29,5
test__score_variant__reference_half_life_1p351__seed_0017,full,test,score_variant,reference_half_life_1p351,17,17,0,50.1180391,v6,70,0.29999999999999999,21,mixedhard,17,60,0.10000000000000001,1,reference,0,0,0.050000000000000003,0.497,0.95000000000012663,1.3513407334,5,10,300,2,2,0.5,0.02,320,55693,300745,0,100344,97166,97166,971,815,829,156,1791,629,0,871,200,0.75874547647768398,0,1,0.86282578875171467,286,343,946,125,0.69586374695863751,0.26609775019394882,0.45468998410174882,0.55000000000000004,0,871,0,418,343,30,29,437,0,871,392,0.52714113389626061,0,1,0.69036334913112163,333,30,413,0,871,416,0.49819059107358266,0,1,0.66505636070853458,239,174,1115,172,0.58150851581508511,0.13498836307214895,0.57869249394673128,0.58009708737864074,0.59999989800000009,0.75874547647768398,0.91565024464759803,0.7400283891962498,126.78516088700518,104698,1.2109606762975909,104698,213901,0.489469427445407,213857,704423142,3.2938979879078074,10,0,1700,91,629,0,871,200,0.75874547647768398,0,25,3
test__score_variant__reference_half_life_1p351__seed_0018,full,test,score_variant,reference_half_life_1p351,18,18,0,51.5742258,v6,70,0.29999999999999999,21,mixedhard,18,60,0.10000000000000001,1,reference,0,0,0.050000000000000003,0.497,0.95000000000012663,1.3513407334,5,10,300,2,2,0.5,0.02,320,55682,287606,0,101201,98131,98131,822,753,766,69,1919,563,0,1068,203,0.73498694516971275,0,1,0.84725357411587665,344,219,1143,128,0.72881355932203384,0.16079295154185022,0.61101243339253997,0.66473429951690821,0,1068,0,294,219,17,17,299,0,1068,467,0.39033942558746737,0,1,0.56150234741784033,196,17,459,0,1068,307,0.59921671018276768,0,1,0.74938775510204081,297,162,1200,175,0.62923728813559321,0.11894273127753303,0.6470588235294118,0.63802363050483346,0.80000000799999782,0.73498694516971275,0.89932501149020638,0.80947058786928494,116.00822278600265,93671,1.2384646559340953,93671,210674,0.44462534532025783,202680,688082253,3.3949193457667257,10,0,1834,85,563,0,1068,203,0.73498694516971275,0,20,4
test__score_variant__reference_half_life_1p351__seed_0019,full,test,score_variant,reference_half_life_1p351,19,19,0,54.3692019,v6,70,0.29999999999999999,21,mixedhard,19,60,0.10000000000000001,1,reference,0,0,0.050000000000000003,0.497,0.95000000000012663,1.3513407334,5,10,300,2,2,0.5,0.02,320,55684,263345,0,85606,82533,82533,1113,941,952,172,1838,730,0,822,222,0.76680672268907568,0,1,0.86801426872770515,281,449,892,152,0.64896073903002305,0.33482475764354958,0.38493150684931504,0.48323301805674979,0,822,0,519,449,36,36,511,0,822,441,0.53676470588235292,0,1,0.69856459330143539,415,36,517,0,822,435,0.54306722689075626,0,1,0.70388019060585427,255,262,1079,178,0.5889145496535797,0.1953765846383296,0.49323017408123793,0.5368421052631579,0.29999995200000029,0.76680672268907568,0.91877900795354639,0.69184177124719926,111.66343888399913,94201,1.1853742410802341,94201,203789,0.46224771700140832,187130,649855485,3.4727488109870142,10,0,1774,64,728,0,822,224,0.76470588235294112,0,6,1
test__score_variant__reference_half_life_1p351__seed_0020,full,test,score_variant,reference_half_life_1p351,20,20,0,48.9008632,v6,70,0.29999999999999999,21,mixedhard,20,60,0.10000000000000001,1,reference,0,0,0.050000000000000003,0.497,0.95000000000012663,1.3513407334,5,10,300,2,2,0.5,0.02,320,55684,289695,0,83282,80565,80565,782,714,722,68,1805,603,0,1021,119,0.83518005540166207,0,1,0.91018867924528302,348,255,1054,86,0.8018433179723502,0.19480519480519481,0.57711442786069655,0.67116682738669242,0,1021,0,288,255,15,15,411,0,1021,311,0.56925207756232687,0,1,0.72550750220653137,230,15,450,0,1021,272,0.62326869806094187,0,1,0.76791808873720135,287,163,1146,147,0.66129032258064513,0.12452253628724216,0.63777777777777778,0.64932126696832582,0.49999991600000016,0.83518005540166207,0.93535817093121998,0.81437090965418424,127.87360349699532,107601,1.1884053447179423,107601,225640,0.47687023577379895,199072,669630877,3.363762241801961,10,0,1743,62,603,0,1021,119,0.83518005540166207,0,15,4
test__score_variant__reference_half_life_1p351__seed_0021,full,test,score_variant,reference_half_life_1p351,21,21,0,56.2819416,v6,70,0.29999999999999999,21,mixedhard,21,60,0.10000000000000001,1,reference,0,0,0.050000000000000003,0.497,0.95000000000012663,1.3513407334,5,10,300,2,2,0.5,0.02,320,55683,339182,0,123794,119809,119809,937,830,846,107,1912,671,0,936,175,0.79314420803782504,0,1,0.88464073829927492,351,320,1003,108,0.76470588235294112,0.24187452758881331,0.52309985096870337,0.62123893805309738,0,932,0,391,320,26,26,433,0,936,413,0.51182033096926716,0,1,0.67709147771696643,270,26,509,0,936,337,0.60165484633569744,0,1,0.75129151291512919,305,204,1119,154,0.66448801742919394,0.15419501133786848,0.59921414538310414,0.6301652892561983,0.59999998600000026,0.79314420803782504,0.92721403891616661,0.78833673387050296,130.26949696098973,103584,1.2576218041491904,103584,222038,0.46651474072005694,238075,844012943,3.5451556988344008,10,0,1782,130,671,0,936,175,0.79314420803782504,0,23,3
test__score_variant__reference_half_life_1p351__seed_0022,full,test,score_variant,reference_half_life_1p351,22,22,0,56.9279589,v6,70,0.29999999999999999,21,mixedhard,22,60,0.10000000000000001,1,reference,0,0,0.050000000000000003,0.497,0.95000000000012663,1.3513407334,5,10,300,2,2,0.5,0.02,320,55692,307115,0,99384,95715,95715,1273,1112,1122,161,2076,910,0,862,212,0.81105169340463457,0,1,0.89566929133858264,369,541,947,127,0.74395161290322576,0.36357526881720431,0.4054945054945055,0.5248933143669986,0,860,0,628,541,36,35,585,0,862,537,0.52139037433155078,0,1,0.68541300527240778,403,34,687,0,862,435,0.61229946524064172,0,1,0.7595356550580431,323,364,1124,173,0.65120967741935487,0.2446236559139785,0.47016011644832606,0.54606931530008451,0.59999987700000013,0.81105169340463457,0.94269534432629831,0.73444952089836979,119.63975703399498,96686,1.2374051779367745,96686,219065,0.44135758793052288,204972,708963328,3.4588301231387701,10,0,1984,92,910,0,862,212,0.81105169340463457,0,21,3
test__score_variant__reference_half_life_1p351__seed_0023,full,test,score_variant,reference_half_life_1p351,23,23,0,56.1330031,v6,70,0.29999999999999999,21,mixedhard,23,60,0.10000000000000001,1,reference,0,0,0.050000000000000003,0.497,0.95000000000012663,1.3513407334,5,10,300,2,2,0.5,0.02,320,55693,290861,0,108739,105632,105632,1004,855,867,149,1906,719,0,974,148,0.82929642445213381,0,1,0.90668348045397229,364,355,1026,96,0.79130434782608694,0.25706010137581464,0.50625869262865086,0.61747243426632736,0,974,0,407,355,29,28,387,0,974,480,0.44636678200692043,0,1,0.61722488038277512,254,28,569,0,974,298,0.65628604382929645,0,1,0.79247910863509752,332,237,1144,128,0.72173913043478266,0.1716147719044171,0.58347978910369069,0.64528668610301265,0.60000001699999927,0.82929642445213381,0.94364018103919911,0.80699870918993799,121.18218503799559,95809,1.2648309139850704,95809,215198,0.44521324547625907,212089,789051838,3.7203807741089827,10,0,1841,65,719,0,974,148,0.82929642445213381,0,21,1
test__score_variant__reference_half_life_1p351__seed_0024,full,test,score_variant,reference_half_life_1p351,24,24,0,52.4440937,v6,70,0.29999999999999999,21,mixedhard,24,60,0.10000000000000001,1,reference,0,0,0.050000000000000003,0.497,0.95000000000012663,1.3513407334,5,10,300,2,2,0.5,0.02,320,55681,311475,0,98848,95317,95317,1019,884,896,135,1829,702,0,829,194,0.7834821428571429,0,1,0.87859824780976226,316,386,917,106,0.74881516587677721,0.29623944742900998,0.45014245014245013,0.56227758007117434,0,829,0,474,386,34,34,453,0,829,443,0.5055803571428571,0,1,0.67160859896219427,333,33,532,0,829,364,0.59375,0,1,0.74509803921568629,286,246,1057,136,0.67772511848341233,0.18879508825786645,0.53759398496240607,0.59958071278825997,0.69999985650000163,0.7834821428571429,0.92647997264346027,0.75690077218813312,117.66177011499886,98722,1.1918495382488083,98722,205109,0.4813148130993764,206209,702929871,3.4088224616772305,10,0,1725,104,702,0,829,194,0.7834821428571429,0,25,3
test__score_variant__reference_half_life_1p351__seed_0025,full,test,score_variant,reference_half_life_1p351,25,25,0,51.3083847,v6,70,0.29999999999999999,21,mixedhard,25,60,0.10000000000000001,1,reference,0,0,0.050000000000000003,0.497,0.95000000000012663,1.3513407334,5,10,300,2,2,0.5,0.02,320,55684,297319,0,83572,79132,79132,970,879,885,91,1899,712,0,917,173,0.80451977401129948,0,1,0.89167188478396997,306,406,962,128,0.70506912442396308,0.29678362573099415,0.4297752808988764,0.53403141361256545,0,917,0,451,406,26,26,430,0,917,455,0.48587570621468928,0,1,0.6539923954372624,379,26,498,0,917,387,0.56271186440677967,0,1,0.72017353579175702,268,230,1138,166,0.61751152073732718,0.16812865497076024,0.5381526104417671,0.57510729613733902,0.041219078500000172,0.80451977401129948,0.92566585956416469,0.72213884846524912,130.80305366800644,110700,1.1815994007949995,110700,229412,0.48253796662772652,203758,666847444,3.2727423904828279,10,0,1802,97,711,0,917,174,0.80338983050847457,0,23,4
test__score_variant__reference_half_life_1p351__seed_0026,full,test,score_variant,reference_half_life_1p351,26,26,0,50.3563313,v6,70,0.29999999999999999,21,mixedhard,26,60,0.10000000000000001,1,reference,0,0,0.050000000000000003,0.497,0.95000000000012663,1.3513407334,5,10,300,2,2,0.5,0.02,320,55681,254522,0,76840,74463,74463,816,716,728,100,1808,553,0,992,175,0.75961538461538458,0,1,0.86338797814207646,263,290,1031,136,0.65914786967418548,0.21953065859197576,0.4755877034358047,0.55252100840336138,0,992,0,329,290,27,26,365,0,992,363,0.50137362637362637,0,1,0.66788655077767611,265,25,424,0,992,304,0.58241758241758246,0,1,0.73611111111111116,237,187,1134,162,0.59398496240601506,0.14155942467827404,0.55896226415094341,0.57594167679222352,0.49999990099999891,0.75961538461538458,0.90339197093229351,0.734839559155269,115.93169715799678,97205,1.1926515833341576,97205,217190,0.44755743818776189,182293,611557192,3.3548034866944971,10,0,1720,88,552,0,992,176,0.75824175824175821,0,19,2
test__score_variant__reference_half_life_1p351__seed_0027,full,test,score_variant,reference_half_life_1p351,27,27,0,47.8238303,v6,70,0.29999999999999999,21,mixedhard,27,60,0.10000000000000001,1,reference,0,0,0.050000000000000003,0.497,0.95000000000012663,1.3513407334,5,10,300,2,2,0.5,0.02,320,55687,301966,0,97492,94067,94067,1040,910,925,130,1888,751,0,862,174,0.81189189189189193,0,1,0.89618138424821003,306,445,922,114,0.72857142857142854,0.32553035844915873,0.40745672436750996,0.52263023057216051,0,862,0,505,445,32,31,456,0,862,469,0.49297297297297299,0,1,0.66039102099927594,370,32,547,0,862,378,0.59135135135135131,0,1,0.74320652173913049,271,276,1091,149,0.64523809523809528,0.20190197512801755,0.49542961608775138,0.5604963805584281,0.49000001000000104,0.81189189189189193,0.93490562488242301,0.73475546034068351,127.72325865100444,101480,1.2586052291190821,101480,215924,0.46998017821085197,208160,685618659,3.2937099298616448,10,0,1787,101,751,0,862,174,0.81189189189189193,0,31,3
test__score_variant__reference_half_life_1p351__seed_0028,full,test,score_variant,reference_half_life_1p351,28,28,0,54.6518948,v6,70,0.29999999999999999,21,mixedhard,28,60,0.10000000000000001,1,reference,0,0,0.050000000000000003,0.497,0.95000000000012663,1.3513407334,5,10,300,2,2,0.5,0.02,320,55680,274700,0,82525,79529,79529,806,730,738,76,1880,544,0,1052,194,0.73712737127371275,0,1,0.84867394695787834,316,228,1107,139,0.69450549450549448,0.17078651685393259,0.58088235294117652,0.63263263263263259,0,1052,0,283,228,20,20,301,0,1052,437,0.40785907859078591,0,1,0.57940327237728584,179,18,424,0,1052,314,0.57452574525745259,0,1,0.72977624784853701,279,145,1190,176,0.61318681318681323,0.10861423220973783,0.65801886792452835,0.6348122866894198,0.68497392949999814,0.73712737127371275,0.89334935649736724,0.78881837263859733,120.83948949200096,102727,1.1763167374886929,102727,224801,0.4569686077908906,194027,678574069,3.4973177392837078,10,0,1790,90,544,0,1052,194,0.73712737127371275,0,15,2
test__score_variant__reference_half_life_1p351__seed_0029,full,test,score_variant,reference_half_life_1p351,29,29,0,51.4242045,v6,70,0.29999999999999999,21,mixedhard,29,60,0.10000000000000001,1,reference,0,0,0.050000000000000003,0.497,0.95000000000012663,1.3513407334,5,10,300,2,2,0.5,0.02,320,55683,306573,0,111650,108559,108559,871,773,780,98,1875,576,0,1004,204,0.7384615384615385,0,1,0.84955752212389379,253,323,1050,158,0.61557177615571779,0.23525127458120904,0.4392361111111111,0.51266464032421477,0,1004,0,369,323,27,27,340,0,1004,440,0.4358974358974359,0,1,0.6071428571428571,270,27,426,0,1004,354,0.5461538461538461,0,1,0.70646766169154229,231,195,1178,180,0.56204379562043794,0.14202476329206118,0.54225352112676062,0.55197132616487454,0.49999990400000272,0.7384615384615385,0.893684237409337,0.70855196587648839,118.55670196799812,95813,1.2373759507373543,95813,218591,0.43832088237850597,215647,752913388,3.4914160085695602,10,0,1784,91,575,0,1004,205,0.73717948717948723,0,12,2
test__score_variant__reference_half_life_1p351__seed_0030,full,test,score_variant,reference_half_life_1p351,30,30,0,52.6310141,v6,70,0.29999999999999999,21,mixedhard,30,60,0.10000000000000001,1,reference,0,0,0.050000000000000003,0.497,0.95000000000012663,1.3513407334,5,10,300,2,2,0.5,0.02,320,55687,278755,0,91547,88908,88908,797,713,721,84,1694,489,0,931,232,0.67822468793342583,0,1,0.80826446280991737,273,216,1004,159,0.63194444444444442,0.17704918032786884,0.55828220858895705,0.59283387622149841,0,931,0,289,216,25,24,237,0,931,484,0.3287101248266297,0,1,0.49478079331941544,179,24,410,0,931,311,0.56865464632454921,0,1,0.72502210433244918,253,157,1063,179,0.58564814814814814,0.12868852459016394,0.61707317073170731,0.60095011876484561,0.59999988699999562,0.67822468793342583,0.87860874695158742,0.75267721615057681,119.77123804299671,97678,1.2261843817747775,97678,200398,0.48742003413207718,197001,708579492,3.5968319551677403,10,0,1652,42,489,0,931,232,0.67822468793342583,0,10,3
test__score_variant__reference_no_forgetting__seed_0001,full,test,score_variant,reference_no_forgetting,1,1,0,50.6884946,v6,70,0.29999999999999999,21,mixedhard,1,60,0.10000000000000001,1,reference,0,0,0.050000000000000003,0.497,1,-1,5,10,300,2,2,0.5,0.02,320,55688,263799,0,71347,68128,68128,1138,969,983,169,1855,761,0,789,222,0.77416073245167849,0,1,0.87270642201834858,293,468,890,121,0.70772946859903385,0.34462444771723122,0.38501971090670173,0.49872340425531914,0,789,0,569,468,31,31,534,0,789,449,0.54323499491353,0,1,0.70402109426499671,416,31,761,0,789,222,0.77416073245167849,0,1,0.87270642201834858,293,468,890,121,0.70772946859903385,0.34462444771723122,0.38501971090670173,0.49872340425531914,0.30118193700000084,0.77416073245167849,0.93082400813835198,0.69561126407831919,120.2985660589991,99387,1.2104054459738105,99387,205967,0.48253846489971697,179383,586352112,3.2687161659689044,10,0,1772,83,760,0,789,223,0.77314343845371314,0,13,3
test__score_variant__reference_no_forgetting__seed_0002,full,test,score_variant,reference_no_forgetting,2,2,0,52.4426717,v6,70,0.29999999999999999,21,mixedhard,2,60,0.10000000000000001,1,reference,0,0,0.050000000000000003,0.497,1,-1,5,10,300,2,2,0.5,0.02,320,55689,275460,0,98037,94262,94262,990,868,877,122,1836,650,0,878,227,0.74116305587229192,0,1,0.85134250163719716,317,333,968,137,0.69823788546255505,0.25595695618754805,0.4876923076923077,0.57427536231884058,0,878,0,423,333,28,25,412,0,878,465,0.46978335233751423,0,1,0.63925523661753292,295,24,650,0,878,227,0.74116305587229192,0,1,0.85134250163719716,317,333,968,137,0.69823788546255505,0.25595695618754805,0.4876923076923077,0.57427536231884058,0.59999989049999769,0.74116305587229192,0.90992018244013684,0.73390597541030789,112.47077079899429,93164,1.2072342406830352,93164,198754,0.46874025176851786,199527,694054125,3.4784972710460238,10,0,1755,81,649,0,878,228,0.74002280501710371,0,5,1
test__score_variant__reference_no_forgetting__seed_0003,full,test,score_variant,reference_no_forgetting,3,3,0,54.6673542,v6,70,0.29999999999999999,21,mixedhard,3,60,0.10000000000000001,1,reference,0,0,0.050000000000000003,0.497,1,-1,5,10,300,2,2,0.5,0.02,320,55681,296345,0,95711,91102,91096,979,887,897,92,1911,712,0,890,185,0.79375696767001114,0,1,0.88502175264139216,318,394,960,115,0.73441108545034639,0.29098966026587886,0.44662921348314605,0.55545851528384282,0,889,0,465,394,27,27,405,0,890,492,0.451505016722408,0,1,0.62211981566820274,341,27,712,0,890,185,0.79375696767001114,0,1,0.88502175264139216,318,394,960,115,0.73441108545034639,0.29098966026587886,0.44662921348314605,0.55545851528384282,0.40000000450000073,0.79375696767001114,0.92419175027870681,0.74185460239270518,126.39507639300011,103064,1.2263746448129327,103064,220015,0.46844078812808215,209664,703900305,3.3572778588598902,10,0,1787,124,711,0,890,186,0.79264214046822745,0,9,2
test__score_variant__reference_no_forgetting__seed_0004,full,test,score_variant,reference_no_forgetting,4,4,0,50.7335687,v6,70,0.29999999999999999,21,mixedhard,4,60,0.10000000000000001,1,reference,0,0,0.050000000000000003,0.497,1,-1,5,10,300,2,2,0.5,0.02,320,55684,333063,0,120304,116355,116355,1150,966,973,184,1968,800,0,890,173,0.8221993833504625,0,1,0.90242526790750144,337,463,946,117,0.74229074889867841,0.32860184528034064,0.42125000000000001,0.53748006379585322,0,890,0,519,463,29,29,548,0,890,425,0.56320657759506676,0,1,0.72057856673241294,380,29,800,0,890,173,0.8221993833504625,0,1,0.90242526790750144,337,463,946,117,0.74229074889867841,0.32860184528034064,0.42125000000000001,0.53748006379585322,0.30024020450000322,0.8221993833504625,0.93782117163412126,0.74075562072641887,115.34285290000444,97130,1.1875100679502157,97130,216161,0.44934100045799197,226746,776002130,3.4223409894772128,10,0,1863,105,800,0,890,173,0.8221993833504625,0,24,3
test__score_variant__reference_no_forgetting__seed_0005,full,test,score_variant,reference_no_forgetting,5,5,0,52.8497115,v6,70,0.29999999999999999,21,mixedhard,5,60,0.10000000000000001,1,reference,0,0,0.050000000000000003,0.497,1,-1,5,10,300,2,2,0.5,0.02,320,55691,278381,0,88216,84593,84593,1087,912,920,175,1816,700,0,791,220,0.76086956521739135,0,1,0.86419753086419748,290,410,881,130,0.69047619047619047,0.31758326878388848,0.41428571428571431,0.5178571428571429,0,791,0,500,410,35,35,418,0,791,502,0.45434782608695651,0,1,0.62481315396113601,305,31,700,0,791,220,0.76086956521739135,0,1,0.86419753086419748,290,410,881,130,0.69047619047619047,0.31758326878388848,0.41428571428571431,0.5178571428571429,0.39999993350000018,0.76086956521739135,0.92173913043478262,0.71576113016856624,101.39944763999523,85825,1.1814674936206844,85825,188577,0.45511912905603547,183539,612118682,3.3350878123995442,10,0,1711,105,700,0,791,220,0.76086956521739135,0,16,2
test__score_variant__reference_no_forgetting__seed_0006,full,test,score_variant,reference_no_forgetting,6,6,0,51.101654,v6,70,0.29999999999999999,21,mixedhard,6,60,0.10000000000000001,1,reference,0,0,0.050000000000000003,0.497,1,-1,5,10,300,2,2,0.5,0.02,320,55678,310064,0,102850,99694,99694,890,801,810,89,1781,618,0,910,192,0.76296296296296295,0,1,0.86554621848739499,293,325,950,152,0.65842696629213482,0.25490196078431371,0.47411003236245952,0.55126999059266224,0,910,0,365,325,30,30,346,0,910,464,0.42716049382716048,0,1,0.59861591695501726,260,30,618,0,910,192,0.76296296296296295,0,1,0.86554621848739499,293,325,950,152,0.65842696629213482,0.25490196078431371,0.47411003236245952,0.55126999059266224,0.39999994399999927,0.76296296296296295,0.90370370370370368,0.72562679004185948,116.71208473400513,95591,1.2209526496637249,95591,206543,0.46281403872317145,206568,686009053,3.3209841456566358,10,0,1720,61,618,0,910,192,0.76296296296296295,0,19,2
test__score_variant__reference_no_forgetting__seed_0007,full,test,score_variant,reference_no_forgetting,7,7,0,53.9958802,v6,70,0.29999999999999999,21,mixedhard,7,60,0.10000000000000001,1,reference,0,0,0.050000000000000003,0.497,1,-1,5,10,300,2,2,0.5,0.02,320,55689,274506,0,89836,86494,86494,945,826,840,119,1869,642,0,966,198,0.76428571428571423,0,1,0.8663967611336032,348,294,1018,146,0.70445344129554655,0.22408536585365854,0.54205607476635509,0.61267605633802813,0,966,0,346,294,27,27,368,0,966,472,0.43809523809523809,0,1,0.60927152317880795,274,27,642,0,966,198,0.76428571428571423,0,1,0.8663967611336032,348,294,1018,146,0.70445344129554655,0.22408536585365854,0.54205607476635509,0.61267605633802813,0.54994149149999938,0.76428571428571423,0.90773809523809523,0.76265413622000588,117.97374124499666,94207,1.2522821153947865,94207,216852,0.43442993377972072,191824,619432345,3.2291702028943194,10,0,1806,63,642,0,966,198,0.76428571428571423,0,30,2
test__score_variant__reference_no_forgetting__seed_0008,full,test,score_variant,reference_no_forgetting,8,8,0,55.8856771,v6,70,0.29999999999999999,21,mixedhard,8,60,0.10000000000000001,1,reference,0,0,0.050000000000000003,0.497,1,-1,5,10,300,2,2,0.5,0.02,320,55681,298226,0,97179,94061,94061,971,838,849,133,1865,685,0,957,164,0.806831566548881,0,1,0.89308996088657111,426,259,1008,113,0.79035250463821893,0.20441988950276244,0.62189781021897805,0.69607843137254899,0,957,0,310,259,20,20,384,0,957,465,0.45229681978798586,0,1,0.62287104622871048,195,20,685,0,957,164,0.806831566548881,0,1,0.89308996088657111,426,259,1008,113,0.79035250463821893,0.20441988950276244,0.62189781021897805,0.69607843137254899,0.89999985700000096,0.806831566548881,0.93639575971731448,0.82133009622016273,119.27751195999639,99779,1.1954169911504062,99779,208866,0.47771777120258924,205097,699529446,3.4107249057762909,10,0,1806,59,683,0,957,166,0.80447585394581866,0,29,2
test__score_variant__reference_no_forgetting__seed_0009,full,test,score_variant,reference_no_forgetting,9,9,0,53.2685572,v6,70,0.29999999999999999,21,mixedhard,9,60,0.10000000000000001,1,reference,0,0,0.050000000000000003,0.497,1,-1,5,10,300,2,2,0.5,0.02,320,55689,295461,0,103325,99343,99343,978,878,887,100,1902,676,0,932,211,0.76211950394588501,0,1,0.8650031989763276,358,318,1006,137,0.72323232323232323,0.24018126888217523,0.52958579881656809,0.61144321093082832,0,932,0,392,318,29,29,385,0,932,502,0.43404735062006766,0,1,0.60534591194968557,240,28,676,0,932,211,0.76211950394588501,0,1,0.8650031989763276,358,318,1006,137,0.72323232323232323,0.24018126888217523,0.52958579881656809,0.61144321093082832,0.5999998884999993,0.76211950394588501,0.91713641488162345,0.77014861607006624,107.92099061899833,90823,1.1882561754070922,90823,192214,0.4725098067778622,203755,696732413,3.4194616721062063,10,0,1819,83,676,0,932,211,0.76211950394588501,0,17,2
test__score_variant__reference_no_forgetting__seed_0010,full,test,score_variant,reference_no_forgetting,10,10,0,46.8988577,v6,70,0.29999999999999999,21,mixedhard,10,60,0.10000000000000001,1,reference,0,0,0.050000000000000003,0.497,1,-1,5,10,300,2,2,0.5,0.02,320,55689,254074,0,80974,77900,77900,776,702,710,74,1675,484,0,891,226,0.6816901408450704,0,1,0.81072026800670016,245,239,975,142,0.63307493540051685,0.19686985172981877,0.50619834710743805,0.5625717566016073,0,891,0,323,239,24,23,256,0,891,454,0.36056338028169016,0,1,0.53002070393374745,202,21,484,0,891,226,0.6816901408450704,0,1,0.81072026800670016,245,239,975,142,0.63307493540051685,0.19686985172981877,0.50619834710743805,0.5625717566016073,0.59999991200000125,0.6816901408450704,0.87042253521126756,0.72257235780663998,111.13393825199728,93379,1.1901384492444478,93379,195645,0.47728794500242788,181380,576331556,3.1774812879038481,10,0,1601,74,484,0,891,226,0.6816901408450704,0,20,3
test__score_variant__reference_no_forgetting__seed_0011,full,test,score_variant,reference_no_forgetting,11,11,0,54.9699489,v6,70,0.29999999999999999,21,mixedhard,11,60,0.10000000000000001,1,reference,0,0,0.050000000000000003,0.497,1,-1,5,10,300,2,2,0.5,0.02,320,55685,308830,0,110858,106361,106361,1175,1013,1019,162,1934,873,0,806,146,0.85672227674190382,0,1,0.92283298097251587,364,509,863,89,0.80353200883002207,0.37099125364431484,0.41695303550973656,0.5490196078431373,0,806,0,566,509,34,34,577,0,806,442,0.5662414131501472,0,1,0.72305764411027573,395,34,873,0,806,146,0.85672227674190382,0,1,0.92283298097251587,364,509,863,89,0.80353200883002207,0.37099125364431484,0.41695303550973656,0.5490196078431373,0.20999999500000044,0.85672227674190382,0.95387634936211974,0.74621248688690234,113.10840016300105,91485,1.2363600608077943,91485,205616,0.4449313283012995,213325,732660473,3.4344801265674443,10,0,1825,109,873,0,806,146,0.85672227674190382,0,10,3
test__score_variant__reference_no_forgetting__seed_0012,full,test,score_variant,reference_no_forgetting,12,12,0,50.577157,v6,70,0.29999999999999999,21,mixedhard,12,60,0.10000000000000001,1,reference,0,0,0.050000000000000003,0.497,1,-1,5,10,300,2,2,0.5,0.02,320,55681,290063,0,96391,92939,92939,1001,876,888,125,1953,631,0,997,257,0.7105855855855856,0,1,0.83080974325213952,315,316,1080,174,0.64417177914110424,0.22636103151862463,0.49920760697305866,0.5625,0,997,0,399,316,28,28,344,0,997,544,0.38738738738738737,0,1,0.55844155844155841,263,28,631,0,997,257,0.7105855855855856,0,1,0.83080974325213952,315,316,1080,174,0.64417177914110424,0.22636103151862463,0.49920760697305866,0.5625,0.69998698300000228,0.7105855855855856,0.88513513513513509,0.72089771535383007,119.82876549600053,100388,1.193656268637691,100388,212531,0.47234521081630443,205167,679743408,3.3131225197034611,10,0,1885,68,631,0,997,257,0.7105855855855856,0,27,3
test__score_variant__reference_no_forgetting__seed_0013,full,test,score_variant,reference_no_forgetting,13,13,0,51.5293213,v6,70,0.29999999999999999,21,mixedhard,13,60,0.10000000000000001,1,reference,0,0,0.050000000000000003,0.497,1,-1,5,10,300,2,2,0.5,0.02,320,55684,285980,0,85779,82683,82683,1000,884,890,116,2031,638,0,1044,252,0.71685393258426966,0,1,0.83507853403141363,287,351,1118,178,0.6172043010752688,0.23893805309734514,0.44984326018808779,0.52039891205802358,0,1044,0,425,351,31,31,337,0,1044,553,0.37865168539325844,0,1,0.54930725346373266,268,30,638,0,1044,252,0.71685393258426966,0,1,0.83507853403141363,287,351,1118,178,0.6172043010752688,0.23893805309734514,0.44984326018808779,0.52039891205802358,0.59999988599999998,0.71685393258426966,0.89831460674157304,0.71246477378364337,120.72103994100266,99344,1.2151819932859826,99344,221972,0.44755194348836791,193326,645388342,3.3383421888416454,10,0,1934,97,637,0,1044,253,0.71573033707865163,0,18,3
test__score_variant__reference_no_forgetting__seed_0014,full,test,score_variant,reference_no_forgetting,14,14,0,58.5403287,v6,70,0.29999999999999999,21,mixedhard,14,60,0.10000000000000001,1,reference,0,0,0.050000000000000003,0.497,1,-1,5,10,300,2,2,0.5,0.02,320,55688,318653,0,112756,108678,108678,938,842,848,96,1883,643,0,934,205,0.75825471698113212,0,1,0.86250838363514415,303,340,985,154,0.66301969365426694,0.25660377358490566,0.47122861586314152,0.5509090909090909,0,934,0,391,340,26,26,410,0,934,438,0.48349056603773582,0,1,0.65182829888712246,292,26,643,0,934,205,0.75825471698113212,0,1,0.86250838363514415,303,340,985,154,0.66301969365426694,0.25660377358490566,0.47122861586314152,0.5509090909090909,0.59999988999999943,0.75825471698113212,0.90035377358490565,0.72575946492712939,118.17854844700142,94205,1.254482760437359,94205,210245,0.44807248686056744,217108,776128717,3.5748508438196658,10,0,1782,101,643,0,934,205,0.75825471698113212,0,54,3
test__score_variant__reference_no_forgetting__seed_0015,full,test,score_variant,reference_no_forgetting,15,15,0,54.6626417,v6,70,0.29999999999999999,21,mixedhard,15,60,0.10000000000000001,1,reference,0,0,0.050000000000000003,0.497,1,-1,5,10,300,2,2,0.5,0.02,320,55684,313010,0,105918,102329,102325,774,698,715,76,1776,582,0,999,133,0.813986013986014,0,1,0.89745566692366996,351,231,1039,93,0.79054054054054057,0.18188976377952756,0.60309278350515461,0.68421052631578949,0,998,0,272,231,17,17,324,0,999,391,0.45314685314685316,0,1,0.62367661212704528,193,17,582,0,999,133,0.813986013986014,0,1,0.89745566692366996,351,231,1039,93,0.79054054054054057,0.18188976377952756,0.60309278350515461,0.68421052631578949,0.70369439199999917,0.813986013986014,0.93146853146853148,0.82792438107398736,129.65169036299889,107861,1.2020256660238537,107861,225047,0.47928210551573669,222885,782129757,3.5091179621778048,10,0,1714,62,582,0,999,133,0.813986013986014,0,31,3
test__score_variant__reference_no_forgetting__seed_0016,full,test,score_variant,reference_no_forgetting,16,16,0,56.6278493,v6,70,0.29999999999999999,21,mixedhard,16,60,0.10000000000000001,1,reference,0,0,0.050000000000000003,0.497,1,-1,5,10,300,2,2,0.5,0.02,320,55694,330555,0,127150,123114,123114,1052,924,931,128,2032,705,0,1002,226,0.757250268528464,0,1,0.86185819070904646,332,373,1075,153,0.68453608247422681,0.25759668508287292,0.47092198581560285,0.55798319327731094,0,1000,0,448,373,30,30,359,0,1002,572,0.38560687432867885,0,1,0.55658914728682174,287,29,705,0,1002,226,0.757250268528464,0,1,0.86185819070904646,332,373,1075,153,0.68453608247422681,0.25759668508287292,0.47092198581560285,0.55798319327731094,0.69999987299999944,0.757250268528464,0.91299677765843179,0.73083314347553685,141.63027357499763,103468,1.3688316539896164,103468,222225,0.46560017999775005,239524,856726718,3.5767886224344951,10,0,1933,99,705,0,1002,226,0.757250268528464,0,29,5
test__score_variant__reference_no_forgetting__seed_0017,full,test,score_variant,reference_no_forgetting,17,17,0,57.048409,v6,70,0.29999999999999999,21,mixedhard,17,60,0.10000000000000001,1,reference,0,0,0.050000000000000003,0.497,1,-1,5,10,300,2,2,0.5,0.02,320,55693,300745,0,100344,97166,97166,971,815,829,156,1791,633,0,871,196,0.7635705669481303,0,1,0.86593707250342,288,345,944,123,0.7007299270072993,0.26764934057408846,0.45497630331753552,0.55172413793103448,0,871,0,418,345,30,29,437,0,871,392,0.52714113389626061,0,1,0.69036334913112163,333,30,633,0,871,196,0.7635705669481303,0,1,0.86593707250342,288,345,944,123,0.7007299270072993,0.26764934057408846,0.45497630331753552,0.55172413793103448,0.59999997999999977,0.7635705669481303,0.91676718938480095,0.72997514057748614,126.78516088700518,104698,1.2109606762975909,104698,213901,0.489469427445407,213857,761979617,3.5630333213315439,10,0,1700,91,633,0,871,196,0.7635705669481303,0,25,3
test__score_variant__reference_no_forgetting__seed_0018,full,test,score_variant,reference_no_forgetting,18,18,0,53.6708945,v6,70,0.29999999999999999,21,mixedhard,18,60,0.10000000000000001,1,reference,0,0,0.050000000000000003,0.497,1,-1,5,10,300,2,2,0.5,0.02,320,55682,287606,0,101201,98131,98131,822,753,766,69,1919,564,0,1068,202,0.73629242819843344,0,1,0.84812030075187972,345,219,1143,127,0.73093220338983056,0.16079295154185022,0.61170212765957444,0.66602316602316602,0,1068,0,294,219,17,17,299,0,1068,467,0.39033942558746737,0,1,0.56150234741784033,196,17,564,0,1068,202,0.73629242819843344,0,1,0.84812030075187972,345,219,1143,127,0.73093220338983056,0.16079295154185022,0.61170212765957444,0.66602316602316602,0.80000006349999886,0.73629242819843344,0.89751958224543082,0.80455197366783648,116.00822278600265,93671,1.2384646559340953,93671,210674,0.44462534532025783,202680,693707960,3.4226759423722122,10,0,1834,85,564,0,1068,202,0.73629242819843344,0,20,4
test__score_variant__reference_no_forgetting__seed_0019,full,test,score_variant,reference_no_forgetting,19,19,0,43.3798332,v6,70,0.29999999999999999,21,mixedhard,19,60,0.10000000000000001,1,reference,0,0,0.050000000000000003,0.497,1,-1,5,10,300,2,2,0.5,0.02,320,55684,263345,0,85606,82533,82533,1113,941,952,172,1838,736,0,822,216,0.77310924369747902,0,1,0.87203791469194314,281,455,886,152,0.64896073903002305,0.33929903057419836,0.38179347826086957,0.48075278015397777,0,822,0,519,455,36,36,511,0,822,441,0.53676470588235292,0,1,0.69856459330143539,415,36,736,0,822,216,0.77310924369747902,0,1,0.87203791469194314,281,455,886,152,0.64896073903002305,0.33929903057419836,0.38179347826086957,0.48075278015397777,0.2999999975000005,0.77310924369747902,0.91806722689075626,0.68268656150919738,111.66343888399913,94201,1.1853742410802341,94201,203789,0.46224771700140832,187130,584526782,3.1236401539037035,10,0,1774,64,734,0,822,218,0.77100840336134457,0,6,1
test__score_variant__reference_no_forgetting__seed_0020,full,test,score_variant,reference_no_forgetting,20,20,0,53.2427832,v6,70,0.29999999999999999,21,mixedhard,20,60,0.10000000000000001,1,reference,0,0,0.050000000000000003,0.497,1,-1,5,10,300,2,2,0.5,0.02,320,55684,289695,0,83282,80565,80565,782,714,722,68,1805,608,0,1021,114,0.84210526315789469,0,1,0.91428571428571426,349,259,1050,85,0.80414746543778803,0.19786096256684493,0.57401315789473684,0.66986564299424189,0,1021,0,288,259,15,15,411,0,1021,311,0.56925207756232687,0,1,0.72550750220653137,230,15,608,0,1021,114,0.84210526315789469,0,1,0.91428571428571426,349,259,1050,85,0.80414746543778803,0.19786096256684493,0.57401315789473684,0.66986564299424189,0.49999999499999959,0.84210526315789469,0.93628808864265933,0.81523606510052704,127.87360349699532,107601,1.1884053447179423,107601,225640,0.47687023577379895,199072,667136504,3.3512322375823822,10,0,1743,62,608,0,1021,114,0.84210526315789469,0,15,4
test__score_variant__reference_no_forgetting__seed_0021,full,test,score_variant,reference_no_forgetting,21,21,0,59.0735028,v6,70,0.29999999999999999,21,mixedhard,21,60,0.10000000000000001,1,reference,0,0,0.050000000000000003,0.497,1,-1,5,10,300,2,2,0.5,0.02,320,55683,339182,0,123794,119809,119809,937,830,846,107,1912,677,0,936,169,0.80023640661938533,0,1,0.88903479973736044,352,325,998,107,0.76688453159041392,0.24565381708238851,0.51994091580502211,0.61971830985915488,0,932,0,391,325,26,26,433,0,936,413,0.51182033096926716,0,1,0.67709147771696643,270,26,677,0,936,169,0.80023640661938533,0,1,0.88903479973736044,352,325,998,107,0.76688453159041392,0.24565381708238851,0.51994091580502211,0.61971830985915488,0.60000000500000006,0.80023640661938533,0.92730496453900713,0.78225117207376782,130.26949696098973,103584,1.2576218041491904,103584,222038,0.46651474072005694,238075,832114526,3.4951780993384438,10,0,1782,130,677,0,936,169,0.80023640661938533,0,23,3
test__score_variant__reference_no_forgetting__seed_0022,full,test,score_variant,reference_no_forgetting,22,22,0,57.2465547,v6,70,0.29999999999999999,21,mixedhard,22,60,0.10000000000000001,1,reference,0,0,0.050000000000000003,0.497,1,-1,5,10,300,2,2,0.5,0.02,320,55692,307115,0,99384,95715,95715,1273,1112,1122,161,2076,916,0,862,206,0.81639928698752229,0,1,0.89892051030421982,372,544,944,124,0.75,0.36559139784946237,0.40611353711790393,0.52691218130311612,0,860,0,628,544,36,35,585,0,862,537,0.52139037433155078,0,1,0.68541300527240778,403,34,916,0,862,206,0.81639928698752229,0,1,0.89892051030421982,372,544,944,124,0.75,0.36559139784946237,0.40611353711790393,0.52691218130311612,0.59999988949999938,0.81639928698752229,0.94251336898395721,0.72702859434616718,119.63975703399498,96686,1.2374051779367745,96686,219065,0.44135758793052288,204972,693826483,3.384981768241516,10,0,1984,92,916,0,862,206,0.81639928698752229,0,21,3
test__score_variant__reference_no_forgetting__seed_0023,full,test,score_variant,reference_no_forgetting,23,23,0,52.1547207,v6,70,0.29999999999999999,21,mixedhard,23,60,0.10000000000000001,1,reference,0,0,0.050000000000000003,0.497,1,-1,5,10,300,2,2,0.5,0.02,320,55693,290861,0,108739,105632,105632,1004,855,867,149,1906,721,0,974,146,0.83160322952710497,0,1,0.90806045340050379,364,357,1024,96,0.79130434782608694,0.25850832729905865,0.50485436893203883,0.61642675698560545,0,974,0,407,357,29,28,387,0,974,480,0.44636678200692043,0,1,0.61722488038277512,254,28,721,0,974,146,0.83160322952710497,0,1,0.90806045340050379,364,357,1024,96,0.79130434782608694,0.25850832729905865,0.50485436893203883,0.61642675698560545,0.60000001699999927,0.83160322952710497,0.94290657439446368,0.80193542801372664,121.18218503799559,95809,1.2648309139850704,95809,215198,0.44521324547625907,212089,723392403,3.4107964250856955,10,0,1841,65,721,0,974,146,0.83160322952710497,0,21,1
test__score_variant__reference_no_forgetting__seed_0024,full,test,score_variant,reference_no_forgetting,24,24,0,55.97865,v6,70,0.29999999999999999,21,mixedhard,24,60,0.10000000000000001,1,reference,0,0,0.050000000000000003,0.497,1,-1,5,10,300,2,2,0.5,0.02,320,55681,311475,0,98848,95317,95317,1019,884,896,135,1829,705,0,829,191,0.7868303571428571,0,1,0.88069956277326666,316,389,914,106,0.74881516587677721,0.29854182655410588,0.44822695035460991,0.56078083407275958,0,829,0,474,389,34,34,453,0,829,443,0.5055803571428571,0,1,0.67160859896219427,333,33,705,0,829,191,0.7868303571428571,0,1,0.88069956277326666,316,389,914,106,0.74881516587677721,0.29854182655410588,0.44822695035460991,0.56078083407275958,0.69999986099999845,0.7868303571428571,0.9252232142857143,0.7469774454139736,117.66177011499886,98722,1.1918495382488083,98722,205109,0.4813148130993764,206209,700036618,3.3947917792142919,10,0,1725,104,705,0,829,191,0.7868303571428571,0,25,3
test__score_variant__reference_no_forgetting__seed_0025,full,test,score_variant,reference_no_forgetting,25,25,0,49.6813387,v6,70,0.29999999999999999,21,mixedhard,25,60,0.10000000000000001,1,reference,0,0,0.050000000000000003,0.497,1,-1,5,10,300,2,2,0.5,0.02,320,55684,297319,0,83572,79132,79132,970,879,885,91,1899,715,0,917,170,0.80790960451977401,0,1,0.89375000000000004,306,409,959,128,0.70506912442396308,0.29897660818713451,0.42797202797202799,0.53263707571801566,0,917,0,451,409,26,26,430,0,917,455,0.48587570621468928,0,1,0.6539923954372624,379,26,715,0,917,170,0.80790960451977401,0,1,0.89375000000000004,306,409,959,128,0.70506912442396308,0.29897660818713451,0.42797202797202799,0.53263707571801566,0.041219641999999723,0.80790960451977401,0.92598870056497173,0.71795837038833643,130.80305366800644,110700,1.1815994007949995,110700,229412,0.48253796662772652,203758,645189890,3.1664518202966265,10,0,1802,97,714,0,917,171,0.8067796610169492,0,23,4
test__score_variant__reference_no_forgetting__seed_0026,full,test,score_variant,reference_no_forgetting,26,26,0,35.1135177,v6,70,0.29999999999999999,21,mixedhard,26,60,0.10000000000000001,1,reference,0,0,0.050000000000000003,0.497,1,-1,5,10,300,2,2,0.5,0.02,320,55681,254522,0,76840,74463,74463,816,716,728,100,1808,557,0,992,171,0.76510989010989006,0,1,0.86692607003891053,264,293,1028,135,0.66165413533834583,0.22180166540499621,0.47396768402154399,0.55230125523012552,0,992,0,329,293,27,26,365,0,992,363,0.50137362637362637,0,1,0.66788655077767611,265,25,557,0,992,171,0.76510989010989006,0,1,0.86692607003891053,264,293,1028,135,0.66165413533834583,0.22180166540499621,0.47396768402154399,0.55230125523012552,0.49999990299999553,0.76510989010989006,0.90659340659340659,0.73826883636039375,115.93169715799678,97205,1.1926515833341576,97205,217190,0.44755743818776189,182293,488784747,2.6813138573615007,10,0,1720,88,556,0,992,172,0.76373626373626369,0,19,2
test__score_variant__reference_no_forgetting__seed_0027,full,test,score_variant,reference_no_forgetting,27,27,0,56.0669669,v6,70,0.29999999999999999,21,mixedhard,27,60,0.10000000000000001,1,reference,0,0,0.050000000000000003,0.497,1,-1,5,10,300,2,2,0.5,0.02,320,55687,301966,0,97492,94067,94067,1040,910,925,130,1888,753,0,862,172,0.81405405405405407,0,1,0.89749702026221689,306,447,920,114,0.72857142857142854,0.32699341623994149,0.4063745019920319,0.52173913043478259,0,862,0,505,447,32,31,456,0,862,469,0.49297297297297299,0,1,0.66039102099927594,370,32,753,0,862,172,0.81405405405405407,0,1,0.89749702026221689,306,447,920,114,0.72857142857142854,0.32699341623994149,0.4063745019920319,0.52173913043478259,0.49990881600000137,0.81405405405405407,0.93351351351351353,0.72132145469746056,127.72325865100444,101480,1.2586052291190821,101480,215924,0.46998017821085197,208160,717884244,3.4487137009992312,10,0,1787,101,753,0,862,172,0.81405405405405407,0,31,3
test__score_variant__reference_no_forgetting__seed_0028,full,test,score_variant,reference_no_forgetting,28,28,0,56.0560099,v6,70,0.29999999999999999,21,mixedhard,28,60,0.10000000000000001,1,reference,0,0,0.050000000000000003,0.497,1,-1,5,10,300,2,2,0.5,0.02,320,55680,274700,0,82525,79529,79529,806,730,738,76,1880,551,0,1052,187,0.74661246612466126,0,1,0.85492629945694332,322,229,1106,133,0.70769230769230773,0.17153558052434456,0.58439201451905631,0.64015904572564608,0,1052,0,283,229,20,20,301,0,1052,437,0.40785907859078591,0,1,0.57940327237728584,179,18,551,0,1052,187,0.74661246612466126,0,1,0.85492629945694332,322,229,1106,133,0.70769230769230773,0.17153558052434456,0.58439201451905631,0.64015904572564608,0.69999987399999952,0.74661246612466126,0.89566395663956644,0.78211219492118367,120.83948949200096,102727,1.1763167374886929,102727,224801,0.4569686077908906,194027,676001014,3.484056414828864,10,0,1790,90,551,0,1052,187,0.74661246612466126,0,15,2
test__score_variant__reference_no_forgetting__seed_0029,full,test,score_variant,reference_no_forgetting,29,29,0,59.1645347,v6,70,0.29999999999999999,21,mixedhard,29,60,0.10000000000000001,1,reference,0,0,0.050000000000000003,0.497,1,-1,5,10,300,2,2,0.5,0.02,320,55683,306573,0,111650,108559,108559,871,773,780,98,1875,578,0,1004,202,0.74102564102564106,0,1,0.85125184094256257,253,325,1048,158,0.61557177615571779,0.23670793882010197,0.43771626297577854,0.51162790697674421,0,1004,0,369,325,27,27,340,0,1004,440,0.4358974358974359,0,1,0.6071428571428571,270,27,578,0,1004,202,0.74102564102564106,0,1,0.85125184094256257,253,325,1048,158,0.61557177615571779,0.23670793882010197,0.43771626297577854,0.51162790697674421,0.49999990650000115,0.74102564102564106,0.89230769230769236,0.70438399228783122,118.55670196799812,95813,1.2373759507373543,95813,218591,0.43832088237850597,215647,812817706,3.7692047930182198,10,0,1784,91,577,0,1004,203,0.73974358974358978,0,12,2
test__score_variant__reference_no_forgetting__seed_0030,full,test,score_variant,reference_no_forgetting,30,30,0,53.728402,v6,70,0.29999999999999999,21,mixedhard,30,60,0.10000000000000001,1,reference,0,0,0.050000000000000003,0.497,1,-1,5,10,300,2,2,0.5,0.02,320,55687,278755,0,91547,88908,88908,797,713,721,84,1694,492,0,931,229,0.68238557558945911,0,1,0.81121187139323991,273,219,1001,159,0.63194444444444442,0.17950819672131146,0.55487804878048785,0.59090909090909094,0,931,0,289,219,25,24,237,0,931,484,0.3287101248266297,0,1,0.49478079331941544,179,24,492,0,931,229,0.68238557558945911,0,1,0.81121187139323991,273,219,1001,159,0.63194444444444442,0.17950819672131146,0.55487804878048785,0.59090909090909094,0.59999989249999786,0.68238557558945911,0.87933425797503473,0.74959680479659985,119.77123804299671,97678,1.2261843817747775,97678,200398,0.48742003413207718,197001,687698563,3.4908379297567018,10,0,1652,42,492,0,931,229,0.68238557558945911,0,10,3
test__noise_misspecification__actual_4_assumed_2__seed_0001,full,test,noise_misspecification,actual_4_assumed_2,1,1,0,54.479921,v6,70,0.29999999999999999,21,mixedhard,1,60,0.10000000000000001,1,reference,0,0,0.050000000000000003,0.497,0.9799999999999881,3.43096184915,5,10,300,4,2,0.5,0.02,320,55688,263799,0,71347,68128,68128,1138,969,983,169,1855,760,16,773,223,0.77314343845371314,0.020278833967046894,0.97938144329896903,0.86412734508243316,293,483,875,121,0.70772946859903385,0.35567010309278352,0.37757731958762886,0.49243697478991599,16,773,0.020278833967046894,569,467,31,31,534,0,789,449,0.54323499491353,0,1,0.70402109426499671,416,31,652,0,789,331,0.66327568667344861,0,1,0.79755351681957187,273,379,979,141,0.65942028985507251,0.27908689248895435,0.41871165644171782,0.51219512195121952,0.34377777599999959,0.77009155645981686,0.91933529056056895,0.69239539533129857,120.2985660589991,99387,1.2104054459738105,99387,205967,0.48253846489971697,179383,628675177,3.5046530440454227,10,0,1772,83,759,8,781,224,0.77212614445574768,0.010139416983523447,21,7
test__noise_misspecification__actual_4_assumed_2__seed_0002,full,test,noise_misspecification,actual_4_assumed_2,2,2,0,41.2413738,v6,70,0.29999999999999999,21,mixedhard,2,60,0.10000000000000001,1,reference,0,0,0.050000000000000003,0.497,0.9799999999999881,3.43096184915,5,10,300,4,2,0.5,0.02,320,55689,275460,0,98037,94262,94262,990,868,877,122,1836,650,7,871,227,0.74116305587229192,0.007972665148063782,0.98934550989345504,0.84745762711864403,317,340,961,137,0.69823788546255505,0.26133743274404303,0.48249619482496192,0.57065706570657071,7,871,0.007972665148063782,423,333,28,25,412,0,878,465,0.46978335233751423,0,1,0.63925523661753292,295,24,585,1,877,292,0.66704675028506266,0.0011389521640091116,0.99829351535836175,0.7997265892002734,293,293,1008,161,0.64537444933920707,0.22521137586471945,0.5,0.56346153846153846,0.59999989099999773,0.74116305587229192,0.90262997950665325,0.73466784276412245,112.47077079899429,93164,1.2072342406830352,93164,198754,0.46874025176851786,199527,639349375,3.2043251038706542,10,0,1755,81,648,5,873,229,0.73888255416191562,0.0056947608200455585,5,2
test__noise_misspecification__actual_4_assumed_2__seed_0003,full,test,noise_misspecification,actual_4_assumed_2,3,3,0,60.3770197,v6,70,0.29999999999999999,21,mixedhard,3,60,0.10000000000000001,1,reference,0,0,0.050000000000000003,0.497,0.9799999999999881,3.43096184915,5,10,300,4,2,0.5,0.02,320,55681,296345,0,95711,91102,91096,979,887,897,92,1911,717,11,879,180,0.79933110367892979,0.012359550561797753,0.98489010989010994,0.88246153846153841,320,408,946,113,0.73903002309468824,0.30132939438700146,0.43956043956043955,0.55124892334194664,11,878,0.012373453318335208,465,397,27,27,405,0,890,492,0.451505016722408,0,1,0.62211981566820274,341,27,541,1,889,356,0.60312151616499443,0.0011235955056179776,0.99815498154981552,0.75191104933981934,289,253,1101,144,0.66743648960739033,0.18685376661742983,0.53321033210332103,0.59282051282051285,0.4000000679999971,0.79487179487179482,0.92104893966154344,0.74536400571738515,126.39507639300011,103064,1.2263746448129327,103064,220015,0.46844078812808215,209664,780846636,3.7242761561355309,10,0,1787,124,714,5,885,183,0.79598662207357862,0.0056179775280898875,9,4
test__noise_misspecification__actual_4_assumed_2__seed_0004,full,test,noise_misspecification,actual_4_assumed_2,4,4,0,73.619883,v6,70,0.29999999999999999,21,mixedhard,4,60,0.10000000000000001,1,reference,0,0,0.050000000000000003,0.497,0.9799999999999881,3.43096184915,5,10,300,4,2,0.5,0.02,320,55684,333063,0,120304,116355,116355,1150,966,973,184,1968,802,11,879,171,0.82425488180883866,0.012359550561797753,0.98646986469864695,0.89809630459126544,339,474,935,115,0.74669603524229078,0.33640880056777855,0.41697416974169743,0.53512233622730865,11,879,0.012359550561797753,519,463,29,29,548,0,890,425,0.56320657759506676,0,1,0.72057856673241294,380,29,662,0,890,311,0.68036998972250773,0,1,0.80978593272171251,317,345,1064,137,0.69823788546255505,0.24485450674237047,0.47885196374622357,0.56810035842293904,0.30578545600000329,0.8221993833504625,0.93719124219083805,0.75023605331365706,115.34285290000444,97130,1.1875100679502157,97130,216161,0.44934100045799197,226746,1034476602,4.5622705670662329,10,0,1863,105,802,7,883,171,0.82425488180883866,0.0078651685393258432,23,4
test__noise_misspecification__actual_4_assumed_2__seed_0005,full,test,noise_misspecification,actual_4_assumed_2,5,5,0,61.509843,v6,70,0.29999999999999999,21,mixedhard,5,60,0.10000000000000001,1,reference,0,0,0.050000000000000003,0.497,0.9799999999999881,3.43096184915,5,10,300,4,2,0.5,0.02,320,55691,278381,0,88216,84593,84593,1087,912,920,175,1816,702,11,780,218,0.7630434782608696,0.013906447534766119,0.98457223001402527,0.8597672994488671,292,421,870,128,0.69523809523809521,0.32610379550735863,0.40953716690042075,0.51544571932921446,11,780,0.013906447534766119,500,410,35,35,418,0,791,502,0.45434782608695651,0,1,0.62481315396113601,305,31,598,1,790,322,0.65000000000000002,0.0012642225031605564,0.998330550918197,0.7873601053324556,269,330,961,151,0.64047619047619042,0.25561580170410536,0.44908180300500833,0.52796859666339546,0.39999993350000018,0.7630434782608696,0.91625831363711319,0.71752517428350115,101.39944763999523,85825,1.1814674936206844,85825,188577,0.45511912905603547,183539,749215037,4.0820481587019657,10,0,1711,105,697,5,786,223,0.75760869565217392,0.006321112515802781,17,3
test__noise_misspecification__actual_4_assumed_2__seed_0006,full,test,noise_misspecification,actual_4_assumed_2,6,6,0,66.732012,v6,70,0.29999999999999999,21,mixedhard,6,60,0.10000000000000001,1,reference,0,0,0.050000000000000003,0.497,0.9799999999999881,3.43096184915,5,10,300,4,2,0.5,0.02,320,55678,310064,0,102850,99694,99694,890,801,810,89,1781,619,18,892,191,0.76419753086419751,0.019780219780219779,0.97174254317111464,0.85556323427781622,293,344,931,152,0.65842696629213482,0.26980392156862743,0.4599686028257457,0.54158964879852123,18,892,0.019780219780219779,365,326,30,30,346,0,910,464,0.42716049382716048,0,1,0.59861591695501726,260,30,514,2,908,296,0.63456790123456785,0.0021978021978021978,0.99612403100775193,0.77526395173453999,272,244,1031,173,0.61123595505617978,0.19137254901960785,0.52713178294573648,0.56607700312174813,0.39999994400000105,0.76419753086419751,0.90289716456383118,0.72572284644194751,116.71208473400513,95591,1.2209526496637249,95591,206543,0.46281403872317145,206568,858281465,4.1549584882460016,10,0,1720,61,616,12,898,194,0.76049382716049385,0.013186813186813187,22,4
test__noise_misspecification__actual_4_assumed_2__seed_0007,full,test,noise_misspecification,actual_4_assumed_2,7,7,0,65.998236,v6,70,0.29999999999999999,21,mixedhard,7,60,0.10000000000000001,1,reference,0,0,0.050000000000000003,0.497,0.9799999999999881,3.43096184915,5,10,300,4,2,0.5,0.02,320,55689,274506,0,89836,86494,86494,945,826,840,119,1869,642,14,952,198,0.76428571428571423,0.014492753623188406,0.97865853658536583,0.85828877005347592,348,308,1004,146,0.70445344129554655,0.2347560975609756,0.53048780487804881,0.60521739130434782,14,952,0.014492753623188406,346,294,27,27,368,0,966,472,0.43809523809523809,0,1,0.60927152317880795,274,27,566,0,966,274,0.67380952380952386,0,1,0.8051209103840683,333,233,1079,161,0.67408906882591091,0.17759146341463414,0.58833922261484095,0.6283018867924528,0.50000009999999939,0.76309523809523805,0.90096926451740111,0.76096774094006125,117.97374124499666,94207,1.2522821153947865,94207,216852,0.43442993377972072,191824,802908067,4.1856496945116364,10,0,1806,63,638,5,961,202,0.75952380952380949,0.005175983436853002,28,3
test__noise_misspecification__actual_4_assumed_2__seed_0008,full,test,noise_misspecification,actual_4_assumed_2,8,8,0,68.4053453,v6,70,0.29999999999999999,21,mixedhard,8,60,0.10000000000000001,1,reference,0,0,0.050000000000000003,0.497,0.9799999999999881,3.43096184915,5,10,300,4,2,0.5,0.02,320,55681,298226,0,97179,94061,94061,971,838,849,133,1865,692,12,945,157,0.81507656065959955,0.012539184952978056,0.98295454545454541,0.89117836445589182,432,272,995,107,0.80148423005565861,0.21468034727703236,0.61363636363636365,0.69509251810136763,12,945,0.012539184952978056,310,260,20,20,384,0,957,465,0.45229681978798586,0,1,0.62287104622871048,195,20,628,2,955,221,0.73969375736160192,0.0020898641588296763,0.99682539682539684,0.84922244759972954,405,225,1042,134,0.75139146567717996,0.17758484609313338,0.6428571428571429,0.69289991445680066,0.89999995000000066,0.8127208480565371,0.9290781582118246,0.81794752772315071,119.27751195999639,99779,1.1954169911504062,99779,208866,0.47771777120258924,205097,867047067,4.2274975596912681,10,0,1806,59,679,7,950,170,0.79976442873969378,0.0073145245559038665,28,2
test__noise_misspecification__actual_4_assumed_2__seed_0009,full,test,noise_misspecification,actual_4_assumed_2,9,9,0,64.9294929,v6,70,0.29999999999999999,21,mixedhard,9,60,0.10000000000000001,1,reference,0,0,0.050000000000000003,0.497,0.9799999999999881,3.43096184915,5,10,300,4,2,0.5,0.02,320,55689,295461,0,103325,99343,99343,978,878,887,100,1902,679,15,917,208,0.7655016910935738,0.016094420600858368,0.97838616714697402,0.8589500316255535,359,335,989,136,0.72525252525252526,0.25302114803625375,0.51729106628242072,0.60386879730866272,15,917,0.016094420600858368,392,320,29,29,385,0,932,502,0.43404735062006766,0,1,0.60534591194968557,240,28,591,3,929,296,0.66629086809470128,0.0032188841201716738,0.99494949494949492,0.79810938555030386,341,253,1071,154,0.68888888888888888,0.19108761329305135,0.57407407407407407,0.6262626262626263,0.5999998910000004,0.76211950394588501,0.90846925790265687,0.7649905398394824,107.92099061899833,90823,1.1882561754070922,90823,192214,0.4725098067778622,203755,811022491,3.9803808053790091,10,0,1819,83,677,8,924,210,0.76324689966178128,0.0085836909871244635,20,5
test__noise_misspecification__actual_4_assumed_2__seed_0010,full,test,noise_misspecification,actual_4_assumed_2,10,10,0,63.3438851,v6,70,0.29999999999999999,21,mixedhard,10,60,0.10000000000000001,1,reference,0,0,0.050000000000000003,0.497,0.9799999999999881,3.43096184915,5,10,300,4,2,0.5,0.02,320,55689,254074,0,80974,77900,77900,776,702,710,74,1675,486,12,879,224,0.6845070422535211,0.013468013468013467,0.97590361445783136,0.80463576158940397,247,251,963,140,0.63824289405684753,0.20675453047775946,0.49598393574297189,0.55819209039548023,12,879,0.013468013468013467,323,239,24,23,256,0,891,454,0.36056338028169016,0,1,0.53002070393374745,202,21,411,0,891,299,0.57887323943661972,0,1,0.73327386262265837,231,180,1034,156,0.5968992248062015,0.14827018121911037,0.56204379562043794,0.57894736842105265,0.59999995099999825,0.6816901408450704,0.86739539368647345,0.72814472838418276,111.13393825199728,93379,1.1901384492444478,93379,195645,0.47728794500242788,181380,774087047,4.2677640699084796,10,0,1601,74,484,6,885,226,0.6816901408450704,0.0067340067340067337,20,3
test__noise_misspecification__actual_4_assumed_2__seed_0011,full,test,noise_misspecification,actual_4_assumed_2,11,11,0,58.6980202,v6,70,0.29999999999999999,21,mixedhard,11,60,0.10000000000000001,1,reference,0,0,0.050000000000000003,0.497,0.9799999999999881,3.43096184915,5,10,300,4,2,0.5,0.02,320,55685,308830,0,110858,106361,106361,1175,1013,1019,162,1934,871,9,797,148,0.85475956820412169,0.011166253101736972,0.98977272727272725,0.91732490784623488,363,517,855,90,0.80132450331125826,0.37682215743440234,0.41249999999999998,0.54463615903975993,9,797,0.011166253101736972,566,508,34,34,577,0,806,442,0.5662414131501472,0,1,0.72305764411027573,395,34,758,2,804,261,0.74386653581943085,0.0024813895781637717,0.99736842105263157,0.85216413715570549,334,426,946,119,0.73730684326710816,0.31049562682215742,0.43947368421052629,0.55070074196207752,0.20000000199999945,0.85279685966633956,0.9527854145917396,0.75520340586565748,113.10840016300105,91485,1.2363600608077943,91485,205616,0.4449313283012995,213325,811537874,3.8042323872026249,10,0,1825,109,869,4,802,150,0.85279685966633956,0.0049627791563275434,13,5
test__noise_misspecification__actual_4_assumed_2__seed_0012,full,test,noise_misspecification,actual_4_assumed_2,12,12,0,57.2946509,v6,70,0.29999999999999999,21,mixedhard,12,60,0.10000000000000001,1,reference,0,0,0.050000000000000003,0.497,0.9799999999999881,3.43096184915,5,10,300,4,2,0.5,0.02,320,55681,290063,0,96391,92939,92939,1001,876,888,125,1953,636,8,989,252,0.71621621621621623,0.0080240722166499499,0.98757763975155277,0.83028720626631858,320,324,1072,169,0.65439672801635995,0.23209169054441262,0.49689440993788819,0.56487202118270075,8,989,0.0080240722166499499,399,316,28,28,344,0,997,544,0.38738738738738737,0,1,0.55844155844155841,263,28,543,2,995,345,0.61148648648648651,0.0020060180541624875,0.9963302752293578,0.75785066294487091,288,257,1139,201,0.58895705521472397,0.18409742120343839,0.52844036697247709,0.55705996131528046,0.6999998595000001,0.71621621621621623,0.88520347077267836,0.73340203678637772,119.82876549600053,100388,1.193656268637691,100388,212531,0.47234521081630443,205167,730550292,3.5607592449078069,10,0,1885,68,630,7,990,258,0.70945945945945943,0.0070210631895687063,27,3
test__noise_misspecification__actual_4_assumed_2__seed_0013,full,test,noise_misspecification,actual_4_assumed_2,13,13,0,46.0369993,v6,70,0.29999999999999999,21,mixedhard,13,60,0.10000000000000001,1,reference,0,0,0.050000000000000003,0.497,0.9799999999999881,3.43096184915,5,10,300,4,2,0.5,0.02,320,55684,285980,0,85779,82683,82683,1000,884,890,116,2031,643,9,1035,247,0.72247191011235956,0.0086206896551724137,0.98619631901840488,0.83398184176394297,290,362,1107,175,0.62365591397849462,0.24642614023144996,0.44478527607361962,0.51924798567591768,9,1035,0.0086206896551724137,425,353,31,31,337,0,1044,553,0.37865168539325844,0,1,0.54930725346373266,268,30,547,2,1042,343,0.61460674157303374,0.0019157088122605363,0.99635701275045541,0.76025017373175818,268,281,1188,197,0.57634408602150533,0.19128658951667801,0.48816029143897999,0.52859960552268248,0.59999988900000112,0.72134831460674154,0.89174415601188173,0.71503985594764929,120.72103994100266,99344,1.2151819932859826,99344,221972,0.44755194348836791,193326,616308236,3.1879221418743469,10,0,1934,97,637,4,1040,253,0.71573033707865163,0.0038314176245210726,24,5
test__noise_misspecification__actual_4_assumed_2__seed_0014,full,test,noise_misspecification,actual_4_assumed_2,14,14,0,62.2043453,v6,70,0.29999999999999999,21,mixedhard,14,60,0.10000000000000001,1,reference,0,0,0.050000000000000003,0.497,0.9799999999999881,3.43096184915,5,10,300,4,2,0.5,0.02,320,55688,318653,0,112756,108678,108678,938,842,848,96,1883,647,18,916,201,0.76297169811320753,0.019271948608137045,0.97293233082706765,0.85525446133509586,306,359,966,151,0.66958424507658643,0.27094339622641511,0.46015037593984964,0.54545454545454541,18,916,0.019271948608137045,391,341,26,26,410,0,934,438,0.48349056603773582,0,1,0.65182829888712246,292,26,512,2,932,336,0.60377358490566035,0.0021413276231263384,0.99610894941634243,0.7518355359765051,276,238,1087,181,0.60393873085339167,0.17962264150943397,0.53696498054474706,0.56848609680741502,0.59999990299999695,0.76297169811320753,0.89728255929053369,0.72884356550101148,118.17854844700142,94205,1.254482760437359,94205,210245,0.44807248686056744,217108,821307941,3.7829464644324484,10,0,1782,101,646,8,926,202,0.7617924528301887,0.0085653104925053538,55,4
test__noise_misspecification__actual_4_assumed_2__seed_0015,full,test,noise_misspecification,actual_4_assumed_2,15,15,0,57.6786184,v6,70,0.29999999999999999,21,mixedhard,15,60,0.10000000000000001,1,reference,0,0,0.050000000000000003,0.497,0.9799999999999881,3.43096184915,5,10,300,4,2,0.5,0.02,320,55684,313010,0,105918,102329,102325,774,698,715,76,1776,583,19,980,132,0.81538461538461537,0.019019019019019021,0.96843853820598003,0.88534548215641606,351,251,1019,93,0.79054054054054057,0.19763779527559056,0.5830564784053156,0.67112810707456982,19,979,0.019038076152304611,272,232,17,17,324,0,999,391,0.45314685314685316,0,1,0.62367661212704528,193,17,493,3,996,222,0.68951048951048954,0.003003003003003003,0.99395161290322576,0.81420313790255983,335,161,1109,109,0.75450450450450446,0.12677165354330708,0.67540322580645162,0.71276595744680848,0.70000013800000005,0.81538461538461537,0.92560812560812555,0.82115875718237918,129.65169036299889,107861,1.2020256660238537,107861,225047,0.47928210551573669,222885,860833090,3.862229804607757,10,0,1714,62,582,13,986,133,0.813986013986014,0.013013013013013013,24,3
test__noise_misspecification__actual_4_assumed_2__seed_0016,full,test,noise_misspecification,actual_4_assumed_2,16,16,0,62.5273528,v6,70,0.29999999999999999,21,mixedhard,16,60,0.10000000000000001,1,reference,0,0,0.050000000000000003,0.497,0.9799999999999881,3.43096184915,5,10,300,4,2,0.5,0.02,320,55694,330555,0,127150,123114,123114,1052,924,931,128,2032,701,23,979,230,0.75295381310418907,0.022954091816367265,0.96823204419889508,0.84712990936555888,331,393,1055,154,0.68247422680412373,0.27140883977900554,0.45718232044198898,0.54755996691480557,23,977,0.023,448,370,30,30,359,0,1002,572,0.38560687432867885,0,1,0.55658914728682174,287,29,571,0,1002,360,0.61331901181525239,0,1,0.76031957390146476,298,273,1175,187,0.61443298969072169,0.18853591160220995,0.52189141856392296,0.56439393939393945,0.69999987049999923,0.75187969924812026,0.8997193582759293,0.73099831975850094,141.63027357499763,103468,1.3688316539896164,103468,222225,0.46560017999775005,239524,915880066,3.8237507139159335,10,0,1933,99,700,12,990,231,0.75187969924812026,0.011976047904191617,30,5
test__noise_misspecification__actual_4_assumed_2__seed_0017,full,test,noise_misspecification,actual_4_assumed_2,17,17,0,64.8627033,v6,70,0.29999999999999999,21,mixedhard,17,60,0.10000000000000001,1,reference,0,0,0.050000000000000003,0.497,0.9799999999999881,3.43096184915,5,10,300,4,2,0.5,0.02,320,55693,300745,0,100344,97166,97166,971,815,829,156,1791,635,11,860,194,0.76598311218335347,0.012629161882893225,0.98297213622291024,0.86101694915254234,288,358,931,123,0.7007299270072993,0.27773467804499613,0.44582043343653249,0.54493850520340592,11,860,0.012629161882893225,418,347,30,29,437,0,871,392,0.52714113389626061,0,1,0.69036334913112163,333,30,506,3,868,323,0.61037394451145954,0.0034443168771526979,0.9941060903732809,0.75635276532137519,265,244,1045,146,0.64476885644768855,0.18929402637703646,0.52062868369351667,0.57608695652173914,0.60027366650000058,0.76477683956574183,0.90855525656490677,0.73132192857776546,126.78516088700518,104698,1.2109606762975909,104698,213901,0.489469427445407,213857,831305871,3.8872043982661313,10,0,1700,91,632,7,864,197,0.76236429433051867,0.0080367393800229621,27,4
test__noise_misspecification__actual_4_assumed_2__seed_0018,full,test,noise_misspecification,actual_4_assumed_2,18,18,0,65.6749871,v6,70,0.29999999999999999,21,mixedhard,18,60,0.10000000000000001,1,reference,0,0,0.050000000000000003,0.497,0.9799999999999881,3.43096184915,5,10,300,4,2,0.5,0.02,320,55682,287606,0,101201,98131,98131,822,753,766,69,1919,566,12,1056,200,0.7389033942558747,0.011235955056179775,0.97923875432525953,0.84226190476190477,347,231,1131,125,0.73516949152542377,0.1696035242290749,0.60034602076124566,0.66095238095238096,12,1056,0.011235955056179775,294,219,17,17,299,0,1068,467,0.39033942558746737,0,1,0.56150234741784033,196,17,510,3,1065,256,0.66579634464751958,0.0028089887640449437,0.99415204678362568,0.79749804534792812,325,188,1174,147,0.68855932203389836,0.13803230543318648,0.6335282651072125,0.65989847715736039,0.80000015299999916,0.73498694516971275,0.89465375363041633,0.80931036735608153,116.00822278600265,93671,1.2384646559340953,93671,210674,0.44462534532025783,202680,820829969,4.0498814337872506,10,0,1834,85,562,7,1061,204,0.73368146214099217,0.0065543071161048693,21,4
test__noise_misspecification__actual_4_assumed_2__seed_0019,full,test,noise_misspecification,actual_4_assumed_2,19,19,0,62.9422998,v6,70,0.29999999999999999,21,mixedhard,19,60,0.10000000000000001,1,reference,0,0,0.050000000000000003,0.497,0.9799999999999881,3.43096184915,5,10,300,4,2,0.5,0.02,320,55684,263345,0,85606,82533,82533,1113,941,952,172,1838,741,10,812,211,0.77836134453781514,0.012165450121654502,0.98668442077230356,0.87022900763358779,286,465,876,147,0.66050808314087761,0.34675615212527966,0.38082556591211719,0.48310810810810811,10,812,0.012165450121654502,519,455,36,36,511,0,822,441,0.53676470588235292,0,1,0.69856459330143539,415,36,605,0,822,347,0.63550420168067223,0,1,0.77713551701991013,267,338,1003,166,0.61662817551963045,0.25205070842654737,0.44132231404958677,0.51445086705202314,0.30000005600000179,0.77415966386554624,0.90735792492179357,0.68191587746898752,111.66343888399913,94201,1.1853742410802341,94201,203789,0.46224771700140832,187130,767824974,4.1031634371827073,10,0,1774,64,733,7,815,219,0.76995798319327735,0.0085158150851581509,9,4
test__noise_misspecification__actual_4_assumed_2__seed_0020,full,test,noise_misspecification,actual_4_assumed_2,20,20,0,64.4778899,v6,70,0.29999999999999999,21,mixedhard,20,60,0.10000000000000001,1,reference,0,0,0.050000000000000003,0.497,0.9799999999999881,3.43096184915,5,10,300,4,2,0.5,0.02,320,55684,289695,0,83282,80565,80565,782,714,722,68,1805,609,30,991,113,0.84349030470914133,0.029382957884427033,0.95305164319248825,0.89493019838354149,350,289,1020,84,0.80645161290322576,0.22077922077922077,0.54773082942097029,0.65237651444547995,30,991,0.029382957884427033,288,259,15,15,411,0,1021,311,0.56925207756232687,0,1,0.72550750220653137,230,15,530,3,1018,192,0.73407202216066481,0.0029382957884427031,0.99437148217636018,0.84462151394422313,314,219,1090,120,0.72350230414746541,0.16730328495034377,0.58911819887429639,0.64943123061013441,0.49999998900000087,0.84072022160664817,0.93069705166571259,0.81350487409039862,127.87360349699532,107601,1.1884053447179423,107601,225640,0.47687023577379895,199072,803391055,4.0356808340700852,10,0,1743,62,607,15,1006,115,0.84072022160664817,0.014691478942213516,16,6
test__noise_misspecification__actual_4_assumed_2__seed_0021,full,test,noise_misspecification,actual_4_assumed_2,21,21,0,67.2055167,v6,70,0.29999999999999999,21,mixedhard,21,60,0.10000000000000001,1,reference,0,0,0.050000000000000003,0.497,0.9799999999999881,3.43096184915,5,10,300,4,2,0.5,0.02,320,55683,339182,0,123794,119809,119809,937,830,846,107,1912,675,16,920,171,0.7978723404255319,0.017094017094017096,0.97684515195369026,0.87833441769681198,351,340,983,108,0.76470588235294112,0.25699168556311414,0.50795947901591898,0.61043478260869566,16,916,0.017167381974248927,391,324,26,26,433,0,936,413,0.51182033096926716,0,1,0.67709147771696643,270,26,560,1,935,286,0.66193853427895977,0.0010683760683760685,0.99821746880570406,0.79601990049751248,318,243,1080,141,0.69281045751633985,0.18367346938775511,0.5668449197860963,0.62352941176470589,0.59999999199999898,0.79669030732860524,0.92103741084237534,0.78076168739100582,130.26949696098973,103584,1.2576218041491904,103584,222038,0.46651474072005694,238075,946903849,3.9773342392103328,10,0,1782,130,675,9,927,171,0.7978723404255319,0.0096153846153846159,24,3
test__noise_misspecification__actual_4_assumed_2__seed_0022,full,test,noise_misspecification,actual_4_assumed_2,22,22,0,66.8088019,v6,70,0.29999999999999999,21,mixedhard,22,60,0.10000000000000001,1,reference,0,0,0.050000000000000003,0.497,0.9799999999999881,3.43096184915,5,10,300,4,2,0.5,0.02,320,55692,307115,0,99384,95715,95715,1273,1112,1122,161,2076,919,18,844,203,0.81907308377896615,0.020881670533642691,0.98078975453575246,0.89266634288489555,373,564,924,123,0.75201612903225812,0.37903225806451613,0.39807897545357523,0.520586182833217,18,842,0.020930232558139535,628,546,36,35,585,0,862,537,0.52139037433155078,0,1,0.68541300527240778,403,34,802,2,860,320,0.71479500891265602,0.0023201856148491878,0.99751243781094523,0.83281412253374876,351,453,1035,145,0.70766129032258063,0.30443548387096775,0.43656716417910446,0.54000000000000004,0.59999989199999959,0.81907308377896615,0.93557297418018037,0.73100055822927501,119.63975703399498,96686,1.2374051779367745,96686,219065,0.44135758793052288,204972,817510931,3.9884029574771187,10,0,1984,92,919,9,853,203,0.81907308377896615,0.010440835266821345,24,4
test__noise_misspecification__actual_4_assumed_2__seed_0023,full,test,noise_misspecification,actual_4_assumed_2,23,23,0,61.6361374,v6,70,0.29999999999999999,21,mixedhard,23,60,0.10000000000000001,1,reference,0,0,0.050000000000000003,0.497,0.9799999999999881,3.43096184915,5,10,300,4,2,0.5,0.02,320,55693,290861,0,108739,105632,105632,1004,855,867,149,1906,721,26,948,146,0.83160322952710497,0.026694045174537988,0.96519410977242304,0.89343246592317227,364,383,998,96,0.79130434782608694,0.27733526430123101,0.48728246318607765,0.60314830157415078,26,948,0.026694045174537988,407,357,29,28,387,0,974,480,0.44636678200692043,0,1,0.61722488038277512,254,28,636,0,974,231,0.73356401384083048,0,1,0.84630738522954096,348,288,1093,112,0.75652173913043474,0.20854453294713976,0.54716981132075471,0.63503649635036497,0.60000005949999924,0.83044982698961933,0.93550419322216138,0.79926329376948024,121.18218503799559,95809,1.2648309139850704,95809,215198,0.44521324547625907,212089,845746724,3.9876972591694995,10,0,1841,65,721,15,959,146,0.83160322952710497,0.015400410677618069,21,2
test__noise_misspecification__actual_4_assumed_2__seed_0024,full,test,noise_misspecification,actual_4_assumed_2,24,24,0,63.6085564,v6,70,0.29999999999999999,21,mixedhard,24,60,0.10000000000000001,1,reference,0,0,0.050000000000000003,0.497,0.9799999999999881,3.43096184915,5,10,300,4,2,0.5,0.02,320,55681,311475,0,98848,95317,95317,1019,884,896,135,1829,708,17,812,188,0.7901785714285714,0.020506634499396863,0.97655172413793101,0.87353485502776063,318,407,896,104,0.75355450236966826,0.3123561013046815,0.43862068965517242,0.55448997384481258,17,812,0.020506634499396863,474,390,34,34,453,0,829,443,0.5055803571428571,0,1,0.67160859896219427,333,33,593,2,827,303,0.6618303571428571,0.0024125452352231603,0.99663865546218489,0.79543930248155603,295,300,1003,127,0.69905213270142175,0.23023791250959325,0.49579831932773111,0.58013765978367748,0.69999986449999962,0.7901785714285714,0.92006289850077549,0.7554967937642989,117.66177011499886,98722,1.1918495382488083,98722,205109,0.4813148130993764,206209,798837933,3.8739237036210836,10,0,1725,104,703,14,815,193,0.7845982142857143,0.016887816646562123,25,3
test__noise_misspecification__actual_4_assumed_2__seed_0025,full,test,noise_misspecification,actual_4_assumed_2,25,25,0,60.8180606,v6,70,0.29999999999999999,21,mixedhard,25,60,0.10000000000000001,1,reference,0,0,0.050000000000000003,0.497,0.9799999999999881,3.43096184915,5,10,300,4,2,0.5,0.02,320,55684,297319,0,83572,79132,79132,970,879,885,91,1899,714,14,903,171,0.8067796610169492,0.015267175572519083,0.98076923076923073,0.8853068815871048,307,421,947,127,0.70737327188940091,0.30774853801169588,0.4217032967032967,0.52839931153184161,14,903,0.015267175572519083,451,407,26,26,430,0,917,455,0.48587570621468928,0,1,0.6539923954372624,379,26,546,3,914,339,0.61694915254237293,0.0032715376226826608,0.99453551912568305,0.7615062761506276,282,267,1101,152,0.64976958525345618,0.19517543859649122,0.51366120218579236,0.57375381485249233,0.041219385999999858,0.8067796610169492,0.92332957506977431,0.72036694558978087,130.80305366800644,110700,1.1815994007949995,110700,229412,0.48253796662772652,203758,755097092,3.7058524916813083,10,0,1802,97,713,6,911,172,0.80564971751412429,0.0065430752453653216,21,6
test__noise_misspecification__actual_4_assumed_2__seed_0026,full,test,noise_misspecification,actual_4_assumed_2,26,26,0,50.5102066,v6,70,0.29999999999999999,21,mixedhard,26,60,0.10000000000000001,1,reference,0,0,0.050000000000000003,0.497,0.9799999999999881,3.43096184915,5,10,300,4,2,0.5,0.02,320,55681,254522,0,76840,74463,74463,816,716,728,100,1808,558,12,980,170,0.76648351648351654,0.012096774193548387,0.97894736842105268,0.8597842835130971,265,305,1016,134,0.66416040100250628,0.23088569265707798,0.46491228070175439,0.54695562435500511,12,980,0.012096774193548387,329,293,27,26,365,0,992,363,0.50137362637362637,0,1,0.66788655077767611,265,25,481,3,989,247,0.6607142857142857,0.0030241935483870967,0.99380165289256195,0.79372937293729373,248,236,1085,151,0.62155388471177941,0.17865253595760788,0.51239669421487599,0.56172140430351081,0.49999990299999908,0.76648351648351654,0.90407255295108113,0.74202064586143635,115.93169715799678,97205,1.1926515833341576,97205,217190,0.44755743818776189,182293,627999081,3.4449983323550546,10,0,1720,88,556,8,984,172,0.76373626373626369,0.0080645161290322578,21,2
test__noise_misspecification__actual_4_assumed_2__seed_0027,full,test,noise_misspecification,actual_4_assumed_2,27,27,0,59.3309605,v6,70,0.29999999999999999,21,mixedhard,27,60,0.10000000000000001,1,reference,0,0,0.050000000000000003,0.497,0.9799999999999881,3.43096184915,5,10,300,4,2,0.5,0.02,320,55687,301966,0,97492,94067,94067,1040,910,925,130,1888,756,17,845,169,0.81729729729729728,0.019721577726218097,0.97800776196636485,0.89045936395759717,308,465,902,112,0.73333333333333328,0.34016093635698608,0.3984476067270375,0.51634534786253139,17,845,0.019721577726218097,505,448,32,31,456,0,862,469,0.49297297297297299,0,1,0.66039102099927594,370,32,623,3,859,302,0.67351351351351352,0.0034802784222737818,0.99520766773162939,0.8033526756931012,284,342,1025,136,0.67619047619047623,0.25018288222384782,0.45367412140575081,0.54302103250478007,0.49000001000000104,0.81621621621621621,0.92984134947011976,0.72503918904796738,127.72325865100444,101480,1.2586052291190821,101480,215924,0.46998017821085197,208160,785313095,3.7726416938893159,10,0,1787,101,754,8,854,171,0.81513513513513514,0.0092807424593967514,31,4
test__noise_misspecification__actual_4_assumed_2__seed_0028,full,test,noise_misspecification,actual_4_assumed_2,28,28,0,56.4124701,v6,70,0.29999999999999999,21,mixedhard,28,60,0.10000000000000001,1,reference,0,0,0.050000000000000003,0.497,0.9799999999999881,3.43096184915,5,10,300,4,2,0.5,0.02,320,55680,274700,0,82525,79529,79529,806,730,738,76,1880,550,9,1043,188,0.74525745257452569,0.008555133079847909,0.98389982110912344,0.84811102544333072,319,240,1095,136,0.70109890109890105,0.1797752808988764,0.57066189624329156,0.6291913214990138,9,1043,0.008555133079847909,283,231,20,20,301,0,1052,437,0.40785907859078591,0,1,0.57940327237728584,179,18,467,0,1052,271,0.63279132791327908,0,1,0.77510373443983405,294,173,1162,161,0.64615384615384619,0.1295880149812734,0.62955032119914345,0.63774403470715835,0.6999998734999977,0.74525745257452569,0.88942342370191763,0.77977281145820476,120.83948949200096,102727,1.1763167374886929,102727,224801,0.4569686077908906,194027,724234330,3.7326471573543891,10,0,1790,90,549,4,1048,189,0.74390243902439024,0.0038022813688212928,16,2
test__noise_misspecification__actual_4_assumed_2__seed_0029,full,test,noise_misspecification,actual_4_assumed_2,29,29,0,58.865211,v6,70,0.29999999999999999,21,mixedhard,29,60,0.10000000000000001,1,reference,0,0,0.050000000000000003,0.497,0.9799999999999881,3.43096184915,5,10,300,4,2,0.5,0.02,320,55683,306573,0,111650,108559,108559,871,773,780,98,1875,580,19,985,200,0.74358974358974361,0.018924302788844622,0.96828046744574292,0.84118926758520662,255,344,1029,156,0.62043795620437958,0.25054624908958484,0.4257095158597663,0.50495049504950495,19,985,0.018924302788844622,369,325,27,27,340,0,1004,440,0.4358974358974359,0,1,0.6071428571428571,270,27,470,2,1002,310,0.60256410256410253,0.0019920318725099601,0.99576271186440679,0.75079872204472842,236,236,1137,175,0.57420924574209242,0.17188638018936636,0.5,0.53454133635334089,0.49999990849999953,0.74358974358974361,0.88887654510164471,0.70567585144860123,118.55670196799812,95813,1.2373759507373543,95813,218591,0.43832088237850597,215647,837318979,3.8828222929138825,10,0,1784,91,575,14,990,205,0.73717948717948723,0.013944223107569721,12,2
test__noise_misspecification__actual_4_assumed_2__seed_0030,full,test,noise_misspecification,actual_4_assumed_2,30,30,0,55.5883258,v6,70,0.29999999999999999,21,mixedhard,30,60,0.10000000000000001,1,reference,0,0,0.050000000000000003,0.497,0.9799999999999881,3.43096184915,5,10,300,4,2,0.5,0.02,320,55687,278755,0,91547,88908,88908,797,713,721,84,1694,492,19,912,229,0.68238557558945911,0.020408163265306121,0.96281800391389427,0.79870129870129869,273,238,982,159,0.63194444444444442,0.19508196721311474,0.53424657534246578,0.57900318133616113,19,912,0.020408163265306121,289,219,25,24,237,0,931,484,0.3287101248266297,0,1,0.49478079331941544,179,24,434,1,930,287,0.60194174757281549,0.0010741138560687433,0.99770114942528731,0.75086505190311414,258,177,1043,174,0.59722222222222221,0.14508196721311475,0.59310344827586203,0.59515570934256057,0.59999989249999786,0.67961165048543692,0.87582737306909042,0.75565421979356406,119.77123804299671,97678,1.2261843817747775,97678,200398,0.48742003413207718,197001,721756244,3.6637186816310576,10,0,1652,42,489,14,917,232,0.67822468793342583,0.015037593984962405,11,5
test__noise_misspecification__actual_8_assumed_2__seed_0001,full,test,noise_misspecification,actual_8_assumed_2,1,1,0,54.005484,v6,70,0.29999999999999999,21,mixedhard,1,60,0.10000000000000001,1,reference,0,0,0.050000000000000003,0.497,0.9799999999999881,3.43096184915,5,10,300,8,2,0.5,0.02,320,55688,263799,0,71347,68128,68128,1138,969,983,169,1855,848,540,249,135,0.86266531027466942,0.68441064638783267,0.61095100864553309,0.71530999578237031,349,1039,319,65,0.84299516908212557,0.76509572901325473,0.25144092219020175,0.38734739178690342,540,249,0.68441064638783267,569,499,31,31,534,0,789,449,0.54323499491353,0,1,0.70402109426499671,416,31,773,393,396,210,0.78636826042726349,0.49809885931558934,0.66295025728987989,0.71940437412750113,327,839,519,87,0.78985507246376807,0.61782032400589104,0.28044596912521441,0.41392405063291138,0.89999983299999897,0.75076297049847407,0.7282548572887374,0.60950406608183394,120.2985660589991,99387,1.2104054459738105,99387,205967,0.48253846489971697,179383,631015236,3.5176980873326902,10,0,1772,83,820,449,340,163,0.83418107833163779,0.56907477820025354,126,26
test__noise_misspecification__actual_8_assumed_2__seed_0002,full,test,noise_misspecification,actual_8_assumed_2,2,2,0,57.4340549,v6,70,0.29999999999999999,21,mixedhard,2,60,0.10000000000000001,1,reference,0,0,0.050000000000000003,0.497,0.9799999999999881,3.43096184915,5,10,300,8,2,0.5,0.02,320,55689,275460,0,98037,94262,94262,990,868,877,122,1836,765,588,290,112,0.87229190421892822,0.66970387243735763,0.56541019955654104,0.68609865470852016,389,964,337,65,0.85682819383259912,0.74096848578016905,0.28750923872875095,0.43054786939679024,588,290,0.66970387243735763,423,376,28,27,412,0,878,465,0.46978335233751423,0,1,0.63925523661753292,295,24,687,416,462,190,0.78335233751425315,0.47380410022779046,0.6228467815049864,0.69393939393939397,352,751,550,102,0.77533039647577096,0.57724827056110684,0.31912964641885766,0.45215157353885677,1.0000000270000005,0.79133409350057016,0.74341823310467714,0.656444381990133,112.47077079899429,93164,1.2072342406830352,93164,198754,0.46874025176851786,199527,763471561,3.8264072581655615,10,0,1755,81,724,480,398,153,0.82554161915621438,0.54669703872437359,101,20
test__noise_misspecification__actual_8_assumed_2__seed_0003,full,test,noise_misspecification,actual_8_assumed_2,3,3,0,55.9198367,v6,70,0.29999999999999999,21,mixedhard,3,60,0.10000000000000001,1,reference,0,0,0.050000000000000003,0.497,0.9799999999999881,3.43096184915,5,10,300,8,2,0.5,0.02,320,55681,296345,0,95711,91102,91096,979,887,897,92,1911,811,612,278,86,0.9041248606465998,0.68764044943820224,0.5699226985242446,0.69913793103448274,383,1040,314,50,0.88452655889145493,0.76809453471196454,0.26914968376669007,0.41271551724137934,612,277,0.68841394825646796,465,428,27,27,405,0,890,492,0.451505016722408,0,1,0.62211981566820274,341,27,719,433,457,178,0.80156075808249716,0.48651685393258426,0.62413194444444442,0.70180575890678376,356,796,558,77,0.8221709006928406,0.58788774002954214,0.30902777777777779,0.44921135646687699,0.91635267000000198,0.78149386845039015,0.77934312878133105,0.68286336609344989,126.39507639300011,103064,1.2263746448129327,103064,220015,0.46844078812808215,209664,761596982,3.6324642380189256,10,0,1787,124,778,491,399,119,0.86733556298773695,0.55168539325842691,136,25
test__noise_misspecification__actual_8_assumed_2__seed_0004,full,test,noise_misspecification,actual_8_assumed_2,4,4,0,62.8903679,v6,70,0.29999999999999999,21,mixedhard,4,60,0.10000000000000001,1,reference,0,0,0.050000000000000003,0.497,0.9799999999999881,3.43096184915,5,10,300,8,2,0.5,0.02,320,55684,333063,0,120304,116355,116355,1150,966,973,184,1968,885,589,301,88,0.9095580678314491,0.66179775280898878,0.60040705563093621,0.72333469554556595,403,1071,338,51,0.88766519823788548,0.76011355571327177,0.27340569877883308,0.41804979253112035,589,301,0.66179775280898878,519,482,29,29,548,0,890,425,0.56320657759506676,0,1,0.72057856673241294,380,29,784,421,469,189,0.80575539568345322,0.47303370786516852,0.65062240663900417,0.71992653810835627,371,834,575,83,0.81718061674008813,0.59190915542938249,0.30788381742738591,0.4472573839662447,0.76012419350000204,0.78108941418293931,0.79091538967862629,0.68192519454857536,115.34285290000444,97130,1.1875100679502157,97130,216161,0.44934100045799197,226746,869828655,3.8361367124447621,10,0,1863,105,853,482,408,120,0.87667009249743066,0.54157303370786514,176,28
test__noise_misspecification__actual_8_assumed_2__seed_0005,full,test,noise_misspecification,actual_8_assumed_2,5,5,0,53.2973143,v6,70,0.29999999999999999,21,mixedhard,5,60,0.10000000000000001,1,reference,0,0,0.050000000000000003,0.497,0.9799999999999881,3.43096184915,5,10,300,8,2,0.5,0.02,320,55691,278381,0,88216,84593,84593,1087,912,920,175,1816,804,539,252,116,0.87391304347826082,0.68141592920353977,0.59865971705137755,0.71056120194432171,364,979,312,56,0.8666666666666667,0.75832687838884583,0.27103499627699179,0.41293250141803745,539,252,0.68141592920353977,500,440,35,35,418,0,791,502,0.45434782608695651,0,1,0.62481315396113601,305,31,718,360,431,202,0.7804347826086957,0.45512010113780027,0.66604823747680886,0.71871871871871873,325,753,538,95,0.77380952380952384,0.5832687838884586,0.30148423005565861,0.43391188251001334,0.79999986800000045,0.78152173913043477,0.72908124003737707,0.64709711925048874,101.39944763999523,85825,1.1814674936206844,85825,188577,0.45511912905603547,183539,657164193,3.5805152746827646,10,0,1711,105,778,442,349,142,0.84565217391304348,0.55878634639696589,138,26
test__noise_misspecification__actual_8_assumed_2__seed_0006,full,test,noise_misspecification,actual_8_assumed_2,6,6,0,58.7301262,v6,70,0.29999999999999999,21,mixedhard,6,60,0.10000000000000001,1,reference,0,0,0.050000000000000003,0.497,0.9799999999999881,3.43096184915,5,10,300,8,2,0.5,0.02,320,55678,310064,0,102850,99694,99694,890,801,810,89,1781,732,619,291,78,0.90370370370370368,0.68021978021978025,0.54182087342709107,0.67746413697362329,392,959,316,53,0.88089887640449438,0.75215686274509808,0.29015544041450775,0.43652561247216037,619,291,0.68021978021978025,365,340,30,30,346,0,910,464,0.42716049382716048,0,1,0.59861591695501726,260,30,659,427,483,151,0.81358024691358022,0.46923076923076923,0.6068139963167587,0.69514767932489452,365,721,554,80,0.8202247191011236,0.56549019607843132,0.33609576427255983,0.47681254082299152,0.99999984699999978,0.77407407407407403,0.78243318409985074,0.68084159506499231,116.71208473400513,95591,1.2209526496637249,95591,206543,0.46281403872317145,206568,794724941,3.8472800288524844,10,0,1720,61,697,508,402,113,0.86049382716049383,0.55824175824175826,128,26
test__noise_misspecification__actual_8_assumed_2__seed_0007,full,test,noise_misspecification,actual_8_assumed_2,7,7,0,58.0993722,v6,70,0.29999999999999999,21,mixedhard,7,60,0.10000000000000001,1,reference,0,0,0.050000000000000003,0.497,0.9799999999999881,3.43096184915,5,10,300,8,2,0.5,0.02,320,55689,274506,0,89836,86494,86494,945,826,840,119,1869,743,622,344,97,0.88452380952380949,0.64389233954451341,0.54432234432234428,0.67392290249433107,428,937,375,66,0.8663967611336032,0.71417682926829273,0.31355311355311355,0.46046261430876817,622,344,0.64389233954451341,346,315,27,27,368,0,966,472,0.43809523809523809,0,1,0.60927152317880795,274,27,678,437,529,162,0.80714285714285716,0.45238095238095238,0.60807174887892379,0.69360613810741689,401,714,598,93,0.81174089068825916,0.54420731707317072,0.35964125560538118,0.49844623990055936,0.80002599899999893,0.78452380952380951,0.76960958296362025,0.67406283943912315,117.97374124499666,94207,1.2522821153947865,94207,216852,0.43442993377972072,191824,690208608,3.5981347902243725,10,0,1806,63,713,517,449,127,0.84880952380952379,0.53519668737060044,106,23
test__noise_misspecification__actual_8_assumed_2__seed_0008,full,test,noise_misspecification,actual_8_assumed_2,8,8,0,51.3595119,v6,70,0.29999999999999999,21,mixedhard,8,60,0.10000000000000001,1,reference,0,0,0.050000000000000003,0.497,0.9799999999999881,3.43096184915,5,10,300,8,2,0.5,0.02,320,55681,298226,0,97179,94061,94061,971,838,849,133,1865,753,662,295,96,0.88692579505300351,0.69174503657262276,0.5321554770318021,0.6651943462897526,477,938,329,62,0.88497217068645639,0.74033149171270718,0.33710247349823319,0.48822927328556809,662,295,0.69174503657262276,310,276,20,20,384,0,957,465,0.45229681978798586,0,1,0.62287104622871048,195,20,707,448,509,142,0.83274440518256776,0.46812957157784746,0.61212121212121207,0.70558882235528941,452,703,564,87,0.83858998144712427,0.55485398579321232,0.39134199134199132,0.53364817001180642,1.1999737889999977,0.81389870435806833,0.75531296885019317,0.70065513469504903,119.27751195999639,99779,1.1954169911504062,99779,208866,0.47771777120258924,205097,717645732,3.4990552372779709,10,0,1806,59,715,563,394,134,0.84216725559481742,0.58829676071055381,94,19
test__noise_misspecification__actual_8_assumed_2__seed_0009,full,test,noise_misspecification,actual_8_assumed_2,9,9,0,57.0945458,v6,70,0.29999999999999999,21,mixedhard,9,60,0.10000000000000001,1,reference,0,0,0.050000000000000003,0.497,0.9799999999999881,3.43096184915,5,10,300,8,2,0.5,0.02,320,55689,295461,0,103325,99343,99343,978,878,887,100,1902,774,635,297,113,0.87260428410372037,0.68133047210300424,0.5493257629524485,0.67421602787456447,431,978,346,64,0.87070707070707065,0.73867069486404835,0.3058907026259759,0.45273109243697479,635,297,0.68133047210300424,392,343,29,29,385,0,932,502,0.43404735062006766,0,1,0.60534591194968557,240,28,682,460,472,205,0.7688838782412627,0.49356223175965663,0.59719789842381787,0.67225234105470677,389,753,571,106,0.78585858585858581,0.56873111782477337,0.34063047285464099,0.47525962125839949,0.8999998230000017,0.78579481397970685,0.73389227322652917,0.67450410448899878,107.92099061899833,90823,1.1882561754070922,90823,192214,0.4725098067778622,203755,764093615,3.7500606856273468,10,0,1819,83,735,517,415,152,0.82863585118376548,0.55472103004291851,111,22
test__noise_misspecification__actual_8_assumed_2__seed_0010,full,test,noise_misspecification,actual_8_assumed_2,10,10,0,52.2086605,v6,70,0.29999999999999999,21,mixedhard,10,60,0.10000000000000001,1,reference,0,0,0.050000000000000003,0.497,0.9799999999999881,3.43096184915,5,10,300,8,2,0.5,0.02,320,55689,254074,0,80974,77900,77900,776,702,710,74,1675,607,569,322,103,0.8549295774647887,0.63860830527497192,0.516156462585034,0.64369034994697771,329,847,367,58,0.85012919896640826,0.69769357495881379,0.27976190476190477,0.42098528470889318,569,322,0.63860830527497192,323,278,24,23,256,0,891,454,0.36056338028169016,0,1,0.53002070393374745,202,21,529,421,470,181,0.74507042253521127,0.47250280583613918,0.55684210526315792,0.63734939759036147,291,659,555,96,0.75193798449612403,0.54283360790774304,0.30631578947368421,0.43530291697830964,1.1494766935000031,0.76056338028169013,0.73030698218491641,0.66036103342145258,111.13393825199728,93379,1.1901384492444478,93379,195645,0.47728794500242788,181380,656215362,3.6179036387694343,10,0,1601,74,578,502,389,132,0.81408450704225355,0.56341189674523007,99,21
test__noise_misspecification__actual_8_assumed_2__seed_0011,full,test,noise_misspecification,actual_8_assumed_2,11,11,0,62.2825624,v6,70,0.29999999999999999,21,mixedhard,11,60,0.10000000000000001,1,reference,0,0,0.050000000000000003,0.497,0.9799999999999881,3.43096184915,5,10,300,8,2,0.5,0.02,320,55685,308830,0,110858,106361,106361,1175,1013,1019,162,1934,942,545,261,77,0.92443572129538765,0.67617866004962779,0.63349024882313387,0.75179569034317639,413,1074,298,40,0.91169977924944812,0.78279883381924198,0.2777404169468729,0.42577319587628865,545,261,0.67617866004962779,566,529,34,34,577,0,806,442,0.5662414131501472,0,1,0.72305764411027573,395,34,870,354,452,149,0.85377821393523057,0.43920595533498757,0.71078431372549022,0.77574676772180118,386,838,534,67,0.85209713024282563,0.61078717201166177,0.315359477124183,0.46034585569469288,0.51999990300000043,0.79195289499509325,0.79307366001310098,0.68879723128608117,113.10840016300105,91485,1.2363600608077943,91485,205616,0.4449313283012995,213325,873135435,4.0929822336810027,10,0,1825,109,914,434,372,105,0.89695780176643769,0.53846153846153844,140,28
test__noise_misspecification__actual_8_assumed_2__seed_0012,full,test,noise_misspecification,actual_8_assumed_2,12,12,0,56.2404224,v6,70,0.29999999999999999,21,mixedhard,12,60,0.10000000000000001,1,reference,0,0,0.050000000000000003,0.497,0.9799999999999881,3.43096184915,5,10,300,8,2,0.5,0.02,320,55681,290063,0,96391,92939,92939,1001,876,888,125,1953,781,709,288,107,0.87950450450450446,0.71113340020060178,0.52416107382550337,0.6568544995794785,428,1062,334,61,0.87525562372188137,0.76074498567335247,0.287248322147651,0.43254168772107127,709,288,0.71113340020060178,399,353,28,28,344,0,997,544,0.38738738738738737,0,1,0.55844155844155841,263,28,694,522,475,194,0.78153153153153154,0.52357071213640927,0.57072368421052633,0.65969581749049433,380,836,560,109,0.77709611451942739,0.59885386819484243,0.3125,0.44574780058651026,0.99999980900000196,0.82319819819819817,0.72640387378351268,0.67295764703124905,119.82876549600053,100388,1.193656268637691,100388,212531,0.47234521081630443,205167,803999306,3.9187554821194439,10,0,1885,68,743,577,420,145,0.83671171171171166,0.5787362086258776,93,19
test__noise_misspecification__actual_8_assumed_2__seed_0013,full,test,noise_misspecification,actual_8_assumed_2,13,13,0,57.8779011,v6,70,0.29999999999999999,21,mixedhard,13,60,0.10000000000000001,1,reference,0,0,0.050000000000000003,0.497,0.9799999999999881,3.43096184915,5,10,300,8,2,0.5,0.02,320,55684,285980,0,85779,82683,82683,1000,884,890,116,2031,774,695,349,116,0.86966292134831458,0.66570881226053635,0.52688904016337645,0.65621025858414583,392,1077,392,73,0.84301075268817205,0.73315180394826418,0.26684819605173588,0.40537745604963804,695,349,0.66570881226053635,425,382,31,31,337,0,1044,553,0.37865168539325844,0,1,0.54930725346373266,268,30,684,497,547,206,0.76853932584269657,0.47605363984674332,0.5791701947502117,0.66055045871559637,347,834,635,118,0.74623655913978493,0.56773315180394823,0.29381879762912788,0.42162818955042525,1.0999998049999995,0.77303370786516856,0.72618978432132253,0.65538622572593452,120.72103994100266,99344,1.2151819932859826,99344,221972,0.44755194348836791,193326,736715717,3.810743081634131,10,0,1934,97,734,581,463,156,0.82471910112359548,0.55651340996168586,125,26
test__noise_misspecification__actual_8_assumed_2__seed_0014,full,test,noise_misspecification,actual_8_assumed_2,14,14,0,62.2428083,v6,70,0.29999999999999999,21,mixedhard,14,60,0.10000000000000001,1,reference,0,0,0.050000000000000003,0.497,0.9799999999999881,3.43096184915,5,10,300,8,2,0.5,0.02,320,55688,318653,0,112756,108678,108678,938,842,848,96,1883,753,613,321,95,0.88797169811320753,0.65631691648822266,0.55124450951683746,0.68021680216802172,387,979,346,70,0.84682713347921224,0.73886792452830186,0.28330893118594436,0.42457487657707077,613,321,0.65631691648822266,391,366,26,26,410,0,934,438,0.48349056603773582,0,1,0.65182829888712246,292,26,644,422,512,204,0.75943396226415094,0.45182012847965741,0.60412757973733588,0.67293625914315569,347,719,606,110,0.75929978118161923,0.54264150943396228,0.325515947467167,0.45567957977675638,0.9999998440000013,0.8125,0.75751295402205976,0.65057677222245158,118.17854844700142,94205,1.254482760437359,94205,210245,0.44807248686056744,217108,860751936,3.9646256056893345,10,0,1782,101,713,499,435,135,0.84080188679245282,0.53426124197002145,140,21
test__noise_misspecification__actual_8_assumed_2__seed_0015,full,test,noise_misspecification,actual_8_assumed_2,15,15,0,62.6550177,v6,70,0.29999999999999999,21,mixedhard,15,60,0.10000000000000001,1,reference,0,0,0.050000000000000003,0.497,0.9799999999999881,3.43096184915,5,10,300,8,2,0.5,0.02,320,55684,313010,0,105918,102329,102325,774,698,715,76,1776,651,660,339,64,0.91048951048951043,0.66066066066066065,0.49656750572082381,0.64264560710760121,398,913,357,46,0.89639639639639634,0.7188976377952756,0.30358504958047294,0.45356125356125354,660,338,0.66132264529058116,272,253,17,17,324,0,999,391,0.45314685314685316,0,1,0.62367661212704528,193,17,584,446,553,131,0.81678321678321675,0.44644644644644643,0.56699029126213596,0.66934097421203442,377,653,617,67,0.84909909909909909,0.51417322834645673,0.36601941747572814,0.51153324287652646,1.0999997835000013,0.813986013986014,0.78483098483098479,0.73102255799106197,129.65169036299889,107861,1.2020256660238537,107861,225047,0.47928210551573669,222885,883969766,3.9660352468761917,10,0,1714,62,631,557,442,84,0.88251748251748252,0.55755755755755754,105,17
test__noise_misspecification__actual_8_assumed_2__seed_0016,full,test,noise_misspecification,actual_8_assumed_2,16,16,0,66.3058873,v6,70,0.29999999999999999,21,mixedhard,16,60,0.10000000000000001,1,reference,0,0,0.050000000000000003,0.497,0.9799999999999881,3.43096184915,5,10,300,8,2,0.5,0.02,320,55694,330555,0,127150,123114,123114,1052,924,931,128,2032,821,685,317,110,0.88184747583243828,0.68363273453093809,0.54515272244355906,0.67377923676651619,417,1089,359,68,0.85979381443298974,0.7520718232044199,0.27689243027888444,0.418884982420894,683,317,0.68300000000000005,448,406,30,30,359,0,1002,572,0.38560687432867885,0,1,0.55658914728682174,287,29,734,493,509,197,0.78839957035445762,0.49201596806387227,0.59820700896495516,0.68025949953660803,379,848,600,106,0.78144329896907216,0.58563535911602205,0.30888345558272207,0.44275700934579437,1.0000000355000047,0.79269602577873255,0.74123450199493601,0.66205929258985019,141.63027357499763,103468,1.3688316539896164,103468,222225,0.46560017999775005,239524,1004757294,4.1948084283829594,10,0,1933,99,778,559,443,153,0.83566058002148225,0.55788423153692612,113,26
test__noise_misspecification__actual_8_assumed_2__seed_0017,full,test,noise_misspecification,actual_8_assumed_2,17,17,0,59.6036305,v6,70,0.29999999999999999,21,mixedhard,17,60,0.10000000000000001,1,reference,0,0,0.050000000000000003,0.497,0.9799999999999881,3.43096184915,5,10,300,8,2,0.5,0.02,320,55693,300745,0,100344,97166,97166,971,815,829,156,1791,735,598,273,94,0.88661037394451148,0.68656716417910446,0.55138784696174048,0.67992599444958368,356,977,312,55,0.86618004866180054,0.75795190069821572,0.2670667666916729,0.40825688073394495,598,273,0.68656716417910446,418,379,30,29,437,0,871,392,0.52714113389626061,0,1,0.69036334913112163,333,30,637,420,451,192,0.76839565741857663,0.48220436280137774,0.60264900662251653,0.67550371155885469,316,741,548,95,0.76885644768856443,0.57486423584173774,0.29895931882686849,0.4305177111716621,1.1999738399999984,0.76598311218335347,0.74375847403051554,0.64747375792547457,126.78516088700518,104698,1.2109606762975909,104698,213901,0.489469427445407,213857,806324279,3.7703899287841875,10,0,1700,91,707,496,375,122,0.8528347406513872,0.56946039035591278,129,27
test__noise_misspecification__actual_8_assumed_2__seed_0018,full,test,noise_misspecification,actual_8_assumed_2,18,18,0,54.0559937,v6,70,0.29999999999999999,21,mixedhard,18,60,0.10000000000000001,1,reference,0,0,0.050000000000000003,0.497,0.9799999999999881,3.43096184915,5,10,300,8,2,0.5,0.02,320,55682,287606,0,101201,98131,98131,822,753,766,69,1919,676,706,362,90,0.88250652741514357,0.66104868913857673,0.48914616497829233,0.62942271880819367,413,969,393,59,0.875,0.71145374449339205,0.29884225759768451,0.44552319309600863,706,362,0.66104868913857673,294,263,17,17,299,0,1068,467,0.39033942558746737,0,1,0.56150234741784033,196,17,612,510,558,154,0.79895561357702349,0.47752808988764045,0.54545454545454541,0.64830508474576276,387,735,627,85,0.81991525423728817,0.53964757709251099,0.34491978609625668,0.48557089084065247,1.2649661385000011,0.79112271540469969,0.76060521606477538,0.72460582642674032,116.00822278600265,93671,1.2384646559340953,93671,210674,0.44462534532025783,202680,738949701,3.6458935316755476,10,0,1834,85,653,586,482,113,0.85248041775456918,0.54868913857677903,74,16
test__noise_misspecification__actual_8_assumed_2__seed_0019,full,test,noise_misspecification,actual_8_assumed_2,19,19,0,57.9837352,v6,70,0.29999999999999999,21,mixedhard,19,60,0.10000000000000001,1,reference,0,0,0.050000000000000003,0.497,0.9799999999999881,3.43096184915,5,10,300,8,2,0.5,0.02,320,55684,263345,0,85606,82533,82533,1113,941,952,172,1838,846,545,277,106,0.8886554621848739,0.66301703163017034,0.608195542774982,0.72215108834827146,365,1026,315,68,0.84295612009237875,0.7651006711409396,0.26240115025161753,0.40021929824561403,545,277,0.66301703163017034,519,481,36,36,511,0,822,441,0.53676470588235292,0,1,0.69856459330143539,415,36,766,378,444,186,0.80462184873949583,0.45985401459854014,0.66958041958041958,0.73091603053435117,337,807,534,96,0.77829099307159355,0.60178970917225949,0.29458041958041958,0.42739378566899178,0.89999986999999493,0.73844537815126055,0.76551158784681761,0.63387599822957941,111.66343888399913,94201,1.1853742410802341,94201,203789,0.46224771700140832,187130,707036817,3.7783189066424412,10,0,1774,64,824,452,370,128,0.86554621848739499,0.54987834549878345,171,35
test__noise_misspecification__actual_8_assumed_2__seed_0020,full,test,noise_misspecification,actual_8_assumed_2,20,20,0,59.5513262,v6,70,0.29999999999999999,21,mixedhard,20,60,0.10000000000000001,1,reference,0,0,0.050000000000000003,0.497,0.9799999999999881,3.43096184915,5,10,300,8,2,0.5,0.02,320,55684,289695,0,83282,80565,80565,782,714,722,68,1805,680,729,292,42,0.94182825484764543,0.71400587659157688,0.48261178140525196,0.63819802909432188,404,1005,304,30,0.93087557603686633,0.7677616501145913,0.28672817601135558,0.43841562669560497,729,292,0.71400587659157688,288,276,15,15,411,0,1021,311,0.56925207756232687,0,1,0.72550750220653137,230,15,622,512,509,100,0.86149584487534625,0.50146914789422137,0.54850088183421519,0.67025862068965514,370,764,545,64,0.85253456221198154,0.58365164247517187,0.32627865961199293,0.47193877551020408,0.78647142900000055,0.84626038781163437,0.78644246447863564,0.70879202120730989,127.87360349699532,107601,1.1884053447179423,107601,225640,0.47687023577379895,199072,775501819,3.8955846075791674,10,0,1743,62,654,612,409,68,0.90581717451523547,0.59941234084231143,88,15
test__noise_misspecification__actual_8_assumed_2__seed_0021,full,test,noise_misspecification,actual_8_assumed_2,21,21,0,64.5933367,v6,70,0.29999999999999999,21,mixedhard,21,60,0.10000000000000001,1,reference,0,0,0.050000000000000003,0.497,0.9799999999999881,3.43096184915,5,10,300,8,2,0.5,0.02,320,55683,339182,0,123794,119809,119809,937,830,846,107,1912,752,604,332,94,0.88888888888888884,0.64529914529914534,0.55457227138643073,0.6830154405086285,409,947,376,50,0.89106753812636164,0.71579743008314434,0.30162241887905605,0.45068870523415977,602,330,0.64592274678111583,391,345,26,26,433,0,936,413,0.51182033096926716,0,1,0.67709147771696643,270,26,658,417,519,188,0.77777777777777779,0.44551282051282054,0.61209302325581394,0.68505986465382618,364,711,612,95,0.79302832244008714,0.5374149659863946,0.3386046511627907,0.47457627118644069,1.071375027000002,0.78368794326241131,0.77451140106281946,0.70235007583280229,130.26949696098973,103584,1.2576218041491904,103584,222038,0.46651474072005694,238075,937666298,3.9385332269242888,10,0,1782,130,703,476,460,143,0.83096926713947994,0.50854700854700852,126,25
test__noise_misspecification__actual_8_assumed_2__seed_0022,full,test,noise_misspecification,actual_8_assumed_2,22,22,0,62.5411157,v6,70,0.29999999999999999,21,mixedhard,22,60,0.10000000000000001,1,reference,0,0,0.050000000000000003,0.497,0.9799999999999881,3.43096184915,5,10,300,8,2,0.5,0.02,320,55692,307115,0,99384,95715,95715,1273,1112,1122,161,2076,1011,598,264,111,0.90106951871657759,0.69373549883990715,0.62834058421379735,0.74038813621384103,431,1178,310,65,0.86895161290322576,0.79166666666666663,0.26786824114356744,0.40950118764845606,597,263,0.69418604651162785,628,581,36,36,585,0,862,537,0.52139037433155078,0,1,0.68541300527240778,403,34,933,409,453,189,0.83155080213903743,0.47447795823665895,0.69523099850968706,0.75730519480519476,407,935,553,89,0.82056451612903225,0.62836021505376349,0.30327868852459017,0.4428726877040261,0.89999992900000159,0.81818181818181823,0.75487249318626415,0.64612057752341312,119.63975703399498,96686,1.2374051779367745,96686,219065,0.44135758793052288,204972,784157076,3.8256790000585448,10,0,1984,92,971,482,380,151,0.86541889483065959,0.55916473317865434,146,28
test__noise_misspecification__actual_8_assumed_2__seed_0023,full,test,noise_misspecification,actual_8_assumed_2,23,23,0,60.4258792,v6,70,0.29999999999999999,21,mixedhard,23,60,0.10000000000000001,1,reference,0,0,0.050000000000000003,0.497,0.9799999999999881,3.43096184915,5,10,300,8,2,0.5,0.02,320,55693,290861,0,108739,105632,105632,1004,855,867,149,1906,791,670,304,76,0.91234140715109568,0.68788501026694049,0.54140999315537308,0.67955326460481102,413,1048,333,47,0.89782608695652177,0.75887038377986971,0.28268309377138945,0.42998438313378451,670,304,0.68788501026694049,407,378,29,28,387,0,974,480,0.44636678200692043,0,1,0.61722488038277512,254,28,732,466,508,135,0.84429065743944631,0.47843942505133469,0.61101836393989983,0.7089588377723971,388,810,571,72,0.84347826086956523,0.58653149891383061,0.32387312186978295,0.46803377563329313,0.79999988799999944,0.83044982698961933,0.77310594487825324,0.70036677895664767,121.18218503799559,95809,1.2648309139850704,95809,215198,0.44521324547625907,212089,833256011,3.928803525878287,10,0,1841,65,762,553,421,105,0.87889273356401387,0.56776180698151946,113,27
test__noise_misspecification__actual_8_assumed_2__seed_0024,full,test,noise_misspecification,actual_8_assumed_2,24,24,0,63.4036334,v6,70,0.29999999999999999,21,mixedhard,24,60,0.10000000000000001,1,reference,0,0,0.050000000000000003,0.497,0.9799999999999881,3.43096184915,5,10,300,8,2,0.5,0.02,320,55681,311475,0,98848,95317,95317,1019,884,896,135,1829,811,583,246,85,0.9051339285714286,0.70325693606755124,0.5817790530846485,0.7082969432314411,384,1010,293,38,0.90995260663507105,0.77513430544896389,0.27546628407460544,0.42290748898678415,583,246,0.70325693606755124,474,427,34,34,453,0,829,443,0.5055803571428571,0,1,0.67160859896219427,333,33,734,408,421,162,0.8191964285714286,0.49215922798552475,0.64273204903677761,0.72031403336604516,359,783,520,63,0.85071090047393361,0.60092095165003834,0.31436077057793343,0.45907928388746805,1.0999997745000005,0.8125,0.74774497027399622,0.68834770653213695,117.66177011499886,98722,1.1918495382488083,98722,205109,0.4813148130993764,206209,814203370,3.9484376045662413,10,0,1725,104,788,488,341,108,0.8794642857142857,0.58866103739445119,141,31
test__noise_misspecification__actual_8_assumed_2__seed_0025,full,test,noise_misspecification,actual_8_assumed_2,25,25,0,60.3152887,v6,70,0.29999999999999999,21,mixedhard,25,60,0.10000000000000001,1,reference,0,0,0.050000000000000003,0.497,0.9799999999999881,3.43096184915,5,10,300,8,2,0.5,0.02,320,55684,297319,0,83572,79132,79132,970,879,885,91,1899,811,580,337,74,0.9163841807909604,0.63249727371864772,0.58303378864126532,0.71265377855887524,378,1013,355,56,0.87096774193548387,0.74049707602339176,0.2717469446441409,0.41424657534246573,580,337,0.63249727371864772,451,433,26,26,430,0,917,455,0.48587570621468928,0,1,0.6539923954372624,379,26,704,435,482,181,0.79548022598870061,0.47437295528898582,0.61808604038630377,0.69565217391304346,348,791,577,86,0.8018433179723502,0.57821637426900585,0.30553116769095701,0.4424666242848061,0.59999988999999943,0.74915254237288131,0.80248907947187154,0.65597461395424039,130.80305366800644,110700,1.1815994007949995,110700,229412,0.48253796662772652,203758,759798188,3.7289244495921636,10,0,1802,97,783,472,445,102,0.88474576271186445,0.51472191930207201,217,26
test__noise_misspecification__actual_8_assumed_2__seed_0026,full,test,noise_misspecification,actual_8_assumed_2,26,26,0,51.7795298,v6,70,0.29999999999999999,21,mixedhard,26,60,0.10000000000000001,1,reference,0,0,0.050000000000000003,0.497,0.9799999999999881,3.43096184915,5,10,300,8,2,0.5,0.02,320,55681,254522,0,76840,74463,74463,816,716,728,100,1808,663,652,340,65,0.9107142857142857,0.657258064516129,0.50418250950570342,0.64904552129221738,356,959,362,43,0.89223057644110271,0.72596517789553372,0.27072243346007607,0.41540256709451573,652,340,0.657258064516129,329,307,27,26,365,0,992,363,0.50137362637362637,0,1,0.66788655077767611,265,25,593,465,527,135,0.81456043956043955,0.46875,0.56049149338374293,0.66405375139977607,314,744,577,85,0.78696741854636587,0.56320968962906892,0.29678638941398866,0.43102264927934109,1.0000259974999999,0.80494505494505497,0.76889774791740517,0.67308600797982843,115.93169715799678,97205,1.1926515833341576,97205,217190,0.44755743818776189,182293,642916794,3.5268320451141846,10,0,1720,88,643,542,450,85,0.88324175824175821,0.5463709677419355,118,17
test__noise_misspecification__actual_8_assumed_2__seed_0027,full,test,noise_misspecification,actual_8_assumed_2,27,27,0,59.608277,v6,70,0.29999999999999999,21,mixedhard,27,60,0.10000000000000001,1,reference,0,0,0.050000000000000003,0.497,0.9799999999999881,3.43096184915,5,10,300,8,2,0.5,0.02,320,55687,301966,0,97492,94067,94067,1040,910,925,130,1888,846,609,253,79,0.91459459459459458,0.70649651972157768,0.58144329896907221,0.71092436974789919,372,1083,284,48,0.88571428571428568,0.79224579370885151,0.25567010309278349,0.39679999999999999,609,253,0.70649651972157768,505,474,32,32,456,0,862,469,0.49297297297297299,0,1,0.66039102099927594,370,32,762,419,443,163,0.82378378378378381,0.48607888631090485,0.64521591871295514,0.72364672364672367,341,840,527,79,0.81190476190476191,0.61448427212874912,0.28873835732430142,0.4259837601499063,0.79999988200000161,0.80324324324324325,0.78419953596287706,0.66820810255338414,127.72325865100444,101480,1.2586052291190821,101480,215924,0.46998017821085197,208160,810542914,3.8938456667947734,10,0,1787,101,812,492,370,113,0.87783783783783786,0.57076566125290018,160,25
test__noise_misspecification__actual_8_assumed_2__seed_0028,full,test,noise_misspecification,actual_8_assumed_2,28,28,0,58.3116165,v6,70,0.29999999999999999,21,mixedhard,28,60,0.10000000000000001,1,reference,0,0,0.050000000000000003,0.497,0.9799999999999881,3.43096184915,5,10,300,8,2,0.5,0.02,320,55680,274700,0,82525,79529,79529,806,730,738,76,1880,643,687,365,95,0.87127371273712739,0.65304182509505704,0.48345864661654137,0.62185686653771766,390,940,395,65,0.8571428571428571,0.70411985018726597,0.2932330827067669,0.43697478991596639,687,365,0.65304182509505704,283,253,20,20,301,0,1052,437,0.40785907859078591,0,1,0.57940327237728584,179,18,575,473,579,163,0.77913279132791324,0.44961977186311786,0.54866412213740456,0.64389697648376265,358,690,645,97,0.78681318681318679,0.5168539325842697,0.34160305343511449,0.47638057218895541,1.0999998080000024,0.79132791327913277,0.75262308469092298,0.69025229452195747,120.83948949200096,102727,1.1763167374886929,102727,224801,0.4569686077908906,194027,721419363,3.7181390373504719,10,0,1790,90,617,567,485,121,0.83604336043360439,0.53897338403041828,70,17
test__noise_misspecification__actual_8_assumed_2__seed_0029,full,test,noise_misspecification,actual_8_assumed_2,29,29,0,61.1686954,v6,70,0.29999999999999999,21,mixedhard,29,60,0.10000000000000001,1,reference,0,0,0.050000000000000003,0.497,0.9799999999999881,3.43096184915,5,10,300,8,2,0.5,0.02,320,55683,306573,0,111650,108559,108559,871,773,780,98,1875,684,667,337,96,0.87692307692307692,0.66434262948207168,0.50629163582531456,0.6419521351478179,341,1010,363,70,0.82968369829683697,0.73561544064093232,0.2524056254626203,0.38706015891032919,667,337,0.66434262948207168,369,343,27,27,340,0,1004,440,0.4358974358974359,0,1,0.6071428571428571,270,27,594,451,553,186,0.7615384615384615,0.44920318725099601,0.56842105263157894,0.65095890410958901,299,746,627,112,0.72749391727493917,0.54333576110706483,0.28612440191387561,0.4107142857142857,0.79999984149999825,0.77948717948717949,0.7644511696802534,0.65068766247919996,118.55670196799812,95813,1.2373759507373543,95813,218591,0.43832088237850597,215647,836386583,3.8784985786957389,10,0,1784,91,645,541,463,135,0.82692307692307687,0.53884462151394419,107,24
test__noise_misspecification__actual_8_assumed_2__seed_0030,full,test,noise_misspecification,actual_8_assumed_2,30,30,0,57.2650252,v6,70,0.29999999999999999,21,mixedhard,30,60,0.10000000000000001,1,reference,0,0,0.050000000000000003,0.497,0.9799999999999881,3.43096184915,5,10,300,8,2,0.5,0.02,320,55687,278755,0,91547,88908,88908,797,713,721,84,1694,618,616,315,103,0.8571428571428571,0.66165413533834583,0.50081037277147489,0.63222506393861888,374,860,360,58,0.8657407407407407,0.70491803278688525,0.30307941653160453,0.44897959183673469,616,315,0.66165413533834583,289,244,25,24,237,0,931,484,0.3287101248266297,0,1,0.49478079331941544,179,24,564,435,496,157,0.78224687933425796,0.46723952738990332,0.56456456456456461,0.65581395348837213,337,662,558,95,0.78009259259259256,0.54262295081967216,0.33733733733733734,0.47099930118798045,1.2500451694999999,0.76560332871012482,0.72337843816992453,0.68121015482695813,119.77123804299671,97678,1.2261843817747775,97678,200398,0.48742003413207718,197001,763086669,3.8735167283414804,10,0,1652,42,585,517,414,136,0.81137309292649096,0.55531686358754029,80,21
test__noise_misspecification__actual_2_assumed_4__seed_0001,full,test,noise_misspecification,actual_2_assumed_4,1,1,0,48.9207269,v6,70,0.29999999999999999,21,mixedhard,1,60,0.10000000000000001,1,reference,0,0,0.050000000000000003,0.497,0.9799999999999881,3.43096184915,5,10,300,2,4,0.5,0.02,320,55688,263799,0,71347,68128,68128,1138,969,983,169,1855,760,0,789,223,0.77314343845371314,0,1,0.87205966724039008,293,467,891,121,0.70772946859903385,0.3438880706921944,0.38552631578947366,0.49914821124361158,0,789,0,569,467,31,31,534,0,789,449,0.54323499491353,0,1,0.70402109426499671,416,31,646,0,789,337,0.65717192268565616,0,1,0.79312461632903619,273,373,985,141,0.65942028985507251,0.27466863033873345,0.42260061919504643,0.51509433962264151,0.3005909915000009,0.77314343845371314,0.93106962855230946,0.69711425583231945,120.2985660589991,99387,1.2104054459738105,99387,205967,0.48253846489971697,179383,581575924,3.2420905213983486,10,0,1772,83,759,0,789,224,0.77212614445574768,0,13,3
test__noise_misspecification__actual_2_assumed_4__seed_0002,full,test,noise_misspecification,actual_2_assumed_4,2,2,0,56.8853464,v6,70,0.29999999999999999,21,mixedhard,2,60,0.10000000000000001,1,reference,0,0,0.050000000000000003,0.497,0.9799999999999881,3.43096184915,5,10,300,2,4,0.5,0.02,320,55689,275460,0,98037,94262,94262,990,868,877,122,1836,649,0,878,228,0.74002280501710371,0,1,0.85058977719528184,316,333,968,138,0.69603524229074887,0.25595695618754805,0.48690292758089371,0.57298277425203992,0,878,0,423,333,28,25,412,0,878,465,0.46978335233751423,0,1,0.63925523661753292,295,24,583,0,878,294,0.66476624857468647,0,1,0.79863013698630136,291,292,1009,163,0.6409691629955947,0.22444273635664874,0.49914236706689535,0.56123432979749277,0.59999989099999951,0.74002280501710371,0.91018186871271134,0.73894530469615038,112.47077079899429,93164,1.2072342406830352,93164,198754,0.46874025176851786,199527,716127066,3.5891236073313384,10,0,1755,81,648,0,878,229,0.73888255416191562,0,4,1
test__noise_misspecification__actual_2_assumed_4__seed_0003,full,test,noise_misspecification,actual_2_assumed_4,3,3,0,57.3082666,v6,70,0.29999999999999999,21,mixedhard,3,60,0.10000000000000001,1,reference,0,0,0.050000000000000003,0.497,0.9799999999999881,3.43096184915,5,10,300,2,4,0.5,0.02,320,55681,296345,0,95711,91102,91096,979,887,897,92,1911,712,0,890,185,0.79375696767001114,0,1,0.88502175264139216,318,394,960,115,0.73441108545034639,0.29098966026587886,0.44662921348314605,0.55545851528384282,0,889,0,465,394,27,27,405,0,890,492,0.451505016722408,0,1,0.62211981566820274,341,27,538,0,890,359,0.59977703455964326,0,1,0.7498257839721254,287,251,1103,146,0.66281755196304848,0.18537666174298376,0.53345724907063197,0.59114315139031925,0.40000000450000073,0.79375696767001114,0.9247955106284369,0.74588338035279955,126.39507639300011,103064,1.2263746448129327,103064,220015,0.46844078812808215,209664,759558666,3.6227424164377289,10,0,1787,124,712,0,890,185,0.79375696767001114,0,9,2
test__noise_misspecification__actual_2_assumed_4__seed_0004,full,test,noise_misspecification,actual_2_assumed_4,4,4,0,59.2088466,v6,70,0.29999999999999999,21,mixedhard,4,60,0.10000000000000001,1,reference,0,0,0.050000000000000003,0.497,0.9799999999999881,3.43096184915,5,10,300,2,4,0.5,0.02,320,55684,333063,0,120304,116355,116355,1150,966,973,184,1968,799,0,890,174,0.82117163412127436,0,1,0.90180586907449212,337,462,947,117,0.74229074889867841,0.32789212207239177,0.42177722152690866,0.53790901835594573,0,890,0,519,462,29,29,548,0,890,425,0.56320657759506676,0,1,0.72057856673241294,380,29,661,0,890,312,0.67934224049331959,0,1,0.80905752753977966,317,344,1065,137,0.69823788546255505,0.24414478353442157,0.4795763993948563,0.56860986547085202,0.30000004800000113,0.82117163412127436,0.93761158007783174,0.74559080548894296,115.34285290000444,97130,1.1875100679502157,97130,216161,0.44934100045799197,226746,824408961,3.6358258183165302,10,0,1863,105,799,0,890,174,0.82117163412127436,0,24,3
test__noise_misspecification__actual_2_assumed_4__seed_0005,full,test,noise_misspecification,actual_2_assumed_4,5,5,0,56.4071839,v6,70,0.29999999999999999,21,mixedhard,5,60,0.10000000000000001,1,reference,0,0,0.050000000000000003,0.497,0.9799999999999881,3.43096184915,5,10,300,2,4,0.5,0.02,320,55691,278381,0,88216,84593,84593,1087,912,920,175,1816,699,0,791,221,0.75978260869565217,0,1,0.86349598517603454,290,409,882,130,0.69047619047619047,0.31680867544539115,0.41487839771101576,0.51831992850759612,0,791,0,500,409,35,35,418,0,791,502,0.45434782608695651,0,1,0.62481315396113601,305,31,595,0,791,325,0.64673913043478259,0,1,0.78547854785478544,267,328,963,153,0.63571428571428568,0.25406661502711075,0.44873949579831934,0.52610837438423641,0.39999993300000014,0.75978260869565217,0.92331940856373329,0.72126166500682376,101.39944763999523,85825,1.1814674936206844,85825,188577,0.45511912905603547,183539,661039863,3.6016316041822174,10,0,1711,105,699,0,791,221,0.75978260869565217,0,16,2
test__noise_misspecification__actual_2_assumed_4__seed_0006,full,test,noise_misspecification,actual_2_assumed_4,6,6,0,59.1517361,v6,70,0.29999999999999999,21,mixedhard,6,60,0.10000000000000001,1,reference,0,0,0.050000000000000003,0.497,0.9799999999999881,3.43096184915,5,10,300,2,4,0.5,0.02,320,55678,310064,0,102850,99694,99694,890,801,810,89,1781,616,0,910,194,0.76049382716049385,0,1,0.86395511921458623,291,325,950,154,0.65393258426966294,0.25490196078431371,0.47240259740259738,0.54853911404335531,0,910,0,365,325,30,30,346,0,910,464,0.42716049382716048,0,1,0.59861591695501726,260,30,510,0,910,300,0.62962962962962965,0,1,0.77272727272727271,271,239,1036,174,0.60898876404494384,0.18745098039215685,0.53137254901960784,0.56753926701570678,0.39999994349999746,0.76049382716049385,0.90368606701940035,0.72436395681868249,116.71208473400513,95591,1.2209526496637249,95591,206543,0.46281403872317145,206568,772986580,3.7420441694744584,10,0,1720,61,616,0,910,194,0.76049382716049385,0,19,2
test__noise_misspecification__actual_2_assumed_4__seed_0007,full,test,noise_misspecification,actual_2_assumed_4,7,7,0,37.6798799,v6,70,0.29999999999999999,21,mixedhard,7,60,0.10000000000000001,1,reference,0,0,0.050000000000000003,0.497,0.9799999999999881,3.43096184915,5,10,300,2,4,0.5,0.02,320,55689,274506,0,89836,86494,86494,945,826,840,119,1869,639,0,966,201,0.76071428571428568,0,1,0.86409736308316432,346,293,1019,148,0.70040485829959509,0.22332317073170732,0.54147104851330208,0.61076787290379519,0,966,0,346,293,27,27,368,0,966,472,0.43809523809523809,0,1,0.60927152317880795,274,27,560,0,966,280,0.66666666666666663,0,1,0.80000000000000004,332,228,1084,162,0.67206477732793524,0.17378048780487804,0.59285714285714286,0.62998102466793171,0.50000008199999968,0.76071428571428568,0.906996204278813,0.7630529771896909,117.97374124499666,94207,1.2522821153947865,94207,216852,0.43442993377972072,191824,553478606,2.8853459733922766,10,0,1806,63,639,0,966,201,0.76071428571428568,0,29,2
test__noise_misspecification__actual_2_assumed_4__seed_0008,full,test,noise_misspecification,actual_2_assumed_4,8,8,0,57.6050915,v6,70,0.29999999999999999,21,mixedhard,8,60,0.10000000000000001,1,reference,0,0,0.050000000000000003,0.497,0.9799999999999881,3.43096184915,5,10,300,2,4,0.5,0.02,320,55681,298226,0,97179,94061,94061,971,838,849,133,1865,685,0,957,164,0.806831566548881,0,1,0.89308996088657111,426,259,1008,113,0.79035250463821893,0.20441988950276244,0.62189781021897805,0.69607843137254899,0,957,0,310,259,20,20,384,0,957,465,0.45229681978798586,0,1,0.62287104622871048,195,20,624,0,957,225,0.73498233215547704,0,1,0.84725050916496947,403,221,1046,136,0.74768089053803344,0.17442778216258878,0.64583333333333337,0.69303525365434226,0.90101397600000155,0.806831566548881,0.93717484335249657,0.8212005043102123,119.27751195999639,99779,1.1954169911504062,99779,208866,0.47771777120258924,205097,723702351,3.5285857472317974,10,0,1806,59,684,0,957,165,0.80565371024734977,0,29,2
test__noise_misspecification__actual_2_assumed_4__seed_0009,full,test,noise_misspecification,actual_2_assumed_4,9,9,0,56.8569619,v6,70,0.29999999999999999,21,mixedhard,9,60,0.10000000000000001,1,reference,0,0,0.050000000000000003,0.497,0.9799999999999881,3.43096184915,5,10,300,2,4,0.5,0.02,320,55689,295461,0,103325,99343,99343,978,878,887,100,1902,676,0,932,211,0.76211950394588501,0,1,0.8650031989763276,358,318,1006,137,0.72323232323232323,0.24018126888217523,0.52958579881656809,0.61144321093082832,0,932,0,392,318,29,29,385,0,932,502,0.43404735062006766,0,1,0.60534591194968557,240,28,589,0,932,298,0.66403607666290865,0,1,0.79810298102981025,340,249,1075,155,0.68686868686868685,0.18806646525679757,0.57724957555178269,0.62730627306273068,0.59999988949999938,0.76211950394588501,0.91677835787314133,0.76994110287161643,107.92099061899833,90823,1.1882561754070922,90823,192214,0.4725098067778622,203755,745470619,3.6586617211847559,10,0,1819,83,676,0,932,211,0.76211950394588501,0,17,2
test__noise_misspecification__actual_2_assumed_4__seed_0010,full,test,noise_misspecification,actual_2_assumed_4,10,10,0,52.7358297,v6,70,0.29999999999999999,21,mixedhard,10,60,0.10000000000000001,1,reference,0,0,0.050000000000000003,0.497,0.9799999999999881,3.43096184915,5,10,300,2,4,0.5,0.02,320,55689,254074,0,80974,77900,77900,776,702,710,74,1675,483,0,891,227,0.68028169014084505,0,1,0.80972338642078789,245,238,976,142,0.63307493540051685,0.19604612850082373,0.50724637681159424,0.56321839080459768,0,891,0,323,238,24,23,256,0,891,454,0.36056338028169016,0,1,0.53002070393374745,202,21,410,0,891,300,0.57746478873239437,0,1,0.7321428571428571,230,180,1034,157,0.59431524547803616,0.14827018121911037,0.56097560975609762,0.57716436637390212,0.59999991200000125,0.68028169014084505,0.87095841039503008,0.72445500172407185,111.13393825199728,93379,1.1901384492444478,93379,195645,0.47728794500242788,181380,625614077,3.4491899713309078,10,0,1601,74,483,0,891,227,0.68028169014084505,0,19,3
test__noise_misspecification__actual_2_assumed_4__seed_0011,full,test,noise_misspecification,actual_2_assumed_4,11,11,0,59.5087786,v6,70,0.29999999999999999,21,mixedhard,11,60,0.10000000000000001,1,reference,0,0,0.050000000000000003,0.497,0.9799999999999881,3.43096184915,5,10,300,2,4,0.5,0.02,320,55685,308830,0,110858,106361,106361,1175,1013,1019,162,1934,869,0,806,150,0.85279685966633956,0,1,0.92055084745762716,361,508,864,92,0.79690949227373065,0.37026239067055394,0.41542002301495973,0.54614220877458397,0,806,0,566,508,34,34,577,0,806,442,0.5662414131501472,0,1,0.72305764411027573,395,34,757,0,806,262,0.74288518155053973,0,1,0.85247747747747749,334,423,949,119,0.73730684326710816,0.30830903790087466,0.44121532364597094,0.55206611570247932,0.1999999980000009,0.85279685966633956,0.95385199813956656,0.75209890010876634,113.10840016300105,91485,1.2363600608077943,91485,205616,0.4449313283012995,213325,784785596,3.6788261853978672,10,0,1825,109,869,0,806,150,0.85279685966633956,0,10,3
test__noise_misspecification__actual_2_assumed_4__seed_0012,full,test,noise_misspecification,actual_2_assumed_4,12,12,0,49.8894691,v6,70,0.29999999999999999,21,mixedhard,12,60,0.10000000000000001,1,reference,0,0,0.050000000000000003,0.497,0.9799999999999881,3.43096184915,5,10,300,2,4,0.5,0.02,320,55681,290063,0,96391,92939,92939,1001,876,888,125,1953,630,0,997,258,0.70945945945945943,0,1,0.83003952569169959,315,315,1081,174,0.64417177914110424,0.22564469914040114,0.5,0.5630026809651475,0,997,0,399,315,28,28,344,0,997,544,0.38738738738738737,0,1,0.55844155844155841,263,28,542,0,997,346,0.61036036036036034,0,1,0.75804195804195806,288,254,1142,201,0.58895705521472397,0.18194842406876791,0.53136531365313655,0.55868089233753637,0.6999998595000001,0.70945945945945943,0.88455908265336547,0.72257428469304641,119.82876549600053,100388,1.193656268637691,100388,212531,0.47234521081630443,205167,685444209,3.3409086695228765,10,0,1885,68,630,0,997,258,0.70945945945945943,0,27,3
test__noise_misspecification__actual_2_assumed_4__seed_0013,full,test,noise_misspecification,actual_2_assumed_4,13,13,0,54.4995854,v6,70,0.29999999999999999,21,mixedhard,13,60,0.10000000000000001,1,reference,0,0,0.050000000000000003,0.497,0.9799999999999881,3.43096184915,5,10,300,2,4,0.5,0.02,320,55684,285980,0,85779,82683,82683,1000,884,890,116,2031,637,0,1044,253,0.71573033707865163,0,1,0.8343156516044532,287,350,1119,178,0.6172043010752688,0.2382573179033356,0.45054945054945056,0.52087114337568063,0,1044,0,425,350,31,31,337,0,1044,553,0.37865168539325844,0,1,0.54930725346373266,268,30,545,0,1044,345,0.61235955056179781,0,1,0.75958188153310102,266,279,1190,199,0.57204301075268815,0.18992511912865895,0.48807339449541287,0.52673267326732676,0.59999988799999926,0.71573033707865163,0.89809720607860866,0.7159694620728021,120.72103994100266,99344,1.2151819932859826,99344,221972,0.44755194348836791,193326,660863702,3.4183901906624046,10,0,1934,97,636,0,1044,254,0.71460674157303372,0,18,3
test__noise_misspecification__actual_2_assumed_4__seed_0014,full,test,noise_misspecification,actual_2_assumed_4,14,14,0,63.5197502,v6,70,0.29999999999999999,21,mixedhard,14,60,0.10000000000000001,1,reference,0,0,0.050000000000000003,0.497,0.9799999999999881,3.43096184915,5,10,300,2,4,0.5,0.02,320,55688,318653,0,112756,108678,108678,938,842,848,96,1883,641,0,934,207,0.75589622641509435,0,1,0.86098052384150436,302,339,986,155,0.66083150984682715,0.25584905660377361,0.47113884555382213,0.55009107468123863,0,934,0,391,339,26,26,410,0,934,438,0.48349056603773582,0,1,0.65182829888712246,292,26,509,0,934,339,0.60023584905660377,0,1,0.75018422991893885,275,234,1091,182,0.60175054704595188,0.17660377358490567,0.54027504911591351,0.56935817805383027,0.59999989899999662,0.75589622641509435,0.90040995818350777,0.73112010239048764,118.17854844700142,94205,1.254482760437359,94205,210245,0.44807248686056744,217108,818566097,3.7703175239972735,10,0,1782,101,641,0,934,207,0.75589622641509435,0,54,3
test__noise_misspecification__actual_2_assumed_4__seed_0015,full,test,noise_misspecification,actual_2_assumed_4,15,15,0,56.1221462,v6,70,0.29999999999999999,21,mixedhard,15,60,0.10000000000000001,1,reference,0,0,0.050000000000000003,0.497,0.9799999999999881,3.43096184915,5,10,300,2,4,0.5,0.02,320,55684,313010,0,105918,102329,102325,774,698,715,76,1776,582,0,999,133,0.813986013986014,0,1,0.89745566692366996,351,231,1039,93,0.79054054054054057,0.18188976377952756,0.60309278350515461,0.68421052631578949,0,998,0,272,231,17,17,324,0,999,391,0.45314685314685316,0,1,0.62367661212704528,193,17,493,0,999,222,0.68951048951048954,0,1,0.81622516556291391,335,158,1112,109,0.75450450450450446,0.12440944881889764,0.67951318458417853,0.71504802561366065,0.79999985149999731,0.813986013986014,0.93119133119133124,0.82819660211392498,129.65169036299889,107861,1.2020256660238537,107861,225047,0.47928210551573669,222885,809906706,3.6337425398748233,10,0,1714,62,582,0,999,133,0.813986013986014,0,23,3
test__noise_misspecification__actual_2_assumed_4__seed_0016,full,test,noise_misspecification,actual_2_assumed_4,16,16,0,64.533927,v6,70,0.29999999999999999,21,mixedhard,16,60,0.10000000000000001,1,reference,0,0,0.050000000000000003,0.497,0.9799999999999881,3.43096184915,5,10,300,2,4,0.5,0.02,320,55694,330555,0,127150,123114,123114,1052,924,931,128,2032,701,0,1002,230,0.75295381310418907,0,1,0.85906862745098034,331,370,1078,154,0.68247422680412373,0.25552486187845302,0.47218259629101283,0.55817875210792578,0,1000,0,448,370,30,30,359,0,1002,572,0.38560687432867885,0,1,0.55658914728682174,287,29,570,0,1002,361,0.61224489795918369,0,1,0.759493670886076,298,272,1176,187,0.61443298969072169,0.18784530386740331,0.52280701754385961,0.56492890995260658,0.69999988300000382,0.75295381310418907,0.91230214115271069,0.73623981887566214,141.63027357499763,103468,1.3688316539896164,103468,222225,0.46560017999775005,239524,900741238,3.7605469097042468,10,0,1933,99,701,0,1002,230,0.75295381310418907,0,29,5
test__noise_misspecification__actual_2_assumed_4__seed_0017,full,test,noise_misspecification,actual_2_assumed_4,17,17,0,61.6221808,v6,70,0.29999999999999999,21,mixedhard,17,60,0.10000000000000001,1,reference,0,0,0.050000000000000003,0.497,0.9799999999999881,3.43096184915,5,10,300,2,4,0.5,0.02,320,55693,300745,0,100344,97166,97166,971,815,829,156,1791,631,0,871,198,0.76115802171290714,0,1,0.86438356164383556,286,345,944,125,0.69586374695863751,0.26764934057408846,0.45324881141045958,0.54894433781190022,0,871,0,418,345,30,29,437,0,871,392,0.52714113389626061,0,1,0.69036334913112163,333,30,501,0,871,328,0.60434258142340169,0,1,0.75338345864661649,264,237,1052,147,0.64233576642335766,0.18386346004654772,0.52694610778443118,0.57894736842105265,0.59999990799999381,0.76115802171290714,0.91708364551927202,0.73305567038331076,126.78516088700518,104698,1.2109606762975909,104698,213901,0.489469427445407,213857,812327981,3.7984633703830131,10,0,1700,91,631,0,871,198,0.76115802171290714,0,25,3
test__noise_misspecification__actual_2_assumed_4__seed_0018,full,test,noise_misspecification,actual_2_assumed_4,18,18,0,59.554209,v6,70,0.29999999999999999,21,mixedhard,18,60,0.10000000000000001,1,reference,0,0,0.050000000000000003,0.497,0.9799999999999881,3.43096184915,5,10,300,2,4,0.5,0.02,320,55682,287606,0,101201,98131,98131,822,753,766,69,1919,564,0,1068,202,0.73629242819843344,0,1,0.84812030075187972,345,219,1143,127,0.73093220338983056,0.16079295154185022,0.61170212765957444,0.66602316602316602,0,1068,0,294,219,17,17,299,0,1068,467,0.39033942558746737,0,1,0.56150234741784033,196,17,505,0,1068,261,0.65926892950391647,0,1,0.79464988198269082,322,183,1179,150,0.68220338983050843,0.1343612334801762,0.63762376237623763,0.65916069600818838,0.89999981800000128,0.73629242819843344,0.8978593989888618,0.80469197217451904,116.00822278600265,93671,1.2384646559340953,93671,210674,0.44462534532025783,202680,739461851,3.6484204213538582,10,0,1834,85,564,0,1068,202,0.73629242819843344,0,20,4
test__noise_misspecification__actual_2_assumed_4__seed_0019,full,test,noise_misspecification,actual_2_assumed_4,19,19,0,55.5961006,v6,70,0.29999999999999999,21,mixedhard,19,60,0.10000000000000001,1,reference,0,0,0.050000000000000003,0.497,0.9799999999999881,3.43096184915,5,10,300,2,4,0.5,0.02,320,55684,263345,0,85606,82533,82533,1113,941,952,172,1838,734,0,822,218,0.77100840336134457,0,1,0.87069988137603793,281,453,888,152,0.64896073903002305,0.3378076062639821,0.38283378746594005,0.48157669237360756,0,822,0,519,453,36,36,511,0,822,441,0.53676470588235292,0,1,0.69856459330143539,415,36,601,0,822,351,0.63130252100840334,0,1,0.77398583386992914,266,335,1006,167,0.61431870669745958,0.24981357196122297,0.44259567387687188,0.51450676982591881,0.29999995300000037,0.77100840336134457,0.9174730111022511,0.68796596245950681,111.66343888399913,94201,1.1853742410802341,94201,203789,0.46224771700140832,187130,673994098,3.6017426281194891,10,0,1774,64,732,0,822,220,0.76890756302521013,0,6,1
test__noise_misspecification__actual_2_assumed_4__seed_0020,full,test,noise_misspecification,actual_2_assumed_4,20,20,0,58.0393123,v6,70,0.29999999999999999,21,mixedhard,20,60,0.10000000000000001,1,reference,0,0,0.050000000000000003,0.497,0.9799999999999881,3.43096184915,5,10,300,2,4,0.5,0.02,320,55684,289695,0,83282,80565,80565,782,714,722,68,1805,606,0,1021,116,0.83933518005540164,0,1,0.91265060240963858,348,258,1051,86,0.8018433179723502,0.19709702062643239,0.57425742574257421,0.66923076923076918,0,1021,0,288,258,15,15,411,0,1021,311,0.56925207756232687,0,1,0.72550750220653137,230,15,528,0,1021,194,0.73130193905817176,0,1,0.8448,312,216,1093,122,0.71889400921658986,0.1650114591291062,0.59090909090909094,0.64864864864864868,0.49999995500000072,0.83933518005540164,0.93585127828075787,0.81594015905482431,127.87360349699532,107601,1.1884053447179423,107601,225640,0.47687023577379895,199072,708394379,3.5584832573139367,10,0,1743,62,606,0,1021,116,0.83933518005540164,0,14,4
test__noise_misspecification__actual_2_assumed_4__seed_0021,full,test,noise_misspecification,actual_2_assumed_4,21,21,0,53.9263777,v6,70,0.29999999999999999,21,mixedhard,21,60,0.10000000000000001,1,reference,0,0,0.050000000000000003,0.497,0.9799999999999881,3.43096184915,5,10,300,2,4,0.5,0.02,320,55683,339182,0,123794,119809,119809,937,830,846,107,1912,673,0,936,173,0.79550827423167847,0,1,0.88610928242264653,351,322,1001,108,0.76470588235294112,0.24338624338624337,0.52154531946508176,0.62014134275618371,0,932,0,391,322,26,26,433,0,936,413,0.51182033096926716,0,1,0.67709147771696643,270,26,557,0,936,289,0.65839243498817968,0,1,0.79401282965074838,318,239,1084,141,0.69281045751633985,0.18065003779289493,0.57091561938958713,0.62598425196850394,0.59999998999999882,0.79550827423167847,0.92691663635812571,0.7843655980910883,130.26949696098973,103584,1.2576218041491904,103584,222038,0.46651474072005694,238075,816074293,3.4278033938884804,10,0,1782,130,673,0,936,173,0.79550827423167847,0,22,3
test__noise_misspecification__actual_2_assumed_4__seed_0022,full,test,noise_misspecification,actual_2_assumed_4,22,22,0,45.9726968,v6,70,0.29999999999999999,21,mixedhard,22,60,0.10000000000000001,1,reference,0,0,0.050000000000000003,0.497,0.9799999999999881,3.43096184915,5,10,300,2,4,0.5,0.02,320,55692,307115,0,99384,95715,95715,1273,1112,1122,161,2076,914,0,862,208,0.81461675579322634,0,1,0.89783889980353637,371,543,945,125,0.74798387096774188,0.36491935483870969,0.4059080962800875,0.52624113475177303,0,860,0,628,543,36,35,585,0,862,537,0.52139037433155078,0,1,0.68541300527240778,403,34,796,0,862,326,0.70944741532976829,0,1,0.8300312825860271,349,447,1041,147,0.7036290322580645,0.30040322580645162,0.43844221105527637,0.54024767801857587,0.59999989149999955,0.81461675579322634,0.94235414055940869,0.72699201135969471,119.63975703399498,96686,1.2374051779367745,96686,219065,0.44135758793052288,204972,668150586,3.2597163807739595,10,0,1984,92,914,0,862,208,0.81461675579322634,0,21,3
test__noise_misspecification__actual_2_assumed_4__seed_0023,full,test,noise_misspecification,actual_2_assumed_4,23,23,0,58.1258539,v6,70,0.29999999999999999,21,mixedhard,23,60,0.10000000000000001,1,reference,0,0,0.050000000000000003,0.497,0.9799999999999881,3.43096184915,5,10,300,2,4,0.5,0.02,320,55693,290861,0,108739,105632,105632,1004,855,867,149,1906,720,0,974,147,0.83044982698961933,0,1,0.90737240075614367,363,357,1024,97,0.78913043478260869,0.25850832729905865,0.50416666666666665,0.61525423728813555,0,974,0,407,357,29,28,387,0,974,480,0.44636678200692043,0,1,0.61722488038277512,254,28,631,0,974,236,0.72779700115340251,0,1,0.842456608811749,347,284,1097,113,0.7543478260869565,0.20564808110065169,0.54992076069730589,0.63611365719523372,0.6004619910000013,0.83044982698961933,0.94301433582250394,0.80297437269779304,121.18218503799559,95809,1.2648309139850704,95809,215198,0.44521324547625907,212089,777827241,3.6674567799367246,10,0,1841,65,719,0,974,148,0.82929642445213381,0,21,1
test__noise_misspecification__actual_2_assumed_4__seed_0024,full,test,noise_misspecification,actual_2_assumed_4,24,24,0,56.8831914,v6,70,0.29999999999999999,21,mixedhard,24,60,0.10000000000000001,1,reference,0,0,0.050000000000000003,0.497,0.9799999999999881,3.43096184915,5,10,300,2,4,0.5,0.02,320,55681,311475,0,98848,95317,95317,1019,884,896,135,1829,703,0,829,193,0.7845982142857143,0,1,0.8792995622263915,315,388,915,107,0.74644549763033174,0.2977743668457406,0.44807965860597437,0.56000000000000005,0,829,0,474,388,34,34,453,0,829,443,0.5055803571428571,0,1,0.67160859896219427,333,33,589,0,829,307,0.6573660714285714,0,1,0.79326599326599323,294,295,1008,128,0.69668246445497628,0.2264006139677667,0.49915110356536502,0.58160237388724034,0.6999998680000008,0.7845982142857143,0.92486240952955368,0.75257244492294484,117.66177011499886,98722,1.1918495382488083,98722,205109,0.4813148130993764,206209,724530962,3.5135758478048968,10,0,1725,104,703,0,829,193,0.7845982142857143,0,25,3
test__noise_misspecification__actual_2_assumed_4__seed_0025,full,test,noise_misspecification,actual_2_assumed_4,25,25,0,56.7497742,v6,70,0.29999999999999999,21,mixedhard,25,60,0.10000000000000001,1,reference,0,0,0.050000000000000003,0.497,0.9799999999999881,3.43096184915,5,10,300,2,4,0.5,0.02,320,55684,297319,0,83572,79132,79132,970,879,885,91,1899,713,0,917,172,0.80564971751412429,0,1,0.8923654568210263,306,407,961,128,0.70506912442396308,0.29751461988304095,0.42917251051893407,0.53356582388840457,0,917,0,451,407,26,26,430,0,917,455,0.48587570621468928,0,1,0.6539923954372624,379,26,542,0,917,343,0.61242937853107349,0,1,0.75963559915907497,282,260,1108,152,0.64976958525345618,0.19005847953216373,0.52029520295202947,0.57786885245901642,0.041219129999999993,0.80564971751412429,0.92566585956416469,0.72065496402296059,130.80305366800644,110700,1.1815994007949995,110700,229412,0.48253796662772652,203758,704165123,3.4558894521932881,10,0,1802,97,712,0,917,173,0.80451977401129948,0,23,4
test__noise_misspecification__actual_2_assumed_4__seed_0026,full,test,noise_misspecification,actual_2_assumed_4,26,26,0,52.7560819,v6,70,0.29999999999999999,21,mixedhard,26,60,0.10000000000000001,1,reference,0,0,0.050000000000000003,0.497,0.9799999999999881,3.43096184915,5,10,300,2,4,0.5,0.02,320,55681,254522,0,76840,74463,74463,816,716,728,100,1808,556,0,992,172,0.76373626373626369,0,1,0.86604361370716509,264,292,1029,135,0.66165413533834583,0.22104466313398941,0.47482014388489208,0.55287958115183244,0,992,0,329,292,27,26,365,0,992,363,0.50137362637362637,0,1,0.66788655077767611,265,25,476,0,992,252,0.65384615384615385,0,1,0.79069767441860461,248,228,1093,151,0.62155388471177941,0.17259651778955337,0.52100840336134457,0.56685714285714284,0.49999990249999815,0.76373626373626369,0.90533748006026227,0.73687910161474846,115.93169715799678,97205,1.1926515833341576,97205,217190,0.44755743818776189,182293,618801682,3.3945443983038293,10,0,1720,88,555,0,992,173,0.76236263736263732,0,19,2
test__noise_misspecification__actual_2_assumed_4__seed_0027,full,test,noise_misspecification,actual_2_assumed_4,27,27,0,47.684232,v6,70,0.29999999999999999,21,mixedhard,27,60,0.10000000000000001,1,reference,0,0,0.050000000000000003,0.497,0.9799999999999881,3.43096184915,5,10,300,2,4,0.5,0.02,320,55687,301966,0,97492,94067,94067,1040,910,925,130,1888,753,0,862,172,0.81405405405405407,0,1,0.89749702026221689,306,447,920,114,0.72857142857142854,0.32699341623994149,0.4063745019920319,0.52173913043478259,0,862,0,505,447,32,31,456,0,862,469,0.49297297297297299,0,1,0.66039102099927594,370,32,619,0,862,306,0.66918918918918924,0,1,0.80181347150259064,283,336,1031,137,0.67380952380952386,0.24579370885149962,0.45718901453957994,0.54475457170356112,0.49990881600000137,0.81405405405405407,0.93366840158023456,0.72321036680948902,127.72325865100444,101480,1.2586052291190821,101480,215924,0.46998017821085197,208160,686812031,3.2994428852805537,10,0,1787,101,753,0,862,172,0.81405405405405407,0,31,3
test__noise_misspecification__actual_2_assumed_4__seed_0028,full,test,noise_misspecification,actual_2_assumed_4,28,28,0,56.1124927,v6,70,0.29999999999999999,21,mixedhard,28,60,0.10000000000000001,1,reference,0,0,0.050000000000000003,0.497,0.9799999999999881,3.43096184915,5,10,300,2,4,0.5,0.02,320,55680,274700,0,82525,79529,79529,806,730,738,76,1880,548,0,1052,190,0.74254742547425479,0,1,0.85225505443234839,319,229,1106,136,0.70109890109890105,0.17153558052434456,0.58211678832116787,0.63609172482552345,0,1052,0,283,229,20,20,301,0,1052,437,0.40785907859078591,0,1,0.57940327237728584,179,18,466,0,1052,272,0.63143631436314362,0,1,0.77408637873754149,294,172,1163,161,0.64615384615384619,0.12883895131086143,0.63090128755364805,0.6384364820846905,0.69999986099999845,0.74254742547425479,0.89642260966335896,0.78624027657735518,120.83948949200096,102727,1.1763167374886929,102727,224801,0.4569686077908906,194027,705299509,3.6350585691682085,10,0,1790,90,548,0,1052,190,0.74254742547425479,0,13,2
test__noise_misspecification__actual_2_assumed_4__seed_0029,full,test,noise_misspecification,actual_2_assumed_4,29,29,0,58.0604982,v6,70,0.29999999999999999,21,mixedhard,29,60,0.10000000000000001,1,reference,0,0,0.050000000000000003,0.497,0.9799999999999881,3.43096184915,5,10,300,2,4,0.5,0.02,320,55683,306573,0,111650,108559,108559,871,773,780,98,1875,576,0,1004,204,0.7384615384615385,0,1,0.84955752212389379,252,324,1049,159,0.61313868613138689,0.23597960670065549,0.4375,0.51063829787234039,0,1004,0,369,324,27,27,340,0,1004,440,0.4358974358974359,0,1,0.6071428571428571,270,27,466,0,1004,314,0.59743589743589742,0,1,0.7479935794542536,235,231,1142,176,0.57177615571776153,0.16824471959213402,0.50429184549356221,0.53591790193842648,0.49999990400000272,0.7384615384615385,0.89551026662580446,0.70883993173879989,118.55670196799812,95813,1.2373759507373543,95813,218591,0.43832088237850597,215647,810190110,3.7570200837479768,10,0,1784,91,575,0,1004,205,0.73717948717948723,0,13,2
test__noise_misspecification__actual_2_assumed_4__seed_0030,full,test,noise_misspecification,actual_2_assumed_4,30,30,0,55.9328873,v6,70,0.29999999999999999,21,mixedhard,30,60,0.10000000000000001,1,reference,0,0,0.050000000000000003,0.497,0.9799999999999881,3.43096184915,5,10,300,2,4,0.5,0.02,320,55687,278755,0,91547,88908,88908,797,713,721,84,1694,490,0,931,231,0.67961165048543692,0,1,0.80924855491329484,273,217,1003,159,0.63194444444444442,0.1778688524590164,0.55714285714285716,0.59219088937093278,0,931,0,289,217,25,24,237,0,931,484,0.3287101248266297,0,1,0.49478079331941544,179,24,434,0,931,287,0.60194174757281549,0,1,0.75151515151515147,258,176,1044,174,0.59722222222222221,0.14426229508196722,0.59447004608294929,0.59584295612009242,0.59999991399999786,0.67961165048543692,0.87868621424772553,0.75055593503339402,119.77123804299671,97678,1.2261843817747775,97678,200398,0.48742003413207718,197001,717004818,3.6395998903558864,10,0,1652,42,490,0,931,231,0.67961165048543692,0,10,3
test__scale__scale_n_35__seed_0001,full,test,scale,scale_n_35,1,1,0,13.3109185,v6,35,0.20000000000000001,7,mixedhard,1,60,0.10000000000000001,1,reference,0,0,0.050000000000000003,0.497,0.9799999999999881,3.43096184915,5,10,300,2,2,0.5,0.02,320,25445,64219,0,16197,15615,15615,187,157,162,30,548,114,0,356,48,0.70370370370370372,0,1,0.82608695652173914,46,68,381,23,0.66666666666666663,0.15144766146993319,0.40350877192982454,0.50273224043715847,0,356,0,93,68,18,16,42,0,356,120,0.25925925925925924,0,1,0.41176470588235292,37,17,107,0,356,55,0.66049382716049387,0,1,0.79553903345724908,45,62,387,24,0.65217391304347827,0.13808463251670378,0.42056074766355139,0.51136363636363635,0.49999989250000088,0.70370370370370372,0.90432098765432101,0.78498111745908783,36.676950030001066,30618,1.1978884979424218,30618,66218,0.46238182971397507,49314,146941277,2.979707121709859,10,0,518,30,114,0,356,48,0.70370370370370372,0,0,0
test__scale__scale_n_35__seed_0002,full,test,scale,scale_n_35,2,2,0,14.8383768,v6,35,0.20000000000000001,7,mixedhard,2,60,0.10000000000000001,1,reference,0,0,0.050000000000000003,0.497,0.9799999999999881,3.43096184915,5,10,300,2,2,0.5,0.02,320,25450,71009,0,16349,15810,15810,108,105,106,3,490,85,0,357,21,0.80188679245283023,0,1,0.89005235602094246,61,24,363,15,0.80263157894736847,0.062015503875968991,0.71764705882352942,0.75776397515527949,0,357,0,30,24,5,5,26,0,357,80,0.24528301886792453,0,1,0.39393939393939392,20,5,76,0,357,30,0.71698113207547165,0,1,0.8351648351648352,56,20,367,20,0.73684210526315785,0.051679586563307491,0.73684210526315785,0.73684210526315785,1.3999997680000007,0.80188679245283023,0.90011098779134291,0.87348701210390312,46.635626828997388,40008,1.1656575392170911,40008,78180,0.51174213353798925,59195,178495086,3.0153743728355433,10,0,463,27,84,0,357,22,0.79245283018867929,0,8,1
test__scale__scale_n_35__seed_0003,full,test,scale,scale_n_35,3,3,0,10.834149,v6,35,0.20000000000000001,7,mixedhard,3,60,0.10000000000000001,1,reference,0,0,0.050000000000000003,0.497,0.9799999999999881,3.43096184915,5,10,300,2,2,0.5,0.02,320,25441,65604,0,16377,15782,15782,184,165,167,19,589,118,0,397,49,0.70658682634730541,0,1,0.82807017543859651,55,63,420,26,0.67901234567901236,0.13043478260869565,0.46610169491525422,0.55276381909547734,0,397,0,86,63,11,11,42,0,397,125,0.25149700598802394,0,1,0.40191387559808611,37,9,99,0,397,68,0.59281437125748504,0,1,0.74436090225563911,49,50,433,32,0.60493827160493829,0.10351966873706005,0.49494949494949497,0.5444444444444444,0.69999986699999894,0.70658682634730541,0.90144647732243322,0.79845615111315593,41.08534738700186,35501,1.1573011291795121,35501,74293,0.47785121074663833,54693,146352564,2.6758920519993419,10,0,564,25,118,0,397,49,0.70658682634730541,0,4,1
test__scale__scale_n_35__seed_0004,full,test,scale,scale_n_35,4,4,0,14.9248416,v6,35,0.20000000000000001,7,mixedhard,4,60,0.10000000000000001,1,reference,0,0,0.050000000000000003,0.497,0.9799999999999881,3.43096184915,5,10,300,2,2,0.5,0.02,320,25448,72315,0,25500,24528,24528,192,175,176,17,528,132,0,306,44,0.75,0,1,0.8571428571428571,47,85,327,23,0.67142857142857137,0.20631067961165048,0.35606060606060608,0.46534653465346537,0,306,0,106,85,16,15,51,0,306,125,0.28977272727272729,0,1,0.44933920704845814,49,15,110,0,306,66,0.625,0,1,0.76923076923076927,41,69,343,29,0.58571428571428574,0.16747572815533981,0.37272727272727274,0.45555555555555555,0.59894468249999999,0.75,0.92329545454545459,0.74895977808599168,35.692194116002405,31145,1.1460007743137712,31145,66735,0.46669663594815314,59904,192343335,3.2108596254006412,10,0,482,46,132,0,306,44,0.75,0,0,0
test__scale__scale_n_35__seed_0005,full,test,scale,scale_n_35,5,5,0,14.1327586,v6,35,0.20000000000000001,7,mixedhard,5,60,0.10000000000000001,1,reference,0,0,0.050000000000000003,0.497,0.9799999999999881,3.43096184915,5,10,300,2,2,0.5,0.02,320,25442,65888,0,14070,13302,13302,228,194,198,34,497,163,0,273,35,0.8232323232323232,0,1,0.90304709141274242,32,131,285,23,0.58181818181818179,0.31490384615384615,0.19631901840490798,0.29357798165137616,0,273,0,143,131,15,15,112,0,273,86,0.56565656565656564,0,1,0.72258064516129028,108,15,138,0,273,60,0.69696969696969702,0,1,0.8214285714285714,25,113,303,30,0.45454545454545453,0.27163461538461536,0.18115942028985507,0.25906735751295334,0,0.8232323232323232,0.93663743663743659,0.64300699300699304,42.559316131999417,36767,1.1575411682214871,36767,73529,0.50003400019040112,54010,163976361,3.0360370486946864,10,0,471,26,163,0,273,35,0.8232323232323232,0,8,1
test__scale__scale_n_35__seed_0006,full,test,scale,scale_n_35,6,6,0,11.6251499,v6,35,0.20000000000000001,7,mixedhard,6,60,0.10000000000000001,1,reference,0,0,0.050000000000000003,0.497,0.9799999999999881,3.43096184915,5,10,300,2,2,0.5,0.02,320,25442,68461,0,26259,25728,25728,138,126,131,12,500,92,0,354,39,0.70229007633587781,0,1,0.82511210762331844,45,47,360,33,0.57692307692307687,0.11547911547911548,0.4891304347826087,0.52941176470588236,0,354,0,53,47,8,8,43,0,354,88,0.3282442748091603,0,1,0.4942528735632184,43,8,78,0,354,53,0.59541984732824427,0,1,0.74641148325358853,41,37,370,37,0.52564102564102566,0.090909090909090912,0.52564102564102566,0.52564102564102566,0.47999994150000092,0.70229007633587781,0.86912925346099112,0.7525515025515026,34.333455618002866,28983,1.1846066872995504,28983,62938,0.46050081032126855,56825,157962755,2.7798109106907174,10,0,485,15,91,0,354,40,0.69465648854961837,0,3,1
test__scale__scale_n_35__seed_0007,full,test,scale,scale_n_35,7,7,0,13.6855134,v6,35,0.20000000000000001,7,mixedhard,7,60,0.10000000000000001,1,reference,0,0,0.050000000000000003,0.497,0.9799999999999881,3.43096184915,5,10,300,2,2,0.5,0.02,320,25446,60356,0,16611,15992,15992,200,184,190,16,488,150,0,276,40,0.78947368421052633,0,1,0.88235294117647056,56,94,298,18,0.7567567567567568,0.23979591836734693,0.37333333333333335,0.5,0,276,0,116,94,10,10,108,0,276,82,0.56842105263157894,0,1,0.72483221476510062,89,10,131,0,276,59,0.68947368421052635,0,1,0.81619937694704048,54,77,315,20,0.72972972972972971,0.19642857142857142,0.41221374045801529,0.52682926829268295,0.33500002650000127,0.78947368421052633,0.93133104500381392,0.77652716492002205,36.241171323000245,29783,1.2168408596514872,29783,64805,0.45957873620862588,48776,150181214,3.0789981548302445,10,0,466,22,150,0,276,40,0.78947368421052633,0,1,1
test__scale__scale_n_35__seed_0008,full,test,scale,scale_n_35,8,8,0,12.9163853,v6,35,0.20000000000000001,7,mixedhard,8,60,0.10000000000000001,1,reference,0,0,0.050000000000000003,0.497,0.9799999999999881,3.43096184915,5,10,300,2,2,0.5,0.02,320,25447,54802,0,13916,13319,13319,103,100,102,3,482,62,0,366,40,0.60784313725490191,0,1,0.75609756097560976,48,14,381,25,0.65753424657534243,0.035443037974683546,0.77419354838709675,0.71111111111111114,0,366,0,29,14,4,4,14,0,366,88,0.13725490196078433,0,1,0.2413793103448276,12,4,57,0,366,45,0.55882352941176472,0,1,0.71698113207547165,45,12,383,28,0.61643835616438358,0.030379746835443037,0.78947368421052633,0.69230769230769229,0.74999986300000021,0.60784313725490191,0.81372549019607843,0.81267556788624939,32.563256148001109,27621,1.1789311085044389,27621,61421,0.44969961413848686,43185,123075452,2.8499583651730926,10,0,468,14,62,0,366,40,0.60784313725490191,0,2,1
test__scale__scale_n_35__seed_0009,full,test,scale,scale_n_35,9,9,0,10.7547736,v6,35,0.20000000000000001,7,mixedhard,9,60,0.10000000000000001,1,reference,0,0,0.050000000000000003,0.497,0.9799999999999881,3.43096184915,5,10,300,2,2,0.5,0.02,320,25441,67433,0,21471,20433,20433,145,142,142,3,521,99,0,358,43,0.69718309859154926,0,1,0.82157676348547715,56,43,373,28,0.66666666666666663,0.10336538461538461,0.56565656565656564,0.61202185792349728,0,358,0,58,43,7,7,34,0,358,108,0.23943661971830985,0,1,0.38636363636363635,28,7,89,0,358,53,0.62676056338028174,0,1,0.77056277056277056,53,36,380,31,0.63095238095238093,0.086538461538461536,0.5955056179775281,0.61271676300578037,0.50000001100000091,0.69718309859154926,0.85128648988905498,0.78395432692307687,34.853485940001143,29656,1.1752591698139041,29656,63134,0.46973104824658662,54059,139315431,2.5770996688802974,10,0,500,21,99,0,358,43,0.69718309859154926,0,5,1
test__scale__scale_n_35__seed_0010,full,test,scale,scale_n_35,10,10,0,15.8909099,v6,35,0.20000000000000001,7,mixedhard,10,60,0.10000000000000001,1,reference,0,0,0.050000000000000003,0.497,0.9799999999999881,3.43096184915,5,10,300,2,2,0.5,0.02,320,25449,79512,0,25734,25072,25072,120,108,110,12,566,77,0,450,33,0.69999999999999996,0,1,0.82352941176470584,45,32,455,28,0.61643835616438358,0.065708418891170434,0.58441558441558439,0.59999999999999998,0,450,0,37,32,4,4,26,0,450,84,0.23636363636363636,0,1,0.38235294117647056,19,4,63,0,450,47,0.57272727272727275,0,1,0.72832369942196529,42,21,466,31,0.57534246575342463,0.043121149897330596,0.66666666666666663,0.61764705882352944,1.0999997929999985,0.69999999999999996,0.86730303030303035,0.78613822395994482,47.008700582001659,39818,1.1805891953890617,39818,86503,0.46030773499185001,67830,217496154,3.2064890756302522,10,0,560,6,77,0,450,33,0.69999999999999996,0,8,1
test__scale__scale_n_35__seed_0011,full,test,scale,scale_n_35,11,11,0,13.9767685,v6,35,0.20000000000000001,7,mixedhard,11,60,0.10000000000000001,1,reference,0,0,0.050000000000000003,0.497,0.9799999999999881,3.43096184915,5,10,300,2,2,0.5,0.02,320,25446,66110,0,20553,19871,19871,150,131,132,19,471,101,0,312,31,0.76515151515151514,0,1,0.86695278969957079,34,67,317,26,0.56666666666666665,0.17447916666666666,0.33663366336633666,0.42236024844720499,0,312,0,72,67,7,7,61,0,312,71,0.4621212121212121,0,1,0.63212435233160624,61,7,83,0,312,49,0.62878787878787878,0,1,0.77209302325581397,32,51,333,28,0.53333333333333333,0.1328125,0.38554216867469882,0.44755244755244755,0.33999999899999978,0.76515151515151514,0.89325951825951821,0.70648871527777779,37.352038855999837,32272,1.1574132020327168,32272,64245,0.50232702934080475,55341,169462589,3.0621526354782169,10,0,444,27,101,0,312,31,0.76515151515151514,0,3,1
test__scale__scale_n_35__seed_0012,full,test,scale,scale_n_35,12,12,0,14.8372161,v6,35,0.20000000000000001,7,mixedhard,12,60,0.10000000000000001,1,reference,0,0,0.050000000000000003,0.497,0.9799999999999881,3.43096184915,5,10,300,2,2,0.5,0.02,320,25449,71097,0,20790,20220,20220,176,153,159,23,536,129,0,364,30,0.81132075471698117,0,1,0.89583333333333337,58,71,377,17,0.77333333333333332,0.15848214285714285,0.44961240310077522,0.56862745098039214,0,364,0,84,71,12,12,72,0,364,87,0.45283018867924529,0,1,0.62337662337662336,47,12,111,0,364,48,0.69811320754716977,0,1,0.82222222222222219,55,56,392,20,0.73333333333333328,0.125,0.49549549549549549,0.59139784946236562,1.0999997990000026,0.81132075471698117,0.93062754855207686,0.82824404761904757,37.506781692000153,33077,1.1339233210992579,33077,69229,0.47779109910586604,56182,177357223,3.1568335587910719,10,0,523,13,129,0,364,30,0.81132075471698117,0,6,1
test__scale__scale_n_35__seed_0013,full,test,scale,scale_n_35,13,13,0,14.7878621,v6,35,0.20000000000000001,7,mixedhard,13,60,0.10000000000000001,1,reference,0,0,0.050000000000000003,0.497,0.9799999999999881,3.43096184915,5,10,300,2,2,0.5,0.02,320,25443,83880,0,27371,26574,26574,236,211,213,25,631,157,0,402,56,0.73708920187793425,0,1,0.84864864864864864,57,100,427,31,0.64772727272727271,0.18975332068311196,0.36305732484076431,0.46530612244897956,0,402,0,125,100,12,12,93,0,402,120,0.43661971830985913,0,1,0.60784313725490191,81,12,141,0,402,72,0.6619718309859155,0,1,0.79661016949152541,53,88,439,35,0.60227272727272729,0.16698292220113853,0.37588652482269502,0.46288209606986902,0.20039044000000139,0.73708920187793425,0.90116319809403689,0.74687338278419868,45.748267896002851,39951,1.1451094564842645,39951,86690,0.46084900219171759,69786,208287488,2.9846600750866936,10,0,615,16,157,0,402,56,0.73708920187793425,0,3,1
test__scale__scale_n_35__seed_0014,full,test,scale,scale_n_35,14,14,0,11.0228869,v6,35,0.20000000000000001,7,mixedhard,14,60,0.10000000000000001,1,reference,0,0,0.050000000000000003,0.497,0.9799999999999881,3.43096184915,5,10,300,2,2,0.5,0.02,320,25442,71789,0,20345,19315,19315,239,208,212,31,530,183,0,279,29,0.8632075471698113,0,1,0.92658227848101271,69,114,296,12,0.85185185185185186,0.2780487804878049,0.37704918032786883,0.52272727272727271,0,279,0,131,114,13,13,124,0,279,88,0.58490566037735847,0,1,0.73809523809523814,100,12,135,0,279,77,0.6367924528301887,0,1,0.77809798270893371,66,69,341,15,0.81481481481481477,0.16829268292682928,0.48888888888888887,0.61111111111111116,0,0.8632075471698113,0.97169811320754718,0.81205962059620596,37.703880318999254,32109,1.1742464828863948,32109,69503,0.46198005841474471,55950,145381810,2.5984237712243075,10,0,491,39,183,0,279,29,0.8632075471698113,0,7,1
test__scale__scale_n_35__seed_0015,full,test,scale,scale_n_35,15,15,0,14.2404551,v6,35,0.20000000000000001,7,mixedhard,15,60,0.10000000000000001,1,reference,0,0,0.050000000000000003,0.497,0.9799999999999881,3.43096184915,5,10,300,2,2,0.5,0.02,320,25440,64126,0,17400,16577,16577,177,159,162,18,476,114,0,294,48,0.70370370370370372,0,1,0.82608695652173914,51,63,314,28,0.64556962025316456,0.16710875331564987,0.44736842105263158,0.52849740932642486,0,294,0,83,63,10,10,58,0,294,104,0.35802469135802467,0,1,0.52727272727272723,55,10,90,0,294,72,0.55555555555555558,0,1,0.7142857142857143,45,45,332,34,0.569620253164557,0.11936339522546419,0.5,0.53254437869822491,0.49999990599999933,0.70370370370370372,0.88580246913580252,0.7489507437128563,36.075148925998185,31215,1.1556991486784618,31215,61030,0.51146976896608221,50855,151681156,2.9826203126536228,10,0,456,20,114,0,294,48,0.70370370370370372,0,7,2
test__scale__scale_n_35__seed_0016,full,test,scale,scale_n_35,16,16,0,14.4039884,v6,35,0.20000000000000001,7,mixedhard,16,60,0.10000000000000001,1,reference,0,0,0.050000000000000003,0.497,0.9799999999999881,3.43096184915,5,10,300,2,2,0.5,0.02,320,25449,64428,0,18848,18065,18065,195,174,177,21,576,134,0,375,43,0.75706214689265539,0,1,0.86173633440514474,68,66,391,27,0.71578947368421053,0.14442013129102846,0.5074626865671642,0.59388646288209612,0,375,0,82,66,14,14,40,0,375,137,0.22598870056497175,0,1,0.3686635944700461,32,14,120,0,375,57,0.67796610169491522,0,1,0.80808080808080807,63,57,400,32,0.66315789473684206,0.12472647702407003,0.52500000000000002,0.586046511627907,0.69999990200000006,0.75706214689265539,0.90318644067796605,0.80676033628930088,34.735238227001403,30434,1.1413300330880398,30434,66703,0.45626133757102377,51809,153838408,2.969337528228686,10,0,552,24,134,0,375,43,0.75706214689265539,0,2,1
test__scale__scale_n_35__seed_0017,full,test,scale,scale_n_35,17,17,0,14.8725502,v6,35,0.20000000000000001,7,mixedhard,17,60,0.10000000000000001,1,reference,0,0,0.050000000000000003,0.497,0.9799999999999881,3.43096184915,5,10,300,2,2,0.5,0.02,320,25445,68918,0,20242,19796,19787,103,98,98,5,500,54,0,384,44,0.55102040816326525,0,1,0.71052631578947367,42,12,393,35,0.54545454545454541,0.029629629629629631,0.77777777777777779,0.64122137404580148,0,383,0,22,12,3,3,11,0,384,87,0.11224489795918367,0,1,0.20183486238532111,11,3,43,0,384,55,0.43877551020408162,0,1,0.60992907801418439,38,5,400,39,0.4935064935064935,0.012345679012345678,0.88372093023255816,0.6333333333333333,1.4699997289999986,0.55102040816326525,0.78515625,0.76235369568702904,41.578637810001311,35876,1.1589541144498079,35876,76124,0.47128369502390838,58463,182535137,3.1222334981099156,10,0,482,18,54,0,384,44,0.55102040816326525,0,8,1
test__scale__scale_n_35__seed_0018,full,test,scale,scale_n_35,18,18,0,15.1427852,v6,35,0.20000000000000001,7,mixedhard,18,60,0.10000000000000001,1,reference,0,0,0.050000000000000003,0.497,0.9799999999999881,3.43096184915,5,10,300,2,2,0.5,0.02,320,25442,75029,0,25542,24601,24601,178,153,159,25,520,126,0,334,33,0.79245283018867929,0,1,0.88421052631578945,64,62,350,17,0.79012345679012341,0.15048543689320387,0.50793650793650791,0.61835748792270528,0,334,0,78,62,6,6,102,0,334,57,0.64150943396226412,0,1,0.7816091954022989,67,6,83,0,334,76,0.5220125786163522,0,1,0.68595041322314054,59,24,388,22,0.72839506172839508,0.058252427184466021,0.71084337349397586,0.71951219512195119,0.672387917,0.79245283018867929,0.94603246337513647,0.85745535179192134,36.066065064001918,31201,1.155926574917532,31201,65757,0.47448940797177486,59174,184770153,3.1224888126542063,10,0,493,27,126,0,334,33,0.79245283018867929,0,10,2
test__scale__scale_n_35__seed_0019,full,test,scale,scale_n_35,19,19,0,11.9660171,v6,35,0.20000000000000001,7,mixedhard,19,60,0.10000000000000001,1,reference,0,0,0.050000000000000003,0.497,0.9799999999999881,3.43096184915,5,10,300,2,2,0.5,0.02,320,25442,53968,0,9672,8983,8983,163,143,144,20,546,107,0,375,37,0.74305555555555558,0,1,0.85258964143426297,43,64,381,31,0.58108108108108103,0.14382022471910114,0.40186915887850466,0.47513812154696133,0,375,0,70,64,9,9,57,0,375,87,0.39583333333333331,0,1,0.56716417910447758,51,8,80,0,375,64,0.55555555555555558,0,1,0.7142857142857143,40,40,405,34,0.54054054054054057,0.0898876404494382,0.5,0.51948051948051943,0.40000007600000131,0.74305555555555558,0.9025185185185185,0.74957485575463101,40.654686825001079,33538,1.2121977108056856,33538,73317,0.45743824760969487,45820,127308354,2.7784450894805763,10,0,519,27,107,0,375,37,0.74305555555555558,0,0,0
test__scale__scale_n_35__seed_0020,full,test,scale,scale_n_35,20,20,0,10.016186,v6,35,0.20000000000000001,7,mixedhard,20,60,0.10000000000000001,1,reference,0,0,0.050000000000000003,0.497,0.9799999999999881,3.43096184915,5,10,300,2,2,0.5,0.02,320,25447,55601,0,12216,11746,11735,98,95,97,3,519,56,0,407,41,0.57731958762886593,0,1,0.73202614379084963,44,12,415,33,0.5714285714285714,0.028103044496487119,0.7857142857142857,0.66165413533834583,0,404,0,23,12,4,4,10,0,407,87,0.10309278350515463,0,1,0.18691588785046728,9,3,44,0,407,53,0.45360824742268041,0,1,0.62411347517730498,40,4,423,37,0.51948051948051943,0.0093676814988290398,0.90909090909090906,0.66115702479338845,1.1999997844999992,0.57731958762886593,0.79798120519769999,0.78353964536634324,36.419416820999402,30505,1.1938835214226979,30505,68371,0.446168697254684,44862,111399855,2.4831673799652267,10,0,504,15,56,0,407,41,0.57731958762886593,0,7,1
test__scale__scale_n_35__seed_0021,full,test,scale,scale_n_35,21,21,0,14.3335717,v6,35,0.20000000000000001,7,mixedhard,21,60,0.10000000000000001,1,reference,0,0,0.050000000000000003,0.497,0.9799999999999881,3.43096184915,5,10,300,2,2,0.5,0.02,320,25442,66002,0,15486,14880,14880,132,125,128,7,474,110,0,324,18,0.859375,0,1,0.92436974789915971,38,72,326,16,0.70370370370370372,0.18090452261306533,0.34545454545454546,0.46341463414634149,0,324,0,74,72,6,6,68,0,324,60,0.53125,0,1,0.69387755102040816,68,6,98,0,324,30,0.765625,0,1,0.86725663716814161,37,61,337,17,0.68518518518518523,0.15326633165829145,0.37755102040816324,0.48684210526315791,0.50000640950000097,0.859375,0.93294270833333337,0.76167876419132696,41.316172821000741,35537,1.1626241050454664,35537,66578,0.53376490732674453,53387,161970534,3.0338946560023974,10,0,452,22,110,0,324,18,0.859375,0,12,1
test__scale__scale_n_35__seed_0022,full,test,scale,scale_n_35,22,22,0,13.8304015,v6,35,0.20000000000000001,7,mixedhard,22,60,0.10000000000000001,1,reference,0,0,0.050000000000000003,0.497,0.9799999999999881,3.43096184915,5,10,300,2,2,0.5,0.02,320,25444,58440,0,13385,12863,12863,146,132,134,14,478,101,0,303,33,0.75373134328358204,0,1,0.8595744680851064,35,66,306,30,0.53846153846153844,0.17741935483870969,0.34653465346534651,0.42168674698795183,0,303,0,69,66,10,10,41,0,303,93,0.30597014925373134,0,1,0.46857142857142858,40,10,96,0,303,38,0.71641791044776115,0,1,0.83478260869565213,34,62,310,31,0.52307692307692311,0.16666666666666666,0.35416666666666669,0.42236024844720499,0.39999993899999708,0.75373134328358204,0.88732082163440229,0.68651778329197688,36.56325646799916,30818,1.1864253510285923,30818,65087,0.47348932966644647,47060,139449494,2.9632276668083302,10,0,437,41,101,0,303,33,0.75373134328358204,0,13,1
test__scale__scale_n_35__seed_0023,full,test,scale,scale_n_35,23,23,0,16.0403975,v6,35,0.20000000000000001,7,mixedhard,23,60,0.10000000000000001,1,reference,0,0,0.050000000000000003,0.497,0.9799999999999881,3.43096184915,5,10,300,2,2,0.5,0.02,320,25443,77745,0,28859,27676,27676,138,130,131,8,563,91,0,386,40,0.69465648854961837,0,1,0.81981981981981977,54,37,398,28,0.65853658536585369,0.085057471264367815,0.59340659340659341,0.62427745664739887,0,386,0,49,37,5,5,28,0,386,103,0.21374045801526717,0,1,0.3522012578616352,28,5,76,0,386,55,0.58015267175572516,0,1,0.7342995169082126,47,29,406,35,0.57317073170731703,0.066666666666666666,0.61842105263157898,0.59493670886075944,0.59999998500000018,0.69465648854961837,0.85804690899023062,0.78615082702551164,37.264572371999371,30499,1.2218293180759818,30499,69756,0.43722403807557775,62372,205724015,3.2983392387609825,10,0,517,46,91,0,386,40,0.69465648854961837,0,8,1
test__scale__scale_n_35__seed_0024,full,test,scale,scale_n_35,24,24,0,15.6743039,v6,35,0.20000000000000001,7,mixedhard,24,60,0.10000000000000001,1,reference,0,0,0.050000000000000003,0.497,0.9799999999999881,3.43096184915,5,10,300,2,2,0.5,0.02,320,25447,74044,0,28237,27744,27744,162,148,151,14,519,113,0,356,38,0.7483443708609272,0,1,0.85606060606060608,57,56,363,31,0.64772727272727271,0.13365155131264916,0.50442477876106195,0.56716417910447758,0,356,0,63,56,12,11,36,0,356,115,0.23841059602649006,0,1,0.38502673796791442,33,11,106,0,356,45,0.70198675496688745,0,1,0.82490272373540852,56,50,369,32,0.63636363636363635,0.11933174224343675,0.52830188679245282,0.57731958762886593,0.5999998770000019,0.7483443708609272,0.88914725798050454,0.77015079192883484,35.356503973001118,30039,1.177020006425018,30039,68067,0.44131517475428622,59879,196951290,3.28915462850081,10,0,507,12,113,0,356,38,0.7483443708609272,0,0,0
test__scale__scale_n_35__seed_0025,full,test,scale,scale_n_35,25,25,0,13.8441631,v6,35,0.20000000000000001,7,mixedhard,25,60,0.10000000000000001,1,reference,0,0,0.050000000000000003,0.497,0.9799999999999881,3.43096184915,5,10,300,2,2,0.5,0.02,320,25450,62831,0,17592,16952,16952,149,124,128,25,463,86,0,312,42,0.671875,0,1,0.80373831775700932,52,34,320,34,0.60465116279069764,0.096045197740112997,0.60465116279069764,0.60465116279069764,0,312,0,42,34,9,8,35,0,312,93,0.2734375,0,1,0.42944785276073622,29,8,77,0,312,51,0.6015625,0,1,0.75121951219512195,50,27,327,36,0.58139534883720934,0.076271186440677971,0.64935064935064934,0.61349693251533743,0.71002587700000053,0.671875,0.86284304887820518,0.75495992642228349,32.386881570001236,28527,1.1353062561784006,28527,61818,0.46146753372804039,48401,148274278,3.063454845974257,10,0,440,23,86,0,312,42,0.671875,0,14,1
test__scale__scale_n_35__seed_0026,full,test,scale,scale_n_35,26,26,0,12.9382993,v6,35,0.20000000000000001,7,mixedhard,26,60,0.10000000000000001,1,reference,0,0,0.050000000000000003,0.497,0.9799999999999881,3.43096184915,5,10,300,2,2,0.5,0.02,320,25449,61158,0,12405,11701,11701,226,187,189,39,529,153,0,313,36,0.80952380952380953,0,1,0.89473684210526316,62,91,326,23,0.72941176470588232,0.21822541966426859,0.40522875816993464,0.52100840336134457,0,313,0,104,91,13,13,110,0,313,79,0.58201058201058198,0,1,0.73578595317725748,73,13,134,0,313,55,0.70899470899470896,0,1,0.8297213622291022,60,74,343,25,0.70588235294117652,0.17745803357314149,0.44776119402985076,0.54794520547945202,0.89998686199999867,0.80952380952380953,0.94161299592609493,0.77594865284243197,36.028306700997433,31204,1.1546053935712548,31204,69197,0.45094440510426753,46578,131819030,2.8300706342049895,10,0,502,27,153,0,313,36,0.80952380952380953,0,5,1
test__scale__scale_n_35__seed_0027,full,test,scale,scale_n_35,27,27,0,14.9663451,v6,35,0.20000000000000001,7,mixedhard,27,60,0.10000000000000001,1,reference,0,0,0.050000000000000003,0.497,0.9799999999999881,3.43096184915,5,10,300,2,2,0.5,0.02,320,25440,63727,0,20439,19895,19895,199,169,172,30,510,121,0,312,51,0.70348837209302328,0,1,0.82593856655290099,57,64,329,34,0.62637362637362637,0.16284987277353691,0.47107438016528924,0.53773584905660377,0,312,0,81,64,14,13,56,0,312,116,0.32558139534883723,0,1,0.49122807017543857,47,12,104,0,312,68,0.60465116279069764,0,1,0.75362318840579712,52,52,341,39,0.5714285714285714,0.13231552162849872,0.5,0.53333333333333333,0.49999991700000024,0.70348837209302328,0.87459935897435892,0.74427480916030531,30.068959263999748,25580,1.1754870705238369,25580,60027,0.42614156962700117,48241,155928479,3.2322812338052693,10,0,484,26,121,0,312,51,0.70348837209302328,0,0,0
test__scale__scale_n_35__seed_0028,full,test,scale,scale_n_35,28,28,0,14.5779978,v6,35,0.20000000000000001,7,mixedhard,28,60,0.10000000000000001,1,reference,0,0,0.050000000000000003,0.497,0.9799999999999881,3.43096184915,5,10,300,2,2,0.5,0.02,320,25448,73282,0,15142,14768,14768,131,124,125,7,456,87,0,315,38,0.69599999999999995,0,1,0.82075471698113212,36,51,327,26,0.58064516129032262,0.13492063492063491,0.41379310344827586,0.48322147651006714,0,315,0,63,51,9,8,44,0,315,81,0.35199999999999998,0,1,0.52071005917159763,44,8,65,0,315,60,0.52000000000000002,0,1,0.68421052631578949,34,31,347,28,0.54838709677419351,0.082010582010582006,0.52307692307692311,0.53543307086614178,0,0.69599999999999995,0.84703492063492059,0.72518774534903563,47.481259702999267,41229,1.1516471343714199,41229,79292,0.51996418301972458,59398,188647906,3.1759976093471161,10,0,440,16,87,0,315,38,0.69599999999999995,0,0,0
test__scale__scale_n_35__seed_0029,full,test,scale,scale_n_35,29,29,0,15.1984842,v6,35,0.20000000000000001,7,mixedhard,29,60,0.10000000000000001,1,reference,0,0,0.050000000000000003,0.497,0.9799999999999881,3.43096184915,5,10,300,2,2,0.5,0.02,320,25442,67160,0,20791,19846,19846,216,202,204,14,558,164,0,335,40,0.80392156862745101,0,1,0.89130434782608692,63,101,347,28,0.69230769230769229,0.22544642857142858,0.38414634146341464,0.49411764705882355,0,335,0,113,101,11,11,97,0,335,107,0.47549019607843135,0,1,0.64451827242524917,82,11,136,0,335,68,0.66666666666666663,0,1,0.80000000000000004,61,75,373,30,0.67032967032967028,0.16741071428571427,0.4485294117647059,0.5374449339207048,0.54999989249999981,0.80392156862745101,0.93096283289435178,0.75978708791208793,37.056587431000459,30234,1.2256594374214613,30234,66051,0.4577372030703547,53719,169602827,3.1572223421880525,10,0,539,19,163,0,335,41,0.7990196078431373,0,12,2
test__scale__scale_n_35__seed_0030,full,test,scale,scale_n_35,30,30,0,13.8038431,v6,35,0.20000000000000001,7,mixedhard,30,60,0.10000000000000001,1,reference,0,0,0.050000000000000003,0.497,0.9799999999999881,3.43096184915,5,10,300,2,2,0.5,0.02,320,25442,61711,0,15394,14600,14600,132,123,124,9,530,94,0,378,30,0.75806451612903225,0,1,0.86238532110091748,57,37,393,15,0.79166666666666663,0.086046511627906982,0.6063829787234043,0.68674698795180722,0,378,0,52,37,5,5,49,0,378,75,0.39516129032258063,0,1,0.56647398843930641,34,5,84,0,378,40,0.67741935483870963,0,1,0.80769230769230771,53,31,399,19,0.73611111111111116,0.072093023255813959,0.63095238095238093,0.67948717948717952,0.58734204449999972,0.75806451612903225,0.89488393923877796,0.86138565891472874,34.948256494001406,30240,1.1556963126323216,30240,62723,0.48211979656585302,48089,141593267,2.9444003202395557,10,0,502,28,94,0,378,30,0.75806451612903225,0,3,1
test__scale__scale_n_105__seed_0001,full,test,scale,scale_n_105,1,1,0,108.973055,v6,105,0.20000000000000001,21,mixedhard,1,60,0.10000000000000001,1,reference,0,0,0.050000000000000003,0.497,0.9799999999999881,3.43096184915,5,10,300,2,2,0.5,0.02,320,76325,578950,0,156473,150047,150047,1792,1554,1578,238,4685,1251,0,2928,327,0.79277566539923949,0,1,0.8844114528101803,498,753,3046,209,0.70438472418670439,0.19821005527770466,0.39808153477218228,0.50868232890704801,0,2928,0,871,753,43,43,838,0,2928,740,0.53105196451204051,0,1,0.69370860927152322,625,42,1051,0,2928,527,0.6660329531051965,0,1,0.79954355268162802,471,580,3219,236,0.66619519094766622,0.15267175572519084,0.44814462416745954,0.53583617747440271,0.49999990300000263,0.79277566539923949,0.923589251456156,0.78217039919311748,342.8830303150076,275595,1.2441554829188033,275595,601696,0.45803030101579534,452298,1616711298,3.574438308371914,10,0,4506,179,1251,0,2928,327,0.79277566539923949,0,24,2
test__scale__scale_n_105__seed_0002,full,test,scale,scale_n_105,2,2,0,111.796993,v6,105,0.20000000000000001,21,mixedhard,2,60,0.10000000000000001,1,reference,0,0,0.050000000000000003,0.497,0.9799999999999881,3.43096184915,5,10,300,2,2,0.5,0.02,320,76344,601444,0,165775,159318,159318,1253,1112,1131,141,4659,778,0,3239,353,0.68788682581786031,0,1,0.81508643268727077,431,347,3343,249,0.63382352941176467,0.0940379403794038,0.55398457583547556,0.59122085048010975,0,3239,0,451,347,24,24,378,0,3239,753,0.33421750663129973,0,1,0.50099403578528823,328,24,657,0,3239,474,0.58090185676392569,0,1,0.7348993288590604,389,268,3422,291,0.57205882352941173,0.072628726287262871,0.59208523592085238,0.58189977561705308,0.4999999265000028,0.68788682581786031,0.86627240563108376,0.78403475211222695,371.73662303501908,297470,1.2496608835681549,297470,640963,0.46409855171047315,490039,1743732017,3.5583535534926813,10,0,4370,289,777,0,3239,354,0.6870026525198939,0,58,4
test__scale__scale_n_105__seed_0003,full,test,scale,scale_n_105,3,3,0,116.292601,v6,105,0.20000000000000001,21,mixedhard,3,60,0.10000000000000001,1,reference,0,0,0.050000000000000003,0.497,0.9799999999999881,3.43096184915,5,10,300,2,2,0.5,0.02,320,76342,594526,0,170682,164032,164032,2145,1770,1782,375,4739,1401,0,2714,381,0.78619528619528622,0,1,0.88030160226201692,534,867,2898,197,0.73050615595075241,0.23027888446215139,0.38115631691648821,0.50093808630393999,0,2714,0,1051,867,48,46,994,0,2714,788,0.55780022446689115,0,1,0.71613832853025938,733,43,1124,0,2714,658,0.63075196408529743,0,1,0.77357192016517551,489,635,3130,242,0.66894664842681262,0.16865869853917662,0.43505338078291816,0.52722371967654991,0.29999994799999996,0.78619528619528622,0.94512553687203649,0.78454681047810582,332.72041564201203,269326,1.2353817145095982,269326,586139,0.45949169053756872,462906,1748555478,3.7773445969592099,10,0,4496,243,1401,0,2714,381,0.78619528619528622,0,25,2
test__scale__scale_n_105__seed_0004,full,test,scale,scale_n_105,4,4,0,102.96338,v6,105,0.20000000000000001,21,mixedhard,4,60,0.10000000000000001,1,reference,0,0,0.050000000000000003,0.497,0.9799999999999881,3.43096184915,5,10,300,2,2,0.5,0.02,320,76337,579917,0,153205,147793,147793,2165,1811,1825,354,4817,1373,0,2860,452,0.75232876712328767,0,1,0.85866166353971229,585,788,3081,231,0.71691176470588236,0.20367019901783406,0.42607428987618357,0.53449063499314753,0,2860,0,1009,788,44,44,917,0,2860,908,0.50246575342465749,0,1,0.66885485047410653,665,44,1112,0,2860,713,0.60931506849315065,0,1,0.75723527408920666,545,567,3302,271,0.66789215686274506,0.14654949599379685,0.49010791366906475,0.56535269709543567,0.50016890499999533,0.75232876712328767,0.93360168598524762,0.79647534575991163,359.05984177200889,284373,1.2626368951061069,284373,616822,0.46102927586888925,457486,1563258859,3.417063820532213,10,0,4685,132,1373,0,2860,452,0.75232876712328767,0,29,3
test__scale__scale_n_105__seed_0005,full,test,scale,scale_n_105,5,5,0,116.083617,v6,105,0.20000000000000001,21,mixedhard,5,60,0.10000000000000001,1,reference,0,0,0.050000000000000003,0.497,0.9799999999999881,3.43096184915,5,10,300,2,2,0.5,0.02,320,76339,607107,0,173469,166479,166479,1844,1511,1523,333,4911,1191,0,3151,332,0.78200919238345368,0,1,0.87767133382461315,595,596,3252,231,0.72033898305084743,0.15488565488565489,0.49958018471872379,0.58998512642538425,0,3151,0,697,596,31,30,792,0,3151,731,0.52002626395272489,0,1,0.6842332613390929,582,31,997,0,3151,526,0.65462902166776105,0,1,0.79126984126984123,547,450,3398,279,0.66222760290556903,0.11694386694386695,0.54864593781344029,0.60010970927043339,0.40000002000000023,0.78200919238345368,0.92304499316833,0.80708509310204224,375.91685906100065,290826,1.2925833971550023,290826,644721,0.45108814510462664,487066,1747287308,3.5873727749422049,10,0,4674,237,1191,0,3151,332,0.78200919238345368,0,65,4
test__scale__scale_n_105__seed_0006,full,test,scale,scale_n_105,6,6,0,99.0518186,v6,105,0.20000000000000001,21,mixedhard,6,60,0.10000000000000001,1,reference,0,0,0.050000000000000003,0.497,0.9799999999999881,3.43096184915,5,10,300,2,2,0.5,0.02,320,76339,623927,0,196277,190661,190661,2095,1765,1789,330,4571,1412,0,2616,377,0.78926774734488536,0,1,0.88222430490471726,544,868,2769,224,0.70833333333333337,0.23865823480890844,0.38526912181303113,0.49908256880733948,0,2616,0,1021,868,42,42,946,0,2616,843,0.5287870318613751,0,1,0.69177330895795242,817,42,1149,0,2616,640,0.64225824482951366,0,1,0.78216473791695029,514,635,3002,254,0.66927083333333337,0.17459444597195492,0.44734551784160137,0.53625456442357855,0,0.78926774734488536,0.93305012965745471,0.75459649379066995,362.63491415100651,285451,1.2703928665550535,285451,623599,0.45774768721566261,504462,1773370376,3.5153695937454157,10,0,4405,166,1412,0,2616,377,0.78926774734488536,0,35,3
test__scale__scale_n_105__seed_0007,full,test,scale,scale_n_105,7,7,0,109.101796,v6,105,0.20000000000000001,21,mixedhard,7,60,0.10000000000000001,1,reference,0,0,0.050000000000000003,0.497,0.9799999999999881,3.43096184915,5,10,300,2,2,0.5,0.02,320,76326,549775,0,147008,141867,141867,1938,1612,1639,326,4658,1242,0,2852,397,0.75777913361805982,0,1,0.86220062478306148,413,829,2994,255,0.61826347305389218,0.21684540936437352,0.33252818035426729,0.43246073298429322,0,2852,0,971,829,40,39,760,0,2852,879,0.46369737644905429,0,1,0.63359733222175907,703,39,1023,0,2852,616,0.62416107382550334,0,1,0.76859504132231404,372,651,3172,296,0.55688622754491013,0.17028511640073241,0.36363636363636365,0.43997634535777647,0.12000000150000112,0.75777913361805982,0.91646571516343822,0.72352280790237467,348.69206618799848,269241,1.2950927466024806,269241,604204,0.44561274006792406,435972,1537227830,3.5259783426458582,10,0,4491,167,1242,0,2852,397,0.75777913361805982,0,10,2
test__scale__scale_n_105__seed_0008,full,test,scale,scale_n_105,8,8,0,118.677454,v6,105,0.20000000000000001,21,mixedhard,8,60,0.10000000000000001,1,reference,0,0,0.050000000000000003,0.497,0.9799999999999881,3.43096184915,5,10,300,2,2,0.5,0.02,320,76324,595104,0,174036,168811,168811,1945,1717,1730,228,4747,1344,0,2809,386,0.77687861271676295,0,1,0.87443070917371502,482,862,2945,250,0.65846994535519121,0.22642500656685055,0.35863095238095238,0.46435452793834298,0,2809,0,998,862,39,39,995,0,2809,735,0.57514450867052025,0,1,0.73027522935779821,812,39,1144,0,2809,586,0.66127167630057804,0,1,0.79610299234516357,424,720,3087,308,0.57923497267759561,0.18912529550827423,0.37062937062937062,0.45202558635394458,0.29936902749999561,0.77687861271676295,0.92442397166827517,0.73269293981032924,345.41133429398525,275519,1.2536751886221467,275519,631347,0.43639868408339627,471298,1760157629,3.734702097186918,10,0,4539,208,1344,0,2809,386,0.77687861271676295,0,31,1
test__scale__scale_n_105__seed_0009,full,test,scale,scale_n_105,9,9,0,105.965256,v6,105,0.20000000000000001,21,mixedhard,9,60,0.10000000000000001,1,reference,0,0,0.050000000000000003,0.497,0.9799999999999881,3.43096184915,5,10,300,2,2,0.5,0.02,320,76334,603885,0,168045,162512,162512,2025,1700,1718,325,4617,1285,0,2690,433,0.74796274738067525,0,1,0.85581085581085581,490,795,2859,264,0.64986737400530503,0.21756978653530379,0.38132295719844356,0.48062775870524765,0,2690,0,964,795,44,43,913,0,2690,805,0.53143189755529685,0,1,0.69403268719118205,756,43,976,0,2690,742,0.56810244470314319,0,1,0.72457312546399411,452,524,3130,302,0.59946949602122013,0.14340448823207444,0.46311475409836067,0.52254335260115603,0,0.74796274738067525,0.90605484894253285,0.74009860201893496,360.4631017329956,284215,1.2682761350843397,284215,627671,0.45280887598757946,473536,1644386868,3.4725699165427759,10,0,4408,209,1285,0,2690,433,0.74796274738067525,0,22,2
test__scale__scale_n_105__seed_0010,full,test,scale,scale_n_105,10,10,0,110.268812,v6,105,0.20000000000000001,21,mixedhard,10,60,0.10000000000000001,1,reference,0,0,0.050000000000000003,0.497,0.9799999999999881,3.43096184915,5,10,300,2,2,0.5,0.02,320,76331,664823,0,209245,201698,201698,2455,2107,2118,348,5224,1661,0,2927,457,0.78423040604343719,0,1,0.87906853664990736,614,1047,3114,270,0.69457013574660631,0.25162220620043257,0.3696568332329922,0.48251473477406681,0,2927,0,1234,1047,43,42,1015,0,2927,1103,0.47922568460812087,0,1,0.64794127034790938,812,43,1411,0,2927,707,0.66619452313503302,0,1,0.79965996032870501,577,834,3327,307,0.65271493212669685,0.20043258832011535,0.40892983699503899,0.50283224400871462,0.34606837399999968,0.78423040604343719,0.93047529223055314,0.75177363386150864,388.99255783498779,298706,1.302258936328657,298706,651955,0.45816965894885381,533228,1929775616,3.6190440411981366,10,0,5045,179,1661,0,2927,457,0.78423040604343719,0,88,4
test__scale__scale_n_105__seed_0011,full,test,scale,scale_n_105,11,11,0,114.842346,v6,105,0.20000000000000001,21,mixedhard,11,60,0.10000000000000001,1,reference,0,0,0.050000000000000003,0.497,0.9799999999999881,3.43096184915,5,10,300,2,2,0.5,0.02,320,76330,559001,0,162021,156113,156113,1859,1569,1594,290,4787,1204,0,2983,390,0.75533249686323711,0,1,0.86061472480343104,538,666,3144,229,0.70143415906127771,0.17480314960629922,0.44684385382059799,0.54591577879249109,0,2983,0,827,666,36,35,814,0,2983,780,0.51066499372647423,0,1,0.67607973421926915,592,35,1027,0,2983,567,0.64429109159347553,0,1,0.78367035482640213,501,526,3284,266,0.65319426336375486,0.13805774278215224,0.48782862706913338,0.55852842809364545,0.50064952150000153,0.75533249686323711,0.92416247485226821,0.7908769552436975,335.65512658099556,266567,1.2591773422103845,266567,597932,0.44581490871871715,448759,1650461615,3.6778351297689853,10,0,4577,210,1204,0,2983,390,0.75533249686323711,0,16,2
test__scale__scale_n_105__seed_0012,full,test,scale,scale_n_105,12,12,0,113.971335,v6,105,0.20000000000000001,21,mixedhard,12,60,0.10000000000000001,1,reference,0,0,0.050000000000000003,0.497,0.9799999999999881,3.43096184915,5,10,300,2,2,0.5,0.02,320,76332,566721,0,138655,133120,133120,2246,1916,1934,330,5129,1558,0,3020,376,0.80558428128231641,0,1,0.89232531500572743,579,979,3192,204,0.73946360153256707,0.23471589546871255,0.37163029525032093,0.49466040153780438,0,3020,0,1151,979,41,41,955,0,3020,979,0.49379524301964839,0,1,0.66112841813776391,768,40,1223,0,3020,711,0.63236814891416748,0,1,0.77478618942033572,522,701,3470,261,0.66666666666666663,0.16806521217933348,0.42681929681112019,0.52043868394815551,0.65966156049999825,0.80558428128231641,0.94531826773594851,0.77866911132728478,372.75262670899622,295976,1.2594015281948407,295976,661212,0.44762647985819981,456200,1661867454,3.6428484305129327,10,0,4954,175,1558,0,3020,376,0.80558428128231641,0,28,4
test__scale__scale_n_105__seed_0013,full,test,scale,scale_n_105,13,13,0,113.052109,v6,105,0.20000000000000001,21,mixedhard,13,60,0.10000000000000001,1,reference,0,0,0.050000000000000003,0.497,0.9799999999999881,3.43096184915,5,10,300,2,2,0.5,0.02,320,76335,544102,0,156430,151245,151245,1513,1263,1278,250,4352,935,0,2889,343,0.73161189358372458,0,1,0.8450067781292363,422,513,3024,208,0.66984126984126979,0.14503816793893129,0.45133689839572194,0.53929712460063894,0,2889,0,648,513,37,37,592,0,2889,686,0.46322378716744916,0,1,0.63315508021390376,424,37,745,0,2889,533,0.58294209702660404,0,1,0.73652990608007907,386,359,3178,244,0.61269841269841274,0.1014984450098954,0.51812080536912752,0.56145454545454543,0.59999999899999956,0.73161189358372458,0.90000682530628562,0.79390928551233897,326.95622905899268,263947,1.2387192468904467,263947,579661,0.455347177056935,441611,1624305384,3.6781361514998494,10,0,4167,185,934,0,2889,344,0.73082942097026604,0,49,3
test__scale__scale_n_105__seed_0014,full,test,scale,scale_n_105,14,14,0,123.043481,v6,105,0.20000000000000001,21,mixedhard,14,60,0.10000000000000001,1,reference,0,0,0.050000000000000003,0.497,0.9799999999999881,3.43096184915,5,10,300,2,2,0.5,0.02,320,76337,617605,0,166747,160095,160095,2825,2386,2397,439,5247,1964,0,2652,433,0.819357530246141,0,1,0.90071084613620733,558,1406,2845,240,0.6992481203007519,0.33074570689249588,0.28411405295315684,0.4040550325850833,0,2652,0,1599,1406,51,51,1317,0,2652,1080,0.54943679599499373,0,1,0.70920840064620361,1134,50,1553,0,2652,844,0.64789319983312477,0,1,0.78632911392405058,525,1028,3223,273,0.65789473684210531,0.24182545283462714,0.33805537669027691,0.44661846022968948,0,0.819357530246141,0.9488128071099432,0.71453009140116819,379.70117330400245,301967,1.2574260541847369,301967,675077,0.44730749233050454,494946,1851959982,3.7417414869500916,10,0,5049,198,1964,0,2652,433,0.819357530246141,0,27,2
test__scale__scale_n_105__seed_0015,full,test,scale,scale_n_105,15,15,0,113.208778,v6,105,0.20000000000000001,21,mixedhard,15,60,0.10000000000000001,1,reference,0,0,0.050000000000000003,0.497,0.9799999999999881,3.43096184915,5,10,300,2,2,0.5,0.02,320,76330,595318,0,160031,154058,154058,2621,2185,2207,436,5178,1680,0,2787,527,0.7612143180788401,0,1,0.86441986107537949,548,1132,2996,318,0.63279445727482675,0.27422480620155038,0.3261904761904762,0.43047918303220739,0,2787,0,1341,1132,41,41,942,0,2787,1265,0.42682374263706391,0,1,0.59828516989520486,800,41,1364,0,2787,843,0.61803352967829628,0,1,0.76393167180061605,520,844,3284,346,0.60046189376443415,0.20445736434108527,0.38123167155425219,0.46636771300448432,0.49999991699999846,0.7612143180788401,0.93085444769220294,0.72097904582236783,338.5324360450121,273774,1.2365397592357641,273774,606091,0.45170444702198187,455230,1638657845,3.5996262219098041,10,0,4994,184,1680,0,2787,527,0.7612143180788401,0,65,4
test__scale__scale_n_105__seed_0016,full,test,scale,scale_n_105,16,16,0,116.421731,v6,105,0.20000000000000001,21,mixedhard,16,60,0.10000000000000001,1,reference,0,0,0.050000000000000003,0.497,0.9799999999999881,3.43096184915,5,10,300,2,2,0.5,0.02,320,76336,590204,0,156926,150474,150474,1867,1597,1618,270,4609,1252,0,2764,366,0.77379480840543879,0,1,0.8724738675958188,504,748,2938,192,0.72413793103448276,0.20293000542593598,0.402555910543131,0.51745379876796715,0,2764,0,922,748,46,45,815,0,2764,803,0.50370828182941907,0,1,0.66995478832716815,672,46,1021,0,2764,597,0.63102595797280592,0,1,0.77377794619173934,474,547,3139,222,0.68103448275862066,0.14839934888768314,0.46425073457394711,0.55212580081537566,0.29999993650000079,0.77379480840543879,0.9302944085979189,0.78757538620814393,347.18814575200679,287065,1.2094408783794848,287065,625590,0.45887082594031237,466307,1728353614,3.7064715176911349,10,0,4382,227,1250,0,2764,368,0.77255871446229918,0,16,3
test__scale__scale_n_105__seed_0017,full,test,scale,scale_n_105,17,17,0,121.695139,v6,105,0.20000000000000001,21,mixedhard,17,60,0.10000000000000001,1,reference,0,0,0.050000000000000003,0.497,0.9799999999999881,3.43096184915,5,10,300,2,2,0.5,0.02,320,76330,638263,0,191264,185273,185273,2171,1865,1885,306,4924,1499,0,2830,386,0.79522546419098139,0,1,0.88593380614657213,549,950,2999,217,0.71671018276762399,0.24056723221068624,0.36624416277518346,0.48476821192052982,0,2830,0,1119,950,44,43,1056,0,2830,829,0.56021220159151197,0,1,0.71812308738524311,825,44,1194,0,2830,691,0.63342175066313,0,1,0.77557648587203643,513,681,3268,253,0.66971279373368142,0.1724487211952393,0.42964824120603012,0.52346938775510199,0.099961001000000493,0.79522546419098139,0.93166190212857691,0.75664477307604072,357.01504771299017,284560,1.2546213371977444,284560,642036,0.44321502221059256,499477,1884438104,3.7728225804191182,10,0,4715,209,1499,0,2830,386,0.79522546419098139,0,11,2
test__scale__scale_n_105__seed_0018,full,test,scale,scale_n_105,18,18,0,113.57686,v6,105,0.20000000000000001,21,mixedhard,18,60,0.10000000000000001,1,reference,0,0,0.050000000000000003,0.497,0.9799999999999881,3.43096184915,5,10,300,2,2,0.5,0.02,320,76335,595810,0,150605,144396,144396,1727,1442,1457,285,4785,1116,0,3157,341,0.76595744680851063,0,1,0.86746987951807231,505,611,3263,235,0.68243243243243246,0.15771812080536912,0.45250896057347673,0.54418103448275867,0,3157,0,717,611,36,36,627,0,3157,830,0.43033630748112561,0,1,0.60172744721689064,516,35,920,0,3157,537,0.63143445435827039,0,1,0.77408498106857382,477,443,3431,263,0.64459459459459456,0.11435209086215797,0.51847826086956517,0.57469879518072287,0.59988935750000039,0.76595744680851063,0.92185345330799573,0.79089547084513523,371.5504701410203,303898,1.2226157136309561,303898,651781,0.46625783813888405,475869,1713997679,3.6018267191180766,10,0,4614,171,1115,0,3157,342,0.76527110501029516,0,66,4
test__scale__scale_n_105__seed_0019,full,test,scale,scale_n_105,19,19,0,125.309308,v6,105,0.20000000000000001,21,mixedhard,19,60,0.10000000000000001,1,reference,0,0,0.050000000000000003,0.497,0.9799999999999881,3.43096184915,5,10,300,2,2,0.5,0.02,320,76338,640542,0,183095,176850,176850,1676,1436,1452,240,5050,1037,0,3431,415,0.71418732782369143,0,1,0.83326637203696263,548,489,3618,228,0.70618556701030932,0.11906501095690285,0.52844744455159109,0.60452289023717598,0,3431,0,676,489,33,33,509,0,3431,943,0.35055096418732784,0,1,0.5191228964813871,355,33,904,0,3431,548,0.62258953168044073,0,1,0.767402376910017,506,398,3709,270,0.65206185567010311,0.096907718529340145,0.55973451327433632,0.60238095238095235,0.79983101799999901,0.71418732782369143,0.90523337693192762,0.8218707876168172,400.8967053179897,314143,1.2761599186293811,314143,672328,0.46724664152021039,519739,1946272877,3.7447120131450591,10,0,4883,167,1035,0,3431,417,0.71280991735537191,0,8,2
test__scale__scale_n_105__seed_0020,full,test,scale,scale_n_105,20,20,0,107.160776,v6,105,0.20000000000000001,21,mixedhard,20,60,0.10000000000000001,1,reference,0,0,0.050000000000000003,0.497,0.9799999999999881,3.43096184915,5,10,300,2,2,0.5,0.02,320,76332,616688,0,191654,186084,186084,2048,1738,1760,310,4859,1356,0,2928,404,0.7704545454545455,0,1,0.87034659820282412,572,784,3064,268,0.68095238095238098,0.20374220374220375,0.42182890855457228,0.52094717668488155,0,2928,0,920,784,42,42,832,0,2928,928,0.47272727272727272,0,1,0.64197530864197527,645,42,1141,0,2928,619,0.64829545454545456,0,1,0.786625301620131,538,603,3245,302,0.64047619047619042,0.15670478170478169,0.4715162138475022,0.5431600201918223,0.49999991299999813,0.7704545454545455,0.92048714605067061,0.76285438941688943,353.34030393102046,280859,1.2580700776226521,280859,635053,0.44226072469541911,493408,1784461985,3.6166052941987159,10,0,4688,171,1355,0,2928,405,0.76988636363636365,0,21,3
test__scale__scale_n_105__seed_0021,full,test,scale,scale_n_105,21,21,0,122.833743,v6,105,0.20000000000000001,21,mixedhard,21,60,0.10000000000000001,1,reference,0,0,0.050000000000000003,0.497,0.9799999999999881,3.43096184915,5,10,300,2,2,0.5,0.02,320,76342,622636,0,183511,178216,178216,1883,1634,1653,249,5029,1273,0,3093,380,0.77011494252873558,0,1,0.87012987012987009,499,774,3237,236,0.67891156462585034,0.19296933433059088,0.39198743126472901,0.49701195219123506,0,3093,0,918,774,39,39,833,0,3093,820,0.50393224440411377,0,1,0.670152855993564,705,39,982,0,3093,671,0.59407138535995163,0,1,0.74535104364326377,451,531,3480,284,0.61360544217687074,0.13238593866866119,0.45926680244399187,0.5253348864298194,0.49903250099999497,0.77011494252873558,0.92208749965038239,0.76888200306300536,404.67524126099732,303078,1.3352181328271842,303078,679350,0.44612938838595717,511581,1961443104,3.8340812188099243,10,0,4746,283,1272,0,3093,381,0.76950998185117969,0,34,3
test__scale__scale_n_105__seed_0022,full,test,scale,scale_n_105,22,22,0,126.026836,v6,105,0.20000000000000001,21,mixedhard,22,60,0.10000000000000001,1,reference,0,0,0.050000000000000003,0.497,0.9799999999999881,3.43096184915,5,10,300,2,2,0.5,0.02,320,76335,611545,0,167966,161116,161116,2346,1916,1930,430,4924,1569,0,2773,361,0.81295336787564765,0,1,0.89682766504715627,563,1006,2939,195,0.74274406332453824,0.25500633713561471,0.35882727852135116,0.48388483025354534,0,2773,0,1172,1006,47,47,1032,0,2773,898,0.5347150259067357,0,1,0.6968264686022958,831,47,1282,0,2773,648,0.6642487046632124,0,1,0.79825653798256535,503,779,3166,255,0.66358839050131924,0.19746514575411914,0.39235569422776911,0.49313725490196081,0.19999999600000073,0.81295336787564765,0.9505109409946767,0.77129912952168833,388.54506956498619,304820,1.2746705254411987,304820,647646,0.47065835348323004,499927,2012853661,4.02629516109352,10,0,4703,221,1569,0,2773,361,0.81295336787564765,0,88,3
test__scale__scale_n_105__seed_0023,full,test,scale,scale_n_105,23,23,0,120.290534,v6,105,0.20000000000000001,21,mixedhard,23,60,0.10000000000000001,1,reference,0,0,0.050000000000000003,0.497,0.9799999999999881,3.43096184915,5,10,300,2,2,0.5,0.02,320,76331,551484,0,146815,142059,142059,1921,1572,1597,349,4499,1268,0,2708,329,0.79398872886662497,0,1,0.88516579406631768,362,906,2826,211,0.63176265270506105,0.2427652733118971,0.28548895899053628,0.39326453014665941,0,2708,0,1024,906,47,46,858,0,2708,739,0.53725735754539761,0,1,0.69898167006109979,779,46,1016,0,2708,581,0.63619286161552913,0,1,0.77765021048603133,336,680,3052,237,0.58638743455497377,0.18220793140407288,0.33070866141732286,0.42290748898678415,0.20000000350000047,0.79398872886662497,0.93606226223652367,0.71358577016099611,329.22952670100614,265029,1.2422396292519164,265029,594810,0.44556917334947294,431289,1691312615,3.9215296819534,10,0,4305,194,1268,0,2708,329,0.79398872886662497,0,39,2
test__scale__scale_n_105__seed_0024,full,test,scale,scale_n_105,24,24,0,124.056635,v6,105,0.20000000000000001,21,mixedhard,24,60,0.10000000000000001,1,reference,0,0,0.050000000000000003,0.497,0.9799999999999881,3.43096184915,5,10,300,2,2,0.5,0.02,320,76340,647251,0,196840,190995,190995,1874,1654,1668,220,4797,1396,0,2912,272,0.83693045563549162,0,1,0.91122715404699739,545,851,3016,168,0.76437587657784012,0.2200672355831394,0.39040114613180515,0.51683262209577996,0,2912,0,955,851,40,39,913,0,2912,755,0.54736211031175064,0,1,0.70747772181325064,721,40,1154,0,2912,514,0.69184652278177461,0,1,0.81785967399007797,490,664,3203,223,0.68723702664796638,0.17170933540212049,0.42461005199306762,0.52490626673808249,0.1369739300000008,0.83693045563549162,0.94117803284844648,0.79411686834077388,388.87758072199199,303389,1.2817787748467873,303389,655521,0.4628211758280818,525523,2098046342,3.9923016537810905,10,0,4580,217,1396,0,2912,272,0.83693045563549162,0,20,3
test__scale__scale_n_105__seed_0025,full,test,scale,scale_n_105,25,25,0,123.760076,v6,105,0.20000000000000001,21,mixedhard,25,60,0.10000000000000001,1,reference,0,0,0.050000000000000003,0.497,0.9799999999999881,3.43096184915,5,10,300,2,2,0.5,0.02,320,76332,593458,0,180155,174825,174825,1846,1603,1621,243,4608,1298,0,2837,323,0.80074028377544726,0,1,0.88934566632408363,562,736,2973,187,0.75033377837116155,0.19843623618225936,0.43297380585516176,0.54909623839765509,0,2837,0,872,736,42,42,786,0,2837,835,0.48488587291795188,0,1,0.65309513917739925,643,42,1042,0,2837,579,0.64281307834669954,0,1,0.78257604205782949,522,520,3189,227,0.69692923898531378,0.14019951469398759,0.50095969289827258,0.58291457286432158,0.5000259540000016,0.80074028377544726,0.92858101186467623,0.79748589023704108,340.00979640000406,267480,1.271159699416794,267480,601247,0.44487540062569958,466655,1859487925,3.9847166000578587,10,0,4458,150,1297,0,2837,324,0.80012338062924115,0,51,3
test__scale__scale_n_105__seed_0026,full,test,scale,scale_n_105,26,26,0,122.610576,v6,105,0.20000000000000001,21,mixedhard,26,60,0.10000000000000001,1,reference,0,0,0.050000000000000003,0.497,0.9799999999999881,3.43096184915,5,10,300,2,2,0.5,0.02,320,76339,611869,0,170908,164319,164319,1988,1659,1675,329,4838,1262,0,2950,413,0.75343283582089549,0,1,0.8593803200544774,493,769,3090,273,0.64360313315926898,0.19927442342575796,0.39064976228209192,0.48619329388560156,0,2950,0,909,769,43,43,835,0,2950,840,0.49850746268656715,0,1,0.66533864541832666,675,43,1028,0,2950,647,0.61373134328358214,0,1,0.76063633000369957,466,562,3297,300,0.60835509138381205,0.14563358383000777,0.45330739299610895,0.51950947603121511,0.25015293049999965,0.75343283582089549,0.91811920060713381,0.74857002416107743,382.04134801499396,295343,1.2935513894522435,295343,643484,0.45897489292663063,489799,1914687850,3.9091297654752255,10,0,4625,213,1261,0,2950,414,0.75283582089552237,0,22,3
test__scale__scale_n_105__seed_0027,full,test,scale,scale_n_105,27,27,0,118.647591,v6,105,0.20000000000000001,21,mixedhard,27,60,0.10000000000000001,1,reference,0,0,0.050000000000000003,0.497,0.9799999999999881,3.43096184915,5,10,300,2,2,0.5,0.02,320,76347,591439,0,166298,159839,159839,1717,1500,1509,217,4696,1226,0,2939,283,0.8124585818422797,0,1,0.896526508226691,526,700,3040,182,0.74293785310734461,0.18716577540106952,0.4290375203915171,0.54395036194415713,0,2939,0,801,700,36,35,719,0,2939,790,0.47647448641484424,0,1,0.64542190305206459,577,35,960,0,2939,549,0.63618290258449306,0,1,0.77764277035236939,471,489,3251,237,0.6652542372881356,0.13074866310160427,0.49062499999999998,0.56474820143884896,0.3799609549999996,0.8124585818422797,0.92905987010904967,0.79762606121030843,344.66300094599006,279908,1.231343873508403,279908,614202,0.45572629200165415,469310,1838817119,3.9181289957597323,10,0,4448,248,1226,0,2939,283,0.8124585818422797,0,10,2
test__scale__scale_n_105__seed_0028,full,test,scale,scale_n_105,28,28,0,131.791695,v6,105,0.20000000000000001,21,mixedhard,28,60,0.10000000000000001,1,reference,0,0,0.050000000000000003,0.497,0.9799999999999881,3.43096184915,5,10,300,2,2,0.5,0.02,320,76338,611956,0,173313,167316,167316,2560,2225,2249,335,5456,1812,0,3043,437,0.80569141840818137,0,1,0.89239103669047037,711,1101,3197,283,0.71529175050301808,0.25616565844578876,0.39238410596026491,0.50677120456165359,0,3043,0,1255,1101,46,46,1128,0,3043,1121,0.50155624722098713,0,1,0.6680485638140361,899,46,1616,0,3043,633,0.71854157403290353,0,1,0.83622250970245793,673,943,3355,321,0.67706237424547289,0.21940437412750116,0.41646039603960394,0.51570881226053644,0.49999991650000197,0.80569141840818137,0.9377666226797845,0.75416037406383396,375.88002326299397,296322,1.2684850374356071,296322,655185,0.452272258980288,491687,1966378288,3.999248074486411,10,0,5292,164,1810,0,3043,439,0.80480213428190306,0,23,2
test__scale__scale_n_105__seed_0029,full,test,scale,scale_n_105,29,29,0,110.051044,v6,105,0.20000000000000001,21,mixedhard,29,60,0.10000000000000001,1,reference,0,0,0.050000000000000003,0.497,0.9799999999999881,3.43096184915,5,10,300,2,2,0.5,0.02,320,76342,559230,0,150696,145382,145382,1992,1688,1708,304,4928,1371,0,2990,337,0.8026932084309133,0,1,0.89054887950633321,452,919,3113,214,0.6786786786786787,0.2279265873015873,0.32968636032093362,0.44378988708885614,0,2990,0,1042,919,50,50,939,0,2990,769,0.54976580796252927,0,1,0.70948243294295432,776,49,1162,0,2990,546,0.68032786885245899,0,1,0.80975609756097566,416,746,3286,250,0.62462462462462465,0.18501984126984128,0.35800344234079173,0.4551422319474836,0.29999994799999996,0.8026932084309133,0.92818753769395257,0.74913045485962149,352.3634763449968,289317,1.2179148696585296,289317,638604,0.4530460191292256,462906,1714898291,3.7046361269890649,10,0,4698,230,1371,0,2990,337,0.8026932084309133,0,28,1
test__scale__scale_n_105__seed_0030,full,test,scale,scale_n_105,30,30,0,119.20139,v6,105,0.20000000000000001,21,mixedhard,30,60,0.10000000000000001,1,reference,0,0,0.050000000000000003,0.497,0.9799999999999881,3.43096184915,5,10,300,2,2,0.5,0.02,320,76333,566828,0,146813,142050,142050,1860,1581,1599,279,4780,1297,0,2973,302,0.81113195747342093,0,1,0.89571823204419887,492,805,3109,166,0.74772036474164139,0.20567194685743484,0.37933693138010793,0.50332480818414327,0,2973,0,941,805,43,43,736,0,2973,863,0.46028767979987495,0,1,0.63040685224839399,627,43,1073,0,2973,526,0.67104440275171984,0,1,0.80314371257485029,450,623,3291,208,0.68389057750759874,0.15917220235053653,0.41938490214352281,0.51993067590987874,0.49999990700000296,0.81113195747342093,0.94498190615687105,0.79726700038673426,367.71634494100749,291163,1.2629226410670569,291163,645936,0.45076137574001141,459934,1736108035,3.7746894880569819,10,0,4572,208,1297,0,2973,302,0.81113195747342093,0,43,4
test__benign__benign__seed_0001,full,test,benign,benign,1,1,0,47.1523485,v6,70,0,0,none,1,60,0.10000000000000001,1,reference,0,0,0.050000000000000003,0.497,0.9799999999999881,3.43096184915,5,10,300,2,2,0.5,0.02,320,41300,210839,0,0,0,0,0,0,0,0,2425,0,0,2321,0,nan,0,nan,nan,0,0,2321,0,nan,0,nan,nan,0,2321,0,0,0,0,0,0,0,2321,0,nan,0,nan,nan,0,0,0,0,2321,0,nan,0,nan,nan,0,0,2321,0,nan,0,nan,nan,nan,nan,nan,nan,237.13675563299748,198672,1.1936093442105455,198672,418703,0.47449385363849794,210839,765180516,3.6292171562187265,10,0,2321,104,0,0,2321,0,nan,0,0,0
test__benign__benign__seed_0002,full,test,benign,benign,2,2,0,47.0457594,v6,70,0,0,none,2,60,0.10000000000000001,1,reference,0,0,0.050000000000000003,0.497,0.9799999999999881,3.43096184915,5,10,300,2,2,0.5,0.02,320,41300,208540,0,0,0,0,0,0,0,0,2501,0,0,2416,0,nan,0,nan,nan,0,0,2416,0,nan,0,nan,nan,0,2416,0,0,0,0,0,0,0,2416,0,nan,0,nan,nan,0,0,0,0,2416,0,nan,0,nan,nan,0,0,2416,0,nan,0,nan,nan,nan,nan,nan,nan,230.46675634100183,196386,1.1735396430550131,196386,418443,0.4693255712247546,208540,731854371,3.5094196365205717,10,0,2416,85,0,0,2416,0,nan,0,0,0
test__benign__benign__seed_0003,full,test,benign,benign,3,3,0,46.2595565,v6,70,0,0,none,3,60,0.10000000000000001,1,reference,0,0,0.050000000000000003,0.497,0.9799999999999881,3.43096184915,5,10,300,2,2,0.5,0.02,320,41300,229935,0,0,0,0,0,0,0,0,2656,0,0,2480,0,nan,0,nan,nan,0,0,2480,0,nan,0,nan,nan,0,2480,0,0,0,0,0,0,0,2480,0,nan,0,nan,nan,0,0,0,0,2480,0,nan,0,nan,nan,0,0,2480,0,nan,0,nan,nan,nan,nan,nan,nan,256.46591800400086,213686,1.2001999101672587,213686,457028,0.46755559834408394,229935,783905493,3.4092482353708657,10,0,2480,176,0,0,2480,0,nan,0,0,0
test__benign__benign__seed_0004,full,test,benign,benign,4,4,0,52.3687281,v6,70,0,0,none,4,60,0.10000000000000001,1,reference,0,0,0.050000000000000003,0.497,0.9799999999999881,3.43096184915,5,10,300,2,2,0.5,0.02,320,41300,235657,0,0,0,0,0,0,0,0,2735,0,0,2636,0,nan,0,nan,nan,0,0,2636,0,nan,0,nan,nan,0,2636,0,0,0,0,0,0,0,2636,0,nan,0,nan,nan,0,0,0,0,2636,0,nan,0,nan,nan,0,0,2636,0,nan,0,nan,nan,nan,nan,nan,nan,258.79368572800234,221902,1.1662521551315552,221902,472467,0.46966666455011674,235657,860663079,3.6521855026585248,10,0,2636,99,0,0,2636,0,nan,0,0,0
test__benign__benign__seed_0005,full,test,benign,benign,5,5,0,47.3965729,v6,70,0,0,none,5,60,0.10000000000000001,1,reference,0,0,0.050000000000000003,0.497,0.9799999999999881,3.43096184915,5,10,300,2,2,0.5,0.02,320,41300,205770,0,0,0,0,0,0,0,0,2395,0,0,2254,0,nan,0,nan,nan,0,0,2254,0,nan,0,nan,nan,0,2254,0,0,0,0,0,0,0,2254,0,nan,0,nan,nan,0,0,0,0,2254,0,nan,0,nan,nan,0,0,2254,0,nan,0,nan,nan,nan,nan,nan,nan,226.11766499499998,190714,1.1856374728389105,190714,415716,0.45876030751763225,205770,731080132,3.5528995091607136,10,0,2254,141,0,0,2254,0,nan,0,0,0
test__benign__benign__seed_0006,full,test,benign,benign,6,6,0,46.3721193,v6,70,0,0,none,6,60,0.10000000000000001,1,reference,0,0,0.050000000000000003,0.497,0.9799999999999881,3.43096184915,5,10,300,2,2,0.5,0.02,320,41300,219368,0,0,0,0,0,0,0,0,2463,0,0,2398,0,nan,0,nan,nan,0,0,2398,0,nan,0,nan,nan,0,2398,0,0,0,0,0,0,0,2398,0,nan,0,nan,nan,0,0,0,0,2398,0,nan,0,nan,nan,0,0,2398,0,nan,0,nan,nan,nan,nan,nan,nan,249.54142130500642,207110,1.2048738414610904,207110,440804,0.46984600865690873,219368,776916196,3.5416113380256005,10,0,2398,65,0,0,2398,0,nan,0,0,0
test__benign__benign__seed_0007,full,test,benign,benign,7,7,0,48.7756456,v6,70,0,0,none,7,60,0.10000000000000001,1,reference,0,0,0.050000000000000003,0.497,0.9799999999999881,3.43096184915,5,10,300,2,2,0.5,0.02,320,41300,202847,0,0,0,0,0,0,0,0,2580,0,0,2479,0,nan,0,nan,nan,0,0,2479,0,nan,0,nan,nan,0,2479,0,0,0,0,0,0,0,2479,0,nan,0,nan,nan,0,0,0,0,2479,0,nan,0,nan,nan,0,0,2479,0,nan,0,nan,nan,nan,nan,nan,nan,230.73988649500171,191257,1.2064389093994035,191257,425913,0.44905180165902425,202847,762669129,3.7598245426355823,10,0,2479,101,0,0,2479,0,nan,0,0,0
test__benign__benign__seed_0008,full,test,benign,benign,8,8,0,47.2550324,v6,70,0,0,none,8,60,0.10000000000000001,1,reference,0,0,0.050000000000000003,0.497,0.9799999999999881,3.43096184915,5,10,300,2,2,0.5,0.02,320,41300,222886,0,0,0,0,0,0,0,0,2570,0,0,2484,0,nan,0,nan,nan,0,0,2484,0,nan,0,nan,nan,0,2484,0,0,0,0,0,0,0,2484,0,nan,0,nan,nan,0,0,0,0,2484,0,nan,0,nan,nan,0,0,2484,0,nan,0,nan,nan,nan,nan,nan,nan,247.46917646799517,210916,1.1733067973410987,210916,445244,0.47370879787262715,222886,787866103,3.5348388997065765,10,0,2484,86,0,0,2484,0,nan,0,0,0
test__benign__benign__seed_0009,full,test,benign,benign,9,9,0,47.5721968,v6,70,0,0,none,9,60,0.10000000000000001,1,reference,0,0,0.050000000000000003,0.497,0.9799999999999881,3.43096184915,5,10,300,2,2,0.5,0.02,320,41300,220879,0,0,0,0,0,0,0,0,2585,0,0,2488,0,nan,0,nan,nan,0,0,2488,0,nan,0,nan,nan,0,2488,0,0,0,0,0,0,0,2488,0,nan,0,nan,nan,0,0,0,0,2488,0,nan,0,nan,nan,0,0,2488,0,nan,0,nan,nan,nan,nan,nan,nan,244.28695682099226,206680,1.1819574067204968,206680,430025,0.48062321958025694,220879,790411145,3.5784802765314949,10,0,2488,97,0,0,2488,0,nan,0,0,0
test__benign__benign__seed_0010,full,test,benign,benign,10,10,0,43.649481,v6,70,0,0,none,10,60,0.10000000000000001,1,reference,0,0,0.050000000000000003,0.497,0.9799999999999881,3.43096184915,5,10,300,2,2,0.5,0.02,320,41300,198232,0,0,0,0,0,0,0,0,2353,0,0,2288,0,nan,0,nan,nan,0,0,2288,0,nan,0,nan,nan,0,2288,0,0,0,0,0,0,0,2288,0,nan,0,nan,nan,0,0,0,0,2288,0,nan,0,nan,nan,0,0,2288,0,nan,0,nan,nan,nan,nan,nan,nan,218.5381784469991,187576,1.1650647121540021,187576,402049,0.46655009712746454,198232,726713147,3.6659729357520483,10,0,2288,65,0,0,2288,0,nan,0,0,0
test__benign__benign__seed_0011,full,test,benign,benign,11,11,0,50.215174,v6,70,0,0,none,11,60,0.10000000000000001,1,reference,0,0,0.050000000000000003,0.497,0.9799999999999881,3.43096184915,5,10,300,2,2,0.5,0.02,320,41300,222617,0,0,0,0,0,0,0,0,2623,0,0,2458,0,nan,0,nan,nan,0,0,2458,0,nan,0,nan,nan,0,2458,0,0,0,0,0,0,0,2458,0,nan,0,nan,nan,0,0,0,0,2458,0,nan,0,nan,nan,0,0,2458,0,nan,0,nan,nan,nan,nan,nan,nan,259.65635890999943,207075,1.253924225087526,207075,443222,0.46720379403549461,222617,825726860,3.709181509049174,10,0,2458,165,0,0,2458,0,nan,0,0,0
test__benign__benign__seed_0012,full,test,benign,benign,12,12,0,51.1481667,v6,70,0,0,none,12,60,0.10000000000000001,1,reference,0,0,0.050000000000000003,0.497,0.9799999999999881,3.43096184915,5,10,300,2,2,0.5,0.02,320,41300,222448,0,0,0,0,0,0,0,0,2669,0,0,2570,0,nan,0,nan,nan,0,0,2570,0,nan,0,nan,nan,0,2570,0,0,0,0,0,0,0,2570,0,nan,0,nan,nan,0,0,0,0,2570,0,nan,0,nan,nan,0,0,2570,0,nan,0,nan,nan,nan,nan,nan,nan,246.56232028200276,210325,1.1722920255889826,210325,452671,0.46463104550545542,222448,825390198,3.7104860371862185,10,0,2570,99,0,0,2570,0,nan,0,0,0
test__benign__benign__seed_0013,full,test,benign,benign,13,13,0,50.1827824,v6,70,0,0,none,13,60,0.10000000000000001,1,reference,0,0,0.050000000000000003,0.497,0.9799999999999881,3.43096184915,5,10,300,2,2,0.5,0.02,320,41300,220190,0,0,0,0,0,0,0,0,2720,0,0,2617,0,nan,0,nan,nan,0,0,2617,0,nan,0,nan,nan,0,2617,0,0,0,0,0,0,0,2617,0,nan,0,nan,nan,0,0,0,0,2617,0,nan,0,nan,nan,0,0,2617,0,nan,0,nan,nan,nan,nan,nan,nan,248.58143838300427,207846,1.1959885606795622,207846,456344,0.45545903967182649,220190,828624250,3.7632238067123849,10,0,2617,103,0,0,2617,0,nan,0,0,0
test__benign__benign__seed_0014,full,test,benign,benign,14,14,0,47.2267099,v6,70,0,0,none,14,60,0.10000000000000001,1,reference,0,0,0.050000000000000003,0.497,0.9799999999999881,3.43096184915,5,10,300,2,2,0.5,0.02,320,41300,228440,0,0,0,0,0,0,0,0,2732,0,0,2607,0,nan,0,nan,nan,0,0,2607,0,nan,0,nan,nan,0,2607,0,0,0,0,0,0,0,2607,0,nan,0,nan,nan,0,0,0,0,2607,0,nan,0,nan,nan,0,0,2607,0,nan,0,nan,nan,nan,nan,nan,nan,263.39586219800884,213679,1.2326707921602442,213679,468514,0.45607815348100589,228440,803346990,3.5166651637191384,10,0,2607,125,0,0,2607,0,nan,0,0,0
test__benign__benign__seed_0015,full,test,benign,benign,15,15,0,50.9062385,v6,70,0,0,none,15,60,0.10000000000000001,1,reference,0,0,0.050000000000000003,0.497,0.9799999999999881,3.43096184915,5,10,300,2,2,0.5,0.02,320,41300,235448,0,0,0,0,0,0,0,0,2462,0,0,2409,0,nan,0,nan,nan,0,0,2409,0,nan,0,nan,nan,0,2409,0,0,0,0,0,0,0,2409,0,nan,0,nan,nan,0,0,0,0,2409,0,nan,0,nan,nan,0,0,2409,0,nan,0,nan,nan,nan,nan,nan,nan,264.129936631997,222573,1.1867114907558283,222573,453308,0.49099729102508671,235448,901020270,3.8268333984574086,10,0,2409,53,0,0,2409,0,nan,0,0,0
test__benign__benign__seed_0016,full,test,benign,benign,16,16,0,47.8424072,v6,70,0,0,none,16,60,0.10000000000000001,1,reference,0,0,0.050000000000000003,0.497,0.9799999999999881,3.43096184915,5,10,300,2,2,0.5,0.02,320,41300,230232,0,0,0,0,0,0,0,0,2739,0,0,2623,0,nan,0,nan,nan,0,0,2623,0,nan,0,nan,nan,0,2623,0,0,0,0,0,0,0,2623,0,nan,0,nan,nan,0,0,0,0,2623,0,nan,0,nan,nan,0,0,2623,0,nan,0,nan,nan,nan,nan,nan,nan,277.96379761400004,217083,1.2804494023668369,217083,472361,0.45957011692328537,230232,855283468,3.7148765940442687,10,0,2623,116,0,0,2623,0,nan,0,0,0
test__benign__benign__seed_0017,full,test,benign,benign,17,17,0,48.3717662,v6,70,0,0,none,17,60,0.10000000000000001,1,reference,0,0,0.050000000000000003,0.497,0.9799999999999881,3.43096184915,5,10,300,2,2,0.5,0.02,320,41300,214665,0,0,0,0,0,0,0,0,2533,0,0,2447,0,nan,0,nan,nan,0,0,2447,0,nan,0,nan,nan,0,2447,0,0,0,0,0,0,0,2447,0,nan,0,nan,nan,0,0,0,0,2447,0,nan,0,nan,nan,0,0,2447,0,nan,0,nan,nan,nan,nan,nan,nan,245.79791291501107,202583,1.2133195426813261,202583,426068,0.47547105156923308,214665,805965162,3.754525246314024,10,0,2447,86,0,0,2447,0,nan,0,0,0
test__benign__benign__seed_0018,full,test,benign,benign,18,18,0,48.8778737,v6,70,0,0,none,18,60,0.10000000000000001,1,reference,0,0,0.050000000000000003,0.497,0.9799999999999881,3.43096184915,5,10,300,2,2,0.5,0.02,320,41300,219384,0,0,0,0,0,0,0,0,2666,0,0,2566,0,nan,0,nan,nan,0,0,2566,0,nan,0,nan,nan,0,2566,0,0,0,0,0,0,0,2566,0,nan,0,nan,nan,0,0,0,0,2566,0,nan,0,nan,nan,0,0,2566,0,nan,0,nan,nan,nan,nan,nan,nan,245.44008964800346,207844,1.1808860955716955,207844,442298,0.46991847125693537,219384,834661703,3.8045696267731466,10,0,2566,100,0,0,2566,0,nan,0,0,0
test__benign__benign__seed_0019,full,test,benign,benign,19,19,0,45.5706338,v6,70,0,0,none,19,60,0.10000000000000001,1,reference,0,0,0.050000000000000003,0.497,0.9799999999999881,3.43096184915,5,10,300,2,2,0.5,0.02,320,41300,201958,0,0,0,0,0,0,0,0,2441,0,0,2363,0,nan,0,nan,nan,0,0,2363,0,nan,0,nan,nan,0,2363,0,0,0,0,0,0,0,2363,0,nan,0,nan,nan,0,0,0,0,2363,0,nan,0,nan,nan,0,0,2363,0,nan,0,nan,nan,nan,nan,nan,nan,225.17857730399442,191294,1.1771335081288195,191294,416861,0.45889157297036665,201958,751000482,3.7185973420216083,10,0,2363,78,0,0,2363,0,nan,0,0,0
test__benign__benign__seed_0020,full,test,benign,benign,20,20,0,49.5806462,v6,70,0,0,none,20,60,0.10000000000000001,1,reference,0,0,0.050000000000000003,0.497,0.9799999999999881,3.43096184915,5,10,300,2,2,0.5,0.02,320,41300,225052,0,0,0,0,0,0,0,0,2544,0,0,2467,0,nan,0,nan,nan,0,0,2467,0,nan,0,nan,nan,0,2467,0,0,0,0,0,0,0,2467,0,nan,0,nan,nan,0,0,0,0,2467,0,nan,0,nan,nan,0,0,2467,0,nan,0,nan,nan,nan,nan,nan,nan,249.62129218499302,212775,1.1731702135353919,212775,450529,0.47227814413722535,225052,857962137,3.8122839921440379,10,0,2467,77,0,0,2467,0,nan,0,0,0
test__benign__benign__seed_0021,full,test,benign,benign,21,21,0,47.4930296,v6,70,0,0,none,21,60,0.10000000000000001,1,reference,0,0,0.050000000000000003,0.497,0.9799999999999881,3.43096184915,5,10,300,2,2,0.5,0.02,320,41300,245582,0,0,0,0,0,0,0,0,2704,0,0,2570,0,nan,0,nan,nan,0,0,2570,0,nan,0,nan,nan,0,2570,0,0,0,0,0,0,0,2570,0,nan,0,nan,nan,0,0,0,0,2570,0,nan,0,nan,nan,0,0,2570,0,nan,0,nan,nan,nan,nan,nan,nan,284.00884911998918,229866,1.2355409200142222,229866,480015,0.47887253523327394,245582,905090457,3.6854918397928187,10,0,2570,134,0,0,2570,0,nan,0,0,0
test__benign__benign__seed_0022,full,test,benign,benign,22,22,0,49.0295232,v6,70,0,0,none,22,60,0.10000000000000001,1,reference,0,0,0.050000000000000003,0.497,0.9799999999999881,3.43096184915,5,10,300,2,2,0.5,0.02,320,41300,219204,0,0,0,0,0,0,0,0,2710,0,0,2596,0,nan,0,nan,nan,0,0,2596,0,nan,0,nan,nan,0,2596,0,0,0,0,0,0,0,2596,0,nan,0,nan,nan,0,0,0,0,2596,0,nan,0,nan,nan,0,0,2596,0,nan,0,nan,nan,nan,nan,nan,nan,252.51203300199853,206118,1.2250848203553233,206118,453721,0.45428357955659976,219204,841720710,3.8398966715935838,10,0,2596,114,0,0,2596,0,nan,0,0,0
test__benign__benign__seed_0023,full,test,benign,benign,23,23,0,33.3319219,v6,70,0,0,none,23,60,0.10000000000000001,1,reference,0,0,0.050000000000000003,0.497,0.9799999999999881,3.43096184915,5,10,300,2,2,0.5,0.02,320,41300,211742,0,0,0,0,0,0,0,0,2521,0,0,2448,0,nan,0,nan,nan,0,0,2448,0,nan,0,nan,nan,0,2448,0,0,0,0,0,0,0,2448,0,nan,0,nan,nan,0,0,0,0,2448,0,nan,0,nan,nan,0,0,2448,0,nan,0,nan,nan,nan,nan,nan,nan,236.7277276139942,200490,1.180745810833429,200490,440305,0.45534345510498403,211742,686250021,3.2409726034513699,10,0,2448,73,0,0,2448,0,nan,0,0,0
test__benign__benign__seed_0024,full,test,benign,benign,24,24,0,48.9230057,v6,70,0,0,none,24,60,0.10000000000000001,1,reference,0,0,0.050000000000000003,0.497,0.9799999999999881,3.43096184915,5,10,300,2,2,0.5,0.02,320,41300,218370,0,0,0,0,0,0,0,0,2544,0,0,2441,0,nan,0,nan,nan,0,0,2441,0,nan,0,nan,nan,0,2441,0,0,0,0,0,0,0,2441,0,nan,0,nan,nan,0,0,0,0,2441,0,nan,0,nan,nan,0,0,2441,0,nan,0,nan,nan,nan,nan,nan,nan,247.15417183400277,205639,1.2018837469254506,205639,433751,0.47409458421997874,218370,838122173,3.838082946375418,10,0,2441,103,0,0,2441,0,nan,0,0,0
test__benign__benign__seed_0025,full,test,benign,benign,25,25,0,49.2200873,v6,70,0,0,none,25,60,0.10000000000000001,1,reference,0,0,0.050000000000000003,0.497,0.9799999999999881,3.43096184915,5,10,300,2,2,0.5,0.02,320,41300,238979,0,0,0,0,0,0,0,0,2682,0,0,2553,0,nan,0,nan,nan,0,0,2553,0,nan,0,nan,nan,0,2553,0,0,0,0,0,0,0,2553,0,nan,0,nan,nan,0,0,0,0,2553,0,nan,0,nan,nan,0,0,2553,0,nan,0,nan,nan,nan,nan,nan,nan,264.79723628801054,223707,1.1836788133049503,223707,455703,0.49090526066319512,238979,893835736,3.7402271161901255,10,0,2553,129,0,0,2553,0,nan,0,0,0
test__benign__benign__seed_0026,full,test,benign,benign,26,26,0,43.7206132,v6,70,0,0,none,26,60,0.10000000000000001,1,reference,0,0,0.050000000000000003,0.497,0.9799999999999881,3.43096184915,5,10,300,2,2,0.5,0.02,320,41300,205049,0,0,0,0,0,0,0,0,2498,0,0,2406,0,nan,0,nan,nan,0,0,2406,0,nan,0,nan,nan,0,2406,0,0,0,0,0,0,0,2406,0,nan,0,nan,nan,0,0,0,0,2406,0,nan,0,nan,nan,0,0,2406,0,nan,0,nan,nan,nan,nan,nan,nan,229.83289893600104,193443,1.1881169074921349,193443,431150,0.44866751710541575,205049,751475481,3.664858063194651,10,0,2406,92,0,0,2406,0,nan,0,0,0
test__benign__benign__seed_0027,full,test,benign,benign,27,27,0,49.5470638,v6,70,0,0,none,27,60,0.10000000000000001,1,reference,0,0,0.050000000000000003,0.497,0.9799999999999881,3.43096184915,5,10,300,2,2,0.5,0.02,320,41300,226930,0,0,0,0,0,0,0,0,2564,0,0,2439,0,nan,0,nan,nan,0,0,2439,0,nan,0,nan,nan,0,2439,0,0,0,0,0,0,0,2439,0,nan,0,nan,nan,0,0,0,0,2439,0,nan,0,nan,nan,0,0,2439,0,nan,0,nan,nan,nan,nan,nan,nan,257.92856255200923,213761,1.2066212384485908,213761,447833,0.47732301996503163,226930,875228692,3.85682233287798,10,0,2439,125,0,0,2439,0,nan,0,0,0
test__benign__benign__seed_0028,full,test,benign,benign,28,28,0,46.1568003,v6,70,0,0,none,28,60,0.10000000000000001,1,reference,0,0,0.050000000000000003,0.497,0.9799999999999881,3.43096184915,5,10,300,2,2,0.5,0.02,320,41300,214804,0,0,0,0,0,0,0,0,2584,0,0,2481,0,nan,0,nan,nan,0,0,2481,0,nan,0,nan,nan,0,2481,0,0,0,0,0,0,0,2481,0,nan,0,nan,nan,0,0,0,0,2481,0,nan,0,nan,nan,0,0,2481,0,nan,0,nan,nan,nan,nan,nan,nan,233.90792223300318,202045,1.1577021071197169,202045,438998,0.46024127672563431,214804,803080683,3.7386672641105378,10,0,2481,103,0,0,2481,0,nan,0,0,0
test__benign__benign__seed_0029,full,test,benign,benign,29,29,0,47.4187907,v6,70,0,0,none,29,60,0.10000000000000001,1,reference,0,0,0.050000000000000003,0.497,0.9799999999999881,3.43096184915,5,10,300,2,2,0.5,0.02,320,41300,214918,0,0,0,0,0,0,0,0,2599,0,0,2513,0,nan,0,nan,nan,0,0,2513,0,nan,0,nan,nan,0,2513,0,0,0,0,0,0,0,2513,0,nan,0,nan,nan,0,0,0,0,2513,0,nan,0,nan,nan,0,0,2513,0,nan,0,nan,nan,nan,nan,nan,nan,239.55973316900534,202675,1.1819895555396835,202675,436737,0.46406647478917518,214918,814361032,3.789170902390679,10,0,2513,86,0,0,2513,0,nan,0,0,0
test__benign__benign__seed_0030,full,test,benign,benign,30,30,0,32.459343,v6,70,0,0,none,30,60,0.10000000000000001,1,reference,0,0,0.050000000000000003,0.497,0.9799999999999881,3.43096184915,5,10,300,2,2,0.5,0.02,320,41300,205663,0,0,0,0,0,0,0,0,2303,0,0,2260,0,nan,0,nan,nan,0,0,2260,0,nan,0,nan,nan,0,2260,0,0,0,0,0,0,0,2260,0,nan,0,nan,nan,0,0,0,0,2260,0,nan,0,nan,nan,0,0,2260,0,nan,0,nan,nan,nan,nan,nan,nan,235.82908027699477,194858,1.2102612172812754,194858,412672,0.47218614299007444,205663,660994696,3.2139699216679714,10,0,2260,43,0,0,2260,0,nan,0,0,0
test__benign__benign__seed_0031,full,test,benign,benign,31,31,0,39.631644,v6,70,0,0,none,31,60,0.10000000000000001,1,reference,0,0,0.050000000000000003,0.497,0.9799999999999881,3.43096184915,5,10,300,2,2,0.5,0.02,320,41300,208800,0,0,0,0,0,0,0,0,2520,0,0,2382,0,nan,0,nan,nan,0,0,2382,0,nan,0,nan,nan,0,2382,0,0,0,0,0,0,0,2382,0,nan,0,nan,nan,0,0,0,0,2382,0,nan,0,nan,nan,0,0,2382,0,nan,0,nan,nan,nan,nan,nan,nan,233.71454543001227,195027,1.1983702022284723,195027,416142,0.46865493028821892,208800,659313182,3.1576301819923374,10,0,2382,138,0,0,2382,0,nan,0,0,0
test__benign__benign__seed_0032,full,test,benign,benign,32,32,0,44.4078566,v6,70,0,0,none,32,60,0.10000000000000001,1,reference,0,0,0.050000000000000003,0.497,0.9799999999999881,3.43096184915,5,10,300,2,2,0.5,0.02,320,41300,228877,0,0,0,0,0,0,0,0,2715,0,0,2665,0,nan,0,nan,nan,0,0,2665,0,nan,0,nan,nan,0,2665,0,0,0,0,0,0,0,2665,0,nan,0,nan,nan,0,0,0,0,2665,0,nan,0,nan,nan,0,0,2665,0,nan,0,nan,nan,nan,nan,nan,nan,260.3091728800058,217332,1.1977489411591749,217332,471095,0.46133370127044437,228877,733818794,3.2061709739292281,10,0,2665,50,0,0,2665,0,nan,0,0,0
test__benign__benign__seed_0033,full,test,benign,benign,33,33,0,43.8927403,v6,70,0,0,none,33,60,0.10000000000000001,1,reference,0,0,0.050000000000000003,0.497,0.9799999999999881,3.43096184915,5,10,300,2,2,0.5,0.02,320,41300,231032,0,0,0,0,0,0,0,0,2715,0,0,2645,0,nan,0,nan,nan,0,0,2645,0,nan,0,nan,nan,0,2645,0,0,0,0,0,0,0,2645,0,nan,0,nan,nan,0,0,0,0,2645,0,nan,0,nan,nan,0,0,2645,0,nan,0,nan,nan,nan,nan,nan,nan,259.08931717100631,218394,1.1863389890336102,218394,470280,0.46439142638428171,231032,739221174,3.1996484209979572,10,0,2645,70,0,0,2645,0,nan,0,0,0
test__benign__benign__seed_0034,full,test,benign,benign,34,34,0,40.5096532,v6,70,0,0,none,34,60,0.10000000000000001,1,reference,0,0,0.050000000000000003,0.497,0.9799999999999881,3.43096184915,5,10,300,2,2,0.5,0.02,320,41300,203575,0,0,0,0,0,0,0,0,2497,0,0,2392,0,nan,0,nan,nan,0,0,2392,0,nan,0,nan,nan,0,2392,0,0,0,0,0,0,0,2392,0,nan,0,nan,nan,0,0,0,0,2392,0,nan,0,nan,nan,0,0,2392,0,nan,0,nan,nan,nan,nan,nan,nan,224.52938183699973,191771,1.1708203108759914,191771,421209,0.45528704277448961,203575,637787248,3.1329350264030453,10,0,2392,105,0,0,2392,0,nan,0,0,0
test__benign__benign__seed_0035,full,test,benign,benign,35,35,0,33.3365222,v6,70,0,0,none,35,60,0.10000000000000001,1,reference,0,0,0.050000000000000003,0.497,0.9799999999999881,3.43096184915,5,10,300,2,2,0.5,0.02,320,41300,217496,0,0,0,0,0,0,0,0,2616,0,0,2515,0,nan,0,nan,nan,0,0,2515,0,nan,0,nan,nan,0,2515,0,0,0,0,0,0,0,2515,0,nan,0,nan,nan,0,0,0,0,2515,0,nan,0,nan,nan,0,0,2515,0,nan,0,nan,nan,nan,nan,nan,nan,242.00096088000282,203936,1.1866515028244293,203936,439330,0.46419775567341176,217496,618512697,2.843788837495862,10,0,2515,101,0,0,2515,0,nan,0,0,0
test__benign__benign__seed_0036,full,test,benign,benign,36,36,0,39.9240286,v6,70,0,0,none,36,60,0.10000000000000001,1,reference,0,0,0.050000000000000003,0.497,0.9799999999999881,3.43096184915,5,10,300,2,2,0.5,0.02,320,41300,200357,0,0,0,0,0,0,0,0,2525,0,0,2411,0,nan,0,nan,nan,0,0,2411,0,nan,0,nan,nan,0,2411,0,0,0,0,0,0,0,2411,0,nan,0,nan,nan,0,0,0,0,2411,0,nan,0,nan,nan,0,0,2411,0,nan,0,nan,nan,nan,nan,nan,nan,227.67590884800313,188570,1.2073813907196433,188570,408731,0.46135477857074703,200357,632644878,3.1575880952499786,10,0,2411,114,0,0,2411,0,nan,0,0,0
test__benign__benign__seed_0037,full,test,benign,benign,37,37,0,41.7957125,v6,70,0,0,none,37,60,0.10000000000000001,1,reference,0,0,0.050000000000000003,0.497,0.9799999999999881,3.43096184915,5,10,300,2,2,0.5,0.02,320,41300,203547,0,0,0,0,0,0,0,0,2292,0,0,2214,0,nan,0,nan,nan,0,0,2214,0,nan,0,nan,nan,0,2214,0,0,0,0,0,0,0,2214,0,nan,0,nan,nan,0,0,0,0,2214,0,nan,0,nan,nan,0,0,2214,0,nan,0,nan,nan,nan,nan,nan,nan,228.79315362099931,191287,1.1960726741545391,191287,393225,0.48645686311907943,203547,656994952,3.2277309515738382,10,0,2214,78,0,0,2214,0,nan,0,0,0
test__benign__benign__seed_0038,full,test,benign,benign,38,38,0,43.7067354,v6,70,0,0,none,38,60,0.10000000000000001,1,reference,0,0,0.050000000000000003,0.497,0.9799999999999881,3.43096184915,5,10,300,2,2,0.5,0.02,320,41300,220553,0,0,0,0,0,0,0,0,2596,0,0,2491,0,nan,0,nan,nan,0,0,2491,0,nan,0,nan,nan,0,2491,0,0,0,0,0,0,0,2491,0,nan,0,nan,nan,0,0,0,0,2491,0,nan,0,nan,nan,0,0,2491,0,nan,0,nan,nan,nan,nan,nan,nan,248.92756419500185,207703,1.1984784244570461,207703,446536,0.46514278803948617,220553,725529232,3.2895913091184434,10,0,2491,105,0,0,2491,0,nan,0,0,0
test__benign__benign__seed_0039,full,test,benign,benign,39,39,0,40.3505839,v6,70,0,0,none,39,60,0.10000000000000001,1,reference,0,0,0.050000000000000003,0.497,0.9799999999999881,3.43096184915,5,10,300,2,2,0.5,0.02,320,41300,232439,0,0,0,0,0,0,0,0,2724,0,0,2669,0,nan,0,nan,nan,0,0,2669,0,nan,0,nan,nan,0,2669,0,0,0,0,0,0,0,2669,0,nan,0,nan,nan,0,0,0,0,2669,0,nan,0,nan,nan,0,0,2669,0,nan,0,nan,nan,nan,nan,nan,nan,262.63283185999643,220792,1.1895033871698089,220792,488853,0.45165315544754764,232439,717698741,3.0876864080468422,10,0,2669,55,0,0,2669,0,nan,0,0,0
test__benign__benign__seed_0040,full,test,benign,benign,40,40,0,31.2340213,v6,70,0,0,none,40,60,0.10000000000000001,1,reference,0,0,0.050000000000000003,0.497,0.9799999999999881,3.43096184915,5,10,300,2,2,0.5,0.02,320,41300,205946,0,0,0,0,0,0,0,0,2494,0,0,2373,0,nan,0,nan,nan,0,0,2373,0,nan,0,nan,nan,0,2373,0,0,0,0,0,0,0,2373,0,nan,0,nan,nan,0,0,0,0,2373,0,nan,0,nan,nan,0,0,2373,0,nan,0,nan,nan,nan,nan,nan,nan,233.06777514801041,193059,1.2072360011603209,193059,416127,0.463942498323829,205946,583250713,2.8320565245258469,10,0,2373,121,0,0,2373,0,nan,0,0,0
test__benign__benign__seed_0041,full,test,benign,benign,41,41,0,42.3624711,v6,70,0,0,none,41,60,0.10000000000000001,1,reference,0,0,0.050000000000000003,0.497,0.9799999999999881,3.43096184915,5,10,300,2,2,0.5,0.02,320,41300,213984,0,0,0,0,0,0,0,0,2555,0,0,2502,0,nan,0,nan,nan,0,0,2502,0,nan,0,nan,nan,0,2502,0,0,0,0,0,0,0,2502,0,nan,0,nan,nan,0,0,0,0,2502,0,nan,0,nan,nan,0,0,2502,0,nan,0,nan,nan,nan,nan,nan,nan,241.65637427999724,202910,1.1909534980040275,202910,432717,0.46892079580880808,213984,692457563,3.2360249504635861,10,0,2502,53,0,0,2502,0,nan,0,0,0
test__benign__benign__seed_0042,full,test,benign,benign,42,42,0,43.4629646,v6,70,0,0,none,42,60,0.10000000000000001,1,reference,0,0,0.050000000000000003,0.497,0.9799999999999881,3.43096184915,5,10,300,2,2,0.5,0.02,320,41300,217256,0,0,0,0,0,0,0,0,2497,0,0,2377,0,nan,0,nan,nan,0,0,2377,0,nan,0,nan,nan,0,2377,0,0,0,0,0,0,0,2377,0,nan,0,nan,nan,0,0,0,0,2377,0,nan,0,nan,nan,0,0,2377,0,nan,0,nan,nan,nan,nan,nan,nan,242.48286720799891,203827,1.1896503760934465,203827,422201,0.48277242356128952,217256,702996470,3.2357977225024857,10,0,2377,120,0,0,2377,0,nan,0,0,0
test__benign__benign__seed_0043,full,test,benign,benign,43,43,0,43.3336057,v6,70,0,0,none,43,60,0.10000000000000001,1,reference,0,0,0.050000000000000003,0.497,0.9799999999999881,3.43096184915,5,10,300,2,2,0.5,0.02,320,41300,213651,0,0,0,0,0,0,0,0,2660,0,0,2584,0,nan,0,nan,nan,0,0,2584,0,nan,0,nan,nan,0,2584,0,0,0,0,0,0,0,2584,0,nan,0,nan,nan,0,0,0,0,2584,0,nan,0,nan,nan,0,0,2584,0,nan,0,nan,nan,nan,nan,nan,nan,251.73414471000737,202516,1.2430333638330175,202516,447374,0.45267717837871668,213651,676578518,3.1667463199329751,10,0,2584,76,0,0,2584,0,nan,0,0,0
test__benign__benign__seed_0044,full,test,benign,benign,44,44,0,40.4512471,v6,70,0,0,none,44,60,0.10000000000000001,1,reference,0,0,0.050000000000000003,0.497,0.9799999999999881,3.43096184915,5,10,300,2,2,0.5,0.02,320,41300,220180,0,0,0,0,0,0,0,0,2488,0,0,2376,0,nan,0,nan,nan,0,0,2376,0,nan,0,nan,nan,0,2376,0,0,0,0,0,0,0,2376,0,nan,0,nan,nan,0,0,0,0,2376,0,nan,0,nan,nan,0,0,2376,0,nan,0,nan,nan,nan,nan,nan,nan,251.36586752100771,206230,1.2188617927605474,206230,443148,0.4653749988717088,220180,697882822,3.1696013352711416,10,0,2376,112,0,0,2376,0,nan,0,0,0
test__benign__benign__seed_0045,full,test,benign,benign,45,45,0,42.8709982,v6,70,0,0,none,45,60,0.10000000000000001,1,reference,0,0,0.050000000000000003,0.497,0.9799999999999881,3.43096184915,5,10,300,2,2,0.5,0.02,320,41300,214621,0,0,0,0,0,0,0,0,2558,0,0,2424,0,nan,0,nan,nan,0,0,2424,0,nan,0,nan,nan,0,2424,0,0,0,0,0,0,0,2424,0,nan,0,nan,nan,0,0,0,0,2424,0,nan,0,nan,nan,0,0,2424,0,nan,0,nan,nan,nan,nan,nan,nan,244.33003357101029,200905,1.2161471022175172,200905,424675,0.47307941366927653,214621,701435031,3.2682497565475885,10,0,2424,134,0,0,2424,0,nan,0,0,0
test__benign__benign__seed_0046,full,test,benign,benign,46,46,0,42.340799,v6,70,0,0,none,46,60,0.10000000000000001,1,reference,0,0,0.050000000000000003,0.497,0.9799999999999881,3.43096184915,5,10,300,2,2,0.5,0.02,320,41300,234629,0,0,0,0,0,0,0,0,2681,0,0,2551,0,nan,0,nan,nan,0,0,2551,0,nan,0,nan,nan,0,2551,0,0,0,0,0,0,0,2551,0,nan,0,nan,nan,0,0,0,0,2551,0,nan,0,nan,nan,0,0,2551,0,nan,0,nan,nan,nan,nan,nan,nan,260.60341269699722,220499,1.1818802475158492,220499,463982,0.47523179778525892,234629,746997616,3.1837395036419198,10,0,2551,130,0,0,2551,0,nan,0,0,0
test__benign__benign__seed_0047,full,test,benign,benign,47,47,0,37.4153098,v6,70,0,0,none,47,60,0.10000000000000001,1,reference,0,0,0.050000000000000003,0.497,0.9799999999999881,3.43096184915,5,10,300,2,2,0.5,0.02,320,41300,205841,0,0,0,0,0,0,0,0,2524,0,0,2428,0,nan,0,nan,nan,0,0,2428,0,nan,0,nan,nan,0,2428,0,0,0,0,0,0,0,2428,0,nan,0,nan,nan,0,0,0,0,2428,0,nan,0,nan,nan,0,0,2428,0,nan,0,nan,nan,nan,nan,nan,nan,232.01416979101003,193632,1.1982222452436067,193632,419675,0.46138559599690238,205841,607426934,2.9509521135245165,10,0,2428,96,0,0,2428,0,nan,0,0,0
test__benign__benign__seed_0048,full,test,benign,benign,48,48,0,28.9072499,v6,70,0,0,none,48,60,0.10000000000000001,1,reference,0,0,0.050000000000000003,0.497,0.9799999999999881,3.43096184915,5,10,300,2,2,0.5,0.02,320,41300,203520,0,0,0,0,0,0,0,0,2561,0,0,2473,0,nan,0,nan,nan,0,0,2473,0,nan,0,nan,nan,0,2473,0,0,0,0,0,0,0,2473,0,nan,0,nan,nan,0,0,0,0,2473,0,nan,0,nan,nan,0,0,2473,0,nan,0,nan,nan,nan,nan,nan,nan,225.4483312169902,191958,1.1744669730721835,191958,416901,0.46044024840429743,203520,549791120,2.7014107704402517,10,0,2473,88,0,0,2473,0,nan,0,0,0
test__benign__benign__seed_0049,full,test,benign,benign,49,49,0,29.7064992,v6,70,0,0,none,49,60,0.10000000000000001,1,reference,0,0,0.050000000000000003,0.497,0.9799999999999881,3.43096184915,5,10,300,2,2,0.5,0.02,320,41300,243725,0,0,0,0,0,0,0,0,2712,0,0,2608,0,nan,0,nan,nan,0,0,2608,0,nan,0,nan,nan,0,2608,0,0,0,0,0,0,0,2608,0,nan,0,nan,nan,0,0,0,0,2608,0,nan,0,nan,nan,0,0,2608,0,nan,0,nan,nan,nan,nan,nan,nan,277.3191545750193,229627,1.2076940193227246,229627,471717,0.4867897489384525,243725,653012994,2.6793024679454303,10,0,2608,104,0,0,2608,0,nan,0,0,0
test__benign__benign__seed_0050,full,test,benign,benign,50,50,0,29.8921789,v6,70,0,0,none,50,60,0.10000000000000001,1,reference,0,0,0.050000000000000003,0.497,0.9799999999999881,3.43096184915,5,10,300,2,2,0.5,0.02,320,41300,204684,0,0,0,0,0,0,0,0,2429,0,0,2326,0,nan,0,nan,nan,0,0,2326,0,nan,0,nan,nan,0,2326,0,0,0,0,0,0,0,2326,0,nan,0,nan,nan,0,0,0,0,2326,0,nan,0,nan,nan,0,0,2326,0,nan,0,nan,nan,nan,nan,nan,nan,230.40779720699501,192052,1.1997156874544135,192052,410862,0.46743675492014353,204684,519762385,2.5393405688769031,10,0,2326,103,0,0,2326,0,nan,0,0,0
test__serial_timing__detector_on__seed_3001,full,test,serial_timing,detector_on,1,3001,1,19.3474191,v6,70,0.29999999999999999,21,mixedhard,3001,60,0.10000000000000001,1,reference,0,0,0.050000000000000003,0.497,0.9799999999999881,3.43096184915,5,10,300,2,2,0.5,0.02,320,55688,261303,0,81289,78009,78009,1166,1013,1023,153,2028,826,0,936,197,0.80742913000977512,0,1,0.89345592212006486,326,500,995,138,0.70258620689655171,0.33444816053511706,0.39467312348668282,0.50542635658914725,0,936,0,559,500,33,33,505,0,936,518,0.49364613880742914,0,1,0.66099476439790572,401,33,696,0,936,327,0.68035190615835772,0,1,0.8097731239092496,307,389,1106,157,0.66163793103448276,0.2602006688963211,0.44109195402298851,0.52931034482758621,0.29999995049999839,0.80742913000977512,0.92889868494707206,0.70163187636950752,120.54571443500038,99196,1.2152275740453282,99196,221544,0.44774852850900948,189108,308501451,1.6313506091757093,10,0,1959,69,825,0,936,198,0.80645161290322576,0,25,3
test__serial_timing__detector_off__seed_3001,full,test,serial_timing,detector_off,1,3001,1,18.7396407,v6,70,0.29999999999999999,21,mixedhard,3001,60,0.10000000000000001,0,reference,0,0,0.050000000000000003,0.497,0.9799999999999881,3.43096184915,5,10,300,2,2,0.5,0.02,320,55688,261303,0,81289,78009,78009,1166,1013,1023,153,0,0,0,0,0,nan,nan,nan,nan,0,0,0,0,nan,nan,nan,nan,0,0,nan,0,0,0,0,0,0,0,0,nan,nan,nan,nan,0,0,0,0,0,0,nan,nan,nan,nan,0,0,0,0,nan,nan,nan,nan,nan,nan,nan,nan,120.54571443500038,99196,1.2152275740453282,99196,221544,0.44774852850900948,0,0,0,10,0,0,0,0,0,0,0,nan,nan,0,0
test__serial_timing__detector_off__seed_3002,full,test,serial_timing,detector_off,2,3002,1,22.8112667,v6,70,0.29999999999999999,21,mixedhard,3002,60,0.10000000000000001,0,reference,0,0,0.050000000000000003,0.497,0.9799999999999881,3.43096184915,5,10,300,2,2,0.5,0.02,320,55678,326953,0,113251,109617,109617,1013,870,878,143,0,0,0,0,0,nan,nan,nan,nan,0,0,0,0,nan,nan,nan,nan,0,0,nan,0,0,0,0,0,0,0,0,nan,nan,nan,nan,0,0,0,0,0,0,nan,nan,nan,nan,0,0,0,0,nan,nan,nan,nan,nan,nan,nan,nan,139.66512322100783,111362,1.2541542287405743,111362,248908,0.44740225304128434,0,0,0,10,0,0,0,0,0,0,0,nan,nan,0,0
test__serial_timing__detector_on__seed_3002,full,test,serial_timing,detector_on,2,3002,1,23.3599936,v6,70,0.29999999999999999,21,mixedhard,3002,60,0.10000000000000001,1,reference,0,0,0.050000000000000003,0.497,0.9799999999999881,3.43096184915,5,10,300,2,2,0.5,0.02,320,55678,326953,0,113251,109617,109617,1013,870,878,143,2086,650,0,1146,228,0.74031890660592259,0,1,0.85078534031413611,326,324,1219,155,0.67775467775467779,0.2099805573558004,0.50153846153846149,0.57648099027409372,0,1146,0,397,324,28,27,347,0,1146,531,0.39521640091116172,0,1,0.56653061224489798,249,26,502,0,1146,376,0.57175398633257402,0,1,0.72753623188405792,294,208,1335,187,0.61122661122661126,0.13480233311730394,0.58565737051792832,0.59816887080366221,0.79999984899999799,0.74031890660592259,0.90332621736693341,0.76178381881557511,139.66512322100783,111362,1.2541542287405743,111362,248908,0.44740225304128434,232625,434523550,1.867914239656099,10,0,2024,62,650,0,1146,228,0.74031890660592259,0,55,3
test__serial_timing__detector_on__seed_3003,full,test,serial_timing,detector_on,3,3003,1,20.667944,v6,70,0.29999999999999999,21,mixedhard,3003,60,0.10000000000000001,1,reference,0,0,0.050000000000000003,0.497,0.9799999999999881,3.43096184915,5,10,300,2,2,0.5,0.02,320,55681,318037,0,88215,85276,85276,979,856,869,123,1958,678,0,1012,191,0.78020713463751434,0,1,0.87653522947640594,299,379,1092,111,0.72926829268292681,0.25764785859959211,0.44100294985250738,0.54963235294117652,0,1012,0,459,379,31,31,464,0,1012,405,0.53394706559263516,0,1,0.69617404351087775,311,31,570,0,1012,299,0.65592635212888373,0,1,0.79221681723419046,271,299,1172,139,0.66097560975609759,0.20326308633582596,0.47543859649122805,0.55306122448979589,0.60168173750000076,0.78020713463751434,0.91897005781030394,0.76155344796140012,122.62409815600282,102960,1.1909877443279218,102960,224542,0.45853337014901446,198760,335136672,1.6861374119541155,10,0,1881,77,678,0,1012,191,0.78020713463751434,0,34,3
test__serial_timing__detector_off__seed_3003,full,test,serial_timing,detector_off,3,3003,1,20.195491,v6,70,0.29999999999999999,21,mixedhard,3003,60,0.10000000000000001,0,reference,0,0,0.050000000000000003,0.497,0.9799999999999881,3.43096184915,5,10,300,2,2,0.5,0.02,320,55681,318037,0,88215,85276,85276,979,856,869,123,0,0,0,0,0,nan,nan,nan,nan,0,0,0,0,nan,nan,nan,nan,0,0,nan,0,0,0,0,0,0,0,0,nan,nan,nan,nan,0,0,0,0,0,0,nan,nan,nan,nan,0,0,0,0,nan,nan,nan,nan,nan,nan,nan,nan,122.62409815600282,102960,1.1909877443279218,102960,224542,0.45853337014901446,0,0,0,10,0,0,0,0,0,0,0,nan,nan,0,0
test__serial_timing__detector_off__seed_3004,full,test,serial_timing,detector_off,4,3004,1,18.5139611,v6,70,0.29999999999999999,21,mixedhard,3004,60,0.10000000000000001,0,reference,0,0,0.050000000000000003,0.497,0.9799999999999881,3.43096184915,5,10,300,2,2,0.5,0.02,320,55691,260516,0,91493,88280,88280,820,740,746,80,0,0,0,0,0,nan,nan,nan,nan,0,0,0,0,nan,nan,nan,nan,0,0,nan,0,0,0,0,0,0,0,0,nan,nan,nan,nan,0,0,0,0,0,0,nan,nan,nan,nan,0,0,0,0,nan,nan,nan,nan,nan,nan,nan,nan,101.27932889400145,85573,1.1835430438806804,85573,192526,0.44447503194373744,0,0,0,10,0,0,0,0,0,0,0,nan,nan,0,0
test__serial_timing__detector_on__seed_3004,full,test,serial_timing,detector_on,4,3004,1,19.0954027,v6,70,0.29999999999999999,21,mixedhard,3004,60,0.10000000000000001,1,reference,0,0,0.050000000000000003,0.497,0.9799999999999881,3.43096184915,5,10,300,2,2,0.5,0.02,320,55691,260516,0,91493,88280,88280,820,740,746,80,1686,565,0,871,181,0.75737265415549593,0,1,0.86193745232646835,237,328,914,138,0.63200000000000001,0.2640901771336554,0.41946902654867257,0.50425531914893618,0,871,0,371,328,30,30,311,0,871,435,0.41689008042895442,0,1,0.5884578997161779,282,30,461,0,871,285,0.61796246648793562,0,1,0.76387738193869092,220,241,1001,155,0.58666666666666667,0.19404186795491143,0.47722342733188722,0.52631578947368418,0.20000000599999979,0.75737265415549593,0.8922689091149737,0.69493934514224365,101.27932889400145,85573,1.1835430438806804,85573,192526,0.44447503194373744,184533,292137263,1.5831166403841048,10,0,1617,69,564,0,871,182,0.75603217158176939,0,3,2
test__serial_timing__detector_on__seed_3005,full,test,serial_timing,detector_on,5,3005,1,19.9755757,v6,70,0.29999999999999999,21,mixedhard,3005,60,0.10000000000000001,1,reference,0,0,0.050000000000000003,0.497,0.9799999999999881,3.43096184915,5,10,300,2,2,0.5,0.02,320,55681,280117,0,87709,84402,84402,944,826,840,118,1829,641,0,907,199,0.76309523809523805,0,1,0.8656313301823092,317,324,976,130,0.70917225950783003,0.24923076923076923,0.49453978159126366,0.58272058823529416,0,907,0,393,324,29,29,438,0,907,402,0.52142857142857146,0,1,0.68544600938967137,275,28,529,0,907,311,0.62976190476190474,0,1,0.77282688093498908,299,230,1070,148,0.66890380313199105,0.17692307692307693,0.56521739130434778,0.61270491803278693,0.49999990899999958,0.76309523809523805,0.90614073082375179,0.75048872827396318,111.84329041200326,95590,1.1700312837326421,95590,206032,0.46395705521472391,192620,319951768,1.6610516457273388,10,0,1747,82,641,0,907,199,0.76309523809523805,0,0,0
test__serial_timing__detector_off__seed_3005,full,test,serial_timing,detector_off,5,3005,1,19.1282934,v6,70,0.29999999999999999,21,mixedhard,3005,60,0.10000000000000001,0,reference,0,0,0.050000000000000003,0.497,0.9799999999999881,3.43096184915,5,10,300,2,2,0.5,0.02,320,55681,280117,0,87709,84402,84402,944,826,840,118,0,0,0,0,0,nan,nan,nan,nan,0,0,0,0,nan,nan,nan,nan,0,0,nan,0,0,0,0,0,0,0,0,nan,nan,nan,nan,0,0,0,0,0,0,nan,nan,nan,nan,0,0,0,0,nan,nan,nan,nan,nan,nan,nan,nan,111.84329041200326,95590,1.1700312837326421,95590,206032,0.46395705521472391,0,0,0,10,0,0,0,0,0,0,0,nan,nan,0,0
test__serial_timing__detector_off__seed_3006,full,test,serial_timing,detector_off,6,3006,1,20.1437003,v6,70,0.29999999999999999,21,mixedhard,3006,60,0.10000000000000001,0,reference,0,0,0.050000000000000003,0.497,0.9799999999999881,3.43096184915,5,10,300,2,2,0.5,0.02,320,55692,311292,0,114257,110600,110600,869,786,800,83,0,0,0,0,0,nan,nan,nan,nan,0,0,0,0,nan,nan,nan,nan,0,0,nan,0,0,0,0,0,0,0,0,nan,nan,nan,nan,0,0,0,0,0,0,nan,nan,nan,nan,0,0,0,0,nan,nan,nan,nan,nan,nan,nan,nan,123.82839565399985,100678,1.2299449299151737,100678,226831,0.44384585881118543,0,0,0,10,0,0,0,0,0,0,0,nan,nan,0,0
test__serial_timing__detector_on__seed_3006,full,test,serial_timing,detector_on,6,3006,1,20.983537,v6,70,0.29999999999999999,21,mixedhard,3006,60,0.10000000000000001,1,reference,0,0,0.050000000000000003,0.497,0.9799999999999881,3.43096184915,5,10,300,2,2,0.5,0.02,320,55692,311292,0,114257,110600,110600,869,786,800,83,1986,543,0,1100,257,0.67874999999999996,0,1,0.80863737900223376,304,239,1170,187,0.61914460285132378,0.16962384669978708,0.55985267034990793,0.58800773694390718,0,1100,0,309,239,21,20,330,0,1100,470,0.41249999999999998,0,1,0.58407079646017701,233,21,467,0,1100,333,0.58374999999999999,0,1,0.73717442778216258,280,187,1222,211,0.570264765784114,0.13271823988644429,0.59957173447537471,0.58455114822546972,0.59999989599999992,0.67874999999999996,0.87015227272727269,0.74168171154593909,123.82839565399985,100678,1.2299449299151737,100678,226831,0.44384585881118543,223580,370886300,1.6588527596386082,10,0,1900,86,543,0,1100,257,0.67874999999999996,0,31,3
test__serial_timing__detector_on__seed_3007,full,test,serial_timing,detector_on,7,3007,1,19.8111592,v6,70,0.29999999999999999,21,mixedhard,3007,60,0.10000000000000001,1,reference,0,0,0.050000000000000003,0.497,0.9799999999999881,3.43096184915,5,10,300,2,2,0.5,0.02,320,55679,290256,0,88240,84422,84422,732,637,649,95,1818,474,0,1028,175,0.73035439137134051,0,1,0.8441674087266251,277,197,1072,131,0.67892156862745101,0.15524034672970843,0.58438818565400841,0.6281179138321995,0,1025,0,244,197,23,21,259,0,1028,390,0.39907550077041604,0,1,0.57048458149779735,184,22,374,0,1028,275,0.57627118644067798,0,1,0.73118279569892475,255,119,1150,153,0.625,0.093774625689519303,0.68181818181818177,0.65217391304347827,0.60000001300000072,0.73035439137134051,0.89203608664632206,0.78376326890094095,132.99489115900121,108255,1.2285334733638282,108255,227665,0.47550128478246545,208369,338039502,1.6223118698078889,10,0,1677,141,474,0,1028,175,0.73035439137134051,0,21,3
test__serial_timing__detector_off__seed_3007,full,test,serial_timing,detector_off,7,3007,1,19.2737379,v6,70,0.29999999999999999,21,mixedhard,3007,60,0.10000000000000001,0,reference,0,0,0.050000000000000003,0.497,0.9799999999999881,3.43096184915,5,10,300,2,2,0.5,0.02,320,55679,290256,0,88240,84422,84422,732,637,649,95,0,0,0,0,0,nan,nan,nan,nan,0,0,0,0,nan,nan,nan,nan,0,0,nan,0,0,0,0,0,0,0,0,nan,nan,nan,nan,0,0,0,0,0,0,nan,nan,nan,nan,0,0,0,0,nan,nan,nan,nan,nan,nan,nan,nan,132.99489115900121,108255,1.2285334733638282,108255,227665,0.47550128478246545,0,0,0,10,0,0,0,0,0,0,0,nan,nan,0,0
test__serial_timing__detector_off__seed_3008,full,test,serial_timing,detector_off,8,3008,1,18.804507,v6,70,0.29999999999999999,21,mixedhard,3008,60,0.10000000000000001,0,reference,0,0,0.050000000000000003,0.497,0.9799999999999881,3.43096184915,5,10,300,2,2,0.5,0.02,320,55682,276146,0,88249,84511,84511,803,707,710,96,0,0,0,0,0,nan,nan,nan,nan,0,0,0,0,nan,nan,nan,nan,0,0,nan,0,0,0,0,0,0,0,0,nan,nan,nan,nan,0,0,0,0,0,0,nan,nan,nan,nan,0,0,0,0,nan,nan,nan,nan,nan,nan,nan,nan,118.60961064599647,97376,1.218057946988955,97376,211960,0.45940743536516326,0,0,0,10,0,0,0,0,0,0,0,nan,nan,0,0
test__serial_timing__detector_on__seed_3008,full,test,serial_timing,detector_on,8,3008,1,19.2904492,v6,70,0.29999999999999999,21,mixedhard,3008,60,0.10000000000000001,1,reference,0,0,0.050000000000000003,0.497,0.9799999999999881,3.43096184915,5,10,300,2,2,0.5,0.02,320,55682,276146,0,88249,84511,84511,803,707,710,96,1835,526,0,1006,184,0.74084507042253522,0,1,0.85113268608414239,272,254,1056,134,0.66995073891625612,0.19389312977099238,0.5171102661596958,0.58369098712446355,0,1002,0,308,254,22,21,327,0,1006,383,0.46056338028169014,0,1,0.63066538090646096,221,21,435,0,1006,275,0.61267605633802813,0,1,0.75982532751091703,248,187,1123,158,0.61083743842364535,0.14274809160305343,0.57011494252873562,0.58977407847800234,0.59954100249999698,0.74084507042253522,0.89959678548427746,0.75680912270146283,118.60961064599647,97376,1.218057946988955,97376,211960,0.45940743536516326,195102,327128060,1.676702750356224,10,0,1716,119,526,0,1006,184,0.74084507042253522,0,29,3
test__serial_timing__detector_on__seed_3009,full,test,serial_timing,detector_on,9,3009,1,21.9899946,v6,70,0.29999999999999999,21,mixedhard,3009,60,0.10000000000000001,1,reference,0,0,0.050000000000000003,0.497,0.9799999999999881,3.43096184915,5,10,300,2,2,0.5,0.02,320,55678,350416,0,125499,121025,121025,1245,1035,1047,210,2009,867,0,860,180,0.82808022922636104,0,1,0.90595611285266453,353,514,915,125,0.7384937238493724,0.35969209237228833,0.4071510957324106,0.52490706319702607,0,860,0,569,514,35,35,587,0,860,460,0.56064947468958926,0,1,0.71848225214198291,448,35,725,0,860,322,0.69245463228271253,0,1,0.81828442437923254,326,399,1030,152,0.68200836820083677,0.27921623512946114,0.4496551724137931,0.54197838736492099,0.20000002999999822,0.82808022922636104,0.94180604606739082,0.7072871862290685,130.02586841699957,105243,1.235482344830531,105243,222677,0.47262627033775378,240373,400210138,1.6649546246874649,10,0,1907,102,867,0,860,180,0.82808022922636104,0,23,3
test__serial_timing__detector_off__seed_3009,full,test,serial_timing,detector_off,9,3009,1,21.2382001,v6,70,0.29999999999999999,21,mixedhard,3009,60,0.10000000000000001,0,reference,0,0,0.050000000000000003,0.497,0.9799999999999881,3.43096184915,5,10,300,2,2,0.5,0.02,320,55678,350416,0,125499,121025,121025,1245,1035,1047,210,0,0,0,0,0,nan,nan,nan,nan,0,0,0,0,nan,nan,nan,nan,0,0,nan,0,0,0,0,0,0,0,0,nan,nan,nan,nan,0,0,0,0,0,0,nan,nan,nan,nan,0,0,0,0,nan,nan,nan,nan,nan,nan,nan,nan,130.02586841699957,105243,1.235482344830531,105243,222677,0.47262627033775378,0,0,0,10,0,0,0,0,0,0,0,nan,nan,0,0
test__serial_timing__detector_off__seed_3010,full,test,serial_timing,detector_off,10,3010,1,19.4449724,v6,70,0.29999999999999999,21,mixedhard,3010,60,0.10000000000000001,0,reference,0,0,0.050000000000000003,0.497,0.9799999999999881,3.43096184915,5,10,300,2,2,0.5,0.02,320,55690,302234,0,102398,99355,99355,947,801,810,146,0,0,0,0,0,nan,nan,nan,nan,0,0,0,0,nan,nan,nan,nan,0,0,nan,0,0,0,0,0,0,0,0,nan,nan,nan,nan,0,0,0,0,0,0,nan,nan,nan,nan,0,0,0,0,nan,nan,nan,nan,nan,nan,nan,nan,129.42281649700359,105572,1.2259199077123062,105572,229846,0.45931623782880709,0,0,0,10,0,0,0,0,0,0,0,nan,nan,0,0
test__serial_timing__detector_on__seed_3010,full,test,serial_timing,detector_on,10,3010,1,20.1249172,v6,70,0.29999999999999999,21,mixedhard,3010,60,0.10000000000000001,1,reference,0,0,0.050000000000000003,0.497,0.9799999999999881,3.43096184915,5,10,300,2,2,0.5,0.02,320,55690,302234,0,102398,99355,99355,947,801,810,146,1869,623,0,938,187,0.76913580246913582,0,1,0.86950453593859034,305,318,991,134,0.69476082004555806,0.24293353705118412,0.4895666131621188,0.5743879472693032,0,938,0,371,318,27,24,403,0,938,407,0.49753086419753084,0,1,0.66446826051112939,283,25,532,0,938,278,0.65679012345679011,0,1,0.79284649776453053,289,243,1066,150,0.65831435079726652,0.18563789152024446,0.54323308270676696,0.59526261585993823,0.59999990199999687,0.76913580246913582,0.91078733317539284,0.7516901562861632,129.42281649700359,105572,1.2259199077123062,105572,229846,0.45931623782880709,218013,348487801,1.5984725727364884,10,0,1748,121,623,0,938,187,0.76913580246913582,0,29,3
test__serial_timing__detector_on__seed_3011,full,test,serial_timing,detector_on,11,3011,1,21.3681507,v6,70,0.29999999999999999,21,mixedhard,3011,60,0.10000000000000001,1,reference,0,0,0.050000000000000003,0.497,0.9799999999999881,3.43096184915,5,10,300,2,2,0.5,0.02,320,55691,298378,0,99547,96370,96370,974,838,852,136,1963,608,0,1037,244,0.71361502347417838,0,1,0.83287671232876714,289,319,1144,137,0.67840375586854462,0.21804511278195488,0.47532894736842107,0.55899419729206967,0,1037,0,426,319,33,30,334,0,1037,518,0.392018779342723,0,1,0.56323777403035413,263,28,469,0,1037,383,0.55046948356807512,0,1,0.71006813020439064,259,210,1253,167,0.607981220657277,0.14354066985645933,0.55223880597014929,0.57877094972067034,0.50013000749999925,0.71361502347417838,0.9164238888813433,0.76450729897727676,139.54004885500021,115868,1.2043018681171695,115868,242271,0.47825781872366069,223415,408392618,1.8279552312960186,10,0,1889,74,607,0,1037,245,0.71244131455399062,0,18,2
test__serial_timing__detector_off__seed_3011,full,test,serial_timing,detector_off,11,3011,1,20.6815502,v6,70,0.29999999999999999,21,mixedhard,3011,60,0.10000000000000001,0,reference,0,0,0.050000000000000003,0.497,0.9799999999999881,3.43096184915,5,10,300,2,2,0.5,0.02,320,55691,298378,0,99547,96370,96370,974,838,852,136,0,0,0,0,0,nan,nan,nan,nan,0,0,0,0,nan,nan,nan,nan,0,0,nan,0,0,0,0,0,0,0,0,nan,nan,nan,nan,0,0,0,0,0,0,nan,nan,nan,nan,0,0,0,0,nan,nan,nan,nan,nan,nan,nan,nan,139.54004885500021,115868,1.2043018681171695,115868,242271,0.47825781872366069,0,0,0,10,0,0,0,0,0,0,0,nan,nan,0,0
test__serial_timing__detector_off__seed_3012,full,test,serial_timing,detector_off,12,3012,1,18.3974475,v6,70,0.29999999999999999,21,mixedhard,3012,60,0.10000000000000001,0,reference,0,0,0.050000000000000003,0.497,0.9799999999999881,3.43096184915,5,10,300,2,2,0.5,0.02,320,55678,260907,0,56611,53952,53952,840,747,753,93,0,0,0,0,0,nan,nan,nan,nan,0,0,0,0,nan,nan,nan,nan,0,0,nan,0,0,0,0,0,0,0,0,nan,nan,nan,nan,0,0,0,0,0,0,nan,nan,nan,nan,0,0,0,0,nan,nan,nan,nan,nan,nan,nan,nan,124.45227023500055,104245,1.1938440235502954,104245,222305,0.46892782438541641,0,0,0,10,0,0,0,0,0,0,0,nan,nan,0,0
test__serial_timing__detector_on__seed_3012,full,test,serial_timing,detector_on,12,3012,1,19.1102729,v6,70,0.29999999999999999,21,mixedhard,3012,60,0.10000000000000001,1,reference,0,0,0.050000000000000003,0.497,0.9799999999999881,3.43096184915,5,10,300,2,2,0.5,0.02,320,55678,260907,0,56611,53952,53952,840,747,753,93,1884,569,0,1031,184,0.75564409030544488,0,1,0.86081694402420572,217,352,1089,126,0.63265306122448983,0.24427480916030533,0.38137082601054484,0.47587719298245612,0,1031,0,410,352,29,29,386,0,1031,367,0.51261620185922974,0,1,0.67778753292361715,311,28,441,0,1031,312,0.58565737051792832,0,1,0.7386934673366834,189,252,1189,154,0.55102040816326525,0.17487855655794587,0.42857142857142855,0.48214285714285715,0.49999999699999975,0.75564409030544488,0.89581151630142863,0.7005733789500731,124.45227023500055,104245,1.1938440235502954,104245,222305,0.46892782438541641,169207,282336475,1.6685862582517272,10,0,1784,100,569,0,1031,184,0.75564409030544488,0,19,3
test__serial_timing__detector_on__seed_3013,full,test,serial_timing,detector_on,13,3013,1,19.7326341,v6,70,0.29999999999999999,21,mixedhard,3013,60,0.10000000000000001,1,reference,0,0,0.050000000000000003,0.497,0.9799999999999881,3.43096184915,5,10,300,2,2,0.5,0.02,320,55691,280388,0,70024,67294,67294,876,768,781,108,1880,603,0,1028,178,0.77208706786171577,0,1,0.87138728323699421,290,313,1091,115,0.71604938271604934,0.22293447293447294,0.48092868988391374,0.57539682539682535,0,1028,0,376,313,26,26,377,0,1028,404,0.48271446862996159,0,1,0.65112262521588948,292,26,485,0,1028,296,0.62099871959026887,0,1,0.76619273301737756,273,212,1192,132,0.67407407407407405,0.150997150997151,0.56288659793814433,0.61348314606741572,0.59929640400000039,0.77208706786171577,0.91396219552902846,0.7609378847033168,135.48508656399619,114228,1.1860934846447122,114228,236520,0.48295281582952815,193125,333075029,1.7246603443365696,10,0,1809,71,603,0,1028,178,0.77208706786171577,0,14,3
test__serial_timing__detector_off__seed_3013,full,test,serial_timing,detector_off,13,3013,1,19.2013963,v6,70,0.29999999999999999,21,mixedhard,3013,60,0.10000000000000001,0,reference,0,0,0.050000000000000003,0.497,0.9799999999999881,3.43096184915,5,10,300,2,2,0.5,0.02,320,55691,280388,0,70024,67294,67294,876,768,781,108,0,0,0,0,0,nan,nan,nan,nan,0,0,0,0,nan,nan,nan,nan,0,0,nan,0,0,0,0,0,0,0,0,nan,nan,nan,nan,0,0,0,0,0,0,nan,nan,nan,nan,0,0,0,0,nan,nan,nan,nan,nan,nan,nan,nan,135.48508656399619,114228,1.1860934846447122,114228,236520,0.48295281582952815,0,0,0,10,0,0,0,0,0,0,0,nan,nan,0,0
test__serial_timing__detector_off__seed_3014,full,test,serial_timing,detector_off,14,3014,1,20.2983182,v6,70,0.29999999999999999,21,mixedhard,3014,60,0.10000000000000001,0,reference,0,0,0.050000000000000003,0.497,0.9799999999999881,3.43096184915,5,10,300,2,2,0.5,0.02,320,55685,303693,0,104482,101314,101314,1109,1001,1015,108,0,0,0,0,0,nan,nan,nan,nan,0,0,0,0,nan,nan,nan,nan,0,0,nan,0,0,0,0,0,0,0,0,nan,nan,nan,nan,0,0,0,0,0,0,nan,nan,nan,nan,0,0,0,0,nan,nan,nan,nan,nan,nan,nan,nan,124.12704466999315,98908,1.2549747712014512,98908,227608,0.43455414572422763,0,0,0,10,0,0,0,0,0,0,0,nan,nan,0,0
test__serial_timing__detector_on__seed_3014,full,test,serial_timing,detector_on,14,3014,1,21.0492234,v6,70,0.29999999999999999,21,mixedhard,3014,60,0.10000000000000001,1,reference,0,0,0.050000000000000003,0.497,0.9799999999999881,3.43096184915,5,10,300,2,2,0.5,0.02,320,55685,303693,0,104482,101314,101314,1109,1001,1015,108,2111,777,0,1030,238,0.76551724137931032,0,1,0.8671875,376,401,1124,144,0.72307692307692306,0.26295081967213113,0.48391248391248393,0.57979953739398615,0,1030,0,495,401,27,27,522,0,1030,493,0.51428571428571423,0,1,0.67924528301886788,374,27,656,0,1030,359,0.64630541871921188,0,1,0.78515858767205271,359,297,1228,161,0.69038461538461537,0.19475409836065574,0.5472560975609756,0.61054421768707479,0.59999989599999992,0.76551724137931032,0.91328088382992967,0.7488455233291299,124.12704466999315,98908,1.2549747712014512,98908,227608,0.43455414572422763,211314,348027307,1.6469675790529734,10,0,2045,66,777,0,1030,238,0.76551724137931032,0,15,3
test__serial_timing__detector_on__seed_3015,full,test,serial_timing,detector_on,15,3015,1,20.9719024,v6,70,0.29999999999999999,21,mixedhard,3015,60,0.10000000000000001,1,reference,0,0,0.050000000000000003,0.497,0.9799999999999881,3.43096184915,5,10,300,2,2,0.5,0.02,320,55687,305382,0,96134,93044,93044,1002,850,861,152,1888,654,0,909,207,0.75958188153310102,0,1,0.86336633663366336,293,361,961,155,0.6540178571428571,0.27307110438729199,0.44801223241590216,0.53176043557168784,0,909,0,413,361,32,32,422,0,909,439,0.49012775842044137,0,1,0.65783320342946217,298,32,569,0,909,292,0.66085946573751453,0,1,0.79580419580419581,281,288,1034,167,0.6272321428571429,0.21785173978819969,0.4938488576449912,0.55260570304818091,0.49999991849999859,0.75958188153310102,0.91407067536021891,0.72329195483034359,122.3809623160046,99560,1.2292181831659763,99560,214481,0.46419030123880439,204984,362006427,1.7660228456855167,10,0,1770,118,654,0,909,207,0.75958188153310102,0,24,3
test__serial_timing__detector_off__seed_3015,full,test,serial_timing,detector_off,15,3015,1,20.0426045,v6,70,0.29999999999999999,21,mixedhard,3015,60,0.10000000000000001,0,reference,0,0,0.050000000000000003,0.497,0.9799999999999881,3.43096184915,5,10,300,2,2,0.5,0.02,320,55687,305382,0,96134,93044,93044,1002,850,861,152,0,0,0,0,0,nan,nan,nan,nan,0,0,0,0,nan,nan,nan,nan,0,0,nan,0,0,0,0,0,0,0,0,nan,nan,nan,nan,0,0,0,0,0,0,nan,nan,nan,nan,0,0,0,0,nan,nan,nan,nan,nan,nan,nan,nan,122.3809623160046,99560,1.2292181831659763,99560,214481,0.46419030123880439,0,0,0,10,0,0,0,0,0,0,0,nan,nan,0,0
test__serial_timing__detector_off__seed_3016,full,test,serial_timing,detector_off,16,3016,1,19.2608793,v6,70,0.29999999999999999,21,mixedhard,3016,60,0.10000000000000001,0,reference,0,0,0.050000000000000003,0.497,0.9799999999999881,3.43096184915,5,10,300,2,2,0.5,0.02,320,55688,294418,0,95462,92081,92081,970,845,860,125,0,0,0,0,0,nan,nan,nan,nan,0,0,0,0,nan,nan,nan,nan,0,0,nan,0,0,0,0,0,0,0,0,nan,nan,nan,nan,0,0,0,0,0,0,nan,nan,nan,nan,0,0,0,0,nan,nan,nan,nan,nan,nan,nan,nan,116.92049790700025,95778,1.2207448256071358,95778,210126,0.45581222694954454,0,0,0,10,0,0,0,0,0,0,0,nan,nan,0,0
test__serial_timing__detector_on__seed_3016,full,test,serial_timing,detector_on,16,3016,1,19.1108511,v6,70,0.29999999999999999,21,mixedhard,3016,60,0.10000000000000001,1,reference,0,0,0.050000000000000003,0.497,0.9799999999999881,3.43096184915,5,10,300,2,2,0.5,0.02,320,55688,294418,0,95462,92081,92081,970,845,860,125,1830,664,0,870,196,0.77209302325581397,0,1,0.87139107611548561,282,382,937,129,0.68613138686131392,0.28961334344200151,0.4246987951807229,0.52465116279069768,0,870,0,449,382,30,30,479,0,870,381,0.55697674418604648,0,1,0.71545929798356978,356,30,548,0,870,312,0.63720930232558137,0,1,0.77840909090909094,266,282,1037,145,0.64720194647201945,0.2137983320697498,0.48540145985401462,0.55474452554744524,0.2999999385000045,0.77209302325581397,0.91881448810478483,0.71850495011150894,116.92049790700025,95778,1.2207448256071358,95778,210126,0.45581222694954454,199994,325163981,1.6258686810604317,10,0,1730,100,664,0,870,196,0.77209302325581397,0,24,2
test__serial_timing__detector_on__seed_3017,full,test,serial_timing,detector_on,17,3017,1,20.9543419,v6,70,0.29999999999999999,21,mixedhard,3017,60,0.10000000000000001,1,reference,0,0,0.050000000000000003,0.497,0.9799999999999881,3.43096184915,5,10,300,2,2,0.5,0.02,320,55685,307806,0,95109,91962,91962,986,879,891,107,1886,702,0,941,189,0.78787878787878785,0,1,0.88135593220338981,353,349,1010,120,0.7463002114164905,0.25680647534952172,0.5028490028490028,0.60085106382978726,0,941,0,418,349,32,32,437,0,941,454,0.49046015712682378,0,1,0.6581325301204819,295,32,597,0,941,294,0.67003367003366998,0,1,0.80241935483870963,329,268,1091,144,0.69556025369978858,0.19720382634289918,0.5510887772194305,0.61495327102803743,0.70036573350000086,0.78787878787878785,0.9255323336088479,0.77463453260465431,121.56332053200271,99084,1.2268713468572394,99084,212757,0.46571440657651686,201556,331969742,1.6470347794161424,10,0,1832,54,701,0,941,190,0.78675645342312006,0,14,2
test__serial_timing__detector_off__seed_3017,full,test,serial_timing,detector_off,17,3017,1,20.033763,v6,70,0.29999999999999999,21,mixedhard,3017,60,0.10000000000000001,0,reference,0,0,0.050000000000000003,0.497,0.9799999999999881,3.43096184915,5,10,300,2,2,0.5,0.02,320,55685,307806,0,95109,91962,91962,986,879,891,107,0,0,0,0,0,nan,nan,nan,nan,0,0,0,0,nan,nan,nan,nan,0,0,nan,0,0,0,0,0,0,0,0,nan,nan,nan,nan,0,0,0,0,0,0,nan,nan,nan,nan,0,0,0,0,nan,nan,nan,nan,nan,nan,nan,nan,121.56332053200271,99084,1.2268713468572394,99084,212757,0.46571440657651686,0,0,0,10,0,0,0,0,0,0,0,nan,nan,0,0
test__serial_timing__detector_off__seed_3018,full,test,serial_timing,detector_off,18,3018,1,19.8009955,v6,70,0.29999999999999999,21,mixedhard,3018,60,0.10000000000000001,0,reference,0,0,0.050000000000000003,0.497,0.9799999999999881,3.43096184915,5,10,300,2,2,0.5,0.02,320,55677,308024,0,99944,96638,96638,820,721,733,99,0,0,0,0,0,nan,nan,nan,nan,0,0,0,0,nan,nan,nan,nan,0,0,nan,0,0,0,0,0,0,0,0,nan,nan,nan,nan,0,0,0,0,0,0,nan,nan,nan,nan,0,0,0,0,nan,nan,nan,nan,nan,nan,nan,nan,129.9693560030037,107211,1.2122763149583877,107211,227829,0.47057661667303108,0,0,0,10,0,0,0,0,0,0,0,nan,nan,0,0
test__serial_timing__detector_on__seed_3018,full,test,serial_timing,detector_on,18,3018,1,20.0309776,v6,70,0.29999999999999999,21,mixedhard,3018,60,0.10000000000000001,1,reference,0,0,0.050000000000000003,0.497,0.9799999999999881,3.43096184915,5,10,300,2,2,0.5,0.02,320,55677,308024,0,99944,96638,96638,820,721,733,99,1847,534,0,1020,199,0.72851296043656211,0,1,0.84293606945540644,301,233,1084,135,0.69036697247706424,0.17691723614274868,0.56367041198501877,0.62061855670103094,0,1018,0,299,233,23,22,351,0,1020,382,0.47885402455661663,0,1,0.64760147601476015,205,18,424,0,1020,309,0.57844474761255116,0,1,0.73292999135695769,273,151,1166,163,0.62614678899082565,0.11465451784358391,0.64386792452830188,0.6348837209302326,0.89999998900000033,0.72851296043656211,0.901288687371265,0.78441498958572797,129.9693560030037,107211,1.2122763149583877,107211,227829,0.47057661667303108,216288,354471661,1.6388873215342505,10,0,1753,94,534,0,1020,199,0.72851296043656211,0,34,4
test__serial_timing__detector_on__seed_3019,full,test,serial_timing,detector_on,19,3019,1,20.542672,v6,70,0.29999999999999999,21,mixedhard,3019,60,0.10000000000000001,1,reference,0,0,0.050000000000000003,0.497,0.9799999999999881,3.43096184915,5,10,300,2,2,0.5,0.02,320,55686,322503,0,106712,103362,103362,723,669,676,54,1813,517,0,1036,159,0.76479289940828399,0,1,0.86672254819782057,345,172,1084,111,0.75657894736842102,0.13694267515923567,0.66731141199226307,0.70914696813977385,0,1036,0,220,172,14,13,284,0,1036,392,0.42011834319526625,0,1,0.59166666666666667,154,13,399,0,1036,277,0.59023668639053251,0,1,0.74232558139534888,310,89,1167,146,0.67982456140350878,0.070859872611464966,0.77694235588972427,0.72514619883040932,0.70000003499999863,0.76479289940828399,0.90198990198990203,0.82825769639065816,125.31369449799774,102681,1.2204175504523498,102681,215960,0.4754630487127246,218744,363507336,1.6617934023333212,10,0,1712,101,516,0,1036,160,0.76331360946745563,0,17,2
test__serial_timing__detector_off__seed_3019,full,test,serial_timing,detector_off,19,3019,1,20.3287465,v6,70,0.29999999999999999,21,mixedhard,3019,60,0.10000000000000001,0,reference,0,0,0.050000000000000003,0.497,0.9799999999999881,3.43096184915,5,10,300,2,2,0.5,0.02,320,55686,322503,0,106712,103362,103362,723,669,676,54,0,0,0,0,0,nan,nan,nan,nan,0,0,0,0,nan,nan,nan,nan,0,0,nan,0,0,0,0,0,0,0,0,nan,nan,nan,nan,0,0,0,0,0,0,nan,nan,nan,nan,0,0,0,0,nan,nan,nan,nan,nan,nan,nan,nan,125.31369449799774,102681,1.2204175504523498,102681,215960,0.4754630487127246,0,0,0,10,0,0,0,0,0,0,0,nan,nan,0,0
test__serial_timing__detector_off__seed_3020,full,test,serial_timing,detector_off,20,3020,1,20.2339805,v6,70,0.29999999999999999,21,mixedhard,3020,60,0.10000000000000001,0,reference,0,0,0.050000000000000003,0.497,0.9799999999999881,3.43096184915,5,10,300,2,2,0.5,0.02,320,55686,310990,0,107527,102770,102770,1058,934,944,124,0,0,0,0,0,nan,nan,nan,nan,0,0,0,0,nan,nan,nan,nan,0,0,nan,0,0,0,0,0,0,0,0,nan,nan,nan,nan,0,0,0,0,0,0,nan,nan,nan,nan,0,0,0,0,nan,nan,nan,nan,nan,nan,nan,nan,122.45613810200044,99486,1.2308881460909116,99486,221291,0.44957092696946555,0,0,0,10,0,0,0,0,0,0,0,nan,nan,0,0
test__serial_timing__detector_on__seed_3020,full,test,serial_timing,detector_on,20,3020,1,20.5411341,v6,70,0.29999999999999999,21,mixedhard,3020,60,0.10000000000000001,1,reference,0,0,0.050000000000000003,0.497,0.9799999999999881,3.43096184915,5,10,300,2,2,0.5,0.02,320,55686,310990,0,107527,102770,102770,1058,934,944,124,2006,759,0,982,185,0.80402542372881358,0,1,0.89136817381092193,350,409,1039,128,0.73221757322175729,0.28245856353591159,0.46113306982872199,0.56588520614389648,0,982,0,466,409,33,33,499,0,982,445,0.52860169491525422,0,1,0.69161469161469158,328,32,612,0,982,332,0.64830508474576276,0,1,0.78663239074550129,317,295,1153,161,0.66317991631799167,0.20372928176795579,0.51797385620915037,0.58165137614678897,0.49999989799999867,0.80402542372881358,0.92812899133556559,0.75223147206361685,122.45613810200044,99486,1.2308881460909116,99486,221291,0.44957092696946555,216234,352437524,1.6298894900894403,10,0,1926,80,758,0,982,186,0.80296610169491522,0,9,1
test__serial_timing__detector_on__seed_3021,full,test,serial_timing,detector_on,21,3021,1,19.2953307,v6,70,0.29999999999999999,21,mixedhard,3021,60,0.10000000000000001,1,reference,0,0,0.050000000000000003,0.497,0.9799999999999881,3.43096184915,5,10,300,2,2,0.5,0.02,320,55688,289649,0,104742,101786,101786,980,873,881,107,1878,671,0,908,210,0.76163450624290574,0,1,0.86469072164948457,313,358,964,154,0.67023554603854385,0.27080181543116488,0.46646795827123694,0.55008787346221444,0,908,0,414,358,29,29,376,0,908,505,0.42678774120317819,0,1,0.59824980111376291,273,28,589,0,908,292,0.66855845629965949,0,1,0.8013605442176871,295,294,1028,172,0.6316916488222698,0.22239031770045387,0.50084889643463493,0.55871212121212122,0.59999991200000125,0.76163450624290574,0.90770962612569817,0.71441703084354058,116.10649147600087,92973,1.2488194580792367,92973,204192,0.45532146215326752,205931,319451523,1.5512551437131856,10,0,1789,89,670,0,908,211,0.76049943246311014,0,24,2
test__serial_timing__detector_off__seed_3021,full,test,serial_timing,detector_off,21,3021,1,19.523423,v6,70,0.29999999999999999,21,mixedhard,3021,60,0.10000000000000001,0,reference,0,0,0.050000000000000003,0.497,0.9799999999999881,3.43096184915,5,10,300,2,2,0.5,0.02,320,55688,289649,0,104742,101786,101786,980,873,881,107,0,0,0,0,0,nan,nan,nan,nan,0,0,0,0,nan,nan,nan,nan,0,0,nan,0,0,0,0,0,0,0,0,nan,nan,nan,nan,0,0,0,0,0,0,nan,nan,nan,nan,0,0,0,0,nan,nan,nan,nan,nan,nan,nan,nan,116.10649147600087,92973,1.2488194580792367,92973,204192,0.45532146215326752,0,0,0,10,0,0,0,0,0,0,0,nan,nan,0,0
test__serial_timing__detector_off__seed_3022,full,test,serial_timing,detector_off,22,3022,1,19.8200827,v6,70,0.29999999999999999,21,mixedhard,3022,60,0.10000000000000001,0,reference,0,0,0.050000000000000003,0.497,0.9799999999999881,3.43096184915,5,10,300,2,2,0.5,0.02,320,55691,279119,0,101526,97861,97861,917,820,830,97,0,0,0,0,0,nan,nan,nan,nan,0,0,0,0,nan,nan,nan,nan,0,0,nan,0,0,0,0,0,0,0,0,nan,nan,nan,nan,0,0,0,0,0,0,nan,nan,nan,nan,0,0,0,0,nan,nan,nan,nan,nan,nan,nan,nan,105.27874986099627,87730,1.2000313445913173,87730,190494,0.4605394395624009,0,0,0,10,0,0,0,0,0,0,0,nan,nan,0,0
test__serial_timing__detector_on__seed_3022,full,test,serial_timing,detector_on,22,3022,1,20.1691048,v6,70,0.29999999999999999,21,mixedhard,3022,60,0.10000000000000001,1,reference,0,0,0.050000000000000003,0.497,0.9799999999999881,3.43096184915,5,10,300,2,2,0.5,0.02,320,55691,279119,0,101526,97861,97861,917,820,830,97,1837,648,0,914,182,0.78072289156626506,0,1,0.87686062246278751,288,360,950,146,0.66359447004608296,0.27480916030534353,0.44444444444444442,0.53234750462107205,0,914,0,396,360,27,27,315,0,914,515,0.37951807228915663,0,1,0.55021834061135366,275,27,566,0,914,264,0.68192771084337345,0,1,0.81088825214899718,259,307,1003,175,0.59677419354838712,0.23435114503816795,0.4575971731448763,0.51800000000000002,0.58413377799999999,0.78072289156626506,0.91617278742980679,0.72331322334400394,105.27874986099627,87730,1.2000313445913173,87730,190494,0.4605394395624009,197719,325437763,1.645961000207365,10,0,1744,93,648,0,914,182,0.78072289156626506,0,40,3
test__serial_timing__detector_on__seed_3023,full,test,serial_timing,detector_on,23,3023,1,22.1837629,v6,70,0.29999999999999999,21,mixedhard,3023,60,0.10000000000000001,1,reference,0,0,0.050000000000000003,0.497,0.9799999999999881,3.43096184915,5,10,300,2,2,0.5,0.02,320,55687,345864,0,119333,115308,115308,946,854,860,92,2033,670,0,1046,190,0.77906976744186052,0,1,0.87581699346405228,358,312,1125,111,0.76332622601279321,0.21711899791231734,0.53432835820895519,0.62862159789288852,0,1046,0,391,312,29,28,407,0,1046,453,0.47325581395348837,0,1,0.64246250986582476,278,29,551,0,1046,309,0.6406976744186047,0,1,0.78100637845499643,325,226,1211,144,0.69296375266524524,0.15727209464161448,0.58983666061705986,0.63725490196078427,0.70000005700000045,0.77906976744186052,0.92113644448396992,0.79623801659759652,129.27645742299529,104392,1.238375138161883,104392,236127,0.44210107272781174,233353,404603702,1.7338697252660134,10,0,1906,127,670,0,1046,190,0.77906976744186052,0,24,3
test__serial_timing__detector_off__seed_3023,full,test,serial_timing,detector_off,23,3023,1,21.3565773,v6,70,0.29999999999999999,21,mixedhard,3023,60,0.10000000000000001,0,reference,0,0,0.050000000000000003,0.497,0.9799999999999881,3.43096184915,5,10,300,2,2,0.5,0.02,320,55687,345864,0,119333,115308,115308,946,854,860,92,0,0,0,0,0,nan,nan,nan,nan,0,0,0,0,nan,nan,nan,nan,0,0,nan,0,0,0,0,0,0,0,0,nan,nan,nan,nan,0,0,0,0,0,0,nan,nan,nan,nan,0,0,0,0,nan,nan,nan,nan,nan,nan,nan,nan,129.27645742299529,104392,1.238375138161883,104392,236127,0.44210107272781174,0,0,0,10,0,0,0,0,0,0,0,nan,nan,0,0
test__serial_timing__detector_off__seed_3024,full,test,serial_timing,detector_off,24,3024,1,18.5806305,v6,70,0.29999999999999999,21,mixedhard,3024,60,0.10000000000000001,0,reference,0,0,0.050000000000000003,0.497,0.9799999999999881,3.43096184915,5,10,300,2,2,0.5,0.02,320,55686,281471,0,89703,86779,86764,694,648,668,46,0,0,0,0,0,nan,nan,nan,nan,0,0,0,0,nan,nan,nan,nan,0,0,nan,0,0,0,0,0,0,0,0,nan,nan,nan,nan,0,0,0,0,0,0,nan,nan,nan,nan,0,0,0,0,nan,nan,nan,nan,nan,nan,nan,nan,125.03553048899735,100318,1.2463917790326497,100318,224201,0.44744671076400194,0,0,0,10,0,0,0,0,0,0,0,nan,nan,0,0
test__serial_timing__detector_on__seed_3024,full,test,serial_timing,detector_on,24,3024,1,19.6235103,v6,70,0.29999999999999999,21,mixedhard,3024,60,0.10000000000000001,1,reference,0,0,0.050000000000000003,0.497,0.9799999999999881,3.43096184915,5,10,300,2,2,0.5,0.02,320,55686,281471,0,89703,86779,86764,694,648,668,46,1841,449,0,1091,219,0.67215568862275454,0,1,0.80393912264995526,254,195,1160,150,0.62871287128712872,0.14391143911439114,0.5657015590200446,0.59554513481828841,0,1090,0,265,195,14,14,203,0,1091,465,0.30389221556886226,0,1,0.46613088404133179,166,14,383,0,1091,285,0.57335329341317365,0,1,0.72882968601332065,231,152,1203,173,0.57178217821782173,0.11217712177121771,0.60313315926892952,0.58703939008894535,0.69999987799999985,0.67215568862275454,0.86026526232594391,0.75497150268532387,125.03553048899735,100318,1.2463917790326497,100318,224201,0.44744671076400194,198019,318307749,1.6074606426656028,10,0,1759,82,449,0,1091,219,0.67215568862275454,0,34,5
test__serial_timing__detector_on__seed_3025,full,test,serial_timing,detector_on,25,3025,1,20.2596209,v6,70,0.29999999999999999,21,mixedhard,3025,60,0.10000000000000001,1,reference,0,0,0.050000000000000003,0.497,0.9799999999999881,3.43096184915,5,10,300,2,2,0.5,0.02,320,55689,294661,0,100246,96305,96305,1098,986,990,112,2087,788,0,1000,202,0.79595959595959598,0,1,0.88638920134983123,383,405,1047,155,0.71189591078066916,0.27892561983471076,0.48604060913705582,0.57767722473604821,0,1000,0,452,405,26,26,464,0,1000,526,0.46868686868686871,0,1,0.6382393397524071,346,26,696,0,1000,294,0.70303030303030301,0,1,0.82562277580071175,362,334,1118,176,0.67286245353159846,0.23002754820936638,0.52011494252873558,0.58670988654781198,0.69999988799999713,0.79595959595959598,0.93249242424242429,0.74658271631488937,124.98872916800136,98877,1.2640829431313789,98877,224416,0.44059692713532012,208476,342279135,1.6418155327231911,10,0,1990,97,786,0,1000,204,0.79393939393939394,0,49,3
test__serial_timing__detector_off__seed_3025,full,test,serial_timing,detector_off,25,3025,1,19.5453615,v6,70,0.29999999999999999,21,mixedhard,3025,60,0.10000000000000001,0,reference,0,0,0.050000000000000003,0.497,0.9799999999999881,3.43096184915,5,10,300,2,2,0.5,0.02,320,55689,294661,0,100246,96305,96305,1098,986,990,112,0,0,0,0,0,nan,nan,nan,nan,0,0,0,0,nan,nan,nan,nan,0,0,nan,0,0,0,0,0,0,0,0,nan,nan,nan,nan,0,0,0,0,0,0,nan,nan,nan,nan,0,0,0,0,nan,nan,nan,nan,nan,nan,nan,nan,124.98872916800136,98877,1.2640829431313789,98877,224416,0.44059692713532012,0,0,0,10,0,0,0,0,0,0,0,nan,nan,0,0
test__serial_timing__detector_off__seed_3026,full,test,serial_timing,detector_off,26,3026,1,18.5625758,v6,70,0.29999999999999999,21,mixedhard,3026,60,0.10000000000000001,0,reference,0,0,0.050000000000000003,0.497,0.9799999999999881,3.43096184915,5,10,300,2,2,0.5,0.02,320,55684,275550,0,97987,94009,94009,1289,1110,1125,179,0,0,0,0,0,nan,nan,nan,nan,0,0,0,0,nan,nan,nan,nan,0,0,nan,0,0,0,0,0,0,0,0,nan,nan,nan,nan,0,0,0,0,0,0,nan,nan,nan,nan,0,0,0,0,nan,nan,nan,nan,nan,nan,nan,nan,115.04716679000148,89351,1.2875867845911237,89351,202961,0.44023728696646153,0,0,0,10,0,0,0,0,0,0,0,nan,nan,0,0
test__serial_timing__detector_on__seed_3026,full,test,serial_timing,detector_on,26,3026,1,18.4605228,v6,70,0.29999999999999999,21,mixedhard,3026,60,0.10000000000000001,1,reference,0,0,0.050000000000000003,0.497,0.9799999999999881,3.43096184915,5,10,300,2,2,0.5,0.02,320,55684,275550,0,97987,94009,94009,1289,1110,1125,179,1927,904,0,749,221,0.80355555555555558,0,1,0.89107934943321832,355,549,838,132,0.72895277207392195,0.39581831290555153,0.39269911504424782,0.51042415528396834,0,749,0,638,549,36,36,614,0,749,511,0.54577777777777781,0,1,0.70615296147211037,453,36,787,0,749,338,0.6995555555555556,0,1,0.82322175732217573,331,456,931,156,0.67967145790554417,0.32876712328767121,0.42058449809402798,0.51962323390894816,0.099999984499998362,0.80355555555555558,0.93691499777481091,0.68963564575132241,115.04716679000148,89351,1.2875867845911237,89351,202961,0.44023728696646153,196555,313338835,1.5941534684948233,10,0,1874,53,903,0,749,222,0.80266666666666664,0,11,3
test__serial_timing__detector_on__seed_3027,full,test,serial_timing,detector_on,27,3027,1,21.1156255,v6,70,0.29999999999999999,21,mixedhard,3027,60,0.10000000000000001,1,reference,0,0,0.050000000000000003,0.497,0.9799999999999881,3.43096184915,5,10,300,2,2,0.5,0.02,320,55687,316994,0,103956,99389,99389,990,865,873,125,2012,655,0,1016,218,0.75028636884306987,0,1,0.85732984293193715,319,336,1068,166,0.65773195876288659,0.23931623931623933,0.4870229007633588,0.55964912280701751,0,1016,0,388,336,31,31,414,0,1016,459,0.47422680412371132,0,1,0.64335664335664333,328,31,544,0,1016,329,0.62313860252004583,0,1,0.76781933662667612,286,258,1146,199,0.58969072164948455,0.18376068376068377,0.52573529411764708,0.55587949465500486,0.29999994699999633,0.75028636884306987,0.90914835709969244,0.72764267042617559,127.05846447699489,102992,1.2336731442927111,102992,231213,0.44544208154385784,217641,369232737,1.6965219650709196,10,0,1889,123,655,0,1016,218,0.75028636884306987,0,31,2
test__serial_timing__detector_off__seed_3027,full,test,serial_timing,detector_off,27,3027,1,20.226116,v6,70,0.29999999999999999,21,mixedhard,3027,60,0.10000000000000001,0,reference,0,0,0.050000000000000003,0.497,0.9799999999999881,3.43096184915,5,10,300,2,2,0.5,0.02,320,55687,316994,0,103956,99389,99389,990,865,873,125,0,0,0,0,0,nan,nan,nan,nan,0,0,0,0,nan,nan,nan,nan,0,0,nan,0,0,0,0,0,0,0,0,nan,nan,nan,nan,0,0,0,0,0,0,nan,nan,nan,nan,0,0,0,0,nan,nan,nan,nan,nan,nan,nan,nan,127.05846447699489,102992,1.2336731442927111,102992,231213,0.44544208154385784,0,0,0,10,0,0,0,0,0,0,0,nan,nan,0,0
test__serial_timing__detector_off__seed_3028,full,test,serial_timing,detector_off,28,3028,1,19.312641,v6,70,0.29999999999999999,21,mixedhard,3028,60,0.10000000000000001,0,reference,0,0,0.050000000000000003,0.497,0.9799999999999881,3.43096184915,5,10,300,2,2,0.5,0.02,320,55681,280186,0,93671,90668,90668,1030,905,914,125,0,0,0,0,0,nan,nan,nan,nan,0,0,0,0,nan,nan,nan,nan,0,0,nan,0,0,0,0,0,0,0,0,nan,nan,nan,nan,0,0,0,0,0,0,nan,nan,nan,nan,0,0,0,0,nan,nan,nan,nan,nan,nan,nan,nan,118.57409262799946,94988,1.2483060242135793,94988,215262,0.44126692124016315,0,0,0,10,0,0,0,0,0,0,0,nan,nan,0,0
test__serial_timing__detector_on__seed_3028,full,test,serial_timing,detector_on,28,3028,1,19.5269049,v6,70,0.29999999999999999,21,mixedhard,3028,60,0.10000000000000001,1,reference,0,0,0.050000000000000003,0.497,0.9799999999999881,3.43096184915,5,10,300,2,2,0.5,0.02,320,55681,280186,0,93671,90668,90668,1030,905,914,125,1981,636,0,992,278,0.69584245076586437,0,1,0.82064516129032261,287,349,1093,177,0.61853448275862066,0.2420249653259362,0.45125786163522014,0.52181818181818185,0,992,0,450,349,30,30,398,0,992,516,0.43544857768052514,0,1,0.60670731707317072,294,30,508,0,992,406,0.55579868708971558,0,1,0.71448663853727146,269,239,1203,195,0.57974137931034486,0.16574202496532595,0.52952755905511806,0.55349794238683125,0.59999996049999815,0.69584245076586437,0.8848606135737983,0.71592525945764984,118.57409262799946,94988,1.2483060242135793,94988,215262,0.44126692124016315,196393,316866665,1.6134315632430891,10,0,1906,75,636,0,992,278,0.69584245076586437,0,25,2
test__serial_timing__detector_on__seed_3029,full,test,serial_timing,detector_on,29,3029,1,18.8442865,v6,70,0.29999999999999999,21,mixedhard,3029,60,0.10000000000000001,1,reference,0,0,0.050000000000000003,0.497,0.9799999999999881,3.43096184915,5,10,300,2,2,0.5,0.02,320,55682,273566,0,98387,95136,95136,844,762,772,82,1729,562,0,881,210,0.727979274611399,0,1,0.84257871064467771,304,258,944,147,0.67405764966740578,0.21464226289517471,0.54092526690391463,0.60019743336623887,0,881,0,321,258,23,23,325,0,881,447,0.42098445595854922,0,1,0.59252506836827712,192,23,499,0,881,273,0.64637305699481862,0,1,0.78520849724626274,292,207,995,159,0.64745011086474502,0.17221297836938437,0.58517034068136276,0.61473684210526314,0.59999990950000015,0.727979274611399,0.89228046908541281,0.75577474349845597,106.43985020700271,84086,1.2658450896344542,84086,182385,0.4610357211393481,189906,301340410,1.5867871999831495,10,0,1653,76,562,0,881,210,0.727979274611399,0,28,3
test__serial_timing__detector_off__seed_3029,full,test,serial_timing,detector_off,29,3029,1,19.2425635,v6,70,0.29999999999999999,21,mixedhard,3029,60,0.10000000000000001,0,reference,0,0,0.050000000000000003,0.497,0.9799999999999881,3.43096184915,5,10,300,2,2,0.5,0.02,320,55682,273566,0,98387,95136,95136,844,762,772,82,0,0,0,0,0,nan,nan,nan,nan,0,0,0,0,nan,nan,nan,nan,0,0,nan,0,0,0,0,0,0,0,0,nan,nan,nan,nan,0,0,0,0,0,0,nan,nan,nan,nan,0,0,0,0,nan,nan,nan,nan,nan,nan,nan,nan,106.43985020700271,84086,1.2658450896344542,84086,182385,0.4610357211393481,0,0,0,10,0,0,0,0,0,0,0,nan,nan,0,0
test__serial_timing__detector_off__seed_3030,full,test,serial_timing,detector_off,30,3030,1,21.0095938,v6,70,0.29999999999999999,21,mixedhard,3030,60,0.10000000000000001,0,reference,0,0,0.050000000000000003,0.497,0.9799999999999881,3.43096184915,5,10,300,2,2,0.5,0.02,320,55674,288522,0,92618,89174,89174,917,802,812,115,0,0,0,0,0,nan,nan,nan,nan,0,0,0,0,nan,nan,nan,nan,0,0,nan,0,0,0,0,0,0,0,0,nan,nan,nan,nan,0,0,0,0,0,0,nan,nan,nan,nan,0,0,0,0,nan,nan,nan,nan,nan,nan,nan,nan,136.93479002600006,109578,1.2496558618153284,109578,231820,0.47268570442584762,0,0,0,10,0,0,0,0,0,0,0,nan,nan,0,0
test__serial_timing__detector_on__seed_3030,full,test,serial_timing,detector_on,30,3030,1,21.8720716,v6,70,0.29999999999999999,21,mixedhard,3030,60,0.10000000000000001,1,reference,0,0,0.050000000000000003,0.497,0.9799999999999881,3.43096184915,5,10,300,2,2,0.5,0.02,320,55674,288522,0,92618,89174,89174,917,802,812,115,1852,640,0,964,172,0.78817733990147787,0,1,0.88154269972451793,275,365,1039,97,0.739247311827957,0.25997150997150997,0.4296875,0.54347826086956519,0,964,0,440,365,31,31,426,0,964,386,0.52463054187192115,0,1,0.68820678513731826,324,31,524,0,964,288,0.64532019704433496,0,1,0.78443113772455086,257,267,1137,115,0.69086021505376349,0.19017094017094016,0.49045801526717558,0.5736607142857143,0.4999999220000042,0.78817733990147787,0.91542193855650722,0.76366104524706679,136.93479002600006,109578,1.2496558618153284,109578,231820,0.47268570442584762,210609,429312033,2.0384315627537286,10,0,1776,76,640,0,964,172,0.78817733990147787,0,35,4
